gse,sample,action
GSE106582,"""GSM2843099""",KEEP
GSE106582,"""GSM2843100""",KEEP
GSE106582,"""GSM2843101""",KEEP
GSE106582,"""GSM2843102""",KEEP
GSE106582,"""GSM2843103""",KEEP
GSE106582,"""GSM2843104""",KEEP
GSE106582,"""GSM2843105""",KEEP
GSE106582,"""GSM2843106""",KEEP
GSE106582,"""GSM2843107""",KEEP
GSE106582,"""GSM2843108""",KEEP
GSE106582,"""GSM2843109""",KEEP
GSE106582,"""GSM2843110""",KEEP
GSE106582,"""GSM2843111""",KEEP
GSE106582,"""GSM2843112""",KEEP
GSE106582,"""GSM2843113""",KEEP
GSE106582,"""GSM2843114""",KEEP
GSE106582,"""GSM2843115""",KEEP
GSE106582,"""GSM2843116""",KEEP
GSE106582,"""GSM2843117""",KEEP
GSE106582,"""GSM2843118""",KEEP
GSE106582,"""GSM2843119""",KEEP
GSE106582,"""GSM2843120""",KEEP
GSE106582,"""GSM2843121""",KEEP
GSE106582,"""GSM2843122""",KEEP
GSE106582,"""GSM2843123""",KEEP
GSE106582,"""GSM2843124""",KEEP
GSE106582,"""GSM2843125""",KEEP
GSE106582,"""GSM2843126""",KEEP
GSE106582,"""GSM2843127""",KEEP
GSE106582,"""GSM2843128""",KEEP
GSE106582,"""GSM2843129""",KEEP
GSE106582,"""GSM2843130""",KEEP
GSE106582,"""GSM2843131""",KEEP
GSE106582,"""GSM2843132""",KEEP
GSE106582,"""GSM2843133""",KEEP
GSE106582,"""GSM2843134""",KEEP
GSE106582,"""GSM2843135""",KEEP
GSE106582,"""GSM2843136""",KEEP
GSE106582,"""GSM2843137""",KEEP
GSE106582,"""GSM2843138""",KEEP
GSE106582,"""GSM2843139""",KEEP
GSE106582,"""GSM2843140""",KEEP
GSE106582,"""GSM2843141""",KEEP
GSE106582,"""GSM2843142""",KEEP
GSE106582,"""GSM2843143""",KEEP
GSE106582,"""GSM2843144""",KEEP
GSE106582,"""GSM2843145""",KEEP
GSE106582,"""GSM2843146""",KEEP
GSE106582,"""GSM2843147""",KEEP
GSE106582,"""GSM2843148""",KEEP
GSE106582,"""GSM2843149""",KEEP
GSE106582,"""GSM2843150""",KEEP
GSE106582,"""GSM2843151""",KEEP
GSE106582,"""GSM2843152""",KEEP
GSE106582,"""GSM2843153""",KEEP
GSE106582,"""GSM2843154""",KEEP
GSE106582,"""GSM2843155""",KEEP
GSE106582,"""GSM2843156""",KEEP
GSE106582,"""GSM2843157""",KEEP
GSE106582,"""GSM2843158""",KEEP
GSE106582,"""GSM2843159""",KEEP
GSE106582,"""GSM2843160""",KEEP
GSE106582,"""GSM2843161""",KEEP
GSE106582,"""GSM2843162""",KEEP
GSE106582,"""GSM2843163""",KEEP
GSE106582,"""GSM2843164""",KEEP
GSE106582,"""GSM2843165""",KEEP
GSE106582,"""GSM2843166""",KEEP
GSE106582,"""GSM2843167""",KEEP
GSE106582,"""GSM2843168""",KEEP
GSE106582,"""GSM2843169""",KEEP
GSE106582,"""GSM2843170""",KEEP
GSE106582,"""GSM2843171""",KEEP
GSE106582,"""GSM2843172""",KEEP
GSE106582,"""GSM2843173""",KEEP
GSE106582,"""GSM2843174""",KEEP
GSE106582,"""GSM2843175""",KEEP
GSE106582,"""GSM2843176""",KEEP
GSE106582,"""GSM2843177""",KEEP
GSE106582,"""GSM2843178""",KEEP
GSE106582,"""GSM2843179""",KEEP
GSE106582,"""GSM2843180""",KEEP
GSE106582,"""GSM2843181""",KEEP
GSE106582,"""GSM2843182""",KEEP
GSE106582,"""GSM2843183""",KEEP
GSE106582,"""GSM2843184""",KEEP
GSE106582,"""GSM2843185""",KEEP
GSE106582,"""GSM2843186""",KEEP
GSE106582,"""GSM2843187""",KEEP
GSE106582,"""GSM2843188""",KEEP
GSE106582,"""GSM2843189""",KEEP
GSE106582,"""GSM2843190""",KEEP
GSE106582,"""GSM2843191""",KEEP
GSE106582,"""GSM2843192""",KEEP
GSE106582,"""GSM2843193""",KEEP
GSE106582,"""GSM2843194""",KEEP
GSE106582,"""GSM2843195""",KEEP
GSE106582,"""GSM2843196""",KEEP
GSE106582,"""GSM2843197""",KEEP
GSE106582,"""GSM2843198""",KEEP
GSE106582,"""GSM2843199""",KEEP
GSE106582,"""GSM2843200""",KEEP
GSE106582,"""GSM2843201""",KEEP
GSE106582,"""GSM2843202""",KEEP
GSE106582,"""GSM2843203""",KEEP
GSE106582,"""GSM2843204""",KEEP
GSE106582,"""GSM2843205""",KEEP
GSE106582,"""GSM2843206""",KEEP
GSE106582,"""GSM2843207""",KEEP
GSE106582,"""GSM2843208""",KEEP
GSE106582,"""GSM2843209""",KEEP
GSE106582,"""GSM2843210""",KEEP
GSE106582,"""GSM2843211""",KEEP
GSE106582,"""GSM2843212""",KEEP
GSE106582,"""GSM2843213""",KEEP
GSE106582,"""GSM2843214""",KEEP
GSE106582,"""GSM2843215""",KEEP
GSE106582,"""GSM2843216""",KEEP
GSE106582,"""GSM2843217""",KEEP
GSE106582,"""GSM2843218""",KEEP
GSE106582,"""GSM2843219""",KEEP
GSE106582,"""GSM2843220""",KEEP
GSE106582,"""GSM2843221""",KEEP
GSE106582,"""GSM2843222""",KEEP
GSE106582,"""GSM2843223""",KEEP
GSE106582,"""GSM2843224""",KEEP
GSE106582,"""GSM2843225""",KEEP
GSE106582,"""GSM2843226""",KEEP
GSE106582,"""GSM2843227""",KEEP
GSE106582,"""GSM2843228""",KEEP
GSE106582,"""GSM2843229""",KEEP
GSE106582,"""GSM2843230""",KEEP
GSE106582,"""GSM2843231""",KEEP
GSE106582,"""GSM2843232""",KEEP
GSE106582,"""GSM2843233""",KEEP
GSE106582,"""GSM2843234""",KEEP
GSE106582,"""GSM2843235""",KEEP
GSE106582,"""GSM2843236""",KEEP
GSE106582,"""GSM2843237""",KEEP
GSE106582,"""GSM2843238""",KEEP
GSE106582,"""GSM2843239""",KEEP
GSE106582,"""GSM2843240""",KEEP
GSE106582,"""GSM2843241""",KEEP
GSE106582,"""GSM2843242""",KEEP
GSE106582,"""GSM2843243""",KEEP
GSE106582,"""GSM2843244""",KEEP
GSE106582,"""GSM2843245""",KEEP
GSE106582,"""GSM2843246""",KEEP
GSE106582,"""GSM2843247""",KEEP
GSE106582,"""GSM2843248""",KEEP
GSE106582,"""GSM2843249""",KEEP
GSE106582,"""GSM2843250""",KEEP
GSE106582,"""GSM2843251""",KEEP
GSE106582,"""GSM2843252""",KEEP
GSE106582,"""GSM2843253""",KEEP
GSE106582,"""GSM2843254""",KEEP
GSE106582,"""GSM2843255""",KEEP
GSE106582,"""GSM2843256""",KEEP
GSE106582,"""GSM2843257""",KEEP
GSE106582,"""GSM2843258""",KEEP
GSE106582,"""GSM2843259""",KEEP
GSE106582,"""GSM2843260""",KEEP
GSE106582,"""GSM2843261""",KEEP
GSE106582,"""GSM2843262""",KEEP
GSE106582,"""GSM2843263""",KEEP
GSE106582,"""GSM2843264""",KEEP
GSE106582,"""GSM2843265""",KEEP
GSE106582,"""GSM2843266""",KEEP
GSE106582,"""GSM2843267""",KEEP
GSE106582,"""GSM2843268""",KEEP
GSE106582,"""GSM2843269""",KEEP
GSE106582,"""GSM2843270""",KEEP
GSE106582,"""GSM2843271""",KEEP
GSE106582,"""GSM2843272""",KEEP
GSE106582,"""GSM2843273""",KEEP
GSE106582,"""GSM2843274""",KEEP
GSE106582,"""GSM2843275""",KEEP
GSE106582,"""GSM2843276""",KEEP
GSE106582,"""GSM2843277""",KEEP
GSE106582,"""GSM2843278""",KEEP
GSE106582,"""GSM2843279""",KEEP
GSE106582,"""GSM2843280""",KEEP
GSE106582,"""GSM2843281""",KEEP
GSE106582,"""GSM2843282""",KEEP
GSE106582,"""GSM2843283""",KEEP
GSE106582,"""GSM2843284""",KEEP
GSE106582,"""GSM2843285""",KEEP
GSE106582,"""GSM2843286""",KEEP
GSE106582,"""GSM2843287""",KEEP
GSE106582,"""GSM2843288""",KEEP
GSE106582,"""GSM2843289""",KEEP
GSE106582,"""GSM2843290""",KEEP
GSE106582,"""GSM2843291""",KEEP
GSE106582,"""GSM2843292""",KEEP
GSE10714,"""GSM270781""",KEEP
GSE10714,"""GSM270782""",KEEP
GSE10714,"""GSM270783""",KEEP
GSE10714,"""GSM270784""",KEEP
GSE10714,"""GSM270785""",KEEP
GSE10714,"""GSM270786""",KEEP
GSE10714,"""GSM270787""",KEEP
GSE10714,"""GSM270788""",KEEP
GSE10714,"""GSM270789""",KEEP
GSE10714,"""GSM270790""",KEEP
GSE10714,"""GSM270791""",KEEP
GSE10714,"""GSM270792""",KEEP
GSE10714,"""GSM270793""",KEEP
GSE10714,"""GSM270794""",KEEP
GSE10714,"""GSM270795""",KEEP
GSE10714,"""GSM270796""",KEEP
GSE10714,"""GSM270797""",KEEP
GSE10714,"""GSM270798""",KEEP
GSE10714,"""GSM270799""",KEEP
GSE10714,"""GSM270800""",KEEP
GSE10714,"""GSM270801""",KEEP
GSE10714,"""GSM270802""",KEEP
GSE10714,"""GSM270803""",KEEP
GSE10714,"""GSM270804""",KEEP
GSE10714,"""GSM270805""",KEEP
GSE10714,"""GSM270806""",KEEP
GSE10714,"""GSM270807""",KEEP
GSE10714,"""GSM270808""",KEEP
GSE10714,"""GSM270809""",KEEP
GSE10714,"""GSM270810""",KEEP
GSE10714,"""GSM270811""",KEEP
GSE10714,"""GSM270812""",KEEP
GSE10714,"""GSM270813""",KEEP
GSE110223,"""GSM2982906""",KEEP
GSE110223,"""GSM2982907""",KEEP
GSE110223,"""GSM2982908""",KEEP
GSE110223,"""GSM2982909""",KEEP
GSE110223,"""GSM2982910""",KEEP
GSE110223,"""GSM2982911""",KEEP
GSE110223,"""GSM2982912""",KEEP
GSE110223,"""GSM2982913""",KEEP
GSE110223,"""GSM2982914""",KEEP
GSE110223,"""GSM2982915""",KEEP
GSE110223,"""GSM2982916""",KEEP
GSE110223,"""GSM2982917""",KEEP
GSE110223,"""GSM2982918""",KEEP
GSE110223,"""GSM2982919""",KEEP
GSE110223,"""GSM2982920""",KEEP
GSE110223,"""GSM2982921""",KEEP
GSE110223,"""GSM2982922""",KEEP
GSE110223,"""GSM2982923""",KEEP
GSE110223,"""GSM2982924""",KEEP
GSE110223,"""GSM2982925""",KEEP
GSE110223,"""GSM2982926""",KEEP
GSE110223,"""GSM2982927""",KEEP
GSE110223,"""GSM2982928""",KEEP
GSE110223,"""GSM2982929""",KEEP
GSE110223,"""GSM2982930""",KEEP
GSE110223,"""GSM2982931""",KEEP
GSE113513,"""GSM3108231""",KEEP
GSE113513,"""GSM3108232""",KEEP
GSE113513,"""GSM3108233""",KEEP
GSE113513,"""GSM3108234""",KEEP
GSE113513,"""GSM3108235""",KEEP
GSE113513,"""GSM3108236""",KEEP
GSE113513,"""GSM3108237""",KEEP
GSE113513,"""GSM3108238""",KEEP
GSE113513,"""GSM3108239""",KEEP
GSE113513,"""GSM3108240""",KEEP
GSE113513,"""GSM3108241""",KEEP
GSE113513,"""GSM3108242""",KEEP
GSE113513,"""GSM3108243""",KEEP
GSE113513,"""GSM3108244""",KEEP
GSE113513,"""GSM3108245""",KEEP
GSE113513,"""GSM3108246""",KEEP
GSE113513,"""GSM3108247""",KEEP
GSE113513,"""GSM3108248""",KEEP
GSE113513,"""GSM3108249""",KEEP
GSE113513,"""GSM3108250""",KEEP
GSE113513,"""GSM3108251""",KEEP
GSE113513,"""GSM3108252""",KEEP
GSE113513,"""GSM3108253""",KEEP
GSE113513,"""GSM3108254""",KEEP
GSE113513,"""GSM3108255""",KEEP
GSE113513,"""GSM3108256""",KEEP
GSE113513,"""GSM3108257""",KEEP
GSE113513,"""GSM3108258""",KEEP
GSE12251,"""GSM307886""",KEEP
GSE12251,"""GSM307887""",KEEP
GSE12251,"""GSM307888""",KEEP
GSE12251,"""GSM307889""",KEEP
GSE12251,"""GSM307890""",KEEP
GSE12251,"""GSM307891""",KEEP
GSE12251,"""GSM307892""",KEEP
GSE12251,"""GSM307893""",KEEP
GSE12251,"""GSM307894""",KEEP
GSE12251,"""GSM307895""",KEEP
GSE12251,"""GSM307896""",KEEP
GSE12251,"""GSM307897""",KEEP
GSE12251,"""GSM307898""",KEEP
GSE12251,"""GSM307899""",KEEP
GSE12251,"""GSM307900""",KEEP
GSE12251,"""GSM307901""",KEEP
GSE12251,"""GSM307902""",KEEP
GSE12251,"""GSM307903""",KEEP
GSE12251,"""GSM307904""",KEEP
GSE12251,"""GSM307905""",KEEP
GSE12251,"""GSM307906""",KEEP
GSE12251,"""GSM307907""",KEEP
GSE12251,"""GSM307908""",KEEP
GSE12945,"""GSM324715""",KEEP
GSE12945,"""GSM324716""",KEEP
GSE12945,"""GSM324717""",KEEP
GSE12945,"""GSM324718""",KEEP
GSE12945,"""GSM324719""",KEEP
GSE12945,"""GSM324720""",KEEP
GSE12945,"""GSM324721""",KEEP
GSE12945,"""GSM324722""",KEEP
GSE12945,"""GSM324723""",KEEP
GSE12945,"""GSM324724""",KEEP
GSE12945,"""GSM324725""",KEEP
GSE12945,"""GSM324726""",KEEP
GSE12945,"""GSM324727""",KEEP
GSE12945,"""GSM324728""",KEEP
GSE12945,"""GSM324729""",KEEP
GSE12945,"""GSM324730""",KEEP
GSE12945,"""GSM324731""",KEEP
GSE12945,"""GSM324732""",KEEP
GSE12945,"""GSM324733""",KEEP
GSE12945,"""GSM324734""",KEEP
GSE12945,"""GSM324735""",KEEP
GSE12945,"""GSM324736""",KEEP
GSE12945,"""GSM324737""",KEEP
GSE12945,"""GSM324738""",KEEP
GSE12945,"""GSM324739""",KEEP
GSE12945,"""GSM324740""",KEEP
GSE12945,"""GSM324741""",KEEP
GSE12945,"""GSM324742""",KEEP
GSE12945,"""GSM324743""",KEEP
GSE12945,"""GSM324744""",KEEP
GSE12945,"""GSM324745""",KEEP
GSE12945,"""GSM324746""",KEEP
GSE12945,"""GSM324747""",KEEP
GSE12945,"""GSM324748""",KEEP
GSE12945,"""GSM324749""",KEEP
GSE12945,"""GSM324750""",KEEP
GSE12945,"""GSM324751""",KEEP
GSE12945,"""GSM324752""",KEEP
GSE12945,"""GSM324753""",KEEP
GSE12945,"""GSM324754""",KEEP
GSE12945,"""GSM324755""",KEEP
GSE12945,"""GSM324756""",KEEP
GSE12945,"""GSM324757""",KEEP
GSE12945,"""GSM324758""",KEEP
GSE12945,"""GSM324759""",KEEP
GSE12945,"""GSM324760""",KEEP
GSE12945,"""GSM324761""",KEEP
GSE12945,"""GSM324762""",KEEP
GSE12945,"""GSM324763""",KEEP
GSE12945,"""GSM324764""",KEEP
GSE12945,"""GSM324765""",KEEP
GSE12945,"""GSM324766""",KEEP
GSE12945,"""GSM324767""",KEEP
GSE12945,"""GSM324768""",KEEP
GSE12945,"""GSM324769""",KEEP
GSE12945,"""GSM324770""",KEEP
GSE12945,"""GSM324771""",KEEP
GSE12945,"""GSM324772""",KEEP
GSE12945,"""GSM324773""",KEEP
GSE12945,"""GSM324774""",KEEP
GSE12945,"""GSM324775""",KEEP
GSE12945,"""GSM324776""",KEEP
GSE132465,"""GSM3868425""",KEEP
GSE132465,"""GSM3868426""",KEEP
GSE132465,"""GSM3868427""",KEEP
GSE132465,"""GSM3868428""",KEEP
GSE132465,"""GSM3868429""",KEEP
GSE132465,"""GSM3868430""",KEEP
GSE132465,"""GSM3868431""",KEEP
GSE132465,"""GSM3868432""",KEEP
GSE132465,"""GSM3868433""",KEEP
GSE132465,"""GSM3868434""",KEEP
GSE132465,"""GSM3868435""",KEEP
GSE132465,"""GSM3868436""",KEEP
GSE132465,"""GSM3868437""",KEEP
GSE132465,"""GSM3868438""",KEEP
GSE132465,"""GSM3868439""",KEEP
GSE132465,"""GSM3868440""",KEEP
GSE132465,"""GSM3868441""",KEEP
GSE132465,"""GSM3868442""",KEEP
GSE132465,"""GSM3868443""",KEEP
GSE132465,"""GSM3868444""",KEEP
GSE132465,"""GSM3868445""",KEEP
GSE132465,"""GSM3868446""",KEEP
GSE132465,"""GSM3868447""",KEEP
GSE132465,"""GSM3868448""",KEEP
GSE132465,"""GSM3868449""",KEEP
GSE132465,"""GSM3868450""",KEEP
GSE132465,"""GSM3868451""",KEEP
GSE132465,"""GSM3868452""",KEEP
GSE132465,"""GSM3868453""",KEEP
GSE132465,"""GSM3868454""",KEEP
GSE132465,"""GSM3868455""",KEEP
GSE132465,"""GSM3868456""",KEEP
GSE132465,"""GSM3868457""",KEEP
GSE13367,"""GSM337490""",KEEP
GSE13367,"""GSM337491""",KEEP
GSE13367,"""GSM337492""",KEEP
GSE13367,"""GSM337493""",KEEP
GSE13367,"""GSM337494""",KEEP
GSE13367,"""GSM337495""",KEEP
GSE13367,"""GSM337496""",KEEP
GSE13367,"""GSM337497""",KEEP
GSE13367,"""GSM337498""",KEEP
GSE13367,"""GSM337499""",KEEP
GSE13367,"""GSM337500""",KEEP
GSE13367,"""GSM337501""",KEEP
GSE13367,"""GSM337502""",KEEP
GSE13367,"""GSM337503""",KEEP
GSE13367,"""GSM337504""",KEEP
GSE13367,"""GSM337505""",KEEP
GSE13367,"""GSM337506""",KEEP
GSE13367,"""GSM337507""",KEEP
GSE13367,"""GSM337508""",KEEP
GSE13367,"""GSM337509""",KEEP
GSE13367,"""GSM337510""",KEEP
GSE13367,"""GSM337511""",KEEP
GSE13367,"""GSM337512""",KEEP
GSE13367,"""GSM337513""",KEEP
GSE13367,"""GSM337514""",KEEP
GSE13367,"""GSM337515""",KEEP
GSE13367,"""GSM337516""",KEEP
GSE13367,"""GSM337517""",KEEP
GSE13367,"""GSM337518""",KEEP
GSE13367,"""GSM337519""",KEEP
GSE13367,"""GSM337520""",KEEP
GSE13367,"""GSM337521""",KEEP
GSE13367,"""GSM337522""",KEEP
GSE13367,"""GSM337523""",KEEP
GSE13367,"""GSM337524""",KEEP
GSE13367,"""GSM337525""",KEEP
GSE13367,"""GSM337526""",KEEP
GSE13367,"""GSM337527""",KEEP
GSE13367,"""GSM337528""",KEEP
GSE13367,"""GSM337529""",KEEP
GSE13367,"""GSM337530""",KEEP
GSE13367,"""GSM337531""",KEEP
GSE13367,"""GSM337532""",KEEP
GSE13367,"""GSM337533""",KEEP
GSE13367,"""GSM337534""",KEEP
GSE13367,"""GSM337535""",KEEP
GSE13367,"""GSM337536""",KEEP
GSE13367,"""GSM337537""",KEEP
GSE13367,"""GSM337538""",KEEP
GSE13367,"""GSM337539""",KEEP
GSE13367,"""GSM337540""",KEEP
GSE13367,"""GSM337541""",KEEP
GSE13367,"""GSM337542""",KEEP
GSE13367,"""GSM337543""",KEEP
GSE13367,"""GSM337544""",KEEP
GSE13367,"""GSM337545""",KEEP
GSE142279,"""GSM4224323""",KEEP
GSE142279,"""GSM4224324""",KEEP
GSE142279,"""GSM4224325""",KEEP
GSE142279,"""GSM4224326""",KEEP
GSE142279,"""GSM4224327""",KEEP
GSE142279,"""GSM4224328""",KEEP
GSE142279,"""GSM4224329""",KEEP
GSE142279,"""GSM4224330""",KEEP
GSE142279,"""GSM4224331""",KEEP
GSE142279,"""GSM4224332""",KEEP
GSE142279,"""GSM4224333""",KEEP
GSE142279,"""GSM4224334""",KEEP
GSE142279,"""GSM4224335""",KEEP
GSE142279,"""GSM4224336""",KEEP
GSE142279,"""GSM4224337""",KEEP
GSE142279,"""GSM4224338""",KEEP
GSE142279,"""GSM4224339""",KEEP
GSE142279,"""GSM4224340""",KEEP
GSE142279,"""GSM4224341""",KEEP
GSE142279,"""GSM4224342""",KEEP
GSE142279,"""GSM4224343""",KEEP
GSE142279,"""GSM4224344""",KEEP
GSE142279,"""GSM4224345""",KEEP
GSE142279,"""GSM4224346""",KEEP
GSE142279,"""GSM4224347""",KEEP
GSE142279,"""GSM4224348""",KEEP
GSE142279,"""GSM4224349""",KEEP
GSE142279,"""GSM4224350""",KEEP
GSE142279,"""GSM4224351""",KEEP
GSE142279,"""GSM4224352""",KEEP
GSE142279,"""GSM4224353""",KEEP
GSE142279,"""GSM4224354""",KEEP
GSE142279,"""GSM4224355""",KEEP
GSE142279,"""GSM4224356""",KEEP
GSE142279,"""GSM4224357""",KEEP
GSE142279,"""GSM4224358""",KEEP
GSE142279,"""GSM4224359""",KEEP
GSE142279,"""GSM4224360""",KEEP
GSE142279,"""GSM4224361""",KEEP
GSE142279,"""GSM4224362""",KEEP
GSE14580,"""GSM364627""",KEEP
GSE14580,"""GSM364628""",KEEP
GSE14580,"""GSM364629""",REMOVE
GSE14580,"""GSM364630""",KEEP
GSE14580,"""GSM364631""",KEEP
GSE14580,"""GSM364632""",KEEP
GSE14580,"""GSM364633""",KEEP
GSE14580,"""GSM364634""",KEEP
GSE14580,"""GSM364635""",KEEP
GSE14580,"""GSM364636""",KEEP
GSE14580,"""GSM364637""",KEEP
GSE14580,"""GSM364638""",KEEP
GSE14580,"""GSM364639""",KEEP
GSE14580,"""GSM364640""",KEEP
GSE14580,"""GSM364641""",KEEP
GSE14580,"""GSM364642""",KEEP
GSE14580,"""GSM364643""",KEEP
GSE14580,"""GSM364644""",KEEP
GSE14580,"""GSM364645""",KEEP
GSE14580,"""GSM364646""",KEEP
GSE14580,"""GSM364647""",KEEP
GSE14580,"""GSM364648""",KEEP
GSE14580,"""GSM364649""",KEEP
GSE14580,"""GSM364650""",KEEP
GSE14580,"""GSM364651""",KEEP
GSE14580,"""GSM364652""",KEEP
GSE14580,"""GSM364653""",KEEP
GSE14580,"""GSM364654""",KEEP
GSE14580,"""GSM364655""",KEEP
GSE14580,"""GSM364656""",KEEP
GSE156451,"""GSM4731674""",KEEP
GSE156451,"""GSM4731675""",KEEP
GSE156451,"""GSM4731676""",KEEP
GSE156451,"""GSM4731677""",KEEP
GSE156451,"""GSM4731678""",KEEP
GSE156451,"""GSM4731679""",KEEP
GSE156451,"""GSM4731680""",KEEP
GSE156451,"""GSM4731681""",KEEP
GSE156451,"""GSM4731682""",KEEP
GSE156451,"""GSM4731683""",KEEP
GSE156451,"""GSM4731684""",KEEP
GSE156451,"""GSM4731685""",KEEP
GSE156451,"""GSM4731686""",KEEP
GSE156451,"""GSM4731687""",KEEP
GSE156451,"""GSM4731688""",KEEP
GSE156451,"""GSM4731689""",KEEP
GSE156451,"""GSM4731690""",KEEP
GSE156451,"""GSM4731691""",KEEP
GSE156451,"""GSM4731692""",KEEP
GSE156451,"""GSM4731693""",KEEP
GSE156451,"""GSM4731694""",KEEP
GSE156451,"""GSM4731695""",KEEP
GSE156451,"""GSM4731696""",KEEP
GSE156451,"""GSM4731697""",KEEP
GSE156451,"""GSM4731698""",KEEP
GSE156451,"""GSM4731699""",KEEP
GSE156451,"""GSM4731700""",KEEP
GSE156451,"""GSM4731701""",KEEP
GSE156451,"""GSM4731702""",KEEP
GSE156451,"""GSM4731703""",KEEP
GSE156451,"""GSM4731704""",KEEP
GSE156451,"""GSM4731705""",KEEP
GSE156451,"""GSM4731706""",KEEP
GSE156451,"""GSM4731707""",KEEP
GSE156451,"""GSM4731708""",KEEP
GSE156451,"""GSM4731709""",KEEP
GSE156451,"""GSM4731710""",KEEP
GSE156451,"""GSM4731711""",KEEP
GSE156451,"""GSM4731712""",KEEP
GSE156451,"""GSM4731713""",KEEP
GSE156451,"""GSM4731714""",KEEP
GSE156451,"""GSM4731715""",KEEP
GSE156451,"""GSM4731716""",KEEP
GSE156451,"""GSM4731717""",KEEP
GSE156451,"""GSM4731718""",KEEP
GSE156451,"""GSM4731719""",KEEP
GSE156451,"""GSM4731720""",KEEP
GSE156451,"""GSM4731721""",KEEP
GSE156451,"""GSM4731722""",KEEP
GSE156451,"""GSM4731723""",KEEP
GSE156451,"""GSM4731724""",KEEP
GSE156451,"""GSM4731725""",KEEP
GSE156451,"""GSM4731726""",KEEP
GSE156451,"""GSM4731727""",KEEP
GSE156451,"""GSM4731728""",KEEP
GSE156451,"""GSM4731729""",KEEP
GSE156451,"""GSM4731730""",KEEP
GSE156451,"""GSM4731731""",KEEP
GSE156451,"""GSM4731732""",KEEP
GSE156451,"""GSM4731733""",KEEP
GSE156451,"""GSM4731734""",KEEP
GSE156451,"""GSM4731735""",KEEP
GSE156451,"""GSM4731736""",KEEP
GSE156451,"""GSM4731737""",KEEP
GSE156451,"""GSM4731738""",KEEP
GSE156451,"""GSM4731739""",KEEP
GSE156451,"""GSM4731740""",KEEP
GSE156451,"""GSM4731741""",KEEP
GSE156451,"""GSM4731742""",KEEP
GSE156451,"""GSM4731743""",KEEP
GSE156451,"""GSM4731744""",KEEP
GSE156451,"""GSM4731745""",KEEP
GSE156451,"""GSM4731746""",KEEP
GSE156451,"""GSM4731747""",KEEP
GSE156451,"""GSM4731748""",KEEP
GSE156451,"""GSM4731749""",KEEP
GSE156451,"""GSM4731750""",KEEP
GSE156451,"""GSM4731751""",KEEP
GSE156451,"""GSM4731752""",KEEP
GSE156451,"""GSM4731753""",KEEP
GSE156451,"""GSM4731754""",KEEP
GSE156451,"""GSM4731755""",KEEP
GSE156451,"""GSM4731756""",KEEP
GSE156451,"""GSM4731757""",KEEP
GSE156451,"""GSM4731758""",KEEP
GSE156451,"""GSM4731759""",KEEP
GSE156451,"""GSM4731760""",KEEP
GSE156451,"""GSM4731761""",KEEP
GSE156451,"""GSM4731762""",KEEP
GSE156451,"""GSM4731763""",KEEP
GSE156451,"""GSM4731764""",KEEP
GSE156451,"""GSM4731765""",KEEP
GSE156451,"""GSM4731766""",KEEP
GSE156451,"""GSM4731767""",KEEP
GSE156451,"""GSM4731768""",KEEP
GSE156451,"""GSM4731769""",KEEP
GSE156451,"""GSM4731770""",KEEP
GSE156451,"""GSM4731771""",KEEP
GSE156451,"""GSM4731772""",KEEP
GSE156451,"""GSM4731773""",KEEP
GSE156451,"""GSM4731774""",KEEP
GSE156451,"""GSM4731775""",KEEP
GSE156451,"""GSM4731776""",KEEP
GSE156451,"""GSM4731777""",KEEP
GSE156451,"""GSM4731778""",KEEP
GSE156451,"""GSM4731779""",KEEP
GSE156451,"""GSM4731780""",KEEP
GSE156451,"""GSM4731781""",KEEP
GSE156451,"""GSM4731782""",KEEP
GSE156451,"""GSM4731783""",KEEP
GSE156451,"""GSM4731784""",KEEP
GSE156451,"""GSM4731785""",KEEP
GSE156451,"""GSM4731786""",KEEP
GSE156451,"""GSM4731787""",KEEP
GSE156451,"""GSM4731788""",KEEP
GSE156451,"""GSM4731789""",KEEP
GSE156451,"""GSM4731790""",KEEP
GSE156451,"""GSM4731791""",KEEP
GSE156451,"""GSM4731792""",KEEP
GSE156451,"""GSM4731793""",KEEP
GSE156451,"""GSM4731794""",KEEP
GSE156451,"""GSM4731795""",KEEP
GSE156451,"""GSM4731796""",KEEP
GSE156451,"""GSM4731797""",KEEP
GSE156451,"""GSM4731798""",KEEP
GSE156451,"""GSM4731799""",KEEP
GSE156451,"""GSM4731800""",KEEP
GSE156451,"""GSM4731801""",KEEP
GSE156451,"""GSM4731802""",KEEP
GSE156451,"""GSM4731803""",KEEP
GSE156451,"""GSM4731804""",KEEP
GSE156451,"""GSM4731805""",KEEP
GSE156451,"""GSM4731806""",KEEP
GSE156451,"""GSM4731807""",KEEP
GSE156451,"""GSM4731808""",KEEP
GSE156451,"""GSM4731809""",KEEP
GSE156451,"""GSM4731810""",KEEP
GSE156451,"""GSM4731811""",KEEP
GSE156451,"""GSM4731812""",KEEP
GSE156451,"""GSM4731813""",KEEP
GSE156451,"""GSM4731814""",KEEP
GSE156451,"""GSM4731815""",KEEP
GSE156451,"""GSM4731816""",KEEP
GSE156451,"""GSM4731817""",KEEP
GSE158559,"""GSM4802813""",KEEP
GSE158559,"""GSM4802814""",KEEP
GSE158559,"""GSM4802815""",KEEP
GSE158559,"""GSM4802816""",KEEP
GSE158559,"""GSM4802817""",KEEP
GSE158559,"""GSM4802818""",KEEP
GSE158559,"""GSM4802819""",KEEP
GSE158559,"""GSM4802820""",KEEP
GSE158559,"""GSM4802821""",KEEP
GSE158559,"""GSM4802822""",KEEP
GSE158559,"""GSM4802823""",KEEP
GSE158559,"""GSM4802824""",KEEP
GSE158559,"""GSM4802825""",KEEP
GSE158559,"""GSM4802826""",KEEP
GSE158559,"""GSM4802827""",KEEP
GSE158559,"""GSM4802828""",KEEP
GSE158559,"""GSM4802829""",KEEP
GSE158559,"""GSM4802830""",KEEP
GSE158559,"""GSM4802831""",KEEP
GSE158559,"""GSM4802832""",KEEP
GSE158559,"""GSM4802833""",KEEP
GSE158559,"""GSM4802834""",KEEP
GSE158559,"""GSM4802835""",KEEP
GSE158559,"""GSM4802836""",KEEP
GSE158559,"""GSM4802837""",KEEP
GSE158559,"""GSM4802838""",KEEP
GSE158559,"""GSM4802839""",KEEP
GSE158559,"""GSM4802840""",KEEP
GSE158559,"""GSM4802841""",KEEP
GSE158559,"""GSM4802842""",KEEP
GSE158559,"""GSM4802843""",KEEP
GSE158559,"""GSM4802844""",KEEP
GSE158559,"""GSM4802845""",KEEP
GSE158559,"""GSM4802846""",KEEP
GSE158559,"""GSM4802847""",KEEP
GSE158559,"""GSM4802848""",KEEP
GSE158559,"""GSM4802849""",KEEP
GSE158559,"""GSM4802850""",KEEP
GSE158559,"""GSM4802851""",KEEP
GSE158559,"""GSM4802852""",KEEP
GSE158559,"""GSM4802853""",KEEP
GSE158559,"""GSM4802854""",KEEP
GSE158559,"""GSM4802855""",KEEP
GSE158559,"""GSM4802856""",KEEP
GSE158559,"""GSM4802857""",KEEP
GSE158559,"""GSM4802858""",KEEP
GSE158559,"""GSM4802859""",KEEP
GSE158559,"""GSM4802860""",KEEP
GSE158559,"""GSM4802861""",KEEP
GSE158559,"""GSM4802862""",KEEP
GSE158559,"""GSM4802863""",KEEP
GSE158559,"""GSM4802864""",KEEP
GSE158559,"""GSM4802865""",KEEP
GSE15960,"""GSM400174""",KEEP
GSE15960,"""GSM400175""",KEEP
GSE15960,"""GSM400176""",KEEP
GSE15960,"""GSM400177""",KEEP
GSE15960,"""GSM400178""",KEEP
GSE15960,"""GSM400179""",KEEP
GSE15960,"""GSM400180""",KEEP
GSE15960,"""GSM400181""",KEEP
GSE15960,"""GSM400182""",KEEP
GSE15960,"""GSM400183""",KEEP
GSE15960,"""GSM400184""",KEEP
GSE15960,"""GSM400185""",KEEP
GSE15960,"""GSM400186""",KEEP
GSE15960,"""GSM400187""",KEEP
GSE15960,"""GSM400188""",KEEP
GSE15960,"""GSM400189""",KEEP
GSE15960,"""GSM400190""",KEEP
GSE15960,"""GSM400191""",KEEP
GSE161277,"""GSM4904234""",KEEP
GSE161277,"""GSM4904235""",KEEP
GSE161277,"""GSM4904236""",KEEP
GSE161277,"""GSM4904237""",KEEP
GSE161277,"""GSM4904238""",KEEP
GSE161277,"""GSM4904239""",KEEP
GSE161277,"""GSM4904240""",KEEP
GSE161277,"""GSM4904241""",KEEP
GSE161277,"""GSM4904242""",KEEP
GSE161277,"""GSM4904243""",KEEP
GSE161277,"""GSM4904244""",KEEP
GSE161277,"""GSM4904245""",KEEP
GSE161277,"""GSM4904246""",KEEP
GSE166555,"""GSM5075659""",KEEP
GSE166555,"""GSM5075660""",KEEP
GSE166555,"""GSM5075661""",KEEP
GSE166555,"""GSM5075662""",KEEP
GSE166555,"""GSM5075663""",KEEP
GSE166555,"""GSM5075664""",KEEP
GSE166555,"""GSM5075665""",KEEP
GSE166555,"""GSM5075666""",KEEP
GSE166555,"""GSM5075667""",KEEP
GSE166555,"""GSM5075668""",KEEP
GSE166555,"""GSM5075669""",KEEP
GSE166555,"""GSM5075670""",KEEP
GSE166555,"""GSM5075671""",KEEP
GSE166555,"""GSM5075672""",KEEP
GSE166555,"""GSM5075673""",KEEP
GSE166555,"""GSM5075674""",KEEP
GSE166555,"""GSM5075675""",KEEP
GSE166555,"""GSM5075676""",KEEP
GSE166555,"""GSM5075677""",KEEP
GSE166555,"""GSM5075678""",KEEP
GSE166555,"""GSM5075679""",KEEP
GSE166555,"""GSM5075680""",KEEP
GSE166555,"""GSM5075681""",KEEP
GSE166555,"""GSM5075682""",KEEP
GSE166555,"""GSM5075683""",KEEP
GSE16879,"""GSM364627""",REMOVE
GSE16879,"""GSM364628""",REMOVE
GSE16879,"""GSM364629""",REMOVE
GSE16879,"""GSM364630""",REMOVE
GSE16879,"""GSM364631""",REMOVE
GSE16879,"""GSM364632""",REMOVE
GSE16879,"""GSM364633""",REMOVE
GSE16879,"""GSM364634""",REMOVE
GSE16879,"""GSM364635""",REMOVE
GSE16879,"""GSM364636""",REMOVE
GSE16879,"""GSM364637""",REMOVE
GSE16879,"""GSM364638""",REMOVE
GSE16879,"""GSM364639""",REMOVE
GSE16879,"""GSM364640""",REMOVE
GSE16879,"""GSM364641""",REMOVE
GSE16879,"""GSM364642""",REMOVE
GSE16879,"""GSM364643""",REMOVE
GSE16879,"""GSM364644""",REMOVE
GSE16879,"""GSM364645""",REMOVE
GSE16879,"""GSM364646""",REMOVE
GSE16879,"""GSM364647""",REMOVE
GSE16879,"""GSM364648""",REMOVE
GSE16879,"""GSM364649""",REMOVE
GSE16879,"""GSM364650""",REMOVE
GSE16879,"""GSM364651""",REMOVE
GSE16879,"""GSM364652""",REMOVE
GSE16879,"""GSM364653""",REMOVE
GSE16879,"""GSM364654""",REMOVE
GSE16879,"""GSM364655""",REMOVE
GSE16879,"""GSM364656""",REMOVE
GSE16879,"""GSM422963""",KEEP
GSE16879,"""GSM422965""",KEEP
GSE16879,"""GSM422967""",KEEP
GSE16879,"""GSM422969""",REMOVE
GSE16879,"""GSM422971""",KEEP
GSE16879,"""GSM422973""",KEEP
GSE16879,"""GSM422975""",KEEP
GSE16879,"""GSM422977""",KEEP
GSE16879,"""GSM422979""",KEEP
GSE16879,"""GSM422981""",KEEP
GSE16879,"""GSM422983""",KEEP
GSE16879,"""GSM422985""",KEEP
GSE16879,"""GSM422987""",KEEP
GSE16879,"""GSM422989""",KEEP
GSE16879,"""GSM422991""",REMOVE
GSE16879,"""GSM422993""",KEEP
GSE16879,"""GSM422995""",KEEP
GSE16879,"""GSM422997""",KEEP
GSE16879,"""GSM422999""",KEEP
GSE16879,"""GSM423001""",KEEP
GSE16879,"""GSM423003""",KEEP
GSE16879,"""GSM423005""",KEEP
GSE16879,"""GSM423007""",REMOVE
GSE16879,"""GSM423009""",KEEP
GSE16879,"""GSM423010""",KEEP
GSE16879,"""GSM423011""",KEEP
GSE16879,"""GSM423012""",KEEP
GSE16879,"""GSM423013""",KEEP
GSE16879,"""GSM423014""",KEEP
GSE16879,"""GSM423015""",KEEP
GSE16879,"""GSM423016""",KEEP
GSE16879,"""GSM423017""",KEEP
GSE16879,"""GSM423018""",KEEP
GSE16879,"""GSM423019""",KEEP
GSE16879,"""GSM423020""",KEEP
GSE16879,"""GSM423021""",KEEP
GSE16879,"""GSM423022""",KEEP
GSE16879,"""GSM423023""",KEEP
GSE16879,"""GSM423024""",KEEP
GSE16879,"""GSM423025""",KEEP
GSE16879,"""GSM423026""",KEEP
GSE16879,"""GSM423027""",KEEP
GSE16879,"""GSM423028""",KEEP
GSE16879,"""GSM423029""",KEEP
GSE16879,"""GSM423030""",KEEP
GSE16879,"""GSM423031""",KEEP
GSE16879,"""GSM423032""",KEEP
GSE16879,"""GSM423033""",KEEP
GSE16879,"""GSM423034""",KEEP
GSE16879,"""GSM423035""",KEEP
GSE16879,"""GSM423036""",KEEP
GSE16879,"""GSM423037""",KEEP
GSE16879,"""GSM423038""",KEEP
GSE16879,"""GSM423039""",KEEP
GSE16879,"""GSM423040""",KEEP
GSE16879,"""GSM423041""",KEEP
GSE16879,"""GSM423042""",KEEP
GSE16879,"""GSM423043""",KEEP
GSE16879,"""GSM423044""",KEEP
GSE16879,"""GSM423045""",KEEP
GSE16879,"""GSM423046""",KEEP
GSE16879,"""GSM423047""",KEEP
GSE16879,"""GSM423048""",KEEP
GSE16879,"""GSM423049""",KEEP
GSE16879,"""GSM423050""",KEEP
GSE16879,"""GSM423051""",KEEP
GSE16879,"""GSM423052""",KEEP
GSE16879,"""GSM423053""",KEEP
GSE16879,"""GSM423054""",KEEP
GSE16879,"""GSM423055""",KEEP
GSE16879,"""GSM423056""",KEEP
GSE16879,"""GSM423057""",KEEP
GSE16879,"""GSM423058""",KEEP
GSE16879,"""GSM423059""",KEEP
GSE16879,"""GSM423060""",KEEP
GSE16879,"""GSM423061""",KEEP
GSE16879,"""GSM423062""",KEEP
GSE16879,"""GSM423063""",KEEP
GSE16879,"""GSM423064""",KEEP
GSE16879,"""GSM423065""",KEEP
GSE16879,"""GSM423066""",KEEP
GSE16879,"""GSM423067""",KEEP
GSE16879,"""GSM423068""",KEEP
GSE16879,"""GSM423069""",KEEP
GSE16879,"""GSM423070""",KEEP
GSE16879,"""GSM423071""",KEEP
GSE16879,"""GSM423072""",KEEP
GSE16879,"""GSM423073""",KEEP
GSE16879,"""GSM423074""",KEEP
GSE16879,"""GSM423075""",KEEP
GSE16879,"""GSM423076""",KEEP
GSE16879,"""GSM423077""",KEEP
GSE16879,"""GSM423078""",KEEP
GSE16879,"""GSM423079""",KEEP
GSE16879,"""GSM423080""",KEEP
GSE16879,"""GSM423081""",KEEP
GSE16879,"""GSM423082""",KEEP
GSE16879,"""GSM423083""",KEEP
GSE16879,"""GSM423084""",KEEP
GSE16879,"""GSM423085""",KEEP
GSE16879,"""GSM423086""",KEEP
GSE16879,"""GSM423087""",KEEP
GSE16879,"""GSM423088""",KEEP
GSE17537,"""GSM437270""",REMOVE
GSE17537,"""GSM437271""",KEEP
GSE17537,"""GSM437272""",KEEP
GSE17537,"""GSM437273""",KEEP
GSE17537,"""GSM437274""",KEEP
GSE17537,"""GSM437275""",REMOVE
GSE17537,"""GSM437276""",REMOVE
GSE17537,"""GSM437277""",REMOVE
GSE17537,"""GSM437278""",KEEP
GSE17537,"""GSM437279""",KEEP
GSE17537,"""GSM437280""",KEEP
GSE17537,"""GSM437281""",KEEP
GSE17537,"""GSM437282""",REMOVE
GSE17537,"""GSM437283""",KEEP
GSE17537,"""GSM437284""",REMOVE
GSE17537,"""GSM437285""",KEEP
GSE17537,"""GSM437286""",KEEP
GSE17537,"""GSM437287""",REMOVE
GSE17537,"""GSM437288""",REMOVE
GSE17537,"""GSM437289""",REMOVE
GSE17537,"""GSM437290""",REMOVE
GSE17537,"""GSM437291""",REMOVE
GSE17537,"""GSM437292""",REMOVE
GSE17537,"""GSM437293""",REMOVE
GSE17537,"""GSM437294""",REMOVE
GSE17537,"""GSM437295""",KEEP
GSE17537,"""GSM437296""",KEEP
GSE17537,"""GSM437297""",REMOVE
GSE17537,"""GSM437298""",KEEP
GSE17537,"""GSM437299""",REMOVE
GSE17537,"""GSM437300""",REMOVE
GSE17537,"""GSM437301""",KEEP
GSE17537,"""GSM437302""",REMOVE
GSE17537,"""GSM437303""",KEEP
GSE17537,"""GSM437304""",KEEP
GSE17537,"""GSM437305""",REMOVE
GSE17537,"""GSM437306""",REMOVE
GSE17537,"""GSM437307""",KEEP
GSE17537,"""GSM437308""",REMOVE
GSE17537,"""GSM437309""",KEEP
GSE17537,"""GSM437310""",KEEP
GSE17537,"""GSM437311""",KEEP
GSE17537,"""GSM437312""",REMOVE
GSE17537,"""GSM437313""",REMOVE
GSE17537,"""GSM437314""",KEEP
GSE17537,"""GSM437315""",REMOVE
GSE17537,"""GSM437316""",KEEP
GSE17537,"""GSM437317""",REMOVE
GSE17537,"""GSM437318""",REMOVE
GSE17537,"""GSM437319""",REMOVE
GSE17537,"""GSM437320""",REMOVE
GSE17537,"""GSM437321""",KEEP
GSE17537,"""GSM437322""",REMOVE
GSE17537,"""GSM437323""",REMOVE
GSE17537,"""GSM437324""",REMOVE
GSE18105,"""GSM452552""",KEEP
GSE18105,"""GSM452553""",KEEP
GSE18105,"""GSM452554""",KEEP
GSE18105,"""GSM452555""",KEEP
GSE18105,"""GSM452556""",KEEP
GSE18105,"""GSM452557""",KEEP
GSE18105,"""GSM452558""",KEEP
GSE18105,"""GSM452559""",KEEP
GSE18105,"""GSM452560""",KEEP
GSE18105,"""GSM452561""",KEEP
GSE18105,"""GSM452562""",KEEP
GSE18105,"""GSM452563""",KEEP
GSE18105,"""GSM452564""",KEEP
GSE18105,"""GSM452565""",KEEP
GSE18105,"""GSM452566""",KEEP
GSE18105,"""GSM452567""",KEEP
GSE18105,"""GSM452568""",KEEP
GSE18105,"""GSM452569""",KEEP
GSE18105,"""GSM452570""",KEEP
GSE18105,"""GSM452571""",KEEP
GSE18105,"""GSM452572""",KEEP
GSE18105,"""GSM452573""",KEEP
GSE18105,"""GSM452574""",KEEP
GSE18105,"""GSM452575""",KEEP
GSE18105,"""GSM452576""",KEEP
GSE18105,"""GSM452577""",KEEP
GSE18105,"""GSM452578""",KEEP
GSE18105,"""GSM452579""",KEEP
GSE18105,"""GSM452580""",KEEP
GSE18105,"""GSM452581""",KEEP
GSE18105,"""GSM452582""",KEEP
GSE18105,"""GSM452583""",KEEP
GSE18105,"""GSM452584""",KEEP
GSE18105,"""GSM452585""",KEEP
GSE18105,"""GSM452586""",KEEP
GSE18105,"""GSM452587""",KEEP
GSE18105,"""GSM452588""",KEEP
GSE18105,"""GSM452589""",KEEP
GSE18105,"""GSM452590""",KEEP
GSE18105,"""GSM452591""",KEEP
GSE18105,"""GSM452592""",KEEP
GSE18105,"""GSM452593""",REMOVE
GSE18105,"""GSM452594""",KEEP
GSE18105,"""GSM452595""",KEEP
GSE18105,"""GSM452596""",KEEP
GSE18105,"""GSM452597""",KEEP
GSE18105,"""GSM452598""",KEEP
GSE18105,"""GSM452599""",KEEP
GSE18105,"""GSM452600""",KEEP
GSE18105,"""GSM452601""",KEEP
GSE18105,"""GSM452602""",KEEP
GSE18105,"""GSM452603""",KEEP
GSE18105,"""GSM452604""",KEEP
GSE18105,"""GSM452605""",KEEP
GSE18105,"""GSM452606""",KEEP
GSE18105,"""GSM452607""",KEEP
GSE18105,"""GSM452608""",KEEP
GSE18105,"""GSM452609""",KEEP
GSE18105,"""GSM452610""",KEEP
GSE18105,"""GSM452611""",KEEP
GSE18105,"""GSM452612""",KEEP
GSE18105,"""GSM452613""",KEEP
GSE18105,"""GSM452614""",REMOVE
GSE18105,"""GSM452615""",KEEP
GSE18105,"""GSM452616""",KEEP
GSE18105,"""GSM452617""",KEEP
GSE18105,"""GSM452618""",REMOVE
GSE18105,"""GSM452619""",KEEP
GSE18105,"""GSM452620""",KEEP
GSE18105,"""GSM452621""",KEEP
GSE18105,"""GSM452622""",KEEP
GSE18105,"""GSM452623""",REMOVE
GSE18105,"""GSM452624""",KEEP
GSE18105,"""GSM452625""",KEEP
GSE18105,"""GSM452626""",KEEP
GSE18105,"""GSM452627""",KEEP
GSE18105,"""GSM452628""",KEEP
GSE18105,"""GSM452629""",KEEP
GSE18105,"""GSM452630""",KEEP
GSE18105,"""GSM452631""",KEEP
GSE18105,"""GSM452632""",KEEP
GSE18105,"""GSM452633""",KEEP
GSE18105,"""GSM452634""",KEEP
GSE18105,"""GSM452635""",KEEP
GSE18105,"""GSM452636""",KEEP
GSE18105,"""GSM452637""",KEEP
GSE18105,"""GSM452638""",KEEP
GSE18105,"""GSM452639""",KEEP
GSE18105,"""GSM452640""",KEEP
GSE18105,"""GSM452641""",KEEP
GSE18105,"""GSM452642""",KEEP
GSE18105,"""GSM452643""",KEEP
GSE18105,"""GSM452644""",KEEP
GSE18105,"""GSM452645""",KEEP
GSE18105,"""GSM452646""",KEEP
GSE18105,"""GSM452647""",KEEP
GSE18105,"""GSM452648""",KEEP
GSE18105,"""GSM452649""",KEEP
GSE18105,"""GSM452650""",KEEP
GSE18105,"""GSM452651""",KEEP
GSE18105,"""GSM452652""",KEEP
GSE18105,"""GSM452653""",KEEP
GSE18105,"""GSM452654""",KEEP
GSE18105,"""GSM452655""",KEEP
GSE18105,"""GSM452656""",KEEP
GSE18105,"""GSM452657""",KEEP
GSE18105,"""GSM452658""",KEEP
GSE18105,"""GSM452659""",KEEP
GSE18105,"""GSM452660""",KEEP
GSE18105,"""GSM452661""",KEEP
GSE18105,"""GSM452662""",KEEP
GSE20842,"""GSM521114""",KEEP
GSE20842,"""GSM521115""",KEEP
GSE20842,"""GSM521116""",KEEP
GSE20842,"""GSM521117""",KEEP
GSE20842,"""GSM521118""",KEEP
GSE20842,"""GSM521119""",KEEP
GSE20842,"""GSM521120""",KEEP
GSE20842,"""GSM521121""",KEEP
GSE20842,"""GSM521122""",KEEP
GSE20842,"""GSM521123""",KEEP
GSE20842,"""GSM521124""",KEEP
GSE20842,"""GSM521125""",KEEP
GSE20842,"""GSM521126""",KEEP
GSE20842,"""GSM521127""",KEEP
GSE20842,"""GSM521128""",KEEP
GSE20842,"""GSM521129""",KEEP
GSE20842,"""GSM521130""",KEEP
GSE20842,"""GSM521131""",KEEP
GSE20842,"""GSM521132""",KEEP
GSE20842,"""GSM521133""",KEEP
GSE20842,"""GSM521134""",KEEP
GSE20842,"""GSM521135""",KEEP
GSE20842,"""GSM521136""",KEEP
GSE20842,"""GSM521137""",KEEP
GSE20842,"""GSM521138""",KEEP
GSE20842,"""GSM521139""",KEEP
GSE20842,"""GSM521140""",KEEP
GSE20842,"""GSM521141""",KEEP
GSE20842,"""GSM521142""",KEEP
GSE20842,"""GSM521143""",KEEP
GSE20842,"""GSM521144""",KEEP
GSE20842,"""GSM521145""",KEEP
GSE20842,"""GSM521146""",KEEP
GSE20842,"""GSM521147""",KEEP
GSE20842,"""GSM521148""",KEEP
GSE20842,"""GSM521149""",KEEP
GSE20842,"""GSM521150""",KEEP
GSE20842,"""GSM521151""",KEEP
GSE20842,"""GSM521152""",KEEP
GSE20842,"""GSM521153""",KEEP
GSE20842,"""GSM521154""",KEEP
GSE20842,"""GSM521155""",KEEP
GSE20842,"""GSM521156""",KEEP
GSE20842,"""GSM521157""",KEEP
GSE20842,"""GSM521158""",KEEP
GSE20842,"""GSM521159""",KEEP
GSE20842,"""GSM521160""",KEEP
GSE20842,"""GSM521161""",KEEP
GSE20842,"""GSM521162""",KEEP
GSE20842,"""GSM521163""",KEEP
GSE20842,"""GSM521164""",KEEP
GSE20842,"""GSM521165""",KEEP
GSE20842,"""GSM521166""",KEEP
GSE20842,"""GSM521167""",KEEP
GSE20842,"""GSM521168""",KEEP
GSE20842,"""GSM521169""",KEEP
GSE20842,"""GSM521170""",KEEP
GSE20842,"""GSM521171""",KEEP
GSE20842,"""GSM521172""",KEEP
GSE20842,"""GSM521173""",KEEP
GSE20842,"""GSM521174""",KEEP
GSE20842,"""GSM521175""",KEEP
GSE20842,"""GSM521176""",KEEP
GSE20842,"""GSM521177""",KEEP
GSE20842,"""GSM521178""",KEEP
GSE20842,"""GSM521179""",KEEP
GSE20842,"""GSM521180""",KEEP
GSE20842,"""GSM521181""",KEEP
GSE20842,"""GSM521182""",KEEP
GSE20842,"""GSM521183""",KEEP
GSE20842,"""GSM521184""",KEEP
GSE20842,"""GSM521185""",KEEP
GSE20842,"""GSM521186""",KEEP
GSE20842,"""GSM521187""",KEEP
GSE20842,"""GSM521188""",KEEP
GSE20842,"""GSM521189""",KEEP
GSE20842,"""GSM521190""",KEEP
GSE20842,"""GSM521191""",KEEP
GSE20842,"""GSM521192""",KEEP
GSE20842,"""GSM521193""",KEEP
GSE20842,"""GSM521194""",KEEP
GSE20842,"""GSM521195""",KEEP
GSE20842,"""GSM521196""",KEEP
GSE20842,"""GSM521197""",KEEP
GSE20842,"""GSM521198""",KEEP
GSE20842,"""GSM521199""",KEEP
GSE20842,"""GSM521200""",KEEP
GSE20842,"""GSM521201""",KEEP
GSE20842,"""GSM521202""",KEEP
GSE20842,"""GSM521203""",KEEP
GSE20842,"""GSM521204""",KEEP
GSE20842,"""GSM521205""",KEEP
GSE20842,"""GSM521206""",KEEP
GSE20842,"""GSM521207""",KEEP
GSE20842,"""GSM521208""",KEEP
GSE20842,"""GSM521209""",KEEP
GSE20842,"""GSM521210""",KEEP
GSE20842,"""GSM521211""",KEEP
GSE20842,"""GSM521212""",KEEP
GSE20842,"""GSM521213""",KEEP
GSE20842,"""GSM521214""",KEEP
GSE20842,"""GSM521215""",KEEP
GSE20842,"""GSM521216""",KEEP
GSE20842,"""GSM521217""",KEEP
GSE20842,"""GSM521218""",KEEP
GSE20842,"""GSM521219""",KEEP
GSE20842,"""GSM521220""",KEEP
GSE20842,"""GSM521221""",KEEP
GSE20842,"""GSM521222""",KEEP
GSE20842,"""GSM521223""",KEEP
GSE20842,"""GSM521224""",KEEP
GSE20842,"""GSM521225""",KEEP
GSE20842,"""GSM521226""",KEEP
GSE20842,"""GSM521227""",KEEP
GSE20842,"""GSM521228""",KEEP
GSE20842,"""GSM521229""",KEEP
GSE20842,"""GSM521230""",KEEP
GSE20842,"""GSM521231""",KEEP
GSE20842,"""GSM521232""",KEEP
GSE20842,"""GSM521233""",KEEP
GSE20842,"""GSM521234""",KEEP
GSE20842,"""GSM521235""",KEEP
GSE20842,"""GSM521236""",KEEP
GSE20842,"""GSM521237""",KEEP
GSE20842,"""GSM521238""",KEEP
GSE20842,"""GSM521239""",KEEP
GSE20842,"""GSM521240""",KEEP
GSE20842,"""GSM521241""",KEEP
GSE20842,"""GSM521242""",KEEP
GSE20842,"""GSM521243""",KEEP
GSE214695,"""GSM6614348""",KEEP
GSE214695,"""GSM6614349""",KEEP
GSE214695,"""GSM6614350""",KEEP
GSE214695,"""GSM6614351""",KEEP
GSE214695,"""GSM6614352""",KEEP
GSE214695,"""GSM6614353""",KEEP
GSE214695,"""GSM6614354""",KEEP
GSE214695,"""GSM6614355""",KEEP
GSE214695,"""GSM6614356""",KEEP
GSE214695,"""GSM6614357""",KEEP
GSE214695,"""GSM6614358""",KEEP
GSE214695,"""GSM6614359""",KEEP
GSE214695,"""GSM6614360""",KEEP
GSE214695,"""GSM6614361""",KEEP
GSE214695,"""GSM6614362""",KEEP
GSE214695,"""GSM6614363""",KEEP
GSE214695,"""GSM6614364""",KEEP
GSE214695,"""GSM6614365""",KEEP
GSE21510,"""GSM537330""",KEEP
GSE21510,"""GSM537331""",REMOVE
GSE21510,"""GSM537332""",REMOVE
GSE21510,"""GSM537333""",REMOVE
GSE21510,"""GSM537334""",REMOVE
GSE21510,"""GSM537335""",REMOVE
GSE21510,"""GSM537336""",REMOVE
GSE21510,"""GSM537337""",REMOVE
GSE21510,"""GSM537338""",KEEP
GSE21510,"""GSM537339""",REMOVE
GSE21510,"""GSM537340""",REMOVE
GSE21510,"""GSM537341""",REMOVE
GSE21510,"""GSM537342""",REMOVE
GSE21510,"""GSM537343""",REMOVE
GSE21510,"""GSM537344""",REMOVE
GSE21510,"""GSM537345""",REMOVE
GSE21510,"""GSM537346""",REMOVE
GSE21510,"""GSM537347""",REMOVE
GSE21510,"""GSM537348""",REMOVE
GSE21510,"""GSM537349""",REMOVE
GSE21510,"""GSM537350""",REMOVE
GSE21510,"""GSM537351""",REMOVE
GSE21510,"""GSM537352""",REMOVE
GSE21510,"""GSM537353""",REMOVE
GSE21510,"""GSM537354""",REMOVE
GSE21510,"""GSM537355""",REMOVE
GSE21510,"""GSM537356""",REMOVE
GSE21510,"""GSM537357""",REMOVE
GSE21510,"""GSM537358""",REMOVE
GSE21510,"""GSM537359""",REMOVE
GSE21510,"""GSM537360""",REMOVE
GSE21510,"""GSM537361""",REMOVE
GSE21510,"""GSM537362""",REMOVE
GSE21510,"""GSM537363""",REMOVE
GSE21510,"""GSM537364""",REMOVE
GSE21510,"""GSM537365""",REMOVE
GSE21510,"""GSM537366""",REMOVE
GSE21510,"""GSM537367""",REMOVE
GSE21510,"""GSM537368""",REMOVE
GSE21510,"""GSM537369""",REMOVE
GSE21510,"""GSM537370""",REMOVE
GSE21510,"""GSM537371""",KEEP
GSE21510,"""GSM537372""",REMOVE
GSE21510,"""GSM537373""",REMOVE
GSE21510,"""GSM537374""",KEEP
GSE21510,"""GSM537375""",KEEP
GSE21510,"""GSM537376""",KEEP
GSE21510,"""GSM537377""",REMOVE
GSE21510,"""GSM537378""",REMOVE
GSE21510,"""GSM537379""",REMOVE
GSE21510,"""GSM537380""",REMOVE
GSE21510,"""GSM537381""",REMOVE
GSE21510,"""GSM537382""",KEEP
GSE21510,"""GSM537383""",REMOVE
GSE21510,"""GSM537384""",REMOVE
GSE21510,"""GSM537385""",REMOVE
GSE21510,"""GSM537386""",REMOVE
GSE21510,"""GSM537387""",KEEP
GSE21510,"""GSM537388""",KEEP
GSE21510,"""GSM537389""",REMOVE
GSE21510,"""GSM537390""",KEEP
GSE21510,"""GSM537391""",REMOVE
GSE21510,"""GSM537392""",REMOVE
GSE21510,"""GSM537393""",REMOVE
GSE21510,"""GSM537394""",REMOVE
GSE21510,"""GSM537395""",KEEP
GSE21510,"""GSM537396""",REMOVE
GSE21510,"""GSM537397""",KEEP
GSE21510,"""GSM537398""",KEEP
GSE21510,"""GSM537399""",KEEP
GSE21510,"""GSM537400""",KEEP
GSE21510,"""GSM537401""",REMOVE
GSE21510,"""GSM537402""",KEEP
GSE21510,"""GSM537403""",REMOVE
GSE21510,"""GSM537404""",REMOVE
GSE21510,"""GSM537405""",REMOVE
GSE21510,"""GSM537406""",REMOVE
GSE21510,"""GSM537407""",REMOVE
GSE21510,"""GSM537408""",REMOVE
GSE21510,"""GSM537409""",REMOVE
GSE21510,"""GSM537410""",REMOVE
GSE21510,"""GSM537411""",REMOVE
GSE21510,"""GSM537412""",REMOVE
GSE21510,"""GSM537413""",REMOVE
GSE21510,"""GSM537414""",KEEP
GSE21510,"""GSM537415""",REMOVE
GSE21510,"""GSM537416""",REMOVE
GSE21510,"""GSM537417""",REMOVE
GSE21510,"""GSM537418""",KEEP
GSE21510,"""GSM537419""",REMOVE
GSE21510,"""GSM537420""",KEEP
GSE21510,"""GSM537421""",KEEP
GSE21510,"""GSM537422""",REMOVE
GSE21510,"""GSM537423""",REMOVE
GSE21510,"""GSM537424""",REMOVE
GSE21510,"""GSM537425""",KEEP
GSE21510,"""GSM537426""",REMOVE
GSE21510,"""GSM537427""",REMOVE
GSE21510,"""GSM537428""",REMOVE
GSE21510,"""GSM537429""",KEEP
GSE21510,"""GSM537430""",REMOVE
GSE21510,"""GSM537431""",REMOVE
GSE21510,"""GSM537432""",KEEP
GSE21510,"""GSM537433""",REMOVE
GSE21510,"""GSM549099""",KEEP
GSE21510,"""GSM549100""",KEEP
GSE21510,"""GSM549101""",KEEP
GSE21510,"""GSM549102""",KEEP
GSE21510,"""GSM549103""",KEEP
GSE21510,"""GSM549104""",KEEP
GSE21510,"""GSM549105""",KEEP
GSE21510,"""GSM549106""",KEEP
GSE21510,"""GSM549107""",KEEP
GSE21510,"""GSM549108""",KEEP
GSE21510,"""GSM549109""",KEEP
GSE21510,"""GSM549110""",KEEP
GSE21510,"""GSM549111""",REMOVE
GSE21510,"""GSM549112""",KEEP
GSE21510,"""GSM549113""",KEEP
GSE21510,"""GSM549114""",KEEP
GSE21510,"""GSM549115""",KEEP
GSE21510,"""GSM549116""",KEEP
GSE21510,"""GSM549117""",KEEP
GSE21510,"""GSM549118""",KEEP
GSE21510,"""GSM549119""",KEEP
GSE21510,"""GSM549120""",KEEP
GSE21510,"""GSM549121""",KEEP
GSE21510,"""GSM549122""",KEEP
GSE21510,"""GSM549123""",KEEP
GSE21510,"""GSM549124""",REMOVE
GSE21510,"""GSM549125""",REMOVE
GSE21510,"""GSM549126""",KEEP
GSE21510,"""GSM549127""",REMOVE
GSE21510,"""GSM549128""",KEEP
GSE21510,"""GSM549129""",REMOVE
GSE21510,"""GSM549130""",REMOVE
GSE21510,"""GSM549131""",REMOVE
GSE21510,"""GSM549132""",REMOVE
GSE21510,"""GSM549133""",REMOVE
GSE21510,"""GSM549134""",REMOVE
GSE21510,"""GSM549135""",REMOVE
GSE21510,"""GSM549136""",REMOVE
GSE21510,"""GSM549137""",REMOVE
GSE21510,"""GSM549138""",REMOVE
GSE21510,"""GSM549139""",REMOVE
GSE21510,"""GSM549140""",REMOVE
GSE21510,"""GSM549141""",REMOVE
GSE21510,"""GSM549142""",REMOVE
GSE22598,"""GSM452629""",REMOVE
GSE22598,"""GSM452630""",REMOVE
GSE22598,"""GSM452631""",REMOVE
GSE22598,"""GSM452632""",REMOVE
GSE22598,"""GSM452633""",REMOVE
GSE22598,"""GSM452634""",REMOVE
GSE22598,"""GSM452635""",REMOVE
GSE22598,"""GSM452636""",REMOVE
GSE22598,"""GSM452637""",REMOVE
GSE22598,"""GSM452638""",REMOVE
GSE22598,"""GSM452639""",REMOVE
GSE22598,"""GSM452640""",REMOVE
GSE22598,"""GSM452641""",REMOVE
GSE22598,"""GSM452642""",REMOVE
GSE22598,"""GSM452643""",REMOVE
GSE22598,"""GSM452644""",REMOVE
GSE22598,"""GSM452645""",REMOVE
GSE22598,"""GSM452646""",REMOVE
GSE22598,"""GSM452647""",REMOVE
GSE22598,"""GSM452648""",REMOVE
GSE22598,"""GSM452649""",REMOVE
GSE22598,"""GSM452650""",REMOVE
GSE22598,"""GSM452651""",REMOVE
GSE22598,"""GSM452652""",REMOVE
GSE22598,"""GSM452653""",REMOVE
GSE22598,"""GSM452654""",REMOVE
GSE22598,"""GSM452655""",REMOVE
GSE22598,"""GSM452656""",REMOVE
GSE22598,"""GSM452657""",REMOVE
GSE22598,"""GSM452658""",REMOVE
GSE22598,"""GSM452659""",REMOVE
GSE22598,"""GSM452660""",REMOVE
GSE22598,"""GSM452661""",REMOVE
GSE22598,"""GSM452662""",REMOVE
GSE22598,"""GSM560745""",KEEP
GSE22598,"""GSM560746""",KEEP
GSE22598,"""GSM560747""",KEEP
GSE22598,"""GSM560748""",KEEP
GSE22619,"""GSM560961""",KEEP
GSE22619,"""GSM560962""",KEEP
GSE22619,"""GSM560963""",KEEP
GSE22619,"""GSM560964""",KEEP
GSE22619,"""GSM560965""",KEEP
GSE22619,"""GSM560966""",KEEP
GSE22619,"""GSM560967""",KEEP
GSE22619,"""GSM560968""",KEEP
GSE22619,"""GSM560969""",KEEP
GSE22619,"""GSM560970""",KEEP
GSE22619,"""GSM560971""",KEEP
GSE22619,"""GSM560972""",KEEP
GSE22619,"""GSM560973""",KEEP
GSE22619,"""GSM560974""",KEEP
GSE22619,"""GSM560975""",KEEP
GSE22619,"""GSM560976""",KEEP
GSE22619,"""GSM1012177""",KEEP
GSE22619,"""GSM1012178""",KEEP
GSE22619,"""GSM1012179""",KEEP
GSE22619,"""GSM1012180""",KEEP
GSE231993,"""GSM7307094""",KEEP
GSE231993,"""GSM7307095""",KEEP
GSE231993,"""GSM7307096""",KEEP
GSE231993,"""GSM7307097""",KEEP
GSE231993,"""GSM7307098""",KEEP
GSE231993,"""GSM7307099""",KEEP
GSE231993,"""GSM7307100""",KEEP
GSE231993,"""GSM7307101""",KEEP
GSE231993,"""GSM7307102""",KEEP
GSE231993,"""GSM7307103""",KEEP
GSE231993,"""GSM7307104""",KEEP
GSE231993,"""GSM7307105""",KEEP
GSE235919,"""GSM7511902""",KEEP
GSE235919,"""GSM7511903""",KEEP
GSE235919,"""GSM7511904""",KEEP
GSE235919,"""GSM7511905""",KEEP
GSE235919,"""GSM7511906""",KEEP
GSE235919,"""GSM7511907""",KEEP
GSE235919,"""GSM7511908""",KEEP
GSE235919,"""GSM7511909""",KEEP
GSE235919,"""GSM7511910""",KEEP
GSE235919,"""GSM7511911""",KEEP
GSE235919,"""GSM7511912""",KEEP
GSE235919,"""GSM7511913""",KEEP
GSE235919,"""GSM7511914""",KEEP
GSE235919,"""GSM7511915""",KEEP
GSE235919,"""GSM7511916""",KEEP
GSE235919,"""GSM7511917""",KEEP
GSE235919,"""GSM7511918""",KEEP
GSE235919,"""GSM7511919""",KEEP
GSE235919,"""GSM7511920""",KEEP
GSE235919,"""GSM7511921""",KEEP
GSE235919,"""GSM7511922""",KEEP
GSE235919,"""GSM7511923""",KEEP
GSE235919,"""GSM7511924""",KEEP
GSE235919,"""GSM7511925""",KEEP
GSE235919,"""GSM7511926""",KEEP
GSE235919,"""GSM7511927""",KEEP
GSE235919,"""GSM7511928""",KEEP
GSE235919,"""GSM7511929""",KEEP
GSE235919,"""GSM7511930""",KEEP
GSE235919,"""GSM7511931""",KEEP
GSE235919,"""GSM7511932""",KEEP
GSE235919,"""GSM7511933""",KEEP
GSE235919,"""GSM7511934""",KEEP
GSE235919,"""GSM7511935""",KEEP
GSE23878,"""GSM588828""",KEEP
GSE23878,"""GSM588829""",KEEP
GSE23878,"""GSM588830""",KEEP
GSE23878,"""GSM588831""",KEEP
GSE23878,"""GSM588832""",KEEP
GSE23878,"""GSM588833""",KEEP
GSE23878,"""GSM588834""",KEEP
GSE23878,"""GSM588835""",KEEP
GSE23878,"""GSM588836""",KEEP
GSE23878,"""GSM588837""",KEEP
GSE23878,"""GSM588838""",KEEP
GSE23878,"""GSM588839""",KEEP
GSE23878,"""GSM588840""",KEEP
GSE23878,"""GSM588841""",KEEP
GSE23878,"""GSM588842""",KEEP
GSE23878,"""GSM588843""",KEEP
GSE23878,"""GSM588844""",KEEP
GSE23878,"""GSM588845""",KEEP
GSE23878,"""GSM588846""",KEEP
GSE23878,"""GSM588847""",KEEP
GSE23878,"""GSM588848""",KEEP
GSE23878,"""GSM588849""",KEEP
GSE23878,"""GSM588850""",KEEP
GSE23878,"""GSM588851""",KEEP
GSE23878,"""GSM588852""",KEEP
GSE23878,"""GSM588853""",KEEP
GSE23878,"""GSM588854""",KEEP
GSE23878,"""GSM588855""",KEEP
GSE23878,"""GSM588856""",KEEP
GSE23878,"""GSM588857""",KEEP
GSE23878,"""GSM588858""",KEEP
GSE23878,"""GSM588859""",KEEP
GSE23878,"""GSM588860""",KEEP
GSE23878,"""GSM588861""",KEEP
GSE23878,"""GSM588862""",KEEP
GSE23878,"""GSM588863""",KEEP
GSE23878,"""GSM588864""",KEEP
GSE23878,"""GSM588865""",KEEP
GSE23878,"""GSM588866""",KEEP
GSE23878,"""GSM588867""",KEEP
GSE23878,"""GSM588868""",KEEP
GSE23878,"""GSM588869""",KEEP
GSE23878,"""GSM588870""",KEEP
GSE23878,"""GSM588871""",KEEP
GSE23878,"""GSM588872""",KEEP
GSE23878,"""GSM588873""",KEEP
GSE23878,"""GSM588874""",KEEP
GSE23878,"""GSM588875""",KEEP
GSE23878,"""GSM588876""",KEEP
GSE23878,"""GSM588877""",KEEP
GSE23878,"""GSM588878""",KEEP
GSE23878,"""GSM588879""",KEEP
GSE23878,"""GSM588880""",KEEP
GSE23878,"""GSM588881""",KEEP
GSE23878,"""GSM588882""",KEEP
GSE23878,"""GSM588883""",KEEP
GSE23878,"""GSM588884""",KEEP
GSE23878,"""GSM588885""",KEEP
GSE23878,"""GSM588886""",KEEP
GSE24514,"""GSM604484""",KEEP
GSE24514,"""GSM604485""",KEEP
GSE24514,"""GSM604486""",KEEP
GSE24514,"""GSM604487""",KEEP
GSE24514,"""GSM604488""",KEEP
GSE24514,"""GSM604489""",KEEP
GSE24514,"""GSM604490""",KEEP
GSE24514,"""GSM604491""",KEEP
GSE24514,"""GSM604492""",KEEP
GSE24514,"""GSM604493""",KEEP
GSE24514,"""GSM604494""",KEEP
GSE24514,"""GSM604495""",KEEP
GSE24514,"""GSM604496""",KEEP
GSE24514,"""GSM604497""",KEEP
GSE24514,"""GSM604498""",KEEP
GSE24514,"""GSM604499""",KEEP
GSE24514,"""GSM604500""",KEEP
GSE24514,"""GSM604501""",KEEP
GSE24514,"""GSM604502""",KEEP
GSE24514,"""GSM604503""",KEEP
GSE24514,"""GSM604504""",KEEP
GSE24514,"""GSM604505""",KEEP
GSE24514,"""GSM604506""",KEEP
GSE24514,"""GSM604507""",KEEP
GSE24514,"""GSM604508""",KEEP
GSE24514,"""GSM604509""",KEEP
GSE24514,"""GSM604510""",KEEP
GSE24514,"""GSM604511""",KEEP
GSE24514,"""GSM604512""",KEEP
GSE24514,"""GSM604513""",KEEP
GSE24514,"""GSM604514""",KEEP
GSE24514,"""GSM604515""",KEEP
GSE24514,"""GSM604516""",KEEP
GSE24514,"""GSM604517""",KEEP
GSE24514,"""GSM604518""",KEEP
GSE24514,"""GSM604519""",KEEP
GSE24514,"""GSM604520""",KEEP
GSE24514,"""GSM604521""",KEEP
GSE24514,"""GSM604522""",KEEP
GSE24514,"""GSM604523""",KEEP
GSE24514,"""GSM604524""",KEEP
GSE24514,"""GSM604525""",KEEP
GSE24514,"""GSM604526""",KEEP
GSE24514,"""GSM604527""",KEEP
GSE24514,"""GSM604528""",KEEP
GSE24514,"""GSM604529""",KEEP
GSE24514,"""GSM604530""",KEEP
GSE24514,"""GSM604531""",KEEP
GSE24514,"""GSM604532""",KEEP
GSE27854,"""GSM687467""",REMOVE
GSE27854,"""GSM687468""",KEEP
GSE27854,"""GSM687469""",REMOVE
GSE27854,"""GSM687470""",REMOVE
GSE27854,"""GSM687471""",REMOVE
GSE27854,"""GSM687472""",REMOVE
GSE27854,"""GSM687473""",REMOVE
GSE27854,"""GSM687474""",REMOVE
GSE27854,"""GSM687475""",REMOVE
GSE27854,"""GSM687476""",REMOVE
GSE27854,"""GSM687477""",REMOVE
GSE27854,"""GSM687478""",REMOVE
GSE27854,"""GSM687479""",REMOVE
GSE27854,"""GSM687480""",REMOVE
GSE27854,"""GSM687481""",REMOVE
GSE27854,"""GSM687482""",REMOVE
GSE27854,"""GSM687483""",REMOVE
GSE27854,"""GSM687484""",REMOVE
GSE27854,"""GSM687485""",REMOVE
GSE27854,"""GSM687486""",REMOVE
GSE27854,"""GSM687487""",REMOVE
GSE27854,"""GSM687488""",REMOVE
GSE27854,"""GSM687489""",REMOVE
GSE27854,"""GSM687490""",REMOVE
GSE27854,"""GSM687491""",REMOVE
GSE27854,"""GSM687492""",REMOVE
GSE27854,"""GSM687493""",REMOVE
GSE27854,"""GSM687494""",KEEP
GSE27854,"""GSM687495""",REMOVE
GSE27854,"""GSM687496""",REMOVE
GSE27854,"""GSM687497""",REMOVE
GSE27854,"""GSM687498""",REMOVE
GSE27854,"""GSM687499""",REMOVE
GSE27854,"""GSM687500""",REMOVE
GSE27854,"""GSM687501""",REMOVE
GSE27854,"""GSM687502""",REMOVE
GSE27854,"""GSM687503""",REMOVE
GSE27854,"""GSM687504""",REMOVE
GSE27854,"""GSM687505""",REMOVE
GSE27854,"""GSM687506""",REMOVE
GSE27854,"""GSM687507""",REMOVE
GSE27854,"""GSM687508""",REMOVE
GSE27854,"""GSM687509""",REMOVE
GSE27854,"""GSM687510""",REMOVE
GSE27854,"""GSM687511""",REMOVE
GSE27854,"""GSM687512""",REMOVE
GSE27854,"""GSM687513""",REMOVE
GSE27854,"""GSM687514""",REMOVE
GSE27854,"""GSM687515""",REMOVE
GSE27854,"""GSM687516""",REMOVE
GSE27854,"""GSM687517""",REMOVE
GSE27854,"""GSM687518""",REMOVE
GSE27854,"""GSM687519""",KEEP
GSE27854,"""GSM687520""",KEEP
GSE27854,"""GSM687521""",REMOVE
GSE27854,"""GSM687522""",KEEP
GSE27854,"""GSM687523""",KEEP
GSE27854,"""GSM687524""",KEEP
GSE27854,"""GSM687525""",KEEP
GSE27854,"""GSM687526""",KEEP
GSE27854,"""GSM687527""",KEEP
GSE27854,"""GSM687528""",REMOVE
GSE27854,"""GSM687529""",KEEP
GSE27854,"""GSM687530""",REMOVE
GSE27854,"""GSM687531""",REMOVE
GSE27854,"""GSM687532""",REMOVE
GSE27854,"""GSM687533""",REMOVE
GSE27854,"""GSM687534""",REMOVE
GSE27854,"""GSM687535""",REMOVE
GSE27854,"""GSM687536""",REMOVE
GSE27854,"""GSM687537""",REMOVE
GSE27854,"""GSM687538""",REMOVE
GSE27854,"""GSM687539""",REMOVE
GSE27854,"""GSM687540""",REMOVE
GSE27854,"""GSM687541""",REMOVE
GSE27854,"""GSM687542""",REMOVE
GSE27854,"""GSM687543""",REMOVE
GSE27854,"""GSM687544""",REMOVE
GSE27854,"""GSM687545""",REMOVE
GSE27854,"""GSM687546""",REMOVE
GSE27854,"""GSM687547""",REMOVE
GSE27854,"""GSM687548""",REMOVE
GSE27854,"""GSM687549""",REMOVE
GSE27854,"""GSM687550""",REMOVE
GSE27854,"""GSM687551""",REMOVE
GSE27854,"""GSM687552""",REMOVE
GSE27854,"""GSM687553""",REMOVE
GSE27854,"""GSM687554""",REMOVE
GSE27854,"""GSM687555""",REMOVE
GSE27854,"""GSM687556""",REMOVE
GSE27854,"""GSM687557""",REMOVE
GSE27854,"""GSM687558""",REMOVE
GSE27854,"""GSM687559""",REMOVE
GSE27854,"""GSM687560""",REMOVE
GSE27854,"""GSM687561""",REMOVE
GSE27854,"""GSM687562""",REMOVE
GSE27854,"""GSM687563""",REMOVE
GSE27854,"""GSM687564""",REMOVE
GSE27854,"""GSM687565""",REMOVE
GSE27854,"""GSM687566""",REMOVE
GSE27854,"""GSM687567""",REMOVE
GSE27854,"""GSM687568""",REMOVE
GSE27854,"""GSM687569""",REMOVE
GSE27854,"""GSM687570""",REMOVE
GSE27854,"""GSM687571""",REMOVE
GSE27854,"""GSM687572""",REMOVE
GSE27854,"""GSM687573""",REMOVE
GSE27854,"""GSM687574""",REMOVE
GSE27854,"""GSM687575""",REMOVE
GSE27854,"""GSM687576""",REMOVE
GSE27854,"""GSM687577""",REMOVE
GSE27854,"""GSM687578""",REMOVE
GSE27854,"""GSM687579""",REMOVE
GSE27854,"""GSM687580""",REMOVE
GSE27854,"""GSM687581""",REMOVE
GSE29621,"""GSM734111""",REMOVE
GSE29621,"""GSM734112""",REMOVE
GSE29621,"""GSM734113""",REMOVE
GSE29621,"""GSM734114""",REMOVE
GSE29621,"""GSM734115""",REMOVE
GSE29621,"""GSM734116""",REMOVE
GSE29621,"""GSM734117""",REMOVE
GSE29621,"""GSM734118""",REMOVE
GSE29621,"""GSM734119""",REMOVE
GSE29621,"""GSM734120""",REMOVE
GSE29621,"""GSM734121""",REMOVE
GSE29621,"""GSM734122""",REMOVE
GSE29621,"""GSM734123""",REMOVE
GSE29621,"""GSM734124""",REMOVE
GSE29621,"""GSM734125""",REMOVE
GSE29621,"""GSM734126""",REMOVE
GSE29621,"""GSM734127""",REMOVE
GSE29621,"""GSM734128""",KEEP
GSE29621,"""GSM734129""",REMOVE
GSE29621,"""GSM734130""",REMOVE
GSE29621,"""GSM734131""",REMOVE
GSE29621,"""GSM734132""",REMOVE
GSE29621,"""GSM734133""",REMOVE
GSE29621,"""GSM734134""",REMOVE
GSE29621,"""GSM734135""",REMOVE
GSE29621,"""GSM734136""",REMOVE
GSE29621,"""GSM734137""",REMOVE
GSE29621,"""GSM734138""",REMOVE
GSE29621,"""GSM734139""",REMOVE
GSE29621,"""GSM734140""",REMOVE
GSE29621,"""GSM734141""",REMOVE
GSE29621,"""GSM734142""",REMOVE
GSE29621,"""GSM734143""",REMOVE
GSE29621,"""GSM734144""",REMOVE
GSE29621,"""GSM734145""",REMOVE
GSE29621,"""GSM734146""",REMOVE
GSE29621,"""GSM734147""",REMOVE
GSE29621,"""GSM734148""",KEEP
GSE29621,"""GSM734149""",REMOVE
GSE29621,"""GSM734150""",REMOVE
GSE29621,"""GSM734151""",REMOVE
GSE29621,"""GSM734152""",REMOVE
GSE29621,"""GSM734153""",REMOVE
GSE29621,"""GSM734154""",REMOVE
GSE29621,"""GSM734155""",REMOVE
GSE29621,"""GSM734156""",REMOVE
GSE29621,"""GSM734157""",REMOVE
GSE29621,"""GSM734158""",REMOVE
GSE29621,"""GSM734159""",REMOVE
GSE29621,"""GSM734160""",REMOVE
GSE29621,"""GSM734161""",REMOVE
GSE29621,"""GSM734162""",REMOVE
GSE29621,"""GSM734163""",REMOVE
GSE29621,"""GSM734164""",REMOVE
GSE29621,"""GSM734165""",REMOVE
GSE29621,"""GSM734166""",REMOVE
GSE29621,"""GSM734167""",REMOVE
GSE29621,"""GSM734168""",REMOVE
GSE29621,"""GSM734169""",REMOVE
GSE29621,"""GSM734170""",REMOVE
GSE29621,"""GSM734171""",REMOVE
GSE29621,"""GSM734172""",REMOVE
GSE29621,"""GSM734173""",REMOVE
GSE29621,"""GSM734174""",REMOVE
GSE29621,"""GSM734175""",REMOVE
GSE32323,"""GSM800742""",REMOVE
GSE32323,"""GSM800743""",REMOVE
GSE32323,"""GSM800744""",REMOVE
GSE32323,"""GSM800745""",REMOVE
GSE32323,"""GSM800746""",REMOVE
GSE32323,"""GSM800747""",REMOVE
GSE32323,"""GSM800748""",REMOVE
GSE32323,"""GSM800749""",REMOVE
GSE32323,"""GSM800750""",REMOVE
GSE32323,"""GSM800751""",REMOVE
GSE32323,"""GSM800752""",REMOVE
GSE32323,"""GSM800753""",REMOVE
GSE32323,"""GSM800754""",REMOVE
GSE32323,"""GSM800755""",REMOVE
GSE32323,"""GSM800756""",REMOVE
GSE32323,"""GSM800757""",REMOVE
GSE32323,"""GSM800758""",REMOVE
GSE32323,"""GSM800759""",REMOVE
GSE32323,"""GSM800760""",REMOVE
GSE32323,"""GSM800761""",REMOVE
GSE32323,"""GSM800762""",REMOVE
GSE32323,"""GSM800763""",REMOVE
GSE32323,"""GSM800764""",REMOVE
GSE32323,"""GSM800765""",REMOVE
GSE32323,"""GSM800766""",REMOVE
GSE32323,"""GSM800767""",REMOVE
GSE32323,"""GSM800768""",REMOVE
GSE32323,"""GSM800769""",REMOVE
GSE32323,"""GSM800770""",REMOVE
GSE32323,"""GSM800771""",REMOVE
GSE32323,"""GSM800772""",REMOVE
GSE32323,"""GSM800773""",REMOVE
GSE32323,"""GSM800774""",REMOVE
GSE32323,"""GSM800775""",REMOVE
GSE32323,"""GSM800776""",KEEP
GSE32323,"""GSM800777""",KEEP
GSE32323,"""GSM800778""",KEEP
GSE32323,"""GSM800779""",KEEP
GSE32323,"""GSM800780""",KEEP
GSE32323,"""GSM800781""",KEEP
GSE32323,"""GSM800782""",KEEP
GSE32323,"""GSM800783""",KEEP
GSE32323,"""GSM800784""",KEEP
GSE32323,"""GSM800785""",KEEP
GSE35144,"""GSM862441""",KEEP
GSE35144,"""GSM862442""",KEEP
GSE35144,"""GSM862443""",KEEP
GSE35144,"""GSM862444""",KEEP
GSE35144,"""GSM862445""",KEEP
GSE35144,"""GSM862446""",KEEP
GSE35144,"""GSM862447""",KEEP
GSE35144,"""GSM862448""",KEEP
GSE35144,"""GSM862449""",KEEP
GSE35144,"""GSM862450""",KEEP
GSE35144,"""GSM862451""",KEEP
GSE35144,"""GSM862453""",KEEP
GSE35144,"""GSM862454""",KEEP
GSE35144,"""GSM862455""",KEEP
GSE35144,"""GSM862456""",KEEP
GSE35144,"""GSM862457""",KEEP
GSE35144,"""GSM862458""",KEEP
GSE35144,"""GSM862459""",KEEP
GSE35144,"""GSM862460""",KEEP
GSE35144,"""GSM862461""",KEEP
GSE35144,"""GSM862462""",KEEP
GSE35144,"""GSM862463""",KEEP
GSE35144,"""GSM862464""",KEEP
GSE35144,"""GSM862465""",KEEP
GSE35144,"""GSM862466""",KEEP
GSE35144,"""GSM862467""",KEEP
GSE35144,"""GSM862468""",KEEP
GSE35144,"""GSM862469""",KEEP
GSE35144,"""GSM862470""",KEEP
GSE35144,"""GSM862471""",KEEP
GSE35144,"""GSM862472""",KEEP
GSE35144,"""GSM862473""",KEEP
GSE35144,"""GSM862474""",KEEP
GSE35144,"""GSM862475""",KEEP
GSE35144,"""GSM862476""",KEEP
GSE35144,"""GSM862477""",KEEP
GSE35144,"""GSM862478""",KEEP
GSE35144,"""GSM862479""",KEEP
GSE35144,"""GSM862480""",KEEP
GSE35144,"""GSM862481""",KEEP
GSE35144,"""GSM862482""",KEEP
GSE35144,"""GSM862483""",KEEP
GSE35144,"""GSM862484""",KEEP
GSE35144,"""GSM862485""",KEEP
GSE35144,"""GSM862486""",KEEP
GSE35144,"""GSM862487""",KEEP
GSE35144,"""GSM862488""",KEEP
GSE35144,"""GSM862489""",KEEP
GSE35144,"""GSM862490""",KEEP
GSE35144,"""GSM862491""",KEEP
GSE35144,"""GSM862492""",KEEP
GSE35144,"""GSM862493""",KEEP
GSE35144,"""GSM862494""",KEEP
GSE35144,"""GSM862495""",KEEP
GSE35144,"""GSM862496""",KEEP
GSE35144,"""GSM862497""",KEEP
GSE35144,"""GSM862498""",KEEP
GSE35144,"""GSM862499""",KEEP
GSE35144,"""GSM862500""",KEEP
GSE35144,"""GSM862501""",KEEP
GSE35144,"""GSM862502""",KEEP
GSE35144,"""GSM862503""",KEEP
GSE35144,"""GSM862504""",KEEP
GSE35144,"""GSM862505""",KEEP
GSE35896,"""GSM877126""",KEEP
GSE35896,"""GSM877127""",KEEP
GSE35896,"""GSM877128""",KEEP
GSE35896,"""GSM877129""",KEEP
GSE35896,"""GSM877130""",KEEP
GSE35896,"""GSM877131""",KEEP
GSE35896,"""GSM877132""",KEEP
GSE35896,"""GSM877133""",KEEP
GSE35896,"""GSM877134""",KEEP
GSE35896,"""GSM877135""",KEEP
GSE35896,"""GSM877136""",KEEP
GSE35896,"""GSM877137""",KEEP
GSE35896,"""GSM877138""",KEEP
GSE35896,"""GSM877139""",KEEP
GSE35896,"""GSM877140""",KEEP
GSE35896,"""GSM877141""",KEEP
GSE35896,"""GSM877142""",KEEP
GSE35896,"""GSM877143""",KEEP
GSE35896,"""GSM877144""",KEEP
GSE35896,"""GSM877145""",KEEP
GSE35896,"""GSM877146""",KEEP
GSE35896,"""GSM877147""",KEEP
GSE35896,"""GSM877148""",KEEP
GSE35896,"""GSM877149""",KEEP
GSE35896,"""GSM877150""",KEEP
GSE35896,"""GSM877151""",KEEP
GSE35896,"""GSM877152""",KEEP
GSE35896,"""GSM877153""",KEEP
GSE35896,"""GSM877154""",KEEP
GSE35896,"""GSM877155""",KEEP
GSE35896,"""GSM877156""",KEEP
GSE35896,"""GSM877157""",KEEP
GSE35896,"""GSM877158""",KEEP
GSE35896,"""GSM877159""",KEEP
GSE35896,"""GSM877160""",KEEP
GSE35896,"""GSM877161""",KEEP
GSE35896,"""GSM877162""",KEEP
GSE35896,"""GSM877163""",KEEP
GSE35896,"""GSM877164""",KEEP
GSE35896,"""GSM877165""",KEEP
GSE35896,"""GSM877166""",KEEP
GSE35896,"""GSM877167""",KEEP
GSE35896,"""GSM877168""",KEEP
GSE35896,"""GSM877169""",KEEP
GSE35896,"""GSM877170""",KEEP
GSE35896,"""GSM877171""",KEEP
GSE35896,"""GSM877173""",KEEP
GSE35896,"""GSM877174""",KEEP
GSE35896,"""GSM877175""",KEEP
GSE35896,"""GSM877176""",KEEP
GSE35896,"""GSM877177""",KEEP
GSE35896,"""GSM877178""",KEEP
GSE35896,"""GSM877179""",KEEP
GSE35896,"""GSM877180""",KEEP
GSE35896,"""GSM877181""",KEEP
GSE35896,"""GSM877182""",KEEP
GSE35896,"""GSM877183""",KEEP
GSE35896,"""GSM877184""",KEEP
GSE35896,"""GSM877185""",KEEP
GSE35896,"""GSM877186""",KEEP
GSE35896,"""GSM877187""",KEEP
GSE35896,"""GSM877188""",KEEP
GSE36807,"""GSM901319""",KEEP
GSE36807,"""GSM901320""",KEEP
GSE36807,"""GSM901321""",KEEP
GSE36807,"""GSM901322""",KEEP
GSE36807,"""GSM901323""",KEEP
GSE36807,"""GSM901324""",KEEP
GSE36807,"""GSM901325""",KEEP
GSE36807,"""GSM901326""",KEEP
GSE36807,"""GSM901327""",KEEP
GSE36807,"""GSM901328""",KEEP
GSE36807,"""GSM901329""",KEEP
GSE36807,"""GSM901330""",KEEP
GSE36807,"""GSM901331""",KEEP
GSE36807,"""GSM901332""",KEEP
GSE36807,"""GSM901333""",KEEP
GSE36807,"""GSM901334""",KEEP
GSE36807,"""GSM901335""",KEEP
GSE36807,"""GSM901336""",KEEP
GSE36807,"""GSM901337""",KEEP
GSE36807,"""GSM901338""",KEEP
GSE36807,"""GSM901339""",KEEP
GSE36807,"""GSM901340""",KEEP
GSE36807,"""GSM901341""",KEEP
GSE36807,"""GSM901342""",KEEP
GSE36807,"""GSM901343""",KEEP
GSE36807,"""GSM901344""",KEEP
GSE36807,"""GSM901345""",KEEP
GSE36807,"""GSM901346""",KEEP
GSE36807,"""GSM901347""",KEEP
GSE36807,"""GSM901348""",KEEP
GSE36807,"""GSM901349""",KEEP
GSE36807,"""GSM901350""",KEEP
GSE36807,"""GSM901351""",KEEP
GSE36807,"""GSM901352""",KEEP
GSE36807,"""GSM901353""",KEEP
GSE37178,"""GSM913048""",KEEP
GSE37178,"""GSM913049""",KEEP
GSE37178,"""GSM913050""",KEEP
GSE37178,"""GSM913051""",KEEP
GSE37178,"""GSM913052""",KEEP
GSE37178,"""GSM913053""",KEEP
GSE37178,"""GSM913054""",KEEP
GSE37178,"""GSM913055""",KEEP
GSE37178,"""GSM913056""",KEEP
GSE37178,"""GSM913057""",KEEP
GSE37178,"""GSM913058""",KEEP
GSE37178,"""GSM913059""",KEEP
GSE37178,"""GSM913060""",KEEP
GSE37178,"""GSM913061""",KEEP
GSE37178,"""GSM913062""",KEEP
GSE37178,"""GSM913063""",KEEP
GSE37178,"""GSM913064""",KEEP
GSE37178,"""GSM913065""",KEEP
GSE37178,"""GSM913066""",KEEP
GSE37178,"""GSM913067""",KEEP
GSE37178,"""GSM913068""",KEEP
GSE37178,"""GSM913069""",KEEP
GSE37178,"""GSM913070""",KEEP
GSE37178,"""GSM913071""",KEEP
GSE37178,"""GSM913072""",KEEP
GSE37178,"""GSM913073""",KEEP
GSE37178,"""GSM913074""",KEEP
GSE37178,"""GSM913075""",KEEP
GSE37178,"""GSM913076""",KEEP
GSE37178,"""GSM913077""",KEEP
GSE37178,"""GSM913078""",KEEP
GSE37178,"""GSM913079""",KEEP
GSE37178,"""GSM913080""",KEEP
GSE37178,"""GSM913081""",KEEP
GSE37178,"""GSM913082""",KEEP
GSE37178,"""GSM913083""",KEEP
GSE37178,"""GSM913084""",KEEP
GSE37178,"""GSM913085""",KEEP
GSE37178,"""GSM913086""",KEEP
GSE37178,"""GSM913087""",KEEP
GSE37178,"""GSM913088""",KEEP
GSE37178,"""GSM913089""",KEEP
GSE37178,"""GSM913090""",KEEP
GSE37178,"""GSM913091""",KEEP
GSE37178,"""GSM913092""",KEEP
GSE37178,"""GSM913093""",KEEP
GSE37178,"""GSM913094""",KEEP
GSE37178,"""GSM913095""",KEEP
GSE37178,"""GSM913096""",KEEP
GSE37178,"""GSM913097""",KEEP
GSE37178,"""GSM913098""",KEEP
GSE37178,"""GSM913099""",KEEP
GSE37178,"""GSM913100""",KEEP
GSE37178,"""GSM913101""",KEEP
GSE37178,"""GSM913102""",KEEP
GSE37178,"""GSM913103""",KEEP
GSE37178,"""GSM913104""",KEEP
GSE37178,"""GSM913105""",KEEP
GSE37178,"""GSM913106""",KEEP
GSE37178,"""GSM913107""",KEEP
GSE37178,"""GSM913108""",KEEP
GSE37178,"""GSM913109""",KEEP
GSE37178,"""GSM913110""",KEEP
GSE37178,"""GSM913111""",KEEP
GSE37178,"""GSM913112""",KEEP
GSE37178,"""GSM913113""",KEEP
GSE37178,"""GSM913114""",KEEP
GSE37178,"""GSM913115""",KEEP
GSE37178,"""GSM913116""",KEEP
GSE37178,"""GSM913117""",KEEP
GSE37178,"""GSM913118""",KEEP
GSE37178,"""GSM913119""",KEEP
GSE37178,"""GSM913120""",KEEP
GSE37178,"""GSM913121""",KEEP
GSE37178,"""GSM913122""",KEEP
GSE37178,"""GSM913123""",KEEP
GSE37178,"""GSM913124""",KEEP
GSE37178,"""GSM913125""",KEEP
GSE37178,"""GSM913126""",KEEP
GSE37178,"""GSM913127""",KEEP
GSE37178,"""GSM913128""",KEEP
GSE37178,"""GSM913129""",KEEP
GSE37178,"""GSM913130""",KEEP
GSE37178,"""GSM913131""",KEEP
GSE39084,"""GSM955440""",KEEP
GSE39084,"""GSM955441""",KEEP
GSE39084,"""GSM955442""",KEEP
GSE39084,"""GSM955443""",KEEP
GSE39084,"""GSM955444""",KEEP
GSE39084,"""GSM955445""",KEEP
GSE39084,"""GSM955446""",KEEP
GSE39084,"""GSM955447""",KEEP
GSE39084,"""GSM955448""",KEEP
GSE39084,"""GSM955449""",KEEP
GSE39084,"""GSM955450""",KEEP
GSE39084,"""GSM955451""",KEEP
GSE39084,"""GSM955452""",KEEP
GSE39084,"""GSM955453""",KEEP
GSE39084,"""GSM955454""",KEEP
GSE39084,"""GSM955455""",KEEP
GSE39084,"""GSM955456""",KEEP
GSE39084,"""GSM955457""",KEEP
GSE39084,"""GSM955458""",KEEP
GSE39084,"""GSM955459""",KEEP
GSE39084,"""GSM955460""",KEEP
GSE39084,"""GSM955461""",KEEP
GSE39084,"""GSM955462""",KEEP
GSE39084,"""GSM955463""",KEEP
GSE39084,"""GSM955464""",KEEP
GSE39084,"""GSM955465""",KEEP
GSE39084,"""GSM955466""",KEEP
GSE39084,"""GSM955467""",KEEP
GSE39084,"""GSM955468""",KEEP
GSE39084,"""GSM955469""",KEEP
GSE39084,"""GSM955470""",KEEP
GSE39084,"""GSM955471""",KEEP
GSE39084,"""GSM955472""",KEEP
GSE39084,"""GSM955473""",KEEP
GSE39084,"""GSM955474""",KEEP
GSE39084,"""GSM955475""",KEEP
GSE39084,"""GSM955476""",KEEP
GSE39084,"""GSM955477""",KEEP
GSE39084,"""GSM955478""",KEEP
GSE39084,"""GSM955479""",KEEP
GSE39084,"""GSM955480""",KEEP
GSE39084,"""GSM955481""",KEEP
GSE39084,"""GSM955482""",KEEP
GSE39084,"""GSM955483""",KEEP
GSE39084,"""GSM955484""",KEEP
GSE39084,"""GSM955485""",KEEP
GSE39084,"""GSM955486""",KEEP
GSE39084,"""GSM955487""",KEEP
GSE39084,"""GSM955488""",KEEP
GSE39084,"""GSM955489""",KEEP
GSE39084,"""GSM955490""",KEEP
GSE39084,"""GSM955491""",KEEP
GSE39084,"""GSM955492""",KEEP
GSE39084,"""GSM955493""",KEEP
GSE39084,"""GSM955494""",KEEP
GSE39084,"""GSM955495""",KEEP
GSE39084,"""GSM955496""",KEEP
GSE39084,"""GSM955497""",KEEP
GSE39084,"""GSM955498""",KEEP
GSE39084,"""GSM955499""",KEEP
GSE39084,"""GSM955500""",KEEP
GSE39084,"""GSM955501""",KEEP
GSE39084,"""GSM955502""",KEEP
GSE39084,"""GSM955503""",KEEP
GSE39084,"""GSM955504""",KEEP
GSE39084,"""GSM955505""",KEEP
GSE39084,"""GSM955506""",KEEP
GSE39084,"""GSM955507""",KEEP
GSE39084,"""GSM955508""",KEEP
GSE39084,"""GSM955509""",KEEP
GSE4107,"""GSM93789""",KEEP
GSE4107,"""GSM93920""",KEEP
GSE4107,"""GSM93921""",KEEP
GSE4107,"""GSM93922""",KEEP
GSE4107,"""GSM93923""",KEEP
GSE4107,"""GSM93924""",KEEP
GSE4107,"""GSM93925""",KEEP
GSE4107,"""GSM93926""",KEEP
GSE4107,"""GSM93927""",KEEP
GSE4107,"""GSM93928""",KEEP
GSE4107,"""GSM93929""",KEEP
GSE4107,"""GSM93932""",KEEP
GSE4107,"""GSM93938""",KEEP
GSE4107,"""GSM93939""",KEEP
GSE4107,"""GSM93941""",KEEP
GSE4107,"""GSM93943""",KEEP
GSE4107,"""GSM93944""",KEEP
GSE4107,"""GSM93946""",KEEP
GSE4107,"""GSM93948""",KEEP
GSE4107,"""GSM93950""",KEEP
GSE4107,"""GSM93952""",KEEP
GSE4107,"""GSM93954""",KEEP
GSE41328,"""GSM1014798""",KEEP
GSE41328,"""GSM1014799""",KEEP
GSE41328,"""GSM1014800""",KEEP
GSE41328,"""GSM1014801""",KEEP
GSE41328,"""GSM1014802""",KEEP
GSE41328,"""GSM1014803""",KEEP
GSE41328,"""GSM1014804""",KEEP
GSE41328,"""GSM1014805""",KEEP
GSE41328,"""GSM1014806""",KEEP
GSE41328,"""GSM1014807""",KEEP
GSE41328,"""GSM1014808""",KEEP
GSE41328,"""GSM1014809""",KEEP
GSE41328,"""GSM1014810""",KEEP
GSE41328,"""GSM1014811""",KEEP
GSE41328,"""GSM1014812""",KEEP
GSE41328,"""GSM1014813""",KEEP
GSE41328,"""GSM1014814""",KEEP
GSE41328,"""GSM1014815""",KEEP
GSE41328,"""GSM1014816""",KEEP
GSE41328,"""GSM1014817""",KEEP
GSE4183,"""GSM95473""",KEEP
GSE4183,"""GSM95474""",KEEP
GSE4183,"""GSM95475""",KEEP
GSE4183,"""GSM95476""",KEEP
GSE4183,"""GSM95477""",KEEP
GSE4183,"""GSM95478""",KEEP
GSE4183,"""GSM95479""",KEEP
GSE4183,"""GSM95480""",KEEP
GSE4183,"""GSM95481""",KEEP
GSE4183,"""GSM95482""",KEEP
GSE4183,"""GSM95483""",KEEP
GSE4183,"""GSM95484""",KEEP
GSE4183,"""GSM95485""",KEEP
GSE4183,"""GSM95486""",KEEP
GSE4183,"""GSM95487""",KEEP
GSE4183,"""GSM95488""",KEEP
GSE4183,"""GSM95489""",KEEP
GSE4183,"""GSM95490""",KEEP
GSE4183,"""GSM95491""",KEEP
GSE4183,"""GSM95492""",KEEP
GSE4183,"""GSM95493""",KEEP
GSE4183,"""GSM95494""",KEEP
GSE4183,"""GSM95495""",KEEP
GSE4183,"""GSM95496""",KEEP
GSE4183,"""GSM95497""",KEEP
GSE4183,"""GSM95498""",KEEP
GSE4183,"""GSM95499""",KEEP
GSE4183,"""GSM95500""",KEEP
GSE4183,"""GSM95501""",KEEP
GSE4183,"""GSM95502""",KEEP
GSE4183,"""GSM95503""",KEEP
GSE4183,"""GSM95504""",KEEP
GSE4183,"""GSM95505""",KEEP
GSE4183,"""GSM95506""",KEEP
GSE4183,"""GSM95507""",KEEP
GSE4183,"""GSM95508""",KEEP
GSE4183,"""GSM95509""",KEEP
GSE4183,"""GSM95510""",KEEP
GSE4183,"""GSM95511""",KEEP
GSE4183,"""GSM95512""",KEEP
GSE4183,"""GSM95513""",KEEP
GSE4183,"""GSM95514""",KEEP
GSE4183,"""GSM95515""",KEEP
GSE4183,"""GSM95516""",KEEP
GSE4183,"""GSM95517""",KEEP
GSE4183,"""GSM95518""",KEEP
GSE4183,"""GSM95519""",KEEP
GSE4183,"""GSM95520""",KEEP
GSE4183,"""GSM95521""",KEEP
GSE4183,"""GSM95522""",KEEP
GSE4183,"""GSM95523""",KEEP
GSE4183,"""GSM95524""",KEEP
GSE4183,"""GSM95525""",KEEP
GSE44861,"""GSM1092909""",KEEP
GSE44861,"""GSM1092910""",KEEP
GSE44861,"""GSM1092911""",KEEP
GSE44861,"""GSM1092912""",KEEP
GSE44861,"""GSM1092913""",KEEP
GSE44861,"""GSM1092914""",KEEP
GSE44861,"""GSM1092915""",KEEP
GSE44861,"""GSM1092916""",KEEP
GSE44861,"""GSM1092917""",KEEP
GSE44861,"""GSM1092918""",KEEP
GSE44861,"""GSM1092919""",KEEP
GSE44861,"""GSM1092920""",KEEP
GSE44861,"""GSM1092921""",KEEP
GSE44861,"""GSM1092922""",KEEP
GSE44861,"""GSM1092923""",KEEP
GSE44861,"""GSM1092924""",KEEP
GSE44861,"""GSM1092925""",KEEP
GSE44861,"""GSM1092926""",KEEP
GSE44861,"""GSM1092927""",KEEP
GSE44861,"""GSM1092928""",KEEP
GSE44861,"""GSM1092929""",KEEP
GSE44861,"""GSM1092930""",KEEP
GSE44861,"""GSM1092931""",KEEP
GSE44861,"""GSM1092932""",KEEP
GSE44861,"""GSM1092933""",KEEP
GSE44861,"""GSM1092934""",KEEP
GSE44861,"""GSM1092935""",KEEP
GSE44861,"""GSM1092936""",KEEP
GSE44861,"""GSM1092937""",KEEP
GSE44861,"""GSM1092938""",KEEP
GSE44861,"""GSM1092939""",KEEP
GSE44861,"""GSM1092940""",KEEP
GSE44861,"""GSM1092941""",KEEP
GSE44861,"""GSM1092942""",KEEP
GSE44861,"""GSM1092943""",KEEP
GSE44861,"""GSM1092944""",KEEP
GSE44861,"""GSM1092945""",KEEP
GSE44861,"""GSM1092946""",KEEP
GSE44861,"""GSM1092947""",KEEP
GSE44861,"""GSM1092948""",KEEP
GSE44861,"""GSM1092949""",KEEP
GSE44861,"""GSM1092950""",KEEP
GSE44861,"""GSM1092951""",KEEP
GSE44861,"""GSM1092952""",KEEP
GSE44861,"""GSM1092953""",KEEP
GSE44861,"""GSM1092954""",KEEP
GSE44861,"""GSM1092955""",KEEP
GSE44861,"""GSM1092956""",KEEP
GSE44861,"""GSM1092957""",KEEP
GSE44861,"""GSM1092958""",KEEP
GSE44861,"""GSM1092959""",KEEP
GSE44861,"""GSM1092960""",KEEP
GSE44861,"""GSM1092961""",KEEP
GSE44861,"""GSM1092962""",KEEP
GSE44861,"""GSM1092963""",KEEP
GSE44861,"""GSM1092964""",KEEP
GSE44861,"""GSM1092965""",KEEP
GSE44861,"""GSM1092966""",KEEP
GSE44861,"""GSM1092967""",KEEP
GSE44861,"""GSM1092968""",KEEP
GSE44861,"""GSM1092969""",KEEP
GSE44861,"""GSM1092970""",KEEP
GSE44861,"""GSM1092971""",KEEP
GSE44861,"""GSM1092972""",KEEP
GSE44861,"""GSM1092973""",KEEP
GSE44861,"""GSM1092974""",KEEP
GSE44861,"""GSM1092975""",KEEP
GSE44861,"""GSM1092976""",KEEP
GSE44861,"""GSM1092977""",KEEP
GSE44861,"""GSM1092978""",KEEP
GSE44861,"""GSM1092979""",KEEP
GSE44861,"""GSM1092980""",KEEP
GSE44861,"""GSM1092981""",KEEP
GSE44861,"""GSM1092982""",KEEP
GSE44861,"""GSM1092983""",KEEP
GSE44861,"""GSM1092984""",KEEP
GSE44861,"""GSM1092985""",KEEP
GSE44861,"""GSM1092986""",KEEP
GSE44861,"""GSM1092987""",KEEP
GSE44861,"""GSM1092988""",KEEP
GSE44861,"""GSM1092989""",KEEP
GSE44861,"""GSM1092990""",KEEP
GSE44861,"""GSM1092991""",KEEP
GSE44861,"""GSM1092992""",KEEP
GSE44861,"""GSM1092993""",KEEP
GSE44861,"""GSM1092994""",KEEP
GSE44861,"""GSM1092995""",KEEP
GSE44861,"""GSM1092996""",KEEP
GSE44861,"""GSM1092997""",KEEP
GSE44861,"""GSM1092998""",KEEP
GSE44861,"""GSM1092999""",KEEP
GSE44861,"""GSM1093000""",KEEP
GSE44861,"""GSM1093001""",KEEP
GSE44861,"""GSM1093002""",KEEP
GSE44861,"""GSM1093003""",KEEP
GSE44861,"""GSM1093004""",KEEP
GSE44861,"""GSM1093005""",KEEP
GSE44861,"""GSM1093006""",KEEP
GSE44861,"""GSM1093007""",KEEP
GSE44861,"""GSM1093008""",KEEP
GSE44861,"""GSM1093009""",KEEP
GSE44861,"""GSM1093010""",KEEP
GSE44861,"""GSM1093011""",KEEP
GSE44861,"""GSM1093012""",KEEP
GSE44861,"""GSM1093013""",KEEP
GSE44861,"""GSM1093014""",KEEP
GSE44861,"""GSM1093015""",KEEP
GSE44861,"""GSM1093016""",KEEP
GSE44861,"""GSM1093017""",KEEP
GSE44861,"""GSM1093018""",KEEP
GSE44861,"""GSM1093019""",KEEP
GSE47908,"""GSM1162227""",KEEP
GSE47908,"""GSM1162228""",KEEP
GSE47908,"""GSM1162229""",KEEP
GSE47908,"""GSM1162230""",KEEP
GSE47908,"""GSM1162231""",KEEP
GSE47908,"""GSM1162232""",KEEP
GSE47908,"""GSM1162233""",KEEP
GSE47908,"""GSM1162234""",KEEP
GSE47908,"""GSM1162235""",KEEP
GSE47908,"""GSM1162236""",KEEP
GSE47908,"""GSM1162237""",KEEP
GSE47908,"""GSM1162238""",KEEP
GSE47908,"""GSM1162239""",KEEP
GSE47908,"""GSM1162240""",KEEP
GSE47908,"""GSM1162241""",KEEP
GSE47908,"""GSM1162242""",KEEP
GSE47908,"""GSM1162243""",KEEP
GSE47908,"""GSM1162244""",KEEP
GSE47908,"""GSM1162245""",KEEP
GSE47908,"""GSM1162246""",KEEP
GSE47908,"""GSM1162247""",KEEP
GSE47908,"""GSM1162248""",KEEP
GSE47908,"""GSM1162249""",KEEP
GSE47908,"""GSM1162250""",KEEP
GSE47908,"""GSM1162251""",KEEP
GSE47908,"""GSM1162252""",KEEP
GSE47908,"""GSM1162253""",KEEP
GSE47908,"""GSM1162254""",KEEP
GSE47908,"""GSM1162255""",KEEP
GSE47908,"""GSM1162256""",KEEP
GSE47908,"""GSM1162257""",KEEP
GSE47908,"""GSM1162258""",KEEP
GSE47908,"""GSM1162259""",KEEP
GSE47908,"""GSM1162260""",KEEP
GSE47908,"""GSM1162261""",KEEP
GSE47908,"""GSM1162262""",KEEP
GSE47908,"""GSM1162263""",KEEP
GSE47908,"""GSM1162264""",KEEP
GSE47908,"""GSM1162265""",KEEP
GSE47908,"""GSM1162266""",KEEP
GSE47908,"""GSM1162267""",KEEP
GSE47908,"""GSM1162268""",KEEP
GSE47908,"""GSM1162269""",KEEP
GSE47908,"""GSM1162270""",KEEP
GSE47908,"""GSM1162271""",KEEP
GSE47908,"""GSM1162272""",KEEP
GSE47908,"""GSM1162273""",KEEP
GSE47908,"""GSM1162274""",KEEP
GSE47908,"""GSM1162275""",KEEP
GSE47908,"""GSM1162276""",KEEP
GSE47908,"""GSM1162277""",KEEP
GSE47908,"""GSM1162278""",KEEP
GSE47908,"""GSM1162279""",KEEP
GSE47908,"""GSM1162280""",KEEP
GSE47908,"""GSM1162281""",KEEP
GSE47908,"""GSM1162282""",KEEP
GSE47908,"""GSM1162283""",KEEP
GSE47908,"""GSM1162284""",KEEP
GSE47908,"""GSM1162285""",KEEP
GSE47908,"""GSM1162286""",KEEP
GSE48634,"""GSM1182596""",KEEP
GSE48634,"""GSM1182597""",KEEP
GSE48634,"""GSM1182598""",KEEP
GSE48634,"""GSM1182599""",KEEP
GSE48634,"""GSM1182600""",KEEP
GSE48634,"""GSM1182601""",KEEP
GSE48634,"""GSM1182602""",KEEP
GSE48634,"""GSM1182603""",KEEP
GSE48634,"""GSM1182604""",KEEP
GSE48634,"""GSM1182605""",KEEP
GSE48634,"""GSM1182606""",KEEP
GSE48634,"""GSM1182607""",KEEP
GSE48634,"""GSM1182608""",KEEP
GSE48634,"""GSM1182609""",KEEP
GSE48634,"""GSM1182610""",KEEP
GSE48634,"""GSM1182611""",KEEP
GSE48634,"""GSM1182612""",KEEP
GSE48634,"""GSM1182613""",KEEP
GSE48634,"""GSM1182614""",KEEP
GSE48634,"""GSM1182615""",KEEP
GSE48634,"""GSM1182616""",KEEP
GSE48634,"""GSM1182617""",KEEP
GSE48634,"""GSM1182618""",KEEP
GSE48634,"""GSM1182619""",KEEP
GSE48634,"""GSM1182620""",KEEP
GSE48634,"""GSM1182621""",KEEP
GSE48634,"""GSM1182622""",KEEP
GSE48634,"""GSM1182623""",KEEP
GSE48634,"""GSM1182624""",KEEP
GSE48634,"""GSM1182625""",KEEP
GSE48634,"""GSM1182626""",KEEP
GSE48634,"""GSM1182627""",KEEP
GSE48634,"""GSM1182628""",KEEP
GSE48634,"""GSM1182629""",KEEP
GSE48634,"""GSM1182630""",KEEP
GSE48634,"""GSM1182631""",KEEP
GSE48634,"""GSM1182632""",KEEP
GSE48634,"""GSM1182633""",KEEP
GSE48634,"""GSM1182634""",KEEP
GSE48634,"""GSM1182635""",KEEP
GSE48634,"""GSM1182636""",KEEP
GSE48634,"""GSM1182637""",KEEP
GSE48634,"""GSM1182638""",KEEP
GSE48634,"""GSM1182639""",KEEP
GSE48634,"""GSM1182640""",KEEP
GSE48634,"""GSM1182641""",KEEP
GSE48634,"""GSM1182642""",KEEP
GSE48634,"""GSM1182643""",KEEP
GSE48634,"""GSM1182644""",KEEP
GSE48634,"""GSM1182645""",KEEP
GSE48634,"""GSM1182646""",KEEP
GSE48634,"""GSM1182647""",KEEP
GSE48634,"""GSM1182648""",KEEP
GSE48634,"""GSM1182649""",KEEP
GSE48634,"""GSM1182650""",KEEP
GSE48634,"""GSM1182651""",KEEP
GSE48634,"""GSM1182652""",KEEP
GSE48634,"""GSM1182653""",KEEP
GSE48634,"""GSM1182654""",KEEP
GSE48634,"""GSM1182655""",KEEP
GSE48634,"""GSM1182656""",KEEP
GSE48634,"""GSM1182657""",KEEP
GSE48634,"""GSM1182658""",KEEP
GSE48634,"""GSM1182659""",KEEP
GSE48634,"""GSM1182660""",KEEP
GSE48634,"""GSM1182661""",KEEP
GSE48634,"""GSM1182662""",KEEP
GSE48634,"""GSM1182663""",KEEP
GSE48634,"""GSM1182664""",KEEP
GSE48634,"""GSM1182665""",KEEP
GSE48634,"""GSM1182666""",KEEP
GSE48634,"""GSM1182667""",KEEP
GSE48634,"""GSM1182668""",KEEP
GSE48634,"""GSM1182669""",KEEP
GSE48634,"""GSM1182670""",KEEP
GSE48634,"""GSM1182671""",KEEP
GSE48634,"""GSM1182672""",KEEP
GSE48634,"""GSM1182673""",KEEP
GSE48634,"""GSM1182674""",KEEP
GSE48634,"""GSM1182675""",KEEP
GSE48634,"""GSM1182676""",KEEP
GSE48634,"""GSM1182677""",KEEP
GSE48634,"""GSM1182678""",KEEP
GSE48634,"""GSM1182679""",KEEP
GSE48634,"""GSM1182680""",KEEP
GSE48634,"""GSM1182681""",KEEP
GSE48634,"""GSM1182682""",KEEP
GSE48634,"""GSM1182683""",KEEP
GSE48634,"""GSM1182684""",KEEP
GSE48634,"""GSM1182685""",KEEP
GSE48634,"""GSM1182686""",KEEP
GSE48634,"""GSM1182687""",KEEP
GSE48634,"""GSM1182688""",KEEP
GSE48634,"""GSM1182689""",KEEP
GSE48634,"""GSM1182690""",KEEP
GSE48634,"""GSM1182691""",KEEP
GSE48634,"""GSM1182692""",KEEP
GSE48634,"""GSM1182693""",KEEP
GSE48634,"""GSM1182694""",KEEP
GSE48634,"""GSM1182695""",KEEP
GSE48634,"""GSM1182696""",KEEP
GSE48634,"""GSM1182697""",KEEP
GSE48634,"""GSM1182698""",KEEP
GSE48634,"""GSM1182699""",KEEP
GSE48634,"""GSM1182700""",KEEP
GSE48634,"""GSM1182701""",KEEP
GSE48634,"""GSM1182702""",KEEP
GSE48634,"""GSM1182703""",KEEP
GSE48634,"""GSM1182704""",KEEP
GSE48634,"""GSM1182705""",KEEP
GSE48634,"""GSM1182706""",KEEP
GSE48634,"""GSM1182707""",KEEP
GSE48634,"""GSM1182708""",KEEP
GSE48634,"""GSM1182709""",KEEP
GSE48634,"""GSM1182710""",KEEP
GSE48634,"""GSM1182711""",KEEP
GSE48634,"""GSM1182712""",KEEP
GSE48634,"""GSM1182713""",KEEP
GSE48634,"""GSM1182714""",KEEP
GSE48634,"""GSM1182715""",KEEP
GSE48634,"""GSM1182716""",KEEP
GSE48634,"""GSM1182717""",KEEP
GSE48634,"""GSM1182718""",KEEP
GSE48634,"""GSM1182719""",KEEP
GSE48634,"""GSM1182720""",KEEP
GSE48634,"""GSM1182721""",KEEP
GSE48634,"""GSM1182722""",KEEP
GSE48634,"""GSM1182723""",KEEP
GSE48634,"""GSM1182724""",KEEP
GSE48634,"""GSM1182725""",KEEP
GSE48634,"""GSM1182726""",KEEP
GSE48634,"""GSM1182727""",KEEP
GSE48634,"""GSM1182728""",KEEP
GSE48634,"""GSM1182729""",KEEP
GSE48634,"""GSM1182730""",KEEP
GSE48634,"""GSM1182731""",KEEP
GSE48634,"""GSM1182732""",KEEP
GSE48634,"""GSM1182733""",KEEP
GSE48634,"""GSM1182734""",KEEP
GSE48634,"""GSM1182735""",KEEP
GSE48634,"""GSM1182736""",KEEP
GSE48634,"""GSM1182737""",KEEP
GSE48634,"""GSM1182738""",KEEP
GSE48634,"""GSM1182739""",KEEP
GSE48634,"""GSM1182740""",KEEP
GSE48634,"""GSM1182741""",KEEP
GSE48634,"""GSM1182742""",KEEP
GSE48634,"""GSM1182743""",KEEP
GSE48634,"""GSM1182744""",KEEP
GSE48634,"""GSM1182745""",KEEP
GSE48634,"""GSM1182746""",KEEP
GSE48634,"""GSM1182747""",KEEP
GSE48634,"""GSM1182748""",KEEP
GSE48634,"""GSM1182749""",KEEP
GSE48634,"""GSM1182750""",KEEP
GSE48634,"""GSM1182751""",KEEP
GSE48634,"""GSM1182752""",KEEP
GSE48634,"""GSM1182753""",KEEP
GSE48634,"""GSM1182754""",KEEP
GSE48634,"""GSM1182755""",KEEP
GSE48634,"""GSM1182756""",KEEP
GSE48634,"""GSM1182757""",KEEP
GSE48634,"""GSM1182758""",KEEP
GSE48634,"""GSM1182759""",KEEP
GSE48634,"""GSM1182760""",KEEP
GSE48634,"""GSM1182761""",KEEP
GSE48634,"""GSM1182762""",KEEP
GSE48634,"""GSM1182763""",KEEP
GSE48634,"""GSM1182764""",KEEP
GSE48634,"""GSM1182765""",KEEP
GSE48634,"""GSM1182766""",KEEP
GSE50114,"""GSM1214306""",KEEP
GSE50114,"""GSM1214307""",KEEP
GSE50114,"""GSM1214308""",KEEP
GSE50114,"""GSM1214309""",KEEP
GSE50114,"""GSM1214310""",KEEP
GSE50114,"""GSM1214311""",KEEP
GSE50114,"""GSM1214312""",KEEP
GSE50114,"""GSM1214313""",KEEP
GSE50114,"""GSM1214314""",KEEP
GSE50114,"""GSM1214315""",KEEP
GSE50114,"""GSM1214316""",KEEP
GSE50114,"""GSM1214317""",KEEP
GSE50114,"""GSM1214318""",KEEP
GSE50114,"""GSM1214319""",KEEP
GSE50114,"""GSM1214320""",KEEP
GSE50114,"""GSM1214321""",KEEP
GSE50114,"""GSM1214322""",KEEP
GSE50114,"""GSM1214323""",KEEP
GSE50114,"""GSM1214324""",KEEP
GSE50114,"""GSM1214325""",KEEP
GSE50114,"""GSM1214326""",KEEP
GSE50114,"""GSM1214327""",KEEP
GSE50114,"""GSM1214328""",KEEP
GSE50114,"""GSM1214329""",KEEP
GSE50114,"""GSM1214330""",KEEP
GSE50114,"""GSM1214331""",KEEP
GSE50114,"""GSM1214332""",KEEP
GSE50114,"""GSM1214333""",KEEP
GSE50114,"""GSM1214334""",KEEP
GSE50114,"""GSM1214335""",KEEP
GSE50114,"""GSM1214336""",KEEP
GSE50114,"""GSM1214337""",KEEP
GSE50114,"""GSM1214338""",KEEP
GSE50114,"""GSM1214339""",KEEP
GSE50114,"""GSM1214340""",KEEP
GSE50114,"""GSM1214341""",KEEP
GSE50114,"""GSM1214342""",KEEP
GSE50114,"""GSM1214343""",KEEP
GSE50114,"""GSM1214344""",KEEP
GSE50114,"""GSM1214345""",KEEP
GSE50114,"""GSM1214346""",KEEP
GSE50114,"""GSM1214347""",KEEP
GSE50114,"""GSM1214348""",KEEP
GSE50114,"""GSM1214349""",KEEP
GSE50114,"""GSM1214350""",KEEP
GSE50114,"""GSM1214351""",KEEP
GSE50115,"""GSM1214352""",KEEP
GSE50115,"""GSM1214353""",KEEP
GSE50115,"""GSM1214354""",KEEP
GSE50115,"""GSM1214355""",KEEP
GSE50115,"""GSM1214356""",KEEP
GSE50115,"""GSM1214357""",KEEP
GSE50115,"""GSM1214358""",KEEP
GSE50115,"""GSM1214359""",KEEP
GSE50115,"""GSM1214360""",KEEP
GSE50115,"""GSM1214361""",KEEP
GSE50115,"""GSM1214362""",KEEP
GSE50115,"""GSM1214363""",KEEP
GSE50115,"""GSM1214364""",KEEP
GSE50115,"""GSM1214365""",KEEP
GSE50115,"""GSM1214366""",KEEP
GSE50115,"""GSM1214367""",KEEP
GSE50115,"""GSM1214368""",KEEP
GSE50115,"""GSM1214369""",KEEP
GSE50115,"""GSM1214370""",KEEP
GSE50115,"""GSM1214371""",KEEP
GSE50115,"""GSM1214372""",KEEP
GSE50115,"""GSM1214373""",KEEP
GSE50115,"""GSM1214374""",KEEP
GSE50115,"""GSM1214375""",KEEP
GSE50115,"""GSM1214376""",KEEP
GSE50115,"""GSM1214377""",KEEP
GSE50115,"""GSM1214378""",KEEP
GSE50115,"""GSM1214379""",KEEP
GSE50115,"""GSM1214380""",KEEP
GSE50115,"""GSM1214381""",KEEP
GSE50115,"""GSM1214382""",KEEP
GSE50115,"""GSM1214383""",KEEP
GSE50115,"""GSM1214384""",KEEP
GSE50115,"""GSM1214385""",KEEP
GSE50115,"""GSM1214386""",KEEP
GSE50115,"""GSM1214387""",KEEP
GSE50115,"""GSM1214388""",KEEP
GSE50115,"""GSM1214389""",KEEP
GSE50115,"""GSM1214390""",KEEP
GSE50115,"""GSM1214391""",KEEP
GSE50115,"""GSM1214392""",KEEP
GSE50115,"""GSM1214393""",KEEP
GSE50115,"""GSM1214394""",KEEP
GSE50115,"""GSM1214395""",KEEP
GSE50115,"""GSM1214396""",KEEP
GSE50115,"""GSM1214397""",KEEP
GSE50760,"""GSM1228184""",KEEP
GSE50760,"""GSM1228185""",KEEP
GSE50760,"""GSM1228186""",KEEP
GSE50760,"""GSM1228187""",KEEP
GSE50760,"""GSM1228188""",KEEP
GSE50760,"""GSM1228189""",KEEP
GSE50760,"""GSM1228190""",KEEP
GSE50760,"""GSM1228191""",KEEP
GSE50760,"""GSM1228192""",KEEP
GSE50760,"""GSM1228193""",KEEP
GSE50760,"""GSM1228194""",KEEP
GSE50760,"""GSM1228195""",KEEP
GSE50760,"""GSM1228196""",KEEP
GSE50760,"""GSM1228197""",KEEP
GSE50760,"""GSM1228198""",KEEP
GSE50760,"""GSM1228199""",KEEP
GSE50760,"""GSM1228200""",KEEP
GSE50760,"""GSM1228201""",KEEP
GSE50760,"""GSM1228202""",KEEP
GSE50760,"""GSM1228203""",KEEP
GSE50760,"""GSM1228204""",KEEP
GSE50760,"""GSM1228205""",KEEP
GSE50760,"""GSM1228206""",KEEP
GSE50760,"""GSM1228207""",KEEP
GSE50760,"""GSM1228208""",KEEP
GSE50760,"""GSM1228209""",KEEP
GSE50760,"""GSM1228210""",KEEP
GSE50760,"""GSM1228211""",KEEP
GSE50760,"""GSM1228212""",KEEP
GSE50760,"""GSM1228213""",KEEP
GSE50760,"""GSM1228214""",KEEP
GSE50760,"""GSM1228215""",KEEP
GSE50760,"""GSM1228216""",KEEP
GSE50760,"""GSM1228217""",KEEP
GSE50760,"""GSM1228218""",KEEP
GSE50760,"""GSM1228219""",KEEP
GSE50760,"""GSM1228220""",KEEP
GSE50760,"""GSM1228221""",KEEP
GSE50760,"""GSM1228222""",KEEP
GSE50760,"""GSM1228223""",KEEP
GSE50760,"""GSM1228224""",KEEP
GSE50760,"""GSM1228225""",KEEP
GSE50760,"""GSM1228226""",KEEP
GSE50760,"""GSM1228227""",KEEP
GSE50760,"""GSM1228228""",KEEP
GSE50760,"""GSM1228229""",KEEP
GSE50760,"""GSM1228230""",KEEP
GSE50760,"""GSM1228231""",KEEP
GSE50760,"""GSM1228232""",KEEP
GSE50760,"""GSM1228233""",KEEP
GSE50760,"""GSM1228234""",KEEP
GSE50760,"""GSM1228235""",KEEP
GSE50760,"""GSM1228236""",KEEP
GSE50760,"""GSM1228237""",KEEP
GSE83889,"""GSM2220792""",KEEP
GSE83889,"""GSM2220793""",KEEP
GSE83889,"""GSM2220794""",KEEP
GSE83889,"""GSM2220795""",KEEP
GSE83889,"""GSM2220796""",KEEP
GSE83889,"""GSM2220797""",KEEP
GSE83889,"""GSM2220798""",KEEP
GSE83889,"""GSM2220799""",KEEP
GSE83889,"""GSM2220800""",KEEP
GSE83889,"""GSM2220801""",KEEP
GSE83889,"""GSM2220802""",KEEP
GSE83889,"""GSM2220803""",KEEP
GSE83889,"""GSM2220804""",KEEP
GSE83889,"""GSM2220805""",KEEP
GSE83889,"""GSM2220806""",KEEP
GSE83889,"""GSM2220807""",KEEP
GSE83889,"""GSM2220808""",KEEP
GSE83889,"""GSM2220809""",KEEP
GSE83889,"""GSM2220810""",KEEP
GSE83889,"""GSM2220811""",KEEP
GSE83889,"""GSM2220812""",KEEP
GSE83889,"""GSM2220813""",KEEP
GSE83889,"""GSM2220814""",KEEP
GSE83889,"""GSM2220815""",KEEP
GSE83889,"""GSM2220816""",KEEP
GSE83889,"""GSM2220817""",KEEP
GSE83889,"""GSM2220818""",KEEP
GSE83889,"""GSM2220819""",KEEP
GSE83889,"""GSM2220820""",KEEP
GSE83889,"""GSM2220821""",KEEP
GSE83889,"""GSM2220822""",KEEP
GSE83889,"""GSM2220823""",KEEP
GSE83889,"""GSM2220824""",KEEP
GSE83889,"""GSM2220825""",KEEP
GSE83889,"""GSM2220826""",KEEP
GSE83889,"""GSM2220827""",KEEP
GSE83889,"""GSM2220828""",KEEP
GSE83889,"""GSM2220829""",KEEP
GSE83889,"""GSM2220830""",KEEP
GSE83889,"""GSM2220831""",KEEP
GSE83889,"""GSM2220832""",KEEP
GSE83889,"""GSM2220833""",KEEP
GSE83889,"""GSM2220834""",KEEP
GSE83889,"""GSM2220835""",KEEP
GSE83889,"""GSM2220836""",KEEP
GSE83889,"""GSM2220837""",KEEP
GSE83889,"""GSM2220838""",KEEP
GSE83889,"""GSM2220839""",KEEP
GSE83889,"""GSM2220840""",KEEP
GSE83889,"""GSM2220841""",KEEP
GSE83889,"""GSM2220842""",KEEP
GSE83889,"""GSM2220843""",KEEP
GSE83889,"""GSM2220844""",KEEP
GSE83889,"""GSM2220845""",KEEP
GSE83889,"""GSM2220846""",KEEP
GSE83889,"""GSM2220847""",KEEP
GSE83889,"""GSM2220848""",KEEP
GSE83889,"""GSM2220849""",KEEP
GSE83889,"""GSM2220850""",KEEP
GSE83889,"""GSM2220851""",KEEP
GSE83889,"""GSM2220852""",KEEP
GSE83889,"""GSM2220853""",KEEP
GSE83889,"""GSM2220854""",KEEP
GSE83889,"""GSM2220855""",KEEP
GSE83889,"""GSM2220856""",KEEP
GSE83889,"""GSM2220857""",KEEP
GSE83889,"""GSM2220858""",KEEP
GSE83889,"""GSM2220859""",KEEP
GSE83889,"""GSM2220860""",KEEP
GSE83889,"""GSM2220861""",KEEP
GSE83889,"""GSM2220862""",KEEP
GSE83889,"""GSM2220863""",KEEP
GSE83889,"""GSM2220864""",KEEP
GSE83889,"""GSM2220865""",KEEP
GSE83889,"""GSM2220866""",KEEP
GSE83889,"""GSM2220867""",KEEP
GSE83889,"""GSM2220868""",KEEP
GSE83889,"""GSM2220869""",KEEP
GSE83889,"""GSM2220870""",KEEP
GSE83889,"""GSM2220871""",KEEP
GSE83889,"""GSM2220872""",KEEP
GSE83889,"""GSM2220873""",KEEP
GSE83889,"""GSM2220874""",KEEP
GSE83889,"""GSM2220875""",KEEP
GSE83889,"""GSM2220876""",KEEP
GSE83889,"""GSM2220877""",KEEP
GSE83889,"""GSM2220878""",KEEP
GSE83889,"""GSM2220879""",KEEP
GSE83889,"""GSM2220880""",KEEP
GSE83889,"""GSM2220881""",KEEP
GSE83889,"""GSM2220882""",KEEP
GSE83889,"""GSM2220883""",KEEP
GSE83889,"""GSM2220884""",KEEP
GSE83889,"""GSM2220885""",KEEP
GSE83889,"""GSM2220886""",KEEP
GSE83889,"""GSM2220887""",KEEP
GSE83889,"""GSM2220888""",KEEP
GSE83889,"""GSM2220889""",KEEP
GSE83889,"""GSM2220890""",KEEP
GSE83889,"""GSM2220891""",KEEP
GSE83889,"""GSM2220892""",KEEP
GSE83889,"""GSM2220893""",KEEP
GSE83889,"""GSM2220894""",KEEP
GSE83889,"""GSM2220895""",KEEP
GSE83889,"""GSM2220896""",KEEP
GSE83889,"""GSM2220897""",KEEP
GSE83889,"""GSM2220898""",KEEP
GSE83889,"""GSM2220899""",KEEP
GSE83889,"""GSM2220900""",KEEP
GSE83889,"""GSM2220901""",KEEP
GSE83889,"""GSM2220902""",KEEP
GSE83889,"""GSM2220903""",KEEP
GSE83889,"""GSM2220904""",KEEP
GSE83889,"""GSM2220905""",KEEP
GSE83889,"""GSM2220906""",KEEP
GSE83889,"""GSM2220907""",KEEP
GSE83889,"""GSM2220908""",KEEP
GSE83889,"""GSM2220909""",KEEP
GSE83889,"""GSM2220910""",KEEP
GSE83889,"""GSM2220911""",KEEP
GSE83889,"""GSM2220912""",KEEP
GSE83889,"""GSM2220913""",KEEP
GSE83889,"""GSM2220914""",KEEP
GSE83889,"""GSM2220915""",KEEP
GSE83889,"""GSM2220916""",KEEP
GSE83889,"""GSM2220917""",KEEP
GSE83889,"""GSM2220918""",KEEP
GSE83889,"""GSM2220919""",KEEP
GSE83889,"""GSM2220920""",KEEP
GSE83889,"""GSM2220921""",KEEP
GSE83889,"""GSM2220922""",KEEP
GSE83889,"""GSM2220923""",KEEP
GSE83889,"""GSM2220924""",KEEP
GSE83889,"""GSM2220925""",KEEP
GSE83889,"""GSM2220926""",KEEP
GSE83889,"""GSM2220927""",KEEP
GSE8671,"""GSM215051""",KEEP
GSE8671,"""GSM215052""",KEEP
GSE8671,"""GSM215053""",KEEP
GSE8671,"""GSM215054""",KEEP
GSE8671,"""GSM215055""",KEEP
GSE8671,"""GSM215056""",KEEP
GSE8671,"""GSM215057""",KEEP
GSE8671,"""GSM215058""",KEEP
GSE8671,"""GSM215059""",KEEP
GSE8671,"""GSM215060""",KEEP
GSE8671,"""GSM215061""",KEEP
GSE8671,"""GSM215062""",KEEP
GSE8671,"""GSM215063""",KEEP
GSE8671,"""GSM215064""",KEEP
GSE8671,"""GSM215065""",KEEP
GSE8671,"""GSM215066""",KEEP
GSE8671,"""GSM215067""",KEEP
GSE8671,"""GSM215068""",KEEP
GSE8671,"""GSM215069""",KEEP
GSE8671,"""GSM215070""",KEEP
GSE8671,"""GSM215071""",KEEP
GSE8671,"""GSM215072""",KEEP
GSE8671,"""GSM215073""",KEEP
GSE8671,"""GSM215074""",KEEP
GSE8671,"""GSM215075""",KEEP
GSE8671,"""GSM215076""",KEEP
GSE8671,"""GSM215077""",KEEP
GSE8671,"""GSM215078""",KEEP
GSE8671,"""GSM215079""",KEEP
GSE8671,"""GSM215080""",KEEP
GSE8671,"""GSM215081""",KEEP
GSE8671,"""GSM215082""",KEEP
GSE8671,"""GSM215083""",KEEP
GSE8671,"""GSM215084""",KEEP
GSE8671,"""GSM215085""",KEEP
GSE8671,"""GSM215086""",KEEP
GSE8671,"""GSM215087""",KEEP
GSE8671,"""GSM215088""",KEEP
GSE8671,"""GSM215089""",KEEP
GSE8671,"""GSM215090""",KEEP
GSE8671,"""GSM215091""",KEEP
GSE8671,"""GSM215092""",KEEP
GSE8671,"""GSM215093""",KEEP
GSE8671,"""GSM215094""",KEEP
GSE8671,"""GSM215095""",KEEP
GSE8671,"""GSM215096""",KEEP
GSE8671,"""GSM215097""",KEEP
GSE8671,"""GSM215098""",KEEP
GSE8671,"""GSM215099""",KEEP
GSE8671,"""GSM215100""",KEEP
GSE8671,"""GSM215101""",KEEP
GSE8671,"""GSM215102""",KEEP
GSE8671,"""GSM215103""",KEEP
GSE8671,"""GSM215104""",KEEP
GSE8671,"""GSM215105""",KEEP
GSE8671,"""GSM215106""",KEEP
GSE8671,"""GSM215107""",KEEP
GSE8671,"""GSM215108""",KEEP
GSE8671,"""GSM215109""",KEEP
GSE8671,"""GSM215110""",KEEP
GSE8671,"""GSM215111""",KEEP
GSE8671,"""GSM215112""",KEEP
GSE8671,"""GSM215113""",KEEP
GSE8671,"""GSM215114""",KEEP
GSE87211,"""GSM2325238""",KEEP
GSE87211,"""GSM2325239""",KEEP
GSE87211,"""GSM2325240""",KEEP
GSE87211,"""GSM2325241""",KEEP
GSE87211,"""GSM2325242""",KEEP
GSE87211,"""GSM2325243""",KEEP
GSE87211,"""GSM2325244""",KEEP
GSE87211,"""GSM2325245""",KEEP
GSE87211,"""GSM2325246""",KEEP
GSE87211,"""GSM2325247""",KEEP
GSE87211,"""GSM2325248""",KEEP
GSE87211,"""GSM2325249""",KEEP
GSE87211,"""GSM2325250""",KEEP
GSE87211,"""GSM2325251""",KEEP
GSE87211,"""GSM2325252""",KEEP
GSE87211,"""GSM2325253""",KEEP
GSE87211,"""GSM2325254""",KEEP
GSE87211,"""GSM2325255""",KEEP
GSE87211,"""GSM2325256""",KEEP
GSE87211,"""GSM2325257""",KEEP
GSE87211,"""GSM2325258""",KEEP
GSE87211,"""GSM2325259""",KEEP
GSE87211,"""GSM2325260""",KEEP
GSE87211,"""GSM2325261""",KEEP
GSE87211,"""GSM2325262""",KEEP
GSE87211,"""GSM2325263""",KEEP
GSE87211,"""GSM2325264""",KEEP
GSE87211,"""GSM2325265""",KEEP
GSE87211,"""GSM2325266""",KEEP
GSE87211,"""GSM2325267""",KEEP
GSE87211,"""GSM2325268""",KEEP
GSE87211,"""GSM2325269""",KEEP
GSE87211,"""GSM2325270""",KEEP
GSE87211,"""GSM2325271""",KEEP
GSE87211,"""GSM2325272""",KEEP
GSE87211,"""GSM2325273""",KEEP
GSE87211,"""GSM2325274""",KEEP
GSE87211,"""GSM2325275""",KEEP
GSE87211,"""GSM2325276""",KEEP
GSE87211,"""GSM2325277""",KEEP
GSE87211,"""GSM2325278""",KEEP
GSE87211,"""GSM2325279""",KEEP
GSE87211,"""GSM2325280""",KEEP
GSE87211,"""GSM2325281""",KEEP
GSE87211,"""GSM2325282""",KEEP
GSE87211,"""GSM2325283""",KEEP
GSE87211,"""GSM2325284""",KEEP
GSE87211,"""GSM2325285""",KEEP
GSE87211,"""GSM2325286""",KEEP
GSE87211,"""GSM2325287""",KEEP
GSE87211,"""GSM2325288""",KEEP
GSE87211,"""GSM2325289""",KEEP
GSE87211,"""GSM2325290""",KEEP
GSE87211,"""GSM2325291""",KEEP
GSE87211,"""GSM2325292""",KEEP
GSE87211,"""GSM2325293""",KEEP
GSE87211,"""GSM2325294""",KEEP
GSE87211,"""GSM2325295""",KEEP
GSE87211,"""GSM2325296""",KEEP
GSE87211,"""GSM2325297""",KEEP
GSE87211,"""GSM2325298""",KEEP
GSE87211,"""GSM2325299""",KEEP
GSE87211,"""GSM2325300""",KEEP
GSE87211,"""GSM2325301""",KEEP
GSE87211,"""GSM2325302""",KEEP
GSE87211,"""GSM2325303""",KEEP
GSE87211,"""GSM2325304""",KEEP
GSE87211,"""GSM2325305""",KEEP
GSE87211,"""GSM2325306""",KEEP
GSE87211,"""GSM2325307""",KEEP
GSE87211,"""GSM2325308""",KEEP
GSE87211,"""GSM2325309""",KEEP
GSE87211,"""GSM2325310""",KEEP
GSE87211,"""GSM2325311""",KEEP
GSE87211,"""GSM2325312""",KEEP
GSE87211,"""GSM2325313""",KEEP
GSE87211,"""GSM2325314""",KEEP
GSE87211,"""GSM2325315""",KEEP
GSE87211,"""GSM2325316""",KEEP
GSE87211,"""GSM2325317""",KEEP
GSE87211,"""GSM2325318""",KEEP
GSE87211,"""GSM2325319""",KEEP
GSE87211,"""GSM2325320""",KEEP
GSE87211,"""GSM2325321""",KEEP
GSE87211,"""GSM2325322""",KEEP
GSE87211,"""GSM2325323""",KEEP
GSE87211,"""GSM2325324""",KEEP
GSE87211,"""GSM2325325""",KEEP
GSE87211,"""GSM2325326""",KEEP
GSE87211,"""GSM2325327""",KEEP
GSE87211,"""GSM2325328""",KEEP
GSE87211,"""GSM2325329""",KEEP
GSE87211,"""GSM2325330""",KEEP
GSE87211,"""GSM2325331""",KEEP
GSE87211,"""GSM2325332""",KEEP
GSE87211,"""GSM2325333""",KEEP
GSE87211,"""GSM2325334""",KEEP
GSE87211,"""GSM2325335""",KEEP
GSE87211,"""GSM2325336""",KEEP
GSE87211,"""GSM2325337""",KEEP
GSE87211,"""GSM2325338""",KEEP
GSE87211,"""GSM2325339""",KEEP
GSE87211,"""GSM2325340""",KEEP
GSE87211,"""GSM2325341""",KEEP
GSE87211,"""GSM2325342""",KEEP
GSE87211,"""GSM2325343""",KEEP
GSE87211,"""GSM2325344""",KEEP
GSE87211,"""GSM2325345""",KEEP
GSE87211,"""GSM2325346""",KEEP
GSE87211,"""GSM2325347""",KEEP
GSE87211,"""GSM2325348""",KEEP
GSE87211,"""GSM2325349""",KEEP
GSE87211,"""GSM2325350""",KEEP
GSE87211,"""GSM2325351""",KEEP
GSE87211,"""GSM2325352""",KEEP
GSE87211,"""GSM2325353""",KEEP
GSE87211,"""GSM2325354""",KEEP
GSE87211,"""GSM2325355""",KEEP
GSE87211,"""GSM2325356""",KEEP
GSE87211,"""GSM2325357""",KEEP
GSE87211,"""GSM2325358""",KEEP
GSE87211,"""GSM2325359""",KEEP
GSE87211,"""GSM2325360""",KEEP
GSE87211,"""GSM2325361""",KEEP
GSE87211,"""GSM2325362""",KEEP
GSE87211,"""GSM2325363""",KEEP
GSE87211,"""GSM2325364""",KEEP
GSE87211,"""GSM2325365""",KEEP
GSE87211,"""GSM2325366""",KEEP
GSE87211,"""GSM2325367""",KEEP
GSE87211,"""GSM2325368""",KEEP
GSE87211,"""GSM2325369""",KEEP
GSE87211,"""GSM2325370""",KEEP
GSE87211,"""GSM2325371""",KEEP
GSE87211,"""GSM2325372""",KEEP
GSE87211,"""GSM2325373""",KEEP
GSE87211,"""GSM2325374""",KEEP
GSE87211,"""GSM2325375""",KEEP
GSE87211,"""GSM2325376""",KEEP
GSE87211,"""GSM2325377""",KEEP
GSE87211,"""GSM2325378""",KEEP
GSE87211,"""GSM2325379""",KEEP
GSE87211,"""GSM2325380""",KEEP
GSE87211,"""GSM2325381""",KEEP
GSE87211,"""GSM2325382""",KEEP
GSE87211,"""GSM2325383""",KEEP
GSE87211,"""GSM2325384""",KEEP
GSE87211,"""GSM2325385""",KEEP
GSE87211,"""GSM2325386""",KEEP
GSE87211,"""GSM2325387""",KEEP
GSE87211,"""GSM2325388""",KEEP
GSE87211,"""GSM2325389""",KEEP
GSE87211,"""GSM2325390""",KEEP
GSE87211,"""GSM2325391""",KEEP
GSE87211,"""GSM2325392""",KEEP
GSE87211,"""GSM2325393""",KEEP
GSE87211,"""GSM2325394""",KEEP
GSE87211,"""GSM2325395""",KEEP
GSE87211,"""GSM2325396""",KEEP
GSE87211,"""GSM2325397""",KEEP
GSE87211,"""GSM2325398""",KEEP
GSE87211,"""GSM2325399""",KEEP
GSE87211,"""GSM2325400""",KEEP
GSE87211,"""GSM2325401""",KEEP
GSE87211,"""GSM2325402""",KEEP
GSE87211,"""GSM2325403""",KEEP
GSE87211,"""GSM2325404""",KEEP
GSE87211,"""GSM2325405""",KEEP
GSE87211,"""GSM2325406""",KEEP
GSE87211,"""GSM2325407""",KEEP
GSE87211,"""GSM2325408""",KEEP
GSE87211,"""GSM2325409""",KEEP
GSE87211,"""GSM2325410""",KEEP
GSE87211,"""GSM2325411""",KEEP
GSE87211,"""GSM2325412""",KEEP
GSE87211,"""GSM2325413""",KEEP
GSE87211,"""GSM2325414""",KEEP
GSE87211,"""GSM2325415""",KEEP
GSE87211,"""GSM2325416""",KEEP
GSE87211,"""GSM2325417""",KEEP
GSE87211,"""GSM2325418""",KEEP
GSE87211,"""GSM2325419""",KEEP
GSE87211,"""GSM2325420""",KEEP
GSE87211,"""GSM2325421""",KEEP
GSE87211,"""GSM2325422""",KEEP
GSE87211,"""GSM2325423""",KEEP
GSE87211,"""GSM2325424""",KEEP
GSE87211,"""GSM2325425""",KEEP
GSE87211,"""GSM2325426""",KEEP
GSE87211,"""GSM2325427""",KEEP
GSE87211,"""GSM2325428""",KEEP
GSE87211,"""GSM2325429""",KEEP
GSE87211,"""GSM2325430""",KEEP
GSE87211,"""GSM2325431""",KEEP
GSE87211,"""GSM2325432""",KEEP
GSE87211,"""GSM2325433""",KEEP
GSE87211,"""GSM2325434""",KEEP
GSE87211,"""GSM2325435""",KEEP
GSE87211,"""GSM2325436""",KEEP
GSE87211,"""GSM2325437""",KEEP
GSE87211,"""GSM2325438""",KEEP
GSE87211,"""GSM2325439""",KEEP
GSE87211,"""GSM2325440""",KEEP
GSE87211,"""GSM2325441""",KEEP
GSE87211,"""GSM2325442""",KEEP
GSE87211,"""GSM2325443""",KEEP
GSE87211,"""GSM2325444""",KEEP
GSE87211,"""GSM2325445""",KEEP
GSE87211,"""GSM2325446""",KEEP
GSE87211,"""GSM2325447""",KEEP
GSE87211,"""GSM2325448""",KEEP
GSE87211,"""GSM2325449""",KEEP
GSE87211,"""GSM2325450""",KEEP
GSE87211,"""GSM2325451""",KEEP
GSE87211,"""GSM2325452""",KEEP
GSE87211,"""GSM2325453""",KEEP
GSE87211,"""GSM2325454""",KEEP
GSE87211,"""GSM2325455""",KEEP
GSE87211,"""GSM2325456""",KEEP
GSE87211,"""GSM2325457""",KEEP
GSE87211,"""GSM2325458""",KEEP
GSE87211,"""GSM2325459""",KEEP
GSE87211,"""GSM2325460""",KEEP
GSE87211,"""GSM2325461""",KEEP
GSE87211,"""GSM2325462""",KEEP
GSE87211,"""GSM2325463""",KEEP
GSE87211,"""GSM2325464""",KEEP
GSE87211,"""GSM2325465""",KEEP
GSE87211,"""GSM2325466""",KEEP
GSE87211,"""GSM2325467""",KEEP
GSE87211,"""GSM2325468""",KEEP
GSE87211,"""GSM2325469""",KEEP
GSE87211,"""GSM2325470""",KEEP
GSE87211,"""GSM2325471""",KEEP
GSE87211,"""GSM2325472""",KEEP
GSE87211,"""GSM2325473""",KEEP
GSE87211,"""GSM2325474""",KEEP
GSE87211,"""GSM2325475""",KEEP
GSE87211,"""GSM2325476""",KEEP
GSE87211,"""GSM2325477""",KEEP
GSE87211,"""GSM2325478""",KEEP
GSE87211,"""GSM2325479""",KEEP
GSE87211,"""GSM2325480""",KEEP
GSE87211,"""GSM2325481""",KEEP
GSE87211,"""GSM2325482""",KEEP
GSE87211,"""GSM2325483""",KEEP
GSE87211,"""GSM2325484""",KEEP
GSE87211,"""GSM2325485""",KEEP
GSE87211,"""GSM2325486""",KEEP
GSE87211,"""GSM2325487""",KEEP
GSE87211,"""GSM2325488""",KEEP
GSE87211,"""GSM2325489""",KEEP
GSE87211,"""GSM2325490""",KEEP
GSE87211,"""GSM2325491""",KEEP
GSE87211,"""GSM2325492""",KEEP
GSE87211,"""GSM2325493""",KEEP
GSE87211,"""GSM2325494""",KEEP
GSE87211,"""GSM2325495""",KEEP
GSE87211,"""GSM2325496""",KEEP
GSE87211,"""GSM2325497""",KEEP
GSE87211,"""GSM2325498""",KEEP
GSE87211,"""GSM2325499""",KEEP
GSE87211,"""GSM2325500""",KEEP
GSE87211,"""GSM2325501""",KEEP
GSE87211,"""GSM2325502""",KEEP
GSE87211,"""GSM2325503""",KEEP
GSE87211,"""GSM2325504""",KEEP
GSE87211,"""GSM2325505""",KEEP
GSE87211,"""GSM2325506""",KEEP
GSE87211,"""GSM2325507""",KEEP
GSE87211,"""GSM2325508""",KEEP
GSE87211,"""GSM2325509""",KEEP
GSE87211,"""GSM2325510""",KEEP
GSE87211,"""GSM2325511""",KEEP
GSE87211,"""GSM2325512""",KEEP
GSE87211,"""GSM2325513""",KEEP
GSE87211,"""GSM2325514""",KEEP
GSE87211,"""GSM2325515""",KEEP
GSE87211,"""GSM2325516""",KEEP
GSE87211,"""GSM2325517""",KEEP
GSE87211,"""GSM2325518""",KEEP
GSE87211,"""GSM2325519""",KEEP
GSE87211,"""GSM2325520""",KEEP
GSE87211,"""GSM2325521""",KEEP
GSE87211,"""GSM2325522""",KEEP
GSE87211,"""GSM2325523""",KEEP
GSE87211,"""GSM2325524""",KEEP
GSE87211,"""GSM2325525""",KEEP
GSE87211,"""GSM2325526""",KEEP
GSE87211,"""GSM2325527""",KEEP
GSE87211,"""GSM2325528""",KEEP
GSE87211,"""GSM2325529""",KEEP
GSE87211,"""GSM2325530""",KEEP
GSE87211,"""GSM2325531""",KEEP
GSE87211,"""GSM2325532""",KEEP
GSE87211,"""GSM2325533""",KEEP
GSE87211,"""GSM2325534""",KEEP
GSE87211,"""GSM2325535""",KEEP
GSE87211,"""GSM2325536""",KEEP
GSE87211,"""GSM2325537""",KEEP
GSE87211,"""GSM2325538""",KEEP
GSE87211,"""GSM2325539""",KEEP
GSE87211,"""GSM2325540""",KEEP
GSE87211,"""GSM2325541""",KEEP
GSE87211,"""GSM2325542""",KEEP
GSE87211,"""GSM2325543""",KEEP
GSE87211,"""GSM2325544""",KEEP
GSE87211,"""GSM2325545""",KEEP
GSE87211,"""GSM2325546""",KEEP
GSE87211,"""GSM2325547""",KEEP
GSE87211,"""GSM2325548""",KEEP
GSE87211,"""GSM2325549""",KEEP
GSE87211,"""GSM2325550""",KEEP
GSE87211,"""GSM2325551""",KEEP
GSE87211,"""GSM2325552""",KEEP
GSE87211,"""GSM2325553""",KEEP
GSE87211,"""GSM2325554""",KEEP
GSE87211,"""GSM2325555""",KEEP
GSE87211,"""GSM2325556""",KEEP
GSE87211,"""GSM2325557""",KEEP
GSE87211,"""GSM2325558""",KEEP
GSE87211,"""GSM2325559""",KEEP
GSE87211,"""GSM2325560""",KEEP
GSE87211,"""GSM2325561""",KEEP
GSE87211,"""GSM2325562""",KEEP
GSE87211,"""GSM2325563""",KEEP
GSE87211,"""GSM2325564""",KEEP
GSE87211,"""GSM2325565""",KEEP
GSE87211,"""GSM2325566""",KEEP
GSE87211,"""GSM2325567""",KEEP
GSE87211,"""GSM2325568""",KEEP
GSE87211,"""GSM2325569""",KEEP
GSE87211,"""GSM2325570""",KEEP
GSE87211,"""GSM2325571""",KEEP
GSE87211,"""GSM2325572""",KEEP
GSE87211,"""GSM2325573""",KEEP
GSE87211,"""GSM2325574""",KEEP
GSE87211,"""GSM2325575""",KEEP
GSE87211,"""GSM2325576""",KEEP
GSE87211,"""GSM2325577""",KEEP
GSE87211,"""GSM2325578""",KEEP
GSE87211,"""GSM2325579""",KEEP
GSE87211,"""GSM2325580""",KEEP
GSE87211,"""GSM2325581""",KEEP
GSE87211,"""GSM2325582""",KEEP
GSE87211,"""GSM2325583""",KEEP
GSE87211,"""GSM2325584""",KEEP
GSE87211,"""GSM2325585""",KEEP
GSE87211,"""GSM2325586""",KEEP
GSE87211,"""GSM2325587""",KEEP
GSE87211,"""GSM2325588""",KEEP
GSE87211,"""GSM2325589""",KEEP
GSE87211,"""GSM2325590""",KEEP
GSE87211,"""GSM2325591""",KEEP
GSE87211,"""GSM2325592""",KEEP
GSE87211,"""GSM2325593""",KEEP
GSE87211,"""GSM2325594""",KEEP
GSE87211,"""GSM2325595""",KEEP
GSE87211,"""GSM2325596""",KEEP
GSE87211,"""GSM2325597""",KEEP
GSE87211,"""GSM2325598""",KEEP
GSE87211,"""GSM2325599""",KEEP
GSE87211,"""GSM2325600""",KEEP
GSE90627,"""GSM2409506""",KEEP
GSE90627,"""GSM2409507""",KEEP
GSE90627,"""GSM2409508""",KEEP
GSE90627,"""GSM2409509""",KEEP
GSE90627,"""GSM2409510""",KEEP
GSE90627,"""GSM2409511""",KEEP
GSE90627,"""GSM2409512""",KEEP
GSE90627,"""GSM2409513""",KEEP
GSE90627,"""GSM2409514""",KEEP
GSE90627,"""GSM2409515""",KEEP
GSE90627,"""GSM2409516""",KEEP
GSE90627,"""GSM2409517""",KEEP
GSE90627,"""GSM2409518""",KEEP
GSE90627,"""GSM2409519""",KEEP
GSE90627,"""GSM2409520""",KEEP
GSE90627,"""GSM2409521""",KEEP
GSE90627,"""GSM2409522""",KEEP
GSE90627,"""GSM2409523""",KEEP
GSE90627,"""GSM2409524""",KEEP
GSE90627,"""GSM2409525""",KEEP
GSE90627,"""GSM2409526""",KEEP
GSE90627,"""GSM2409527""",KEEP
GSE90627,"""GSM2409528""",KEEP
GSE90627,"""GSM2409529""",KEEP
GSE90627,"""GSM2409530""",KEEP
GSE90627,"""GSM2409531""",KEEP
GSE90627,"""GSM2409532""",KEEP
GSE90627,"""GSM2409533""",KEEP
GSE90627,"""GSM2409534""",KEEP
GSE90627,"""GSM2409535""",KEEP
GSE90627,"""GSM2409536""",KEEP
GSE90627,"""GSM2409537""",KEEP
GSE90627,"""GSM2409538""",KEEP
GSE90627,"""GSM2409539""",KEEP
GSE90627,"""GSM2409540""",KEEP
GSE90627,"""GSM2409541""",KEEP
GSE90627,"""GSM2409542""",KEEP
GSE90627,"""GSM2409543""",KEEP
GSE90627,"""GSM2409544""",KEEP
GSE90627,"""GSM2409545""",KEEP
GSE90627,"""GSM2409546""",KEEP
GSE90627,"""GSM2409547""",KEEP
GSE90627,"""GSM2409548""",KEEP
GSE90627,"""GSM2409549""",KEEP
GSE90627,"""GSM2409550""",KEEP
GSE90627,"""GSM2409551""",KEEP
GSE90627,"""GSM2409552""",KEEP
GSE90627,"""GSM2409553""",KEEP
GSE90627,"""GSM2409554""",KEEP
GSE90627,"""GSM2409555""",KEEP
GSE90627,"""GSM2409556""",KEEP
GSE90627,"""GSM2409557""",KEEP
GSE90627,"""GSM2409558""",KEEP
GSE90627,"""GSM2409559""",KEEP
GSE90627,"""GSM2409560""",KEEP
GSE90627,"""GSM2409561""",KEEP
GSE90627,"""GSM2409562""",KEEP
GSE90627,"""GSM2409563""",KEEP
GSE90627,"""GSM2409564""",KEEP
GSE90627,"""GSM2409565""",KEEP
GSE90627,"""GSM2409566""",KEEP
GSE90627,"""GSM2409567""",KEEP
GSE90627,"""GSM2409568""",KEEP
GSE90627,"""GSM2409569""",KEEP
GSE90627,"""GSM2409570""",KEEP
GSE90627,"""GSM2409571""",KEEP
GSE90627,"""GSM2409572""",KEEP
GSE90627,"""GSM2409573""",KEEP
GSE90627,"""GSM2409574""",KEEP
GSE90627,"""GSM2409575""",KEEP
GSE90627,"""GSM2409576""",KEEP
GSE90627,"""GSM2409577""",KEEP
GSE90627,"""GSM2409578""",KEEP
GSE90627,"""GSM2409579""",KEEP
GSE90627,"""GSM2409580""",KEEP
GSE90627,"""GSM2409581""",KEEP
GSE90627,"""GSM2409582""",KEEP
GSE90627,"""GSM2409583""",KEEP
GSE90627,"""GSM2409584""",KEEP
GSE90627,"""GSM2409585""",KEEP
GSE90627,"""GSM2409586""",KEEP
GSE90627,"""GSM2409587""",KEEP
GSE90627,"""GSM2409588""",KEEP
GSE90627,"""GSM2409589""",KEEP
GSE90627,"""GSM2409590""",KEEP
GSE90627,"""GSM2409591""",KEEP
GSE90627,"""GSM2409592""",KEEP
GSE90627,"""GSM2409593""",KEEP
GSE90627,"""GSM2409594""",KEEP
GSE90627,"""GSM2409595""",KEEP
GSE90627,"""GSM2409596""",KEEP
GSE90627,"""GSM2409597""",KEEP
GSE90627,"""GSM2409598""",KEEP
GSE90627,"""GSM2409599""",KEEP
GSE90627,"""GSM2409600""",KEEP
GSE90627,"""GSM2409601""",KEEP
GSE90627,"""GSM2409602""",KEEP
GSE90627,"""GSM2409603""",KEEP
GSE90627,"""GSM2409604""",KEEP
GSE90627,"""GSM2409605""",KEEP
GSE90627,"""GSM2409606""",KEEP
GSE90627,"""GSM2409607""",KEEP
GSE90627,"""GSM2409608""",KEEP
GSE90627,"""GSM2409609""",KEEP
GSE90627,"""GSM2409610""",KEEP
GSE90627,"""GSM2409611""",KEEP
GSE90627,"""GSM2409612""",KEEP
GSE90627,"""GSM2409613""",KEEP
GSE90627,"""GSM2409614""",KEEP
GSE90627,"""GSM2409615""",KEEP
GSE90627,"""GSM2409616""",KEEP
GSE90627,"""GSM2409617""",KEEP
GSE90627,"""GSM2409618""",KEEP
GSE90627,"""GSM2409619""",KEEP
GSE90627,"""GSM2409620""",KEEP
GSE90627,"""GSM2409621""",KEEP
GSE90627,"""GSM2409622""",KEEP
GSE90627,"""GSM2409623""",KEEP
GSE90627,"""GSM2409624""",KEEP
GSE90627,"""GSM2409625""",KEEP
GSE90627,"""GSM2409626""",KEEP
GSE90627,"""GSM2409627""",KEEP
GSE90627,"""GSM2409628""",KEEP
GSE90627,"""GSM2409629""",KEEP
GSE90627,"""GSM2409630""",KEEP
GSE90627,"""GSM2409631""",KEEP
GSE90627,"""GSM2409632""",KEEP
GSE90627,"""GSM2409633""",KEEP
GSE9254,"""GSM234909""",KEEP
GSE9254,"""GSM234910""",KEEP
GSE9254,"""GSM234911""",KEEP
GSE9254,"""GSM234912""",KEEP
GSE9254,"""GSM234913""",KEEP
GSE9254,"""GSM234914""",KEEP
GSE9254,"""GSM234915""",KEEP
GSE9254,"""GSM234916""",KEEP
GSE9254,"""GSM234917""",KEEP
GSE9254,"""GSM234918""",KEEP
GSE9254,"""GSM234919""",KEEP
GSE9254,"""GSM234920""",KEEP
GSE9254,"""GSM234921""",KEEP
GSE9254,"""GSM234922""",KEEP
GSE9254,"""GSM234923""",KEEP
GSE9254,"""GSM234924""",KEEP
GSE9254,"""GSM234925""",KEEP
GSE9254,"""GSM234926""",KEEP
GSE9254,"""GSM234927""",KEEP
GSE9348,"""GSM237914""",KEEP
GSE9348,"""GSM237915""",KEEP
GSE9348,"""GSM237916""",KEEP
GSE9348,"""GSM237917""",KEEP
GSE9348,"""GSM237918""",KEEP
GSE9348,"""GSM237919""",KEEP
GSE9348,"""GSM237920""",KEEP
GSE9348,"""GSM237921""",KEEP
GSE9348,"""GSM237922""",KEEP
GSE9348,"""GSM237923""",KEEP
GSE9348,"""GSM237924""",KEEP
GSE9348,"""GSM237925""",KEEP
GSE9348,"""GSM237926""",KEEP
GSE9348,"""GSM237927""",KEEP
GSE9348,"""GSM237928""",KEEP
GSE9348,"""GSM237929""",KEEP
GSE9348,"""GSM237930""",KEEP
GSE9348,"""GSM237931""",KEEP
GSE9348,"""GSM237932""",KEEP
GSE9348,"""GSM237933""",KEEP
GSE9348,"""GSM237934""",KEEP
GSE9348,"""GSM237935""",KEEP
GSE9348,"""GSM237936""",KEEP
GSE9348,"""GSM237937""",KEEP
GSE9348,"""GSM237938""",KEEP
GSE9348,"""GSM237939""",KEEP
GSE9348,"""GSM237940""",KEEP
GSE9348,"""GSM237941""",KEEP
GSE9348,"""GSM237942""",KEEP
GSE9348,"""GSM237943""",KEEP
GSE9348,"""GSM237944""",KEEP
GSE9348,"""GSM237945""",KEEP
GSE9348,"""GSM237946""",KEEP
GSE9348,"""GSM237947""",KEEP
GSE9348,"""GSM237948""",KEEP
GSE9348,"""GSM237949""",KEEP
GSE9348,"""GSM237950""",KEEP
GSE9348,"""GSM237951""",KEEP
GSE9348,"""GSM237952""",KEEP
GSE9348,"""GSM237953""",KEEP
GSE9348,"""GSM237954""",KEEP
GSE9348,"""GSM237955""",KEEP
GSE9348,"""GSM237956""",KEEP
GSE9348,"""GSM237957""",KEEP
GSE9348,"""GSM237958""",KEEP
GSE9348,"""GSM237959""",KEEP
GSE9348,"""GSM237960""",KEEP
GSE9348,"""GSM237961""",KEEP
GSE9348,"""GSM237962""",KEEP
GSE9348,"""GSM237963""",KEEP
GSE9348,"""GSM237964""",KEEP
GSE9348,"""GSM237965""",KEEP
GSE9348,"""GSM237966""",KEEP
GSE9348,"""GSM237967""",KEEP
GSE9348,"""GSM237968""",KEEP
GSE9348,"""GSM237969""",KEEP
GSE9348,"""GSM237970""",KEEP
GSE9348,"""GSM237971""",KEEP
GSE9348,"""GSM237972""",KEEP
GSE9348,"""GSM237973""",KEEP
GSE9348,"""GSM237974""",KEEP
GSE9348,"""GSM237975""",KEEP
GSE9348,"""GSM237976""",KEEP
GSE9348,"""GSM237977""",KEEP
GSE9348,"""GSM237978""",KEEP
GSE9348,"""GSM237979""",KEEP
GSE9348,"""GSM237980""",KEEP
GSE9348,"""GSM237981""",KEEP
GSE9348,"""GSM237982""",KEEP
GSE9348,"""GSM237983""",KEEP
GSE9348,"""GSM237984""",KEEP
GSE9348,"""GSM237985""",KEEP
GSE9348,"""GSM237986""",KEEP
GSE9348,"""GSM237987""",KEEP
GSE9348,"""GSM237988""",KEEP
GSE9348,"""GSM237989""",KEEP
GSE9348,"""GSM237990""",KEEP
GSE9348,"""GSM237991""",KEEP
GSE9348,"""GSM237992""",KEEP
GSE9348,"""GSM237993""",KEEP
GSE9348,"""GSM237994""",KEEP
GSE9348,"""GSM237995""",KEEP
GSE9452,"""GSM239617""",KEEP
GSE9452,"""GSM239618""",KEEP
GSE9452,"""GSM239714""",KEEP
GSE9452,"""GSM239716""",KEEP
GSE9452,"""GSM239717""",KEEP
GSE9452,"""GSM239718""",KEEP
GSE9452,"""GSM239719""",KEEP
GSE9452,"""GSM239720""",KEEP
GSE9452,"""GSM239723""",KEEP
GSE9452,"""GSM239725""",KEEP
GSE9452,"""GSM239726""",KEEP
GSE9452,"""GSM239727""",KEEP
GSE9452,"""GSM239729""",KEEP
GSE9452,"""GSM239730""",KEEP
GSE9452,"""GSM239731""",KEEP
GSE9452,"""GSM239732""",KEEP
GSE9452,"""GSM240022""",KEEP
GSE9452,"""GSM240023""",KEEP
GSE9452,"""GSM240024""",KEEP
GSE9452,"""GSM240025""",KEEP
GSE9452,"""GSM240026""",KEEP
GSE9452,"""GSM240027""",KEEP
GSE9452,"""GSM240028""",KEEP
GSE9452,"""GSM240029""",KEEP
GSE9452,"""GSM240030""",KEEP
GSE9452,"""GSM240031""",KEEP
GSE95132,"""GSM2496685""",KEEP
GSE95132,"""GSM2496686""",KEEP
GSE95132,"""GSM2496687""",KEEP
GSE95132,"""GSM2496688""",KEEP
GSE95132,"""GSM2496689""",KEEP
GSE95132,"""GSM2496690""",KEEP
GSE95132,"""GSM2496691""",KEEP
GSE95132,"""GSM2496692""",KEEP
GSE95132,"""GSM2496693""",KEEP
GSE95132,"""GSM2496694""",KEEP
GSE95132,"""GSM2496695""",KEEP
GSE95132,"""GSM2496696""",KEEP
GSE95132,"""GSM2496697""",KEEP
GSE95132,"""GSM2496698""",KEEP
GSE95132,"""GSM2496699""",KEEP
GSE95132,"""GSM2496700""",KEEP
GSE95132,"""GSM2496701""",KEEP
GSE95132,"""GSM2496702""",KEEP
GSE95132,"""GSM2496703""",KEEP
GSE95132,"""GSM2496704""",KEEP
GSE95132,"""GSM2496705""",KEEP
GSE95132,"""GSM2496706""",KEEP
GSE95132,"""GSM2496707""",KEEP
GSE95132,"""GSM2496708""",KEEP
GSE95132,"""GSM2496709""",KEEP
GSE95132,"""GSM2496710""",KEEP
GSE95132,"""GSM2496711""",KEEP
GSE95132,"""GSM2496712""",KEEP
GSE95132,"""GSM2496713""",KEEP
GSE95132,"""GSM2496714""",KEEP
GSE95132,"""GSM2496715""",KEEP
GSE10021,"""GSM253203""",KEEP
GSE10021,"""GSM253204""",KEEP
GSE10021,"""GSM253205""",KEEP
GSE10021,"""GSM253206""",KEEP
GSE10021,"""GSM253207""",KEEP
GSE10021,"""GSM253208""",KEEP
GSE10021,"""GSM253209""",KEEP
GSE10021,"""GSM253210""",KEEP
GSE10021,"""GSM253211""",KEEP
GSE10021,"""GSM253212""",KEEP
GSE10021,"""GSM253213""",KEEP
GSE10021,"""GSM253214""",KEEP
GSE10021,"""GSM253215""",KEEP
GSE10021,"""GSM253216""",KEEP
GSE10021,"""GSM253217""",KEEP
GSE10021,"""GSM253218""",KEEP
GSE101896,"""GSM2718069""",KEEP
GSE101896,"""GSM2718070""",KEEP
GSE101896,"""GSM2718071""",KEEP
GSE101896,"""GSM2718072""",KEEP
GSE101896,"""GSM2718073""",KEEP
GSE101896,"""GSM2718074""",KEEP
GSE101896,"""GSM2718075""",KEEP
GSE101896,"""GSM2718076""",KEEP
GSE101896,"""GSM2718077""",KEEP
GSE101896,"""GSM2718078""",KEEP
GSE101896,"""GSM2718079""",KEEP
GSE101896,"""GSM2718080""",KEEP
GSE101896,"""GSM2718081""",KEEP
GSE101896,"""GSM2718082""",KEEP
GSE101896,"""GSM2718083""",KEEP
GSE101896,"""GSM2718084""",KEEP
GSE101896,"""GSM2718085""",KEEP
GSE101896,"""GSM2718086""",KEEP
GSE101896,"""GSM2718087""",KEEP
GSE101896,"""GSM2718088""",KEEP
GSE101896,"""GSM2718089""",KEEP
GSE101896,"""GSM2718090""",KEEP
GSE101896,"""GSM2718091""",KEEP
GSE101896,"""GSM2718092""",KEEP
GSE101896,"""GSM2718093""",KEEP
GSE101896,"""GSM2718094""",KEEP
GSE101896,"""GSM2718095""",KEEP
GSE101896,"""GSM2718096""",KEEP
GSE101896,"""GSM2718097""",KEEP
GSE101896,"""GSM2718098""",KEEP
GSE101896,"""GSM2718099""",KEEP
GSE101896,"""GSM3630901""",KEEP
GSE101896,"""GSM3630902""",KEEP
GSE101896,"""GSM3630903""",KEEP
GSE101896,"""GSM3630904""",KEEP
GSE101896,"""GSM3630905""",KEEP
GSE101896,"""GSM3630906""",KEEP
GSE101896,"""GSM3630907""",KEEP
GSE101896,"""GSM3630908""",KEEP
GSE101896,"""GSM3630909""",KEEP
GSE101896,"""GSM3630910""",KEEP
GSE101896,"""GSM3630911""",KEEP
GSE101896,"""GSM3630912""",KEEP
GSE101896,"""GSM3630913""",KEEP
GSE101896,"""GSM3630914""",KEEP
GSE101896,"""GSM3630915""",KEEP
GSE101896,"""GSM3630916""",KEEP
GSE101896,"""GSM3630917""",KEEP
GSE101896,"""GSM3630918""",KEEP
GSE101896,"""GSM3630919""",KEEP
GSE101896,"""GSM3630920""",KEEP
GSE101896,"""GSM3630921""",KEEP
GSE101896,"""GSM3630922""",KEEP
GSE101896,"""GSM3630923""",KEEP
GSE101896,"""GSM3630924""",KEEP
GSE101896,"""GSM3630925""",KEEP
GSE101896,"""GSM3630926""",KEEP
GSE101896,"""GSM3630927""",KEEP
GSE101896,"""GSM3630928""",KEEP
GSE101896,"""GSM3630929""",KEEP
GSE101896,"""GSM4408234""",KEEP
GSE101896,"""GSM4408235""",KEEP
GSE101896,"""GSM4408236""",KEEP
GSE101896,"""GSM4408237""",KEEP
GSE101896,"""GSM4408238""",KEEP
GSE101896,"""GSM4408239""",KEEP
GSE101896,"""GSM4408240""",KEEP
GSE101896,"""GSM4408241""",KEEP
GSE101896,"""GSM4408242""",KEEP
GSE101896,"""GSM4408243""",KEEP
GSE101896,"""GSM4408244""",KEEP
GSE101896,"""GSM4408245""",KEEP
GSE101896,"""GSM4408246""",KEEP
GSE101896,"""GSM4408247""",KEEP
GSE101896,"""GSM4408248""",KEEP
GSE101896,"""GSM4408249""",KEEP
GSE101896,"""GSM4408250""",KEEP
GSE101896,"""GSM4408251""",KEEP
GSE101896,"""GSM4408252""",KEEP
GSE101896,"""GSM4408253""",KEEP
GSE101896,"""GSM4408254""",KEEP
GSE101896,"""GSM4408255""",KEEP
GSE101896,"""GSM4408256""",KEEP
GSE101896,"""GSM4408257""",KEEP
GSE101896,"""GSM4408258""",KEEP
GSE101896,"""GSM4408259""",KEEP
GSE101896,"""GSM4408260""",KEEP
GSE101896,"""GSM4408261""",KEEP
GSE101896,"""GSM4408262""",KEEP
GSE101896,"""GSM4408263""",KEEP
GSE101896,"""GSM5955027""",KEEP
GSE101896,"""GSM5955028""",KEEP
GSE101896,"""GSM5955029""",KEEP
GSE101896,"""GSM5955030""",KEEP
GSE101896,"""GSM5955031""",KEEP
GSE101896,"""GSM5955032""",KEEP
GSE101896,"""GSM5955033""",KEEP
GSE101896,"""GSM5955034""",KEEP
GSE101896,"""GSM5955035""",KEEP
GSE101896,"""GSM5955036""",KEEP
GSE101896,"""GSM5955037""",KEEP
GSE101896,"""GSM5955038""",KEEP
GSE101896,"""GSM5955039""",KEEP
GSE101896,"""GSM5955040""",KEEP
GSE101896,"""GSM5955041""",KEEP
GSE101896,"""GSM5955042""",KEEP
GSE101896,"""GSM5955043""",KEEP
GSE101896,"""GSM5955044""",KEEP
GSE101896,"""GSM5955045""",KEEP
GSE101896,"""GSM5955046""",KEEP
GSE101896,"""GSM5955047""",KEEP
GSE101896,"""GSM5955048""",KEEP
GSE101896,"""GSM5955049""",KEEP
GSE101896,"""GSM5955050""",KEEP
GSE101896,"""GSM5955051""",KEEP
GSE101896,"""GSM5955052""",KEEP
GSE101896,"""GSM5955053""",KEEP
GSE101896,"""GSM5955054""",KEEP
GSE101896,"""GSM5955055""",KEEP
GSE101896,"""GSM5955056""",KEEP
GSE101896,"""GSM5955057""",KEEP
GSE101896,"""GSM5955058""",KEEP
GSE101896,"""GSM5955059""",KEEP
GSE101896,"""GSM5955060""",KEEP
GSE101896,"""GSM5955061""",KEEP
GSE101896,"""GSM5955062""",KEEP
GSE101896,"""GSM5955063""",KEEP
GSE101896,"""GSM5955064""",KEEP
GSE101896,"""GSM5955065""",KEEP
GSE101896,"""GSM5955066""",KEEP
GSE101896,"""GSM5955067""",KEEP
GSE101896,"""GSM5955068""",KEEP
GSE101896,"""GSM5955069""",KEEP
GSE101896,"""GSM5955070""",KEEP
GSE101896,"""GSM5955071""",KEEP
GSE101896,"""GSM5955072""",KEEP
GSE101896,"""GSM5955073""",KEEP
GSE101896,"""GSM5955074""",KEEP
GSE101896,"""GSM5955075""",KEEP
GSE101896,"""GSM5955076""",KEEP
GSE101896,"""GSM5955077""",KEEP
GSE101896,"""GSM5955078""",KEEP
GSE101896,"""GSM5955079""",KEEP
GSE101896,"""GSM5955080""",KEEP
GSE101896,"""GSM5955081""",KEEP
GSE101896,"""GSM5955082""",KEEP
GSE101896,"""GSM5955083""",KEEP
GSE101896,"""GSM5955084""",KEEP
GSE101896,"""GSM5955085""",KEEP
GSE101896,"""GSM5955086""",KEEP
GSE101896,"""GSM5955087""",KEEP
GSE101896,"""GSM5955088""",KEEP
GSE101896,"""GSM5955089""",KEEP
GSE101896,"""GSM5955090""",KEEP
GSE101896,"""GSM5955091""",KEEP
GSE101896,"""GSM5955092""",KEEP
GSE101896,"""GSM5955093""",KEEP
GSE101896,"""GSM5955094""",KEEP
GSE101896,"""GSM5955095""",KEEP
GSE101896,"""GSM5955096""",KEEP
GSE101896,"""GSM5955097""",KEEP
GSE101896,"""GSM5955098""",KEEP
GSE101896,"""GSM5955099""",KEEP
GSE101896,"""GSM5955100""",KEEP
GSE101896,"""GSM5955101""",KEEP
GSE101896,"""GSM5955102""",KEEP
GSE101896,"""GSM5955103""",KEEP
GSE101896,"""GSM5955104""",KEEP
GSE101896,"""GSM5955105""",KEEP
GSE101896,"""GSM5955106""",KEEP
GSE101896,"""GSM5955107""",KEEP
GSE101896,"""GSM5955108""",KEEP
GSE101896,"""GSM5955109""",KEEP
GSE101896,"""GSM5955110""",KEEP
GSE101896,"""GSM5955111""",KEEP
GSE101896,"""GSM5955112""",KEEP
GSE101896,"""GSM5955113""",KEEP
GSE101896,"""GSM5955114""",KEEP
GSE101896,"""GSM5955115""",KEEP
GSE101896,"""GSM5955116""",KEEP
GSE101896,"""GSM5955117""",KEEP
GSE101896,"""GSM5955118""",KEEP
GSE101896,"""GSM5955119""",KEEP
GSE101896,"""GSM5955120""",KEEP
GSE101896,"""GSM5955121""",KEEP
GSE101896,"""GSM5955122""",KEEP
GSE101896,"""GSM5955123""",KEEP
GSE101896,"""GSM5955124""",KEEP
GSE101896,"""GSM5955125""",KEEP
GSE101896,"""GSM5955126""",KEEP
GSE102079,"""GSM2723148""",KEEP
GSE102079,"""GSM2723149""",KEEP
GSE102079,"""GSM2723150""",REMOVE
GSE102079,"""GSM2723151""",KEEP
GSE102079,"""GSM2723152""",KEEP
GSE102079,"""GSM2723153""",REMOVE
GSE102079,"""GSM2723154""",KEEP
GSE102079,"""GSM2723155""",KEEP
GSE102079,"""GSM2723156""",KEEP
GSE102079,"""GSM2723157""",KEEP
GSE102079,"""GSM2723158""",KEEP
GSE102079,"""GSM2723159""",REMOVE
GSE102079,"""GSM2723160""",KEEP
GSE102079,"""GSM2723161""",KEEP
GSE102079,"""GSM2723162""",KEEP
GSE102079,"""GSM2723163""",KEEP
GSE102079,"""GSM2723164""",KEEP
GSE102079,"""GSM2723165""",KEEP
GSE102079,"""GSM2723166""",KEEP
GSE102079,"""GSM2723167""",KEEP
GSE102079,"""GSM2723168""",KEEP
GSE102079,"""GSM2723169""",KEEP
GSE102079,"""GSM2723170""",KEEP
GSE102079,"""GSM2723171""",KEEP
GSE102079,"""GSM2723172""",KEEP
GSE102079,"""GSM2723173""",KEEP
GSE102079,"""GSM2723174""",KEEP
GSE102079,"""GSM2723175""",KEEP
GSE102079,"""GSM2723176""",KEEP
GSE102079,"""GSM2723177""",KEEP
GSE102079,"""GSM2723178""",KEEP
GSE102079,"""GSM2723179""",KEEP
GSE102079,"""GSM2723180""",KEEP
GSE102079,"""GSM2723181""",KEEP
GSE102079,"""GSM2723182""",KEEP
GSE102079,"""GSM2723183""",KEEP
GSE102079,"""GSM2723184""",KEEP
GSE102079,"""GSM2723185""",KEEP
GSE102079,"""GSM2723186""",KEEP
GSE102079,"""GSM2723187""",KEEP
GSE102079,"""GSM2723188""",KEEP
GSE102079,"""GSM2723189""",KEEP
GSE102079,"""GSM2723190""",KEEP
GSE102079,"""GSM2723191""",KEEP
GSE102079,"""GSM2723192""",KEEP
GSE102079,"""GSM2723193""",KEEP
GSE102079,"""GSM2723194""",KEEP
GSE102079,"""GSM2723195""",KEEP
GSE102079,"""GSM2723196""",KEEP
GSE102079,"""GSM2723197""",KEEP
GSE102079,"""GSM2723198""",KEEP
GSE102079,"""GSM2723199""",KEEP
GSE102079,"""GSM2723200""",KEEP
GSE102079,"""GSM2723201""",KEEP
GSE102079,"""GSM2723202""",KEEP
GSE102079,"""GSM2723203""",KEEP
GSE102079,"""GSM2723204""",KEEP
GSE102079,"""GSM2723205""",KEEP
GSE102079,"""GSM2723206""",KEEP
GSE102079,"""GSM2723207""",KEEP
GSE102079,"""GSM2723208""",KEEP
GSE102079,"""GSM2723209""",KEEP
GSE102079,"""GSM2723210""",KEEP
GSE102079,"""GSM2723211""",KEEP
GSE102079,"""GSM2723212""",KEEP
GSE102079,"""GSM2723213""",KEEP
GSE102079,"""GSM2723214""",KEEP
GSE102079,"""GSM2723215""",KEEP
GSE102079,"""GSM2723216""",REMOVE
GSE102079,"""GSM2723217""",KEEP
GSE102079,"""GSM2723218""",KEEP
GSE102079,"""GSM2723219""",KEEP
GSE102079,"""GSM2723220""",KEEP
GSE102079,"""GSM2723221""",KEEP
GSE102079,"""GSM2723222""",KEEP
GSE102079,"""GSM2723223""",KEEP
GSE102079,"""GSM2723224""",KEEP
GSE102079,"""GSM2723225""",KEEP
GSE102079,"""GSM2723226""",KEEP
GSE102079,"""GSM2723227""",KEEP
GSE102079,"""GSM2723228""",KEEP
GSE102079,"""GSM2723229""",KEEP
GSE102079,"""GSM2723230""",KEEP
GSE102079,"""GSM2723231""",KEEP
GSE102079,"""GSM2723232""",KEEP
GSE102079,"""GSM2723233""",KEEP
GSE102079,"""GSM2723234""",KEEP
GSE102079,"""GSM2723235""",KEEP
GSE102079,"""GSM2723236""",KEEP
GSE102079,"""GSM2723237""",KEEP
GSE102079,"""GSM2723238""",KEEP
GSE102079,"""GSM2723239""",KEEP
GSE102079,"""GSM2723240""",KEEP
GSE102079,"""GSM2723241""",KEEP
GSE102079,"""GSM2723242""",KEEP
GSE102079,"""GSM2723243""",KEEP
GSE102079,"""GSM2723244""",KEEP
GSE102079,"""GSM2723245""",KEEP
GSE102079,"""GSM2723246""",KEEP
GSE102079,"""GSM2723247""",KEEP
GSE102079,"""GSM2723248""",KEEP
GSE102079,"""GSM2723249""",KEEP
GSE102079,"""GSM2723250""",KEEP
GSE102079,"""GSM2723251""",KEEP
GSE102079,"""GSM2723252""",KEEP
GSE102079,"""GSM2723253""",KEEP
GSE102079,"""GSM2723254""",KEEP
GSE102079,"""GSM2723255""",KEEP
GSE102079,"""GSM2723256""",KEEP
GSE102079,"""GSM2723257""",KEEP
GSE102079,"""GSM2723258""",KEEP
GSE102079,"""GSM2723259""",KEEP
GSE102079,"""GSM2723260""",KEEP
GSE102079,"""GSM2723261""",KEEP
GSE102079,"""GSM2723262""",KEEP
GSE102079,"""GSM2723263""",KEEP
GSE102079,"""GSM2723264""",KEEP
GSE102079,"""GSM2723265""",KEEP
GSE102079,"""GSM2723266""",KEEP
GSE102079,"""GSM2723267""",KEEP
GSE102079,"""GSM2723268""",KEEP
GSE102079,"""GSM2723269""",KEEP
GSE102079,"""GSM2723270""",KEEP
GSE102079,"""GSM2723271""",KEEP
GSE102079,"""GSM2723272""",KEEP
GSE102079,"""GSM2723273""",KEEP
GSE102079,"""GSM2723274""",KEEP
GSE102079,"""GSM2723275""",KEEP
GSE102079,"""GSM2723276""",KEEP
GSE102079,"""GSM2723277""",KEEP
GSE102079,"""GSM2723278""",KEEP
GSE102079,"""GSM2723279""",KEEP
GSE102079,"""GSM2723280""",KEEP
GSE102079,"""GSM2723281""",KEEP
GSE102079,"""GSM2723282""",KEEP
GSE102079,"""GSM2723283""",KEEP
GSE102079,"""GSM2723284""",KEEP
GSE102079,"""GSM2723285""",KEEP
GSE102079,"""GSM2723286""",KEEP
GSE102079,"""GSM2723287""",KEEP
GSE102079,"""GSM2723288""",KEEP
GSE102079,"""GSM2723289""",KEEP
GSE102079,"""GSM2723290""",KEEP
GSE102079,"""GSM2723291""",KEEP
GSE102079,"""GSM2723292""",KEEP
GSE102079,"""GSM2723293""",KEEP
GSE102079,"""GSM2723294""",KEEP
GSE102079,"""GSM2723295""",KEEP
GSE102079,"""GSM2723296""",KEEP
GSE102079,"""GSM2723297""",KEEP
GSE102079,"""GSM2723298""",KEEP
GSE102079,"""GSM2723299""",KEEP
GSE102079,"""GSM2723300""",KEEP
GSE102079,"""GSM2723301""",KEEP
GSE102079,"""GSM2723302""",KEEP
GSE102079,"""GSM2723303""",KEEP
GSE102079,"""GSM2723304""",KEEP
GSE102079,"""GSM2723305""",KEEP
GSE102079,"""GSM2723306""",KEEP
GSE102079,"""GSM2723307""",KEEP
GSE102079,"""GSM2723308""",KEEP
GSE102079,"""GSM2723309""",KEEP
GSE102079,"""GSM2723310""",KEEP
GSE102079,"""GSM2723311""",KEEP
GSE102079,"""GSM2723312""",KEEP
GSE102079,"""GSM2723313""",KEEP
GSE102079,"""GSM2723314""",KEEP
GSE102079,"""GSM2723315""",KEEP
GSE102079,"""GSM2723316""",KEEP
GSE102079,"""GSM2723317""",REMOVE
GSE102079,"""GSM2723318""",KEEP
GSE102079,"""GSM2723319""",KEEP
GSE102079,"""GSM2723320""",KEEP
GSE102079,"""GSM2723321""",KEEP
GSE102079,"""GSM2723322""",KEEP
GSE102079,"""GSM2723323""",KEEP
GSE102079,"""GSM2723324""",KEEP
GSE102079,"""GSM2723325""",KEEP
GSE102079,"""GSM2723326""",KEEP
GSE102079,"""GSM2723327""",KEEP
GSE102079,"""GSM2723328""",KEEP
GSE102079,"""GSM2723329""",KEEP
GSE102079,"""GSM2723330""",KEEP
GSE102079,"""GSM2723331""",KEEP
GSE102079,"""GSM2723332""",KEEP
GSE102079,"""GSM2723333""",KEEP
GSE102079,"""GSM2723334""",KEEP
GSE102079,"""GSM2723335""",KEEP
GSE102079,"""GSM2723336""",KEEP
GSE102079,"""GSM2723337""",KEEP
GSE102079,"""GSM2723338""",KEEP
GSE102079,"""GSM2723339""",KEEP
GSE102079,"""GSM2723340""",KEEP
GSE102079,"""GSM2723341""",KEEP
GSE102079,"""GSM2723342""",KEEP
GSE102079,"""GSM2723343""",KEEP
GSE102079,"""GSM2723344""",KEEP
GSE102079,"""GSM2723345""",KEEP
GSE102079,"""GSM2723346""",KEEP
GSE102079,"""GSM2723347""",KEEP
GSE102079,"""GSM2723348""",KEEP
GSE102079,"""GSM2723349""",REMOVE
GSE102079,"""GSM2723350""",KEEP
GSE102079,"""GSM2723351""",KEEP
GSE102079,"""GSM2723352""",KEEP
GSE102079,"""GSM2723353""",KEEP
GSE102079,"""GSM2723354""",KEEP
GSE102079,"""GSM2723355""",KEEP
GSE102079,"""GSM2723356""",KEEP
GSE102079,"""GSM2723357""",KEEP
GSE102079,"""GSM2723358""",KEEP
GSE102079,"""GSM2723359""",KEEP
GSE102079,"""GSM2723360""",KEEP
GSE102079,"""GSM2723361""",KEEP
GSE102079,"""GSM2723362""",KEEP
GSE102079,"""GSM2723363""",KEEP
GSE102079,"""GSM2723364""",KEEP
GSE102079,"""GSM2723365""",KEEP
GSE102079,"""GSM2723366""",KEEP
GSE102079,"""GSM2723367""",KEEP
GSE102079,"""GSM2723368""",KEEP
GSE102079,"""GSM2723369""",KEEP
GSE102079,"""GSM2723370""",KEEP
GSE102079,"""GSM2723371""",KEEP
GSE102079,"""GSM2723372""",KEEP
GSE102079,"""GSM2723373""",KEEP
GSE102079,"""GSM2723374""",KEEP
GSE102079,"""GSM2723375""",KEEP
GSE102079,"""GSM2723376""",KEEP
GSE102079,"""GSM2723377""",KEEP
GSE102079,"""GSM2723378""",KEEP
GSE102079,"""GSM2723379""",KEEP
GSE102079,"""GSM2723380""",KEEP
GSE102079,"""GSM2723381""",KEEP
GSE102079,"""GSM2723382""",KEEP
GSE102079,"""GSM2723383""",KEEP
GSE102079,"""GSM2723384""",KEEP
GSE102079,"""GSM2723385""",KEEP
GSE102079,"""GSM2723386""",KEEP
GSE102079,"""GSM2723387""",KEEP
GSE102079,"""GSM2723388""",KEEP
GSE102079,"""GSM2723389""",KEEP
GSE102079,"""GSM2723390""",KEEP
GSE102079,"""GSM2723391""",KEEP
GSE102079,"""GSM2723392""",KEEP
GSE102079,"""GSM2723393""",KEEP
GSE102079,"""GSM2723394""",KEEP
GSE102079,"""GSM2723395""",KEEP
GSE102079,"""GSM2723396""",KEEP
GSE102079,"""GSM2723397""",KEEP
GSE102079,"""GSM2723398""",KEEP
GSE102079,"""GSM2723399""",KEEP
GSE102079,"""GSM2723400""",KEEP
GSE102079,"""GSM2723401""",KEEP
GSE102079,"""GSM2723402""",KEEP
GSE102079,"""GSM2723403""",KEEP
GSE102079,"""GSM2723404""",KEEP
GSE106325,"""GSM2836109""",KEEP
GSE106325,"""GSM2836110""",KEEP
GSE106325,"""GSM2836111""",KEEP
GSE106325,"""GSM2836112""",KEEP
GSE106325,"""GSM2836113""",KEEP
GSE106325,"""GSM2836114""",KEEP
GSE106325,"""GSM2836115""",KEEP
GSE106325,"""GSM2836116""",KEEP
GSE106325,"""GSM2836117""",KEEP
GSE10650,"""GSM269527""",KEEP
GSE10650,"""GSM269528""",KEEP
GSE10650,"""GSM269529""",KEEP
GSE10650,"""GSM269530""",KEEP
GSE10650,"""GSM269531""",KEEP
GSE10650,"""GSM269532""",KEEP
GSE106808,"""GSM2850585""",KEEP
GSE106808,"""GSM2850586""",KEEP
GSE106808,"""GSM2850587""",KEEP
GSE106808,"""GSM2850588""",KEEP
GSE106808,"""GSM2850589""",KEEP
GSE106808,"""GSM2850590""",REMOVE
GSE10715,"""GSM270815""",KEEP
GSE10715,"""GSM270816""",KEEP
GSE10715,"""GSM270817""",KEEP
GSE10715,"""GSM270818""",KEEP
GSE10715,"""GSM270819""",KEEP
GSE10715,"""GSM270820""",KEEP
GSE10715,"""GSM270821""",KEEP
GSE10715,"""GSM270822""",KEEP
GSE10715,"""GSM270823""",KEEP
GSE10715,"""GSM270824""",KEEP
GSE10715,"""GSM270825""",KEEP
GSE10715,"""GSM270826""",KEEP
GSE10715,"""GSM270827""",KEEP
GSE10715,"""GSM270828""",KEEP
GSE10715,"""GSM270829""",KEEP
GSE10715,"""GSM270830""",KEEP
GSE10715,"""GSM270831""",KEEP
GSE10715,"""GSM270832""",KEEP
GSE10715,"""GSM270833""",KEEP
GSE10715,"""GSM270834""",KEEP
GSE10715,"""GSM270835""",KEEP
GSE10715,"""GSM270836""",KEEP
GSE10715,"""GSM270837""",KEEP
GSE10715,"""GSM270838""",KEEP
GSE10715,"""GSM270839""",KEEP
GSE10715,"""GSM270840""",KEEP
GSE10715,"""GSM270841""",KEEP
GSE10715,"""GSM270842""",KEEP
GSE10715,"""GSM270843""",KEEP
GSE10715,"""GSM270844""",KEEP
GSE10867,"""GSM275483""",KEEP
GSE10867,"""GSM275484""",KEEP
GSE10867,"""GSM275485""",KEEP
GSE10867,"""GSM275486""",KEEP
GSE10867,"""GSM275487""",KEEP
GSE10867,"""GSM275488""",KEEP
GSE10867,"""GSM275489""",KEEP
GSE10867,"""GSM275490""",KEEP
GSE10867,"""GSM275491""",KEEP
GSE10867,"""GSM275492""",KEEP
GSE10867,"""GSM275493""",KEEP
GSE10867,"""GSM275494""",KEEP
GSE10867,"""GSM275495""",KEEP
GSE10867,"""GSM275496""",KEEP
GSE10867,"""GSM275497""",KEEP
GSE10867,"""GSM275498""",KEEP
GSE10867,"""GSM275499""",KEEP
GSE10867,"""GSM275500""",KEEP
GSE10867,"""GSM275501""",KEEP
GSE10867,"""GSM275502""",KEEP
GSE10961,"""GSM277231""",KEEP
GSE10961,"""GSM277236""",KEEP
GSE10961,"""GSM277238""",KEEP
GSE10961,"""GSM277239""",KEEP
GSE10961,"""GSM277246""",KEEP
GSE10961,"""GSM277248""",KEEP
GSE10961,"""GSM277253""",KEEP
GSE10961,"""GSM277256""",KEEP
GSE10961,"""GSM277466""",KEEP
GSE10961,"""GSM277469""",KEEP
GSE10961,"""GSM277477""",KEEP
GSE10961,"""GSM277478""",KEEP
GSE10961,"""GSM277479""",KEEP
GSE10961,"""GSM277481""",KEEP
GSE10961,"""GSM277494""",KEEP
GSE10961,"""GSM277646""",KEEP
GSE10961,"""GSM277647""",KEEP
GSE10961,"""GSM277648""",KEEP
GSE112282,"""GSM3066099""",KEEP
GSE112282,"""GSM3066100""",KEEP
GSE112282,"""GSM3066101""",KEEP
GSE112282,"""GSM3066102""",KEEP
GSE112282,"""GSM3066103""",KEEP
GSE112282,"""GSM3066104""",KEEP
GSE112282,"""GSM3066105""",KEEP
GSE112282,"""GSM3066106""",KEEP
GSE112282,"""GSM3066107""",KEEP
GSE112282,"""GSM3066108""",KEEP
GSE112282,"""GSM3066109""",KEEP
GSE112282,"""GSM3066110""",KEEP
GSE112282,"""GSM3066111""",KEEP
GSE112282,"""GSM3066112""",KEEP
GSE112282,"""GSM3066113""",KEEP
GSE112282,"""GSM3066114""",KEEP
GSE112282,"""GSM3066115""",KEEP
GSE112282,"""GSM3066116""",KEEP
GSE112282,"""GSM3066117""",KEEP
GSE112282,"""GSM3066118""",KEEP
GSE112282,"""GSM3066119""",KEEP
GSE112282,"""GSM3066120""",KEEP
GSE112282,"""GSM3066121""",KEEP
GSE112282,"""GSM3066122""",KEEP
GSE112282,"""GSM3066123""",KEEP
GSE112282,"""GSM3066124""",KEEP
GSE112282,"""GSM3066125""",KEEP
GSE112282,"""GSM3066126""",KEEP
GSE112282,"""GSM3066127""",KEEP
GSE112282,"""GSM3066128""",KEEP
GSE112282,"""GSM3066129""",KEEP
GSE112282,"""GSM3066130""",KEEP
GSE112282,"""GSM3066131""",KEEP
GSE112282,"""GSM3066132""",KEEP
GSE112282,"""GSM3066133""",KEEP
GSE112282,"""GSM3066134""",KEEP
GSE112282,"""GSM3066135""",KEEP
GSE112282,"""GSM3066136""",KEEP
GSE112282,"""GSM3066137""",KEEP
GSE112282,"""GSM3066138""",KEEP
GSE112282,"""GSM3066139""",KEEP
GSE112282,"""GSM3066140""",KEEP
GSE112282,"""GSM3066141""",KEEP
GSE112282,"""GSM3066142""",KEEP
GSE112282,"""GSM3066143""",KEEP
GSE112282,"""GSM3066144""",KEEP
GSE112282,"""GSM3066145""",KEEP
GSE112282,"""GSM3066146""",KEEP
GSE112790,"""GSM3083512""",REMOVE
GSE112790,"""GSM3083513""",REMOVE
GSE112790,"""GSM3083514""",REMOVE
GSE112790,"""GSM3083515""",REMOVE
GSE112790,"""GSM3083516""",REMOVE
GSE112790,"""GSM3083517""",REMOVE
GSE112790,"""GSM3083518""",REMOVE
GSE112790,"""GSM3083519""",REMOVE
GSE112790,"""GSM3083520""",REMOVE
GSE112790,"""GSM3083521""",REMOVE
GSE112790,"""GSM3083522""",REMOVE
GSE112790,"""GSM3083523""",REMOVE
GSE112790,"""GSM3083524""",REMOVE
GSE112790,"""GSM3083525""",REMOVE
GSE112790,"""GSM3083526""",KEEP
GSE112790,"""GSM3083527""",REMOVE
GSE112790,"""GSM3083528""",REMOVE
GSE112790,"""GSM3083529""",REMOVE
GSE112790,"""GSM3083530""",REMOVE
GSE112790,"""GSM3083531""",REMOVE
GSE112790,"""GSM3083532""",REMOVE
GSE112790,"""GSM3083533""",REMOVE
GSE112790,"""GSM3083534""",REMOVE
GSE112790,"""GSM3083535""",REMOVE
GSE112790,"""GSM3083536""",REMOVE
GSE112790,"""GSM3083537""",REMOVE
GSE112790,"""GSM3083538""",REMOVE
GSE112790,"""GSM3083539""",REMOVE
GSE112790,"""GSM3083540""",REMOVE
GSE112790,"""GSM3083541""",REMOVE
GSE112790,"""GSM3083542""",REMOVE
GSE112790,"""GSM3083543""",REMOVE
GSE112790,"""GSM3083544""",REMOVE
GSE112790,"""GSM3083545""",REMOVE
GSE112790,"""GSM3083546""",REMOVE
GSE112790,"""GSM3083547""",REMOVE
GSE112790,"""GSM3083548""",REMOVE
GSE112790,"""GSM3083549""",REMOVE
GSE112790,"""GSM3083550""",REMOVE
GSE112790,"""GSM3083551""",REMOVE
GSE112790,"""GSM3083552""",REMOVE
GSE112790,"""GSM3083553""",REMOVE
GSE112790,"""GSM3083554""",REMOVE
GSE112790,"""GSM3083555""",REMOVE
GSE112790,"""GSM3083556""",REMOVE
GSE112790,"""GSM3083557""",REMOVE
GSE112790,"""GSM3083558""",REMOVE
GSE112790,"""GSM3083559""",REMOVE
GSE112790,"""GSM3083560""",REMOVE
GSE112790,"""GSM3083561""",REMOVE
GSE112790,"""GSM3083562""",REMOVE
GSE112790,"""GSM3083563""",REMOVE
GSE112790,"""GSM3083564""",REMOVE
GSE112790,"""GSM3083565""",REMOVE
GSE112790,"""GSM3083566""",REMOVE
GSE112790,"""GSM3083567""",REMOVE
GSE112790,"""GSM3083568""",REMOVE
GSE112790,"""GSM3083569""",REMOVE
GSE112790,"""GSM3083570""",REMOVE
GSE112790,"""GSM3083571""",REMOVE
GSE112790,"""GSM3083572""",REMOVE
GSE112790,"""GSM3083573""",REMOVE
GSE112790,"""GSM3083574""",REMOVE
GSE112790,"""GSM3083575""",REMOVE
GSE112790,"""GSM3083576""",REMOVE
GSE112790,"""GSM3083577""",REMOVE
GSE112790,"""GSM3083578""",REMOVE
GSE112790,"""GSM3083579""",REMOVE
GSE112790,"""GSM3083580""",REMOVE
GSE112790,"""GSM3083581""",REMOVE
GSE112790,"""GSM3083582""",REMOVE
GSE112790,"""GSM3083583""",REMOVE
GSE112790,"""GSM3083584""",REMOVE
GSE112790,"""GSM3083585""",REMOVE
GSE112790,"""GSM3083586""",REMOVE
GSE112790,"""GSM3083587""",REMOVE
GSE112790,"""GSM3083588""",REMOVE
GSE112790,"""GSM3083589""",REMOVE
GSE112790,"""GSM3083590""",REMOVE
GSE112790,"""GSM3083591""",REMOVE
GSE112790,"""GSM3083592""",REMOVE
GSE112790,"""GSM3083593""",REMOVE
GSE112790,"""GSM3083594""",REMOVE
GSE112790,"""GSM3083595""",REMOVE
GSE112790,"""GSM3083596""",REMOVE
GSE112790,"""GSM3083597""",REMOVE
GSE112790,"""GSM3083598""",REMOVE
GSE112790,"""GSM3083599""",REMOVE
GSE112790,"""GSM3083600""",REMOVE
GSE112790,"""GSM3083601""",REMOVE
GSE112790,"""GSM3083602""",REMOVE
GSE112790,"""GSM3083603""",REMOVE
GSE112790,"""GSM3083604""",REMOVE
GSE112790,"""GSM3083605""",REMOVE
GSE112790,"""GSM3083606""",REMOVE
GSE112790,"""GSM3083607""",REMOVE
GSE112790,"""GSM3083608""",REMOVE
GSE112790,"""GSM3083609""",REMOVE
GSE112790,"""GSM3083610""",REMOVE
GSE112790,"""GSM3083611""",REMOVE
GSE112790,"""GSM3083612""",REMOVE
GSE112790,"""GSM3083613""",REMOVE
GSE112790,"""GSM3083614""",REMOVE
GSE112790,"""GSM3083615""",REMOVE
GSE112790,"""GSM3083616""",REMOVE
GSE112790,"""GSM3083617""",REMOVE
GSE112790,"""GSM3083618""",REMOVE
GSE112790,"""GSM3083619""",REMOVE
GSE112790,"""GSM3083620""",REMOVE
GSE112790,"""GSM3083621""",REMOVE
GSE112790,"""GSM3083622""",REMOVE
GSE112790,"""GSM3083623""",REMOVE
GSE112790,"""GSM3083624""",REMOVE
GSE112790,"""GSM3083625""",REMOVE
GSE112790,"""GSM3083626""",REMOVE
GSE112790,"""GSM3083627""",REMOVE
GSE112790,"""GSM3083628""",REMOVE
GSE112790,"""GSM3083629""",REMOVE
GSE112790,"""GSM3083630""",REMOVE
GSE112790,"""GSM3083631""",REMOVE
GSE112790,"""GSM3083632""",REMOVE
GSE112790,"""GSM3083633""",REMOVE
GSE112790,"""GSM3083634""",REMOVE
GSE112790,"""GSM3083635""",REMOVE
GSE112790,"""GSM3083636""",REMOVE
GSE112790,"""GSM3083637""",REMOVE
GSE112790,"""GSM3083638""",REMOVE
GSE112790,"""GSM3083639""",REMOVE
GSE112790,"""GSM3083640""",REMOVE
GSE112790,"""GSM3083641""",REMOVE
GSE112790,"""GSM3083642""",REMOVE
GSE112790,"""GSM3083643""",REMOVE
GSE112790,"""GSM3083644""",REMOVE
GSE112790,"""GSM3083645""",REMOVE
GSE112790,"""GSM3083646""",REMOVE
GSE112790,"""GSM3083647""",REMOVE
GSE112790,"""GSM3083648""",REMOVE
GSE112790,"""GSM3083649""",REMOVE
GSE112790,"""GSM3083650""",KEEP
GSE112790,"""GSM3083651""",KEEP
GSE112790,"""GSM3083652""",KEEP
GSE112790,"""GSM3083653""",KEEP
GSE112790,"""GSM3083654""",KEEP
GSE112790,"""GSM3083655""",KEEP
GSE112790,"""GSM3083656""",KEEP
GSE112790,"""GSM3083657""",KEEP
GSE112790,"""GSM3083658""",KEEP
GSE112790,"""GSM3083659""",KEEP
GSE112790,"""GSM3083660""",KEEP
GSE112790,"""GSM3083661""",KEEP
GSE112790,"""GSM3083662""",KEEP
GSE112790,"""GSM3083663""",KEEP
GSE112790,"""GSM3083664""",KEEP
GSE112790,"""GSM3083665""",KEEP
GSE112790,"""GSM3083666""",KEEP
GSE112790,"""GSM3083667""",KEEP
GSE112790,"""GSM3083668""",KEEP
GSE112790,"""GSM3083669""",KEEP
GSE112790,"""GSM3083670""",KEEP
GSE112790,"""GSM3083671""",KEEP
GSE112790,"""GSM3083672""",KEEP
GSE112790,"""GSM3083673""",KEEP
GSE112790,"""GSM3083674""",KEEP
GSE112790,"""GSM3083675""",KEEP
GSE112790,"""GSM3083676""",KEEP
GSE112790,"""GSM3083677""",KEEP
GSE112790,"""GSM3083678""",KEEP
GSE112790,"""GSM3083679""",KEEP
GSE112790,"""GSM3083680""",KEEP
GSE112790,"""GSM3083681""",REMOVE
GSE112790,"""GSM3083682""",REMOVE
GSE112790,"""GSM3083683""",REMOVE
GSE112790,"""GSM3083684""",REMOVE
GSE112790,"""GSM3083685""",REMOVE
GSE112790,"""GSM3083686""",REMOVE
GSE112790,"""GSM3083687""",REMOVE
GSE112790,"""GSM3083688""",REMOVE
GSE112790,"""GSM3083689""",REMOVE
GSE112790,"""GSM3083690""",REMOVE
GSE112790,"""GSM3083691""",REMOVE
GSE112790,"""GSM3083692""",REMOVE
GSE112790,"""GSM3083693""",REMOVE
GSE112790,"""GSM3083694""",REMOVE
GSE112790,"""GSM3083695""",REMOVE
GSE112790,"""GSM3083696""",REMOVE
GSE112790,"""GSM3083697""",REMOVE
GSE112790,"""GSM3083698""",REMOVE
GSE112790,"""GSM3083699""",REMOVE
GSE112790,"""GSM3083700""",REMOVE
GSE112790,"""GSM3083701""",REMOVE
GSE112790,"""GSM3083702""",REMOVE
GSE112790,"""GSM3083703""",REMOVE
GSE112790,"""GSM3083704""",REMOVE
GSE112790,"""GSM3083705""",REMOVE
GSE112790,"""GSM3083706""",REMOVE
GSE112790,"""GSM3083707""",REMOVE
GSE112790,"""GSM3083708""",REMOVE
GSE112790,"""GSM3083709""",REMOVE
GSE1141,"""GSM19135""",KEEP
GSE1141,"""GSM19137""",KEEP
GSE1141,"""GSM19138""",KEEP
GSE1141,"""GSM19139""",KEEP
GSE1141,"""GSM19140""",KEEP
GSE1141,"""GSM19141""",KEEP
GSE11440,"""GSM288491""",KEEP
GSE11440,"""GSM288497""",REMOVE
GSE11440,"""GSM288499""",KEEP
GSE11440,"""GSM288501""",KEEP
GSE11440,"""GSM288502""",KEEP
GSE11440,"""GSM288536""",KEEP
GSE11499,"""GSM289244""",KEEP
GSE11499,"""GSM289245""",KEEP
GSE11499,"""GSM289246""",KEEP
GSE11499,"""GSM289247""",KEEP
GSE11499,"""GSM289248""",KEEP
GSE11499,"""GSM289249""",KEEP
GSE11499,"""GSM289250""",KEEP
GSE11499,"""GSM289251""",KEEP
GSE11499,"""GSM289252""",KEEP
GSE11499,"""GSM289253""",KEEP
GSE11499,"""GSM289254""",KEEP
GSE11618,"""GSM294802""",KEEP
GSE11618,"""GSM294803""",KEEP
GSE11618,"""GSM294804""",KEEP
GSE11618,"""GSM294805""",KEEP
GSE11618,"""GSM294806""",KEEP
GSE11618,"""GSM294807""",KEEP
GSE11618,"""GSM294808""",KEEP
GSE11618,"""GSM294809""",KEEP
GSE11618,"""GSM294810""",KEEP
GSE11618,"""GSM294811""",KEEP
GSE11618,"""GSM294812""",KEEP
GSE11618,"""GSM294813""",KEEP
GSE11618,"""GSM294814""",KEEP
GSE11618,"""GSM294815""",KEEP
GSE11618,"""GSM294816""",KEEP
GSE11618,"""GSM294817""",KEEP
GSE11618,"""GSM294818""",KEEP
GSE11618,"""GSM294819""",KEEP
GSE116528,"""GSM3242308""",KEEP
GSE116528,"""GSM3242309""",KEEP
GSE116528,"""GSM3242310""",KEEP
GSE116528,"""GSM3242311""",KEEP
GSE116528,"""GSM3242312""",KEEP
GSE116528,"""GSM3242313""",KEEP
GSE116528,"""GSM3242314""",KEEP
GSE116528,"""GSM3242315""",KEEP
GSE116528,"""GSM3242316""",KEEP
GSE116528,"""GSM3242317""",KEEP
GSE116528,"""GSM3242318""",KEEP
GSE116528,"""GSM3242319""",KEEP
GSE117548,"""GSM3302864""",KEEP
GSE117548,"""GSM3302865""",KEEP
GSE117548,"""GSM3302866""",KEEP
GSE117548,"""GSM3302867""",KEEP
GSE117548,"""GSM3302868""",KEEP
GSE117548,"""GSM3302869""",KEEP
GSE117548,"""GSM3302870""",KEEP
GSE117548,"""GSM3302871""",KEEP
GSE117548,"""GSM3302872""",KEEP
GSE117548,"""GSM3302873""",KEEP
GSE117548,"""GSM3302874""",KEEP
GSE117548,"""GSM3302875""",KEEP
GSE117548,"""GSM3302876""",KEEP
GSE117548,"""GSM3302877""",KEEP
GSE117548,"""GSM3302878""",KEEP
GSE117548,"""GSM3302879""",KEEP
GSE117548,"""GSM3302880""",KEEP
GSE117548,"""GSM3302881""",KEEP
GSE117548,"""GSM3302882""",KEEP
GSE117548,"""GSM3302883""",KEEP
GSE117548,"""GSM3302884""",KEEP
GSE117548,"""GSM3302885""",KEEP
GSE117548,"""GSM3302886""",KEEP
GSE117548,"""GSM3302887""",KEEP
GSE117548,"""GSM3302888""",KEEP
GSE11812,"""GSM298625""",KEEP
GSE11812,"""GSM298626""",KEEP
GSE11812,"""GSM298627""",KEEP
GSE11812,"""GSM298628""",KEEP
GSE11812,"""GSM298629""",KEEP
GSE11812,"""GSM298630""",KEEP
GSE11812,"""GSM298631""",KEEP
GSE11812,"""GSM298632""",KEEP
GSE11812,"""GSM298633""",KEEP
GSE11812,"""GSM298634""",KEEP
GSE11812,"""GSM298635""",KEEP
GSE11812,"""GSM298636""",KEEP
GSE11812,"""GSM298637""",KEEP
GSE11812,"""GSM298638""",KEEP
GSE11812,"""GSM298639""",KEEP
GSE11812,"""GSM298640""",KEEP
GSE11812,"""GSM298641""",KEEP
GSE11812,"""GSM298642""",KEEP
GSE11812,"""GSM298643""",KEEP
GSE11812,"""GSM298644""",KEEP
GSE11812,"""GSM298645""",KEEP
GSE11812,"""GSM298646""",KEEP
GSE11812,"""GSM298647""",KEEP
GSE11812,"""GSM298648""",KEEP
GSE11812,"""GSM298649""",KEEP
GSE11812,"""GSM298650""",KEEP
GSE11812,"""GSM298651""",KEEP
GSE11812,"""GSM298652""",KEEP
GSE11812,"""GSM298653""",KEEP
GSE11812,"""GSM299572""",KEEP
GSE11831,"""GSM298776""",KEEP
GSE11831,"""GSM298778""",KEEP
GSE11831,"""GSM298782""",KEEP
GSE11831,"""GSM298789""",KEEP
GSE11831,"""GSM298798""",KEEP
GSE11831,"""GSM298947""",KEEP
GSE11831,"""GSM298948""",KEEP
GSE11831,"""GSM298950""",KEEP
GSE11831,"""GSM298951""",KEEP
GSE11831,"""GSM298952""",KEEP
GSE11831,"""GSM298953""",KEEP
GSE11831,"""GSM298956""",KEEP
GSE11831,"""GSM298958""",KEEP
GSE11831,"""GSM298961""",KEEP
GSE11831,"""GSM298962""",KEEP
GSE11831,"""GSM298964""",KEEP
GSE11831,"""GSM298967""",KEEP
GSE11940,"""GSM301588""",KEEP
GSE11940,"""GSM301589""",KEEP
GSE11940,"""GSM301590""",KEEP
GSE11940,"""GSM301591""",KEEP
GSE11940,"""GSM301592""",KEEP
GSE11940,"""GSM301593""",REMOVE
GSE11940,"""GSM301594""",KEEP
GSE11940,"""GSM301595""",KEEP
GSE11940,"""GSM301596""",KEEP
GSE11940,"""GSM301597""",KEEP
GSE119409,"""GSM3374350""",KEEP
GSE119409,"""GSM3374351""",KEEP
GSE119409,"""GSM3374352""",KEEP
GSE119409,"""GSM3374353""",KEEP
GSE119409,"""GSM3374354""",KEEP
GSE119409,"""GSM3374355""",KEEP
GSE119409,"""GSM3374356""",KEEP
GSE119409,"""GSM3374357""",KEEP
GSE119409,"""GSM3374358""",KEEP
GSE119409,"""GSM3374359""",KEEP
GSE119409,"""GSM3374360""",KEEP
GSE119409,"""GSM3374361""",KEEP
GSE119409,"""GSM3374362""",KEEP
GSE119409,"""GSM3374363""",KEEP
GSE119409,"""GSM3374364""",KEEP
GSE119409,"""GSM3374365""",KEEP
GSE119409,"""GSM3374366""",KEEP
GSE119409,"""GSM3374367""",KEEP
GSE119409,"""GSM3374368""",KEEP
GSE119409,"""GSM3374369""",KEEP
GSE119409,"""GSM3374370""",KEEP
GSE119409,"""GSM3374371""",KEEP
GSE119409,"""GSM3374372""",KEEP
GSE119409,"""GSM3374373""",KEEP
GSE119409,"""GSM3374374""",KEEP
GSE119409,"""GSM3374375""",KEEP
GSE119409,"""GSM3374376""",KEEP
GSE119409,"""GSM3374377""",KEEP
GSE119409,"""GSM3374378""",KEEP
GSE119409,"""GSM3374379""",KEEP
GSE119409,"""GSM3374380""",KEEP
GSE119409,"""GSM3374381""",KEEP
GSE119409,"""GSM3374382""",KEEP
GSE119409,"""GSM3374383""",KEEP
GSE119409,"""GSM3374384""",KEEP
GSE119409,"""GSM3374385""",KEEP
GSE119409,"""GSM3374386""",KEEP
GSE119409,"""GSM3374387""",KEEP
GSE119409,"""GSM3374388""",KEEP
GSE119409,"""GSM3374389""",KEEP
GSE119409,"""GSM3374390""",KEEP
GSE119409,"""GSM3374391""",KEEP
GSE119409,"""GSM3374392""",KEEP
GSE119409,"""GSM3374393""",KEEP
GSE119409,"""GSM3374394""",KEEP
GSE119409,"""GSM3374395""",KEEP
GSE119409,"""GSM3374396""",KEEP
GSE119409,"""GSM3374397""",KEEP
GSE119409,"""GSM3374398""",KEEP
GSE119409,"""GSM3374399""",KEEP
GSE119409,"""GSM3374400""",KEEP
GSE119409,"""GSM3374401""",KEEP
GSE119409,"""GSM3374402""",KEEP
GSE119409,"""GSM3374403""",KEEP
GSE119409,"""GSM3374404""",KEEP
GSE119409,"""GSM3374405""",KEEP
GSE119409,"""GSM3374406""",KEEP
GSE119409,"""GSM3374407""",KEEP
GSE119409,"""GSM3374408""",KEEP
GSE119409,"""GSM3374409""",KEEP
GSE119409,"""GSM3374410""",KEEP
GSE119409,"""GSM3374411""",KEEP
GSE119409,"""GSM3374412""",KEEP
GSE119409,"""GSM3374413""",KEEP
GSE119409,"""GSM3374414""",KEEP
GSE119409,"""GSM3374415""",KEEP
GSE11941,"""GSM301599""",KEEP
GSE11941,"""GSM301600""",KEEP
GSE11941,"""GSM301601""",KEEP
GSE11941,"""GSM301602""",KEEP
GSE11941,"""GSM301603""",KEEP
GSE11941,"""GSM301604""",KEEP
GSE11941,"""GSM301605""",KEEP
GSE11941,"""GSM301606""",KEEP
GSE11942,"""GSM301588""",REMOVE
GSE11942,"""GSM301589""",REMOVE
GSE11942,"""GSM301590""",REMOVE
GSE11942,"""GSM301591""",REMOVE
GSE11942,"""GSM301592""",REMOVE
GSE11942,"""GSM301593""",REMOVE
GSE11942,"""GSM301594""",REMOVE
GSE11942,"""GSM301595""",REMOVE
GSE11942,"""GSM301596""",REMOVE
GSE11942,"""GSM301597""",REMOVE
GSE11942,"""GSM301599""",REMOVE
GSE11942,"""GSM301600""",REMOVE
GSE11942,"""GSM301601""",REMOVE
GSE11942,"""GSM301602""",REMOVE
GSE11942,"""GSM301603""",REMOVE
GSE11942,"""GSM301604""",REMOVE
GSE11942,"""GSM301605""",REMOVE
GSE11942,"""GSM301606""",REMOVE
GSE12034,"""GSM304260""",KEEP
GSE12034,"""GSM304261""",KEEP
GSE12034,"""GSM304262""",KEEP
GSE12034,"""GSM304263""",KEEP
GSE12034,"""GSM304264""",KEEP
GSE12034,"""GSM304265""",KEEP
GSE124069,"""GSM3520005""",KEEP
GSE124069,"""GSM3520006""",KEEP
GSE124069,"""GSM3520007""",KEEP
GSE124069,"""GSM3520008""",KEEP
GSE124069,"""GSM3520009""",KEEP
GSE124069,"""GSM3520010""",KEEP
GSE124069,"""GSM3520011""",KEEP
GSE124069,"""GSM3520012""",KEEP
GSE124069,"""GSM3520013""",KEEP
GSE124069,"""GSM3520014""",KEEP
GSE124069,"""GSM3520015""",KEEP
GSE124069,"""GSM3520016""",KEEP
GSE124069,"""GSM3520017""",KEEP
GSE124069,"""GSM3520018""",KEEP
GSE124069,"""GSM3520019""",KEEP
GSE124069,"""GSM3520020""",KEEP
GSE124069,"""GSM3520021""",KEEP
GSE124069,"""GSM3520022""",KEEP
GSE124069,"""GSM3520023""",KEEP
GSE124069,"""GSM3520024""",KEEP
GSE124069,"""GSM3520025""",KEEP
GSE124069,"""GSM3520026""",KEEP
GSE124069,"""GSM3520027""",KEEP
GSE124069,"""GSM3520028""",KEEP
GSE124069,"""GSM3520029""",KEEP
GSE124069,"""GSM3520030""",KEEP
GSE124069,"""GSM3520031""",KEEP
GSE124069,"""GSM3520032""",KEEP
GSE124069,"""GSM3520033""",KEEP
GSE124069,"""GSM3520034""",KEEP
GSE124347,"""GSM3530220""",KEEP
GSE124347,"""GSM3530221""",KEEP
GSE124347,"""GSM3530222""",KEEP
GSE124347,"""GSM3530223""",KEEP
GSE124347,"""GSM3530224""",KEEP
GSE124347,"""GSM3530225""",KEEP
GSE124347,"""GSM3530226""",KEEP
GSE124347,"""GSM3530227""",KEEP
GSE124347,"""GSM3530228""",KEEP
GSE124347,"""GSM3530229""",KEEP
GSE124347,"""GSM3530230""",KEEP
GSE124347,"""GSM3530231""",KEEP
GSE124347,"""GSM3530232""",KEEP
GSE124347,"""GSM3530233""",KEEP
GSE124347,"""GSM3530234""",KEEP
GSE124347,"""GSM3530235""",KEEP
GSE124347,"""GSM3530236""",KEEP
GSE124347,"""GSM3530237""",KEEP
GSE124347,"""GSM3530238""",KEEP
GSE124347,"""GSM3530239""",KEEP
GSE124347,"""GSM3530240""",KEEP
GSE124347,"""GSM3530241""",KEEP
GSE124347,"""GSM3530242""",KEEP
GSE124347,"""GSM3530243""",KEEP
GSE124347,"""GSM3530244""",KEEP
GSE124347,"""GSM3530245""",KEEP
GSE124347,"""GSM3530246""",KEEP
GSE124347,"""GSM3530247""",KEEP
GSE124347,"""GSM3530248""",KEEP
GSE124347,"""GSM3530249""",KEEP
GSE124347,"""GSM3530250""",KEEP
GSE124347,"""GSM3530251""",KEEP
GSE124347,"""GSM3530252""",KEEP
GSE124347,"""GSM3530253""",KEEP
GSE124347,"""GSM3530254""",KEEP
GSE124347,"""GSM3530255""",KEEP
GSE124347,"""GSM3530256""",KEEP
GSE124347,"""GSM3530257""",KEEP
GSE124347,"""GSM3530258""",KEEP
GSE124347,"""GSM3530259""",KEEP
GSE124347,"""GSM3530260""",KEEP
GSE124347,"""GSM3530261""",KEEP
GSE13059,"""GSM327202""",KEEP
GSE13059,"""GSM327203""",KEEP
GSE13059,"""GSM327204""",KEEP
GSE13059,"""GSM327205""",KEEP
GSE13059,"""GSM327206""",KEEP
GSE13059,"""GSM327207""",KEEP
GSE13059,"""GSM327208""",KEEP
GSE13059,"""GSM327209""",KEEP
GSE13059,"""GSM327210""",KEEP
GSE13059,"""GSM327211""",KEEP
GSE13059,"""GSM327212""",KEEP
GSE13059,"""GSM327213""",KEEP
GSE13059,"""GSM327214""",KEEP
GSE13059,"""GSM327215""",KEEP
GSE13059,"""GSM327216""",KEEP
GSE13059,"""GSM327217""",KEEP
GSE13059,"""GSM327218""",KEEP
GSE13059,"""GSM327219""",KEEP
GSE13059,"""GSM327220""",KEEP
GSE13059,"""GSM327221""",KEEP
GSE13059,"""GSM327222""",KEEP
GSE13059,"""GSM327223""",KEEP
GSE13059,"""GSM327224""",KEEP
GSE13059,"""GSM327225""",KEEP
GSE13059,"""GSM327226""",KEEP
GSE13059,"""GSM327227""",KEEP
GSE13059,"""GSM327228""",KEEP
GSE13059,"""GSM327229""",KEEP
GSE13059,"""GSM327230""",KEEP
GSE13059,"""GSM327231""",KEEP
GSE13067,"""GSM327282""",KEEP
GSE13067,"""GSM327283""",KEEP
GSE13067,"""GSM327284""",KEEP
GSE13067,"""GSM327285""",KEEP
GSE13067,"""GSM327286""",KEEP
GSE13067,"""GSM327287""",KEEP
GSE13067,"""GSM327288""",KEEP
GSE13067,"""GSM327289""",KEEP
GSE13067,"""GSM327290""",KEEP
GSE13067,"""GSM327291""",KEEP
GSE13067,"""GSM327292""",KEEP
GSE13067,"""GSM327293""",KEEP
GSE13067,"""GSM327294""",KEEP
GSE13067,"""GSM327295""",KEEP
GSE13067,"""GSM327296""",KEEP
GSE13067,"""GSM327297""",KEEP
GSE13067,"""GSM327298""",KEEP
GSE13067,"""GSM327299""",KEEP
GSE13067,"""GSM327300""",KEEP
GSE13067,"""GSM327301""",KEEP
GSE13067,"""GSM327302""",KEEP
GSE13067,"""GSM327303""",KEEP
GSE13067,"""GSM327304""",KEEP
GSE13067,"""GSM327305""",KEEP
GSE13067,"""GSM327306""",KEEP
GSE13067,"""GSM327307""",KEEP
GSE13067,"""GSM327308""",KEEP
GSE13067,"""GSM327309""",KEEP
GSE13067,"""GSM327310""",KEEP
GSE13067,"""GSM327311""",KEEP
GSE13067,"""GSM327312""",KEEP
GSE13067,"""GSM327313""",KEEP
GSE13067,"""GSM327314""",KEEP
GSE13067,"""GSM327315""",KEEP
GSE13067,"""GSM327316""",KEEP
GSE13067,"""GSM327317""",KEEP
GSE13067,"""GSM327318""",KEEP
GSE13067,"""GSM327319""",KEEP
GSE13067,"""GSM327320""",KEEP
GSE13067,"""GSM327321""",KEEP
GSE13067,"""GSM327322""",KEEP
GSE13067,"""GSM327323""",KEEP
GSE13067,"""GSM327324""",KEEP
GSE13067,"""GSM327325""",KEEP
GSE13067,"""GSM327326""",KEEP
GSE13067,"""GSM327327""",KEEP
GSE13067,"""GSM327328""",KEEP
GSE13067,"""GSM327329""",KEEP
GSE13067,"""GSM327330""",KEEP
GSE13067,"""GSM327331""",KEEP
GSE13067,"""GSM327332""",KEEP
GSE13067,"""GSM327333""",KEEP
GSE13067,"""GSM327334""",KEEP
GSE13067,"""GSM327335""",KEEP
GSE13067,"""GSM327336""",KEEP
GSE13067,"""GSM327337""",KEEP
GSE13067,"""GSM327338""",KEEP
GSE13067,"""GSM327339""",KEEP
GSE13067,"""GSM327340""",KEEP
GSE13067,"""GSM327341""",KEEP
GSE13067,"""GSM327342""",KEEP
GSE13067,"""GSM327343""",KEEP
GSE13067,"""GSM327344""",KEEP
GSE13067,"""GSM327345""",KEEP
GSE13067,"""GSM327346""",KEEP
GSE13067,"""GSM327347""",KEEP
GSE13067,"""GSM327348""",KEEP
GSE13067,"""GSM327349""",KEEP
GSE13067,"""GSM327350""",KEEP
GSE13067,"""GSM327351""",KEEP
GSE13067,"""GSM327352""",KEEP
GSE13067,"""GSM327353""",KEEP
GSE13067,"""GSM327354""",KEEP
GSE13067,"""GSM327355""",KEEP
GSE130750,"""GSM3753011""",KEEP
GSE130750,"""GSM3753012""",KEEP
GSE130750,"""GSM3753013""",KEEP
GSE130750,"""GSM3753014""",KEEP
GSE130750,"""GSM3753015""",KEEP
GSE130750,"""GSM3753016""",KEEP
GSE131027,"""GSM3759992""",KEEP
GSE131027,"""GSM3759993""",KEEP
GSE131027,"""GSM3759994""",KEEP
GSE131027,"""GSM3759995""",KEEP
GSE131027,"""GSM3759996""",KEEP
GSE131027,"""GSM3759997""",KEEP
GSE131027,"""GSM3759998""",KEEP
GSE131027,"""GSM3759999""",KEEP
GSE131027,"""GSM3760000""",KEEP
GSE131027,"""GSM3760001""",KEEP
GSE131027,"""GSM3760002""",KEEP
GSE131027,"""GSM3760003""",KEEP
GSE131027,"""GSM3760004""",KEEP
GSE131027,"""GSM3760005""",KEEP
GSE131027,"""GSM3760006""",KEEP
GSE131027,"""GSM3760007""",KEEP
GSE131027,"""GSM3760008""",KEEP
GSE131027,"""GSM3760009""",KEEP
GSE131027,"""GSM3760010""",KEEP
GSE131027,"""GSM3760011""",KEEP
GSE131027,"""GSM3760012""",KEEP
GSE131027,"""GSM3760013""",KEEP
GSE131027,"""GSM3760014""",KEEP
GSE131027,"""GSM3760015""",KEEP
GSE131027,"""GSM3760016""",KEEP
GSE131027,"""GSM3760017""",KEEP
GSE131027,"""GSM3760018""",KEEP
GSE131027,"""GSM3760019""",KEEP
GSE131027,"""GSM3760020""",KEEP
GSE131027,"""GSM3760021""",KEEP
GSE131027,"""GSM3760022""",KEEP
GSE131027,"""GSM3760023""",KEEP
GSE131027,"""GSM3760024""",KEEP
GSE131027,"""GSM3760025""",KEEP
GSE131027,"""GSM3760026""",KEEP
GSE131027,"""GSM3760027""",KEEP
GSE131027,"""GSM3760028""",KEEP
GSE131027,"""GSM3760029""",KEEP
GSE131027,"""GSM3760030""",KEEP
GSE131027,"""GSM3760031""",KEEP
GSE131027,"""GSM3760032""",KEEP
GSE131027,"""GSM3760033""",KEEP
GSE131027,"""GSM3760034""",KEEP
GSE131027,"""GSM3760035""",KEEP
GSE131027,"""GSM3760036""",KEEP
GSE131027,"""GSM3760037""",KEEP
GSE131027,"""GSM3760038""",KEEP
GSE131027,"""GSM3760039""",KEEP
GSE131027,"""GSM3760040""",KEEP
GSE131027,"""GSM3760041""",KEEP
GSE131027,"""GSM3760042""",KEEP
GSE131027,"""GSM3760043""",KEEP
GSE131027,"""GSM3760044""",KEEP
GSE131027,"""GSM3760045""",KEEP
GSE131027,"""GSM3760046""",KEEP
GSE131027,"""GSM3760047""",KEEP
GSE131027,"""GSM3760048""",KEEP
GSE131027,"""GSM3760049""",KEEP
GSE131027,"""GSM3760050""",KEEP
GSE131027,"""GSM3760051""",KEEP
GSE131027,"""GSM3760052""",KEEP
GSE131027,"""GSM3760053""",KEEP
GSE131027,"""GSM3760054""",KEEP
GSE131027,"""GSM3760055""",KEEP
GSE131027,"""GSM3760056""",KEEP
GSE131027,"""GSM3760057""",KEEP
GSE131027,"""GSM3760058""",KEEP
GSE131027,"""GSM3760059""",KEEP
GSE131027,"""GSM3760060""",KEEP
GSE131027,"""GSM3760061""",KEEP
GSE131027,"""GSM3760062""",KEEP
GSE131027,"""GSM3760063""",KEEP
GSE131027,"""GSM3760064""",KEEP
GSE131027,"""GSM3760065""",KEEP
GSE131027,"""GSM3760066""",KEEP
GSE131027,"""GSM3760067""",KEEP
GSE131027,"""GSM3760068""",KEEP
GSE131027,"""GSM3760069""",KEEP
GSE131027,"""GSM3760070""",KEEP
GSE131027,"""GSM3760071""",KEEP
GSE131027,"""GSM3760072""",KEEP
GSE131027,"""GSM3760073""",KEEP
GSE131027,"""GSM3760074""",KEEP
GSE131027,"""GSM3760075""",KEEP
GSE131027,"""GSM3760076""",KEEP
GSE131027,"""GSM3760077""",KEEP
GSE131027,"""GSM3760078""",KEEP
GSE131027,"""GSM3760079""",KEEP
GSE131027,"""GSM3760080""",KEEP
GSE131027,"""GSM3760081""",KEEP
GSE131027,"""GSM3760082""",KEEP
GSE131027,"""GSM3760083""",KEEP
GSE1323,"""GSM21712""",KEEP
GSE1323,"""GSM21713""",KEEP
GSE1323,"""GSM21714""",KEEP
GSE1323,"""GSM21715""",KEEP
GSE1323,"""GSM21716""",KEEP
GSE1323,"""GSM21718""",KEEP
GSE132542,"""GSM3874335""",KEEP
GSE132542,"""GSM3874336""",KEEP
GSE132542,"""GSM3874337""",KEEP
GSE132542,"""GSM3874338""",KEEP
GSE132542,"""GSM3874339""",KEEP
GSE132542,"""GSM3874340""",KEEP
GSE132542,"""GSM3874341""",KEEP
GSE132542,"""GSM3874342""",KEEP
GSE132542,"""GSM3874343""",KEEP
GSE132542,"""GSM3874344""",KEEP
GSE132542,"""GSM3874345""",KEEP
GSE132542,"""GSM3874346""",KEEP
GSE132542,"""GSM3874347""",KEEP
GSE132542,"""GSM3874348""",KEEP
GSE132542,"""GSM3874349""",KEEP
GSE132542,"""GSM3874350""",KEEP
GSE132542,"""GSM3874351""",KEEP
GSE132542,"""GSM3874352""",KEEP
GSE132542,"""GSM3874353""",KEEP
GSE132542,"""GSM3874354""",KEEP
GSE132542,"""GSM3874355""",KEEP
GSE132542,"""GSM3874356""",KEEP
GSE132542,"""GSM3874357""",KEEP
GSE132542,"""GSM3874358""",KEEP
GSE132542,"""GSM3874359""",KEEP
GSE132542,"""GSM3874360""",KEEP
GSE132542,"""GSM3874361""",KEEP
GSE132542,"""GSM3874362""",KEEP
GSE132542,"""GSM3874363""",KEEP
GSE13294,"""GSM335510""",KEEP
GSE13294,"""GSM335511""",KEEP
GSE13294,"""GSM335512""",KEEP
GSE13294,"""GSM335513""",KEEP
GSE13294,"""GSM335514""",KEEP
GSE13294,"""GSM335515""",KEEP
GSE13294,"""GSM335516""",KEEP
GSE13294,"""GSM335517""",KEEP
GSE13294,"""GSM335518""",KEEP
GSE13294,"""GSM335519""",KEEP
GSE13294,"""GSM335520""",KEEP
GSE13294,"""GSM335521""",KEEP
GSE13294,"""GSM335522""",KEEP
GSE13294,"""GSM335523""",KEEP
GSE13294,"""GSM335524""",KEEP
GSE13294,"""GSM335525""",KEEP
GSE13294,"""GSM335526""",KEEP
GSE13294,"""GSM335527""",KEEP
GSE13294,"""GSM335528""",KEEP
GSE13294,"""GSM335529""",KEEP
GSE13294,"""GSM335530""",KEEP
GSE13294,"""GSM335531""",KEEP
GSE13294,"""GSM335532""",KEEP
GSE13294,"""GSM335533""",KEEP
GSE13294,"""GSM335534""",KEEP
GSE13294,"""GSM335535""",KEEP
GSE13294,"""GSM335536""",KEEP
GSE13294,"""GSM335537""",KEEP
GSE13294,"""GSM335538""",KEEP
GSE13294,"""GSM335539""",KEEP
GSE13294,"""GSM335540""",KEEP
GSE13294,"""GSM335541""",KEEP
GSE13294,"""GSM335542""",KEEP
GSE13294,"""GSM335543""",KEEP
GSE13294,"""GSM335544""",KEEP
GSE13294,"""GSM335545""",KEEP
GSE13294,"""GSM335546""",KEEP
GSE13294,"""GSM335547""",KEEP
GSE13294,"""GSM335548""",KEEP
GSE13294,"""GSM335549""",KEEP
GSE13294,"""GSM335550""",KEEP
GSE13294,"""GSM335551""",KEEP
GSE13294,"""GSM335552""",KEEP
GSE13294,"""GSM335553""",KEEP
GSE13294,"""GSM335554""",KEEP
GSE13294,"""GSM335555""",KEEP
GSE13294,"""GSM335556""",KEEP
GSE13294,"""GSM335557""",KEEP
GSE13294,"""GSM335558""",KEEP
GSE13294,"""GSM335559""",KEEP
GSE13294,"""GSM335560""",KEEP
GSE13294,"""GSM335561""",KEEP
GSE13294,"""GSM335562""",KEEP
GSE13294,"""GSM335563""",KEEP
GSE13294,"""GSM335564""",KEEP
GSE13294,"""GSM335565""",KEEP
GSE13294,"""GSM335566""",KEEP
GSE13294,"""GSM335567""",KEEP
GSE13294,"""GSM335568""",KEEP
GSE13294,"""GSM335569""",KEEP
GSE13294,"""GSM335570""",KEEP
GSE13294,"""GSM335571""",KEEP
GSE13294,"""GSM335572""",KEEP
GSE13294,"""GSM335573""",KEEP
GSE13294,"""GSM335574""",KEEP
GSE13294,"""GSM335575""",KEEP
GSE13294,"""GSM335576""",KEEP
GSE13294,"""GSM335577""",KEEP
GSE13294,"""GSM335578""",KEEP
GSE13294,"""GSM335579""",KEEP
GSE13294,"""GSM335580""",KEEP
GSE13294,"""GSM335581""",KEEP
GSE13294,"""GSM335582""",KEEP
GSE13294,"""GSM335583""",KEEP
GSE13294,"""GSM335584""",KEEP
GSE13294,"""GSM335585""",KEEP
GSE13294,"""GSM335586""",KEEP
GSE13294,"""GSM335587""",KEEP
GSE13294,"""GSM335588""",KEEP
GSE13294,"""GSM335589""",KEEP
GSE13294,"""GSM335590""",KEEP
GSE13294,"""GSM335591""",KEEP
GSE13294,"""GSM335592""",KEEP
GSE13294,"""GSM335593""",KEEP
GSE13294,"""GSM335594""",KEEP
GSE13294,"""GSM335595""",KEEP
GSE13294,"""GSM335596""",KEEP
GSE13294,"""GSM335597""",KEEP
GSE13294,"""GSM335598""",KEEP
GSE13294,"""GSM335599""",KEEP
GSE13294,"""GSM335600""",KEEP
GSE13294,"""GSM335601""",KEEP
GSE13294,"""GSM335602""",KEEP
GSE13294,"""GSM335603""",KEEP
GSE13294,"""GSM335604""",KEEP
GSE13294,"""GSM335605""",KEEP
GSE13294,"""GSM335606""",KEEP
GSE13294,"""GSM335607""",KEEP
GSE13294,"""GSM335608""",KEEP
GSE13294,"""GSM335609""",KEEP
GSE13294,"""GSM335610""",KEEP
GSE13294,"""GSM335611""",KEEP
GSE13294,"""GSM335612""",KEEP
GSE13294,"""GSM335613""",KEEP
GSE13294,"""GSM335614""",KEEP
GSE13294,"""GSM335615""",KEEP
GSE13294,"""GSM335616""",KEEP
GSE13294,"""GSM335617""",KEEP
GSE13294,"""GSM335618""",KEEP
GSE13294,"""GSM335619""",KEEP
GSE13294,"""GSM335620""",KEEP
GSE13294,"""GSM335621""",KEEP
GSE13294,"""GSM335622""",KEEP
GSE13294,"""GSM335623""",KEEP
GSE13294,"""GSM335624""",KEEP
GSE13294,"""GSM335625""",KEEP
GSE13294,"""GSM335626""",KEEP
GSE13294,"""GSM335627""",KEEP
GSE13294,"""GSM335628""",KEEP
GSE13294,"""GSM335629""",KEEP
GSE13294,"""GSM335630""",KEEP
GSE13294,"""GSM335631""",KEEP
GSE13294,"""GSM335632""",KEEP
GSE13294,"""GSM335633""",KEEP
GSE13294,"""GSM335634""",KEEP
GSE13294,"""GSM335635""",KEEP
GSE13294,"""GSM335636""",KEEP
GSE13294,"""GSM335637""",KEEP
GSE13294,"""GSM335638""",KEEP
GSE13294,"""GSM335639""",KEEP
GSE13294,"""GSM335640""",KEEP
GSE13294,"""GSM335641""",KEEP
GSE13294,"""GSM335642""",KEEP
GSE13294,"""GSM335643""",KEEP
GSE13294,"""GSM335644""",KEEP
GSE13294,"""GSM335645""",KEEP
GSE13294,"""GSM335646""",KEEP
GSE13294,"""GSM335647""",KEEP
GSE13294,"""GSM335648""",KEEP
GSE13294,"""GSM335649""",KEEP
GSE13294,"""GSM335650""",KEEP
GSE13294,"""GSM335651""",KEEP
GSE13294,"""GSM335652""",KEEP
GSE13294,"""GSM335653""",KEEP
GSE13294,"""GSM335654""",KEEP
GSE13294,"""GSM335655""",KEEP
GSE13294,"""GSM335656""",KEEP
GSE13294,"""GSM335657""",KEEP
GSE13294,"""GSM335658""",KEEP
GSE13294,"""GSM335659""",KEEP
GSE13294,"""GSM335660""",KEEP
GSE13294,"""GSM335661""",KEEP
GSE13294,"""GSM335662""",KEEP
GSE13294,"""GSM335663""",KEEP
GSE13294,"""GSM335664""",KEEP
GSE13548,"""GSM341386""",KEEP
GSE13548,"""GSM341387""",KEEP
GSE13548,"""GSM341388""",KEEP
GSE13548,"""GSM341389""",KEEP
GSE13548,"""GSM341390""",KEEP
GSE13548,"""GSM341391""",KEEP
GSE13548,"""GSM341392""",KEEP
GSE13548,"""GSM341393""",KEEP
GSE13548,"""GSM341394""",KEEP
GSE13548,"""GSM341395""",KEEP
GSE13548,"""GSM341396""",KEEP
GSE13548,"""GSM341397""",KEEP
GSE13548,"""GSM341398""",KEEP
GSE13548,"""GSM341399""",KEEP
GSE13548,"""GSM341400""",KEEP
GSE13548,"""GSM341401""",KEEP
GSE13548,"""GSM341402""",KEEP
GSE13548,"""GSM341403""",KEEP
GSE13548,"""GSM341404""",KEEP
GSE13548,"""GSM341405""",KEEP
GSE13548,"""GSM341406""",KEEP
GSE13548,"""GSM341407""",KEEP
GSE13548,"""GSM341408""",KEEP
GSE13548,"""GSM341409""",KEEP
GSE13548,"""GSM341410""",KEEP
GSE13548,"""GSM341411""",KEEP
GSE13548,"""GSM341412""",KEEP
GSE13548,"""GSM341413""",KEEP
GSE13548,"""GSM341414""",KEEP
GSE13548,"""GSM341415""",KEEP
GSE13548,"""GSM341416""",KEEP
GSE13548,"""GSM341417""",KEEP
GSE13548,"""GSM341418""",KEEP
GSE13548,"""GSM341419""",KEEP
GSE13548,"""GSM341420""",KEEP
GSE13548,"""GSM341421""",KEEP
GSE13548,"""GSM341422""",KEEP
GSE13548,"""GSM341423""",KEEP
GSE13548,"""GSM341424""",KEEP
GSE13548,"""GSM341425""",KEEP
GSE13548,"""GSM341426""",KEEP
GSE13548,"""GSM341427""",KEEP
GSE13568,"""GSM341583""",KEEP
GSE13568,"""GSM341584""",KEEP
GSE13568,"""GSM341585""",KEEP
GSE13568,"""GSM341586""",KEEP
GSE13568,"""GSM341587""",KEEP
GSE13568,"""GSM341588""",KEEP
GSE137306,"""GSM4075001""",KEEP
GSE137306,"""GSM4075002""",KEEP
GSE137306,"""GSM4075003""",KEEP
GSE137306,"""GSM4075004""",KEEP
GSE137306,"""GSM4075005""",KEEP
GSE137306,"""GSM4075006""",KEEP
GSE13759,"""GSM346544""",KEEP
GSE13759,"""GSM346545""",KEEP
GSE13759,"""GSM346546""",KEEP
GSE13759,"""GSM346547""",KEEP
GSE13759,"""GSM346548""",KEEP
GSE13759,"""GSM346549""",KEEP
GSE14095,"""GSM353663""",KEEP
GSE14095,"""GSM353664""",KEEP
GSE14095,"""GSM353665""",KEEP
GSE14095,"""GSM353666""",KEEP
GSE14095,"""GSM353667""",KEEP
GSE14095,"""GSM353668""",KEEP
GSE14095,"""GSM353669""",KEEP
GSE14095,"""GSM353670""",KEEP
GSE14095,"""GSM353671""",KEEP
GSE14095,"""GSM353672""",KEEP
GSE14095,"""GSM353673""",KEEP
GSE14095,"""GSM353674""",KEEP
GSE14095,"""GSM353675""",KEEP
GSE14095,"""GSM353676""",KEEP
GSE14095,"""GSM353677""",KEEP
GSE14095,"""GSM353678""",KEEP
GSE14095,"""GSM353679""",KEEP
GSE14095,"""GSM353680""",KEEP
GSE14095,"""GSM353681""",KEEP
GSE14095,"""GSM353682""",KEEP
GSE14095,"""GSM353683""",KEEP
GSE14095,"""GSM353684""",KEEP
GSE14095,"""GSM353685""",KEEP
GSE14095,"""GSM353686""",KEEP
GSE14095,"""GSM353687""",KEEP
GSE14095,"""GSM353688""",KEEP
GSE14095,"""GSM353689""",KEEP
GSE14095,"""GSM353690""",KEEP
GSE14095,"""GSM353691""",KEEP
GSE14095,"""GSM353692""",KEEP
GSE14095,"""GSM353693""",KEEP
GSE14095,"""GSM353694""",KEEP
GSE14095,"""GSM353695""",KEEP
GSE14095,"""GSM353696""",KEEP
GSE14095,"""GSM353697""",KEEP
GSE14095,"""GSM353698""",KEEP
GSE14095,"""GSM353699""",KEEP
GSE14095,"""GSM353700""",KEEP
GSE14095,"""GSM353701""",KEEP
GSE14095,"""GSM353702""",KEEP
GSE14095,"""GSM353703""",KEEP
GSE14095,"""GSM353704""",KEEP
GSE14095,"""GSM353705""",KEEP
GSE14095,"""GSM353706""",REMOVE
GSE14095,"""GSM353707""",KEEP
GSE14095,"""GSM353708""",KEEP
GSE14095,"""GSM353709""",KEEP
GSE14095,"""GSM353710""",KEEP
GSE14095,"""GSM353711""",KEEP
GSE14095,"""GSM353712""",KEEP
GSE14095,"""GSM353713""",KEEP
GSE14095,"""GSM353714""",KEEP
GSE14095,"""GSM353715""",KEEP
GSE14095,"""GSM353716""",KEEP
GSE14095,"""GSM353717""",KEEP
GSE14095,"""GSM353718""",KEEP
GSE14095,"""GSM353719""",KEEP
GSE14095,"""GSM353720""",KEEP
GSE14095,"""GSM353721""",KEEP
GSE14095,"""GSM353722""",KEEP
GSE14095,"""GSM353723""",KEEP
GSE14095,"""GSM353724""",KEEP
GSE14095,"""GSM353725""",KEEP
GSE14095,"""GSM353726""",KEEP
GSE14095,"""GSM353727""",KEEP
GSE14095,"""GSM353728""",KEEP
GSE14095,"""GSM353729""",KEEP
GSE14095,"""GSM353730""",KEEP
GSE14095,"""GSM353731""",KEEP
GSE14095,"""GSM353732""",KEEP
GSE14095,"""GSM353733""",KEEP
GSE14095,"""GSM353734""",KEEP
GSE14095,"""GSM353735""",KEEP
GSE14095,"""GSM353736""",KEEP
GSE14095,"""GSM353737""",KEEP
GSE14095,"""GSM353738""",KEEP
GSE14095,"""GSM353739""",KEEP
GSE14095,"""GSM353740""",KEEP
GSE14095,"""GSM353741""",KEEP
GSE14095,"""GSM353742""",KEEP
GSE14095,"""GSM353743""",KEEP
GSE14095,"""GSM353744""",KEEP
GSE14095,"""GSM353745""",KEEP
GSE14095,"""GSM353746""",KEEP
GSE14095,"""GSM353747""",KEEP
GSE14095,"""GSM353748""",KEEP
GSE14095,"""GSM353749""",KEEP
GSE14095,"""GSM353750""",KEEP
GSE14095,"""GSM353751""",KEEP
GSE14095,"""GSM353752""",KEEP
GSE14095,"""GSM353753""",KEEP
GSE14095,"""GSM353754""",KEEP
GSE14095,"""GSM353755""",KEEP
GSE14095,"""GSM353756""",KEEP
GSE14095,"""GSM353757""",KEEP
GSE14095,"""GSM353758""",KEEP
GSE14095,"""GSM353759""",KEEP
GSE14095,"""GSM353760""",KEEP
GSE14095,"""GSM353761""",KEEP
GSE14095,"""GSM353762""",KEEP
GSE14095,"""GSM353772""",KEEP
GSE14095,"""GSM353773""",KEEP
GSE14095,"""GSM353774""",KEEP
GSE14095,"""GSM353775""",KEEP
GSE14095,"""GSM353776""",KEEP
GSE14095,"""GSM353777""",KEEP
GSE14095,"""GSM353778""",REMOVE
GSE14095,"""GSM353779""",REMOVE
GSE14095,"""GSM353780""",KEEP
GSE14095,"""GSM353781""",KEEP
GSE14095,"""GSM353782""",KEEP
GSE14095,"""GSM353783""",KEEP
GSE14095,"""GSM353784""",KEEP
GSE14095,"""GSM353786""",KEEP
GSE14095,"""GSM353787""",KEEP
GSE14095,"""GSM353788""",KEEP
GSE14095,"""GSM353789""",KEEP
GSE14095,"""GSM353790""",KEEP
GSE14095,"""GSM353791""",KEEP
GSE14095,"""GSM353792""",KEEP
GSE14095,"""GSM353793""",KEEP
GSE14095,"""GSM353794""",KEEP
GSE14095,"""GSM353795""",KEEP
GSE14095,"""GSM353796""",KEEP
GSE14095,"""GSM353797""",KEEP
GSE14095,"""GSM353798""",KEEP
GSE14095,"""GSM353799""",KEEP
GSE14095,"""GSM353800""",KEEP
GSE14095,"""GSM353801""",KEEP
GSE14095,"""GSM353802""",KEEP
GSE14095,"""GSM353803""",KEEP
GSE14095,"""GSM353804""",KEEP
GSE14095,"""GSM353805""",KEEP
GSE14095,"""GSM353806""",KEEP
GSE14095,"""GSM353807""",KEEP
GSE14095,"""GSM353808""",KEEP
GSE14095,"""GSM353809""",KEEP
GSE14095,"""GSM353810""",KEEP
GSE14095,"""GSM353811""",KEEP
GSE14095,"""GSM353812""",KEEP
GSE14095,"""GSM353813""",REMOVE
GSE14095,"""GSM353814""",KEEP
GSE14095,"""GSM353815""",KEEP
GSE14095,"""GSM353816""",KEEP
GSE14095,"""GSM353817""",KEEP
GSE14095,"""GSM353818""",KEEP
GSE14095,"""GSM353819""",KEEP
GSE14095,"""GSM353820""",KEEP
GSE14095,"""GSM353821""",KEEP
GSE14095,"""GSM353822""",KEEP
GSE14095,"""GSM353823""",KEEP
GSE14095,"""GSM353824""",KEEP
GSE14095,"""GSM353825""",KEEP
GSE14095,"""GSM353826""",KEEP
GSE14095,"""GSM353827""",KEEP
GSE14095,"""GSM353828""",KEEP
GSE14095,"""GSM353829""",KEEP
GSE14095,"""GSM353830""",KEEP
GSE14095,"""GSM353831""",KEEP
GSE14095,"""GSM353832""",KEEP
GSE14095,"""GSM353833""",KEEP
GSE14095,"""GSM353834""",KEEP
GSE14095,"""GSM353835""",KEEP
GSE14095,"""GSM353836""",KEEP
GSE14095,"""GSM353837""",KEEP
GSE14095,"""GSM353838""",KEEP
GSE14095,"""GSM353839""",KEEP
GSE14095,"""GSM353840""",KEEP
GSE14095,"""GSM353841""",KEEP
GSE14095,"""GSM353842""",KEEP
GSE14095,"""GSM353843""",REMOVE
GSE14095,"""GSM353844""",REMOVE
GSE14095,"""GSM353845""",KEEP
GSE14095,"""GSM353846""",KEEP
GSE14095,"""GSM353847""",KEEP
GSE14095,"""GSM353848""",KEEP
GSE14095,"""GSM353849""",KEEP
GSE14095,"""GSM353850""",KEEP
GSE14095,"""GSM353851""",KEEP
GSE14095,"""GSM353852""",REMOVE
GSE14095,"""GSM353853""",KEEP
GSE14095,"""GSM353854""",KEEP
GSE14095,"""GSM353855""",REMOVE
GSE14095,"""GSM353856""",KEEP
GSE14095,"""GSM353857""",KEEP
GSE14095,"""GSM353858""",KEEP
GSE14095,"""GSM353859""",KEEP
GSE14095,"""GSM353860""",KEEP
GSE14095,"""GSM353861""",KEEP
GSE14103,"""GSM353359""",KEEP
GSE14103,"""GSM353360""",KEEP
GSE14103,"""GSM353424""",KEEP
GSE14103,"""GSM353425""",KEEP
GSE14103,"""GSM353426""",KEEP
GSE14103,"""GSM353427""",KEEP
GSE14103,"""GSM353428""",KEEP
GSE14103,"""GSM353429""",KEEP
GSE14103,"""GSM353430""",KEEP
GSE14103,"""GSM353431""",KEEP
GSE14103,"""GSM353433""",KEEP
GSE14103,"""GSM353434""",KEEP
GSE14333,"""GSM358341""",KEEP
GSE14333,"""GSM358342""",KEEP
GSE14333,"""GSM358343""",KEEP
GSE14333,"""GSM358344""",KEEP
GSE14333,"""GSM358345""",KEEP
GSE14333,"""GSM358346""",KEEP
GSE14333,"""GSM358347""",KEEP
GSE14333,"""GSM358348""",KEEP
GSE14333,"""GSM358349""",KEEP
GSE14333,"""GSM358350""",KEEP
GSE14333,"""GSM358351""",KEEP
GSE14333,"""GSM358352""",KEEP
GSE14333,"""GSM358353""",KEEP
GSE14333,"""GSM358354""",KEEP
GSE14333,"""GSM358355""",KEEP
GSE14333,"""GSM358356""",KEEP
GSE14333,"""GSM358357""",KEEP
GSE14333,"""GSM358358""",KEEP
GSE14333,"""GSM358359""",KEEP
GSE14333,"""GSM358360""",KEEP
GSE14333,"""GSM358361""",KEEP
GSE14333,"""GSM358362""",KEEP
GSE14333,"""GSM358363""",KEEP
GSE14333,"""GSM358364""",KEEP
GSE14333,"""GSM358365""",KEEP
GSE14333,"""GSM358366""",KEEP
GSE14333,"""GSM358367""",KEEP
GSE14333,"""GSM358368""",KEEP
GSE14333,"""GSM358369""",KEEP
GSE14333,"""GSM358370""",REMOVE
GSE14333,"""GSM358371""",REMOVE
GSE14333,"""GSM358372""",REMOVE
GSE14333,"""GSM358373""",REMOVE
GSE14333,"""GSM358374""",REMOVE
GSE14333,"""GSM358375""",REMOVE
GSE14333,"""GSM358376""",KEEP
GSE14333,"""GSM358377""",KEEP
GSE14333,"""GSM358378""",KEEP
GSE14333,"""GSM358379""",KEEP
GSE14333,"""GSM358380""",KEEP
GSE14333,"""GSM358381""",KEEP
GSE14333,"""GSM358382""",KEEP
GSE14333,"""GSM358383""",KEEP
GSE14333,"""GSM358384""",KEEP
GSE14333,"""GSM358385""",KEEP
GSE14333,"""GSM358386""",KEEP
GSE14333,"""GSM358387""",KEEP
GSE14333,"""GSM358388""",KEEP
GSE14333,"""GSM358389""",KEEP
GSE14333,"""GSM358390""",KEEP
GSE14333,"""GSM358391""",KEEP
GSE14333,"""GSM358392""",KEEP
GSE14333,"""GSM358393""",KEEP
GSE14333,"""GSM358394""",KEEP
GSE14333,"""GSM358395""",KEEP
GSE14333,"""GSM358396""",KEEP
GSE14333,"""GSM358397""",KEEP
GSE14333,"""GSM358398""",KEEP
GSE14333,"""GSM358399""",KEEP
GSE14333,"""GSM358400""",KEEP
GSE14333,"""GSM358401""",KEEP
GSE14333,"""GSM358402""",KEEP
GSE14333,"""GSM358403""",KEEP
GSE14333,"""GSM358404""",KEEP
GSE14333,"""GSM358405""",KEEP
GSE14333,"""GSM358406""",KEEP
GSE14333,"""GSM358407""",KEEP
GSE14333,"""GSM358408""",KEEP
GSE14333,"""GSM358409""",KEEP
GSE14333,"""GSM358410""",KEEP
GSE14333,"""GSM358411""",KEEP
GSE14333,"""GSM358412""",KEEP
GSE14333,"""GSM358413""",KEEP
GSE14333,"""GSM358414""",KEEP
GSE14333,"""GSM358415""",KEEP
GSE14333,"""GSM358416""",KEEP
GSE14333,"""GSM358417""",KEEP
GSE14333,"""GSM358418""",KEEP
GSE14333,"""GSM358419""",KEEP
GSE14333,"""GSM358420""",KEEP
GSE14333,"""GSM358421""",KEEP
GSE14333,"""GSM358422""",KEEP
GSE14333,"""GSM358423""",KEEP
GSE14333,"""GSM358424""",KEEP
GSE14333,"""GSM358425""",KEEP
GSE14333,"""GSM358426""",KEEP
GSE14333,"""GSM358427""",KEEP
GSE14333,"""GSM358428""",KEEP
GSE14333,"""GSM358429""",KEEP
GSE14333,"""GSM358430""",KEEP
GSE14333,"""GSM358431""",KEEP
GSE14333,"""GSM358432""",KEEP
GSE14333,"""GSM358433""",KEEP
GSE14333,"""GSM358434""",KEEP
GSE14333,"""GSM358435""",KEEP
GSE14333,"""GSM358436""",KEEP
GSE14333,"""GSM358437""",KEEP
GSE14333,"""GSM358438""",KEEP
GSE14333,"""GSM358439""",KEEP
GSE14333,"""GSM358440""",KEEP
GSE14333,"""GSM358441""",KEEP
GSE14333,"""GSM358442""",REMOVE
GSE14333,"""GSM358443""",REMOVE
GSE14333,"""GSM358444""",REMOVE
GSE14333,"""GSM358445""",REMOVE
GSE14333,"""GSM358446""",REMOVE
GSE14333,"""GSM358447""",REMOVE
GSE14333,"""GSM358448""",KEEP
GSE14333,"""GSM358449""",REMOVE
GSE14333,"""GSM358450""",REMOVE
GSE14333,"""GSM358451""",REMOVE
GSE14333,"""GSM358452""",REMOVE
GSE14333,"""GSM358453""",REMOVE
GSE14333,"""GSM358454""",REMOVE
GSE14333,"""GSM358455""",REMOVE
GSE14333,"""GSM358456""",REMOVE
GSE14333,"""GSM358457""",REMOVE
GSE14333,"""GSM358458""",REMOVE
GSE14333,"""GSM358459""",KEEP
GSE14333,"""GSM358460""",KEEP
GSE14333,"""GSM358461""",KEEP
GSE14333,"""GSM358462""",KEEP
GSE14333,"""GSM358463""",KEEP
GSE14333,"""GSM358464""",REMOVE
GSE14333,"""GSM358465""",REMOVE
GSE14333,"""GSM358466""",REMOVE
GSE14333,"""GSM358467""",KEEP
GSE14333,"""GSM358468""",KEEP
GSE14333,"""GSM358469""",KEEP
GSE14333,"""GSM358470""",KEEP
GSE14333,"""GSM358471""",KEEP
GSE14333,"""GSM358472""",KEEP
GSE14333,"""GSM358473""",KEEP
GSE14333,"""GSM358474""",KEEP
GSE14333,"""GSM358475""",KEEP
GSE14333,"""GSM358476""",KEEP
GSE14333,"""GSM358477""",KEEP
GSE14333,"""GSM358478""",KEEP
GSE14333,"""GSM358479""",KEEP
GSE14333,"""GSM358480""",KEEP
GSE14333,"""GSM358481""",KEEP
GSE14333,"""GSM358482""",KEEP
GSE14333,"""GSM358483""",KEEP
GSE14333,"""GSM358484""",KEEP
GSE14333,"""GSM358485""",KEEP
GSE14333,"""GSM358486""",KEEP
GSE14333,"""GSM358487""",KEEP
GSE14333,"""GSM358488""",KEEP
GSE14333,"""GSM358489""",KEEP
GSE14333,"""GSM358490""",KEEP
GSE14333,"""GSM358491""",KEEP
GSE14333,"""GSM358492""",KEEP
GSE14333,"""GSM358493""",KEEP
GSE14333,"""GSM358494""",KEEP
GSE14333,"""GSM358495""",KEEP
GSE14333,"""GSM358496""",KEEP
GSE14333,"""GSM358497""",KEEP
GSE14333,"""GSM358498""",KEEP
GSE14333,"""GSM358499""",KEEP
GSE14333,"""GSM358500""",KEEP
GSE14333,"""GSM358501""",KEEP
GSE14333,"""GSM358502""",KEEP
GSE14333,"""GSM358503""",KEEP
GSE14333,"""GSM358504""",KEEP
GSE14333,"""GSM358505""",KEEP
GSE14333,"""GSM358506""",KEEP
GSE14333,"""GSM358507""",KEEP
GSE14333,"""GSM358508""",KEEP
GSE14333,"""GSM358509""",KEEP
GSE14333,"""GSM358510""",KEEP
GSE14333,"""GSM358511""",KEEP
GSE14333,"""GSM358512""",KEEP
GSE14333,"""GSM358513""",KEEP
GSE14333,"""GSM358514""",KEEP
GSE14333,"""GSM358515""",KEEP
GSE14333,"""GSM358516""",KEEP
GSE14333,"""GSM358517""",KEEP
GSE14333,"""GSM358518""",KEEP
GSE14333,"""GSM358519""",KEEP
GSE14333,"""GSM358520""",KEEP
GSE14333,"""GSM358521""",KEEP
GSE14333,"""GSM358522""",KEEP
GSE14333,"""GSM358523""",KEEP
GSE14333,"""GSM358524""",KEEP
GSE14333,"""GSM358525""",KEEP
GSE14333,"""GSM358526""",KEEP
GSE14333,"""GSM358527""",KEEP
GSE14333,"""GSM358528""",KEEP
GSE14333,"""GSM358529""",KEEP
GSE14333,"""GSM358530""",KEEP
GSE14333,"""GSM358531""",KEEP
GSE14333,"""GSM358532""",KEEP
GSE14333,"""GSM358533""",KEEP
GSE14333,"""GSM358534""",KEEP
GSE14333,"""GSM358535""",KEEP
GSE14333,"""GSM358536""",KEEP
GSE14333,"""GSM358537""",KEEP
GSE14333,"""GSM358538""",KEEP
GSE14333,"""GSM358539""",KEEP
GSE14333,"""GSM358540""",REMOVE
GSE14333,"""GSM358541""",REMOVE
GSE14333,"""GSM358542""",REMOVE
GSE14333,"""GSM358543""",REMOVE
GSE14333,"""GSM358544""",REMOVE
GSE14333,"""GSM358545""",REMOVE
GSE14333,"""GSM358546""",REMOVE
GSE14333,"""GSM358547""",REMOVE
GSE14333,"""GSM358548""",REMOVE
GSE14333,"""GSM358549""",REMOVE
GSE14333,"""GSM358550""",REMOVE
GSE14333,"""GSM358551""",REMOVE
GSE14333,"""GSM358552""",REMOVE
GSE14333,"""GSM358553""",REMOVE
GSE14333,"""GSM358554""",REMOVE
GSE14333,"""GSM358555""",REMOVE
GSE14333,"""GSM358556""",REMOVE
GSE14333,"""GSM358557""",REMOVE
GSE14333,"""GSM358558""",REMOVE
GSE14333,"""GSM358559""",REMOVE
GSE14333,"""GSM358560""",REMOVE
GSE14333,"""GSM358561""",REMOVE
GSE14333,"""GSM358562""",REMOVE
GSE14333,"""GSM358563""",REMOVE
GSE14333,"""GSM358564""",REMOVE
GSE14333,"""GSM358565""",KEEP
GSE14333,"""GSM358566""",KEEP
GSE14333,"""GSM358567""",KEEP
GSE14333,"""GSM358568""",KEEP
GSE14333,"""GSM358569""",KEEP
GSE14333,"""GSM358570""",KEEP
GSE14333,"""GSM358571""",KEEP
GSE14333,"""GSM358572""",KEEP
GSE14333,"""GSM358573""",KEEP
GSE14333,"""GSM358574""",KEEP
GSE14333,"""GSM358575""",KEEP
GSE14333,"""GSM358576""",KEEP
GSE14333,"""GSM358577""",KEEP
GSE14333,"""GSM358578""",KEEP
GSE14333,"""GSM358579""",KEEP
GSE14333,"""GSM358580""",KEEP
GSE14333,"""GSM358581""",KEEP
GSE14333,"""GSM358582""",KEEP
GSE14333,"""GSM358583""",KEEP
GSE14333,"""GSM358584""",KEEP
GSE14333,"""GSM358585""",KEEP
GSE14333,"""GSM358586""",KEEP
GSE14333,"""GSM358587""",KEEP
GSE14333,"""GSM358588""",KEEP
GSE14333,"""GSM358589""",KEEP
GSE14333,"""GSM358590""",KEEP
GSE14333,"""GSM358591""",KEEP
GSE14333,"""GSM358592""",KEEP
GSE14333,"""GSM358593""",KEEP
GSE14333,"""GSM358594""",KEEP
GSE14333,"""GSM358595""",KEEP
GSE14333,"""GSM358596""",KEEP
GSE14333,"""GSM358597""",KEEP
GSE14333,"""GSM358598""",KEEP
GSE14333,"""GSM358599""",KEEP
GSE14333,"""GSM358600""",KEEP
GSE14333,"""GSM358601""",KEEP
GSE14333,"""GSM358602""",KEEP
GSE14333,"""GSM358603""",KEEP
GSE14333,"""GSM358604""",KEEP
GSE14333,"""GSM358605""",KEEP
GSE14333,"""GSM358606""",KEEP
GSE14333,"""GSM358607""",KEEP
GSE14333,"""GSM358608""",KEEP
GSE14333,"""GSM358609""",KEEP
GSE14333,"""GSM358610""",KEEP
GSE14333,"""GSM358611""",KEEP
GSE14333,"""GSM358612""",REMOVE
GSE14333,"""GSM358613""",REMOVE
GSE14333,"""GSM358614""",REMOVE
GSE14333,"""GSM358615""",REMOVE
GSE14333,"""GSM358616""",REMOVE
GSE14333,"""GSM358617""",REMOVE
GSE14333,"""GSM358618""",REMOVE
GSE14333,"""GSM358619""",REMOVE
GSE14333,"""GSM358620""",REMOVE
GSE14333,"""GSM358621""",REMOVE
GSE14333,"""GSM358622""",REMOVE
GSE14333,"""GSM358623""",REMOVE
GSE14333,"""GSM358624""",REMOVE
GSE14333,"""GSM358625""",KEEP
GSE14333,"""GSM358626""",KEEP
GSE14333,"""GSM358627""",REMOVE
GSE14333,"""GSM358628""",KEEP
GSE14333,"""GSM358629""",KEEP
GSE14333,"""GSM358630""",KEEP
GSE143985,"""GSM4277617""",KEEP
GSE143985,"""GSM4277618""",KEEP
GSE143985,"""GSM4277619""",KEEP
GSE143985,"""GSM4277620""",KEEP
GSE143985,"""GSM4277621""",KEEP
GSE143985,"""GSM4277622""",KEEP
GSE143985,"""GSM4277623""",KEEP
GSE143985,"""GSM4277624""",KEEP
GSE143985,"""GSM4277625""",KEEP
GSE143985,"""GSM4277626""",KEEP
GSE143985,"""GSM4277627""",KEEP
GSE143985,"""GSM4277628""",KEEP
GSE143985,"""GSM4277629""",KEEP
GSE143985,"""GSM4277630""",KEEP
GSE143985,"""GSM4277631""",KEEP
GSE143985,"""GSM4277632""",KEEP
GSE143985,"""GSM4277633""",KEEP
GSE143985,"""GSM4277634""",KEEP
GSE143985,"""GSM4277635""",KEEP
GSE143985,"""GSM4277636""",KEEP
GSE143985,"""GSM4277637""",KEEP
GSE143985,"""GSM4277638""",KEEP
GSE143985,"""GSM4277639""",KEEP
GSE143985,"""GSM4277640""",KEEP
GSE143985,"""GSM4277641""",KEEP
GSE143985,"""GSM4277642""",KEEP
GSE143985,"""GSM4277643""",KEEP
GSE143985,"""GSM4277644""",KEEP
GSE143985,"""GSM4277645""",KEEP
GSE143985,"""GSM4277646""",KEEP
GSE143985,"""GSM4277647""",KEEP
GSE143985,"""GSM4277648""",KEEP
GSE143985,"""GSM4277649""",KEEP
GSE143985,"""GSM4277650""",KEEP
GSE143985,"""GSM4277651""",KEEP
GSE143985,"""GSM4277652""",KEEP
GSE143985,"""GSM4277653""",KEEP
GSE143985,"""GSM4277654""",KEEP
GSE143985,"""GSM4277655""",KEEP
GSE143985,"""GSM4277656""",KEEP
GSE143985,"""GSM4277657""",KEEP
GSE143985,"""GSM4277658""",REMOVE
GSE143985,"""GSM4277659""",KEEP
GSE143985,"""GSM4277660""",KEEP
GSE143985,"""GSM4277661""",KEEP
GSE143985,"""GSM4277662""",KEEP
GSE143985,"""GSM4277663""",KEEP
GSE143985,"""GSM4277664""",KEEP
GSE143985,"""GSM4277665""",KEEP
GSE143985,"""GSM4277666""",KEEP
GSE143985,"""GSM4277667""",KEEP
GSE143985,"""GSM4277668""",KEEP
GSE143985,"""GSM4277669""",KEEP
GSE143985,"""GSM4277670""",KEEP
GSE143985,"""GSM4277671""",KEEP
GSE143985,"""GSM4277672""",KEEP
GSE143985,"""GSM4277673""",KEEP
GSE143985,"""GSM4277674""",KEEP
GSE143985,"""GSM4277675""",KEEP
GSE143985,"""GSM4277676""",KEEP
GSE143985,"""GSM4277677""",KEEP
GSE143985,"""GSM4277678""",KEEP
GSE143985,"""GSM4277679""",KEEP
GSE143985,"""GSM4277680""",KEEP
GSE143985,"""GSM4277681""",KEEP
GSE143985,"""GSM4277682""",KEEP
GSE143985,"""GSM4277683""",REMOVE
GSE143985,"""GSM4277684""",KEEP
GSE143985,"""GSM4277685""",KEEP
GSE143985,"""GSM4277686""",KEEP
GSE143985,"""GSM4277687""",KEEP
GSE143985,"""GSM4277688""",KEEP
GSE143985,"""GSM4277689""",KEEP
GSE143985,"""GSM4277690""",KEEP
GSE143985,"""GSM4277691""",KEEP
GSE143985,"""GSM4277692""",KEEP
GSE143985,"""GSM4277693""",KEEP
GSE143985,"""GSM4277694""",KEEP
GSE143985,"""GSM4277695""",KEEP
GSE143985,"""GSM4277696""",KEEP
GSE143985,"""GSM4277697""",KEEP
GSE143985,"""GSM4277698""",KEEP
GSE143985,"""GSM4277699""",KEEP
GSE143985,"""GSM4277700""",KEEP
GSE143985,"""GSM4277701""",KEEP
GSE143985,"""GSM4277702""",KEEP
GSE143985,"""GSM4277703""",KEEP
GSE143985,"""GSM4277704""",KEEP
GSE143985,"""GSM4277705""",REMOVE
GSE143985,"""GSM4277706""",KEEP
GSE143985,"""GSM4277707""",KEEP
GSE1474,"""GSM24832""",KEEP
GSE1474,"""GSM24833""",KEEP
GSE1474,"""GSM24834""",KEEP
GSE1474,"""GSM24835""",KEEP
GSE1474,"""GSM24836""",KEEP
GSE1474,"""GSM24837""",KEEP
GSE1474,"""GSM24838""",KEEP
GSE1474,"""GSM24839""",KEEP
GSE1474,"""GSM24840""",KEEP
GSE1474,"""GSM24841""",KEEP
GSE1474,"""GSM24842""",KEEP
GSE1474,"""GSM24843""",KEEP
GSE1474,"""GSM24844""",KEEP
GSE1474,"""GSM24845""",KEEP
GSE1474,"""GSM24846""",KEEP
GSE1474,"""GSM24847""",KEEP
GSE1474,"""GSM24848""",KEEP
GSE1474,"""GSM24849""",KEEP
GSE1474,"""GSM24850""",KEEP
GSE1474,"""GSM24851""",KEEP
GSE1474,"""GSM24852""",KEEP
GSE1474,"""GSM24853""",KEEP
GSE1474,"""GSM24854""",KEEP
GSE1474,"""GSM24855""",KEEP
GSE14773,"""GSM368860""",KEEP
GSE14773,"""GSM368863""",KEEP
GSE14773,"""GSM368864""",KEEP
GSE14773,"""GSM368865""",KEEP
GSE14773,"""GSM368866""",KEEP
GSE14773,"""GSM368867""",KEEP
GSE14773,"""GSM368868""",KEEP
GSE14773,"""GSM368869""",KEEP
GSE15132,"""GSM378153""",KEEP
GSE15132,"""GSM378154""",KEEP
GSE15132,"""GSM378155""",KEEP
GSE15132,"""GSM378156""",KEEP
GSE15132,"""GSM378157""",KEEP
GSE15132,"""GSM378158""",KEEP
GSE15132,"""GSM378159""",KEEP
GSE15132,"""GSM378160""",KEEP
GSE15132,"""GSM378161""",KEEP
GSE15132,"""GSM378162""",KEEP
GSE15132,"""GSM378163""",KEEP
GSE15132,"""GSM378164""",KEEP
GSE15132,"""GSM378165""",KEEP
GSE15132,"""GSM378166""",KEEP
GSE15132,"""GSM378167""",KEEP
GSE15132,"""GSM378168""",KEEP
GSE15132,"""GSM378169""",KEEP
GSE15132,"""GSM378170""",KEEP
GSE152529,"""GSM4617270""",KEEP
GSE152529,"""GSM4617271""",KEEP
GSE152529,"""GSM4617272""",KEEP
GSE152529,"""GSM4617273""",KEEP
GSE152529,"""GSM4617274""",KEEP
GSE152529,"""GSM4617275""",KEEP
GSE152529,"""GSM4617276""",KEEP
GSE152529,"""GSM4617277""",KEEP
GSE152529,"""GSM4617278""",KEEP
GSE152529,"""GSM4617279""",KEEP
GSE152529,"""GSM4617280""",KEEP
GSE152529,"""GSM4617281""",KEEP
GSE152529,"""GSM4617282""",KEEP
GSE152529,"""GSM4617283""",KEEP
GSE152529,"""GSM4617284""",KEEP
GSE152529,"""GSM4617285""",KEEP
GSE152529,"""GSM4617286""",KEEP
GSE152529,"""GSM4617287""",KEEP
GSE152529,"""GSM4617288""",KEEP
GSE152529,"""GSM4617289""",KEEP
GSE152529,"""GSM4617290""",KEEP
GSE152529,"""GSM4617291""",KEEP
GSE152529,"""GSM4617292""",KEEP
GSE152529,"""GSM4617293""",KEEP
GSE152529,"""GSM4617294""",KEEP
GSE152529,"""GSM4617295""",KEEP
GSE152529,"""GSM4617296""",KEEP
GSE152529,"""GSM4617297""",KEEP
GSE152529,"""GSM4617298""",KEEP
GSE152529,"""GSM4617299""",KEEP
GSE152529,"""GSM4617300""",KEEP
GSE152529,"""GSM4617301""",KEEP
GSE152529,"""GSM4617302""",KEEP
GSE152529,"""GSM4617303""",KEEP
GSE152529,"""GSM4617304""",KEEP
GSE152529,"""GSM4617305""",KEEP
GSE152529,"""GSM4617306""",KEEP
GSE152529,"""GSM4617307""",KEEP
GSE152529,"""GSM4617308""",KEEP
GSE152529,"""GSM4617309""",KEEP
GSE152529,"""GSM4617310""",KEEP
GSE152529,"""GSM4617311""",KEEP
GSE152529,"""GSM4617312""",KEEP
GSE152529,"""GSM4617313""",KEEP
GSE152529,"""GSM4617314""",KEEP
GSE152529,"""GSM4617315""",KEEP
GSE152529,"""GSM4617316""",KEEP
GSE152529,"""GSM4617317""",KEEP
GSE152529,"""GSM4617318""",KEEP
GSE152529,"""GSM4617319""",KEEP
GSE152529,"""GSM4617320""",KEEP
GSE152529,"""GSM4617321""",KEEP
GSE152529,"""GSM4617322""",KEEP
GSE152529,"""GSM4617323""",KEEP
GSE152529,"""GSM4617324""",KEEP
GSE152529,"""GSM4617325""",KEEP
GSE152529,"""GSM4617326""",KEEP
GSE152529,"""GSM4617327""",KEEP
GSE152529,"""GSM4617328""",KEEP
GSE152529,"""GSM4617329""",KEEP
GSE152529,"""GSM4617330""",KEEP
GSE152529,"""GSM4617331""",KEEP
GSE152529,"""GSM4617332""",KEEP
GSE152529,"""GSM4617333""",KEEP
GSE152529,"""GSM4617334""",KEEP
GSE152529,"""GSM4617335""",KEEP
GSE152529,"""GSM4617336""",KEEP
GSE152529,"""GSM4617337""",KEEP
GSE152529,"""GSM4617338""",KEEP
GSE152529,"""GSM4617339""",KEEP
GSE152529,"""GSM4617340""",KEEP
GSE152529,"""GSM4617341""",KEEP
GSE152529,"""GSM4617342""",KEEP
GSE152529,"""GSM4617343""",KEEP
GSE152529,"""GSM4617344""",KEEP
GSE152529,"""GSM4617345""",KEEP
GSE152529,"""GSM4617346""",KEEP
GSE152529,"""GSM4617347""",KEEP
GSE152529,"""GSM4617348""",KEEP
GSE152529,"""GSM4617349""",KEEP
GSE152529,"""GSM4617350""",KEEP
GSE152529,"""GSM4617351""",KEEP
GSE152529,"""GSM4617352""",KEEP
GSE152529,"""GSM4617353""",KEEP
GSE152529,"""GSM4617354""",KEEP
GSE152529,"""GSM4617355""",KEEP
GSE152529,"""GSM4617356""",KEEP
GSE152529,"""GSM4617357""",KEEP
GSE152529,"""GSM4617358""",KEEP
GSE152529,"""GSM4617359""",KEEP
GSE152529,"""GSM4617360""",KEEP
GSE152529,"""GSM4617361""",KEEP
GSE152529,"""GSM4617362""",KEEP
GSE152529,"""GSM4617363""",KEEP
GSE152529,"""GSM4617364""",KEEP
GSE152529,"""GSM4617365""",KEEP
GSE152529,"""GSM4617366""",KEEP
GSE152529,"""GSM4617367""",KEEP
GSE152529,"""GSM4617368""",KEEP
GSE152529,"""GSM4617369""",KEEP
GSE152529,"""GSM4617370""",KEEP
GSE152529,"""GSM4617371""",KEEP
GSE152529,"""GSM4617372""",KEEP
GSE152529,"""GSM4617373""",KEEP
GSE152529,"""GSM4617374""",KEEP
GSE152529,"""GSM4617375""",KEEP
GSE152529,"""GSM4617376""",KEEP
GSE152529,"""GSM4617377""",KEEP
GSE152529,"""GSM4617378""",KEEP
GSE152529,"""GSM4617379""",KEEP
GSE152529,"""GSM4617380""",KEEP
GSE152529,"""GSM4617381""",KEEP
GSE152529,"""GSM4617382""",KEEP
GSE152529,"""GSM4617383""",KEEP
GSE152529,"""GSM4617384""",KEEP
GSE152529,"""GSM4617385""",KEEP
GSE152529,"""GSM4617386""",KEEP
GSE152529,"""GSM4617387""",KEEP
GSE152529,"""GSM4617388""",KEEP
GSE152529,"""GSM4617389""",KEEP
GSE152529,"""GSM4617390""",KEEP
GSE152529,"""GSM4617391""",KEEP
GSE152529,"""GSM4617392""",KEEP
GSE152529,"""GSM4617393""",KEEP
GSE152529,"""GSM4617394""",KEEP
GSE152529,"""GSM4617395""",KEEP
GSE152529,"""GSM4617396""",KEEP
GSE152529,"""GSM4617397""",KEEP
GSE152529,"""GSM4617398""",KEEP
GSE152529,"""GSM4617399""",KEEP
GSE152529,"""GSM4617400""",KEEP
GSE152529,"""GSM4617401""",KEEP
GSE152529,"""GSM4617402""",KEEP
GSE152529,"""GSM4617403""",KEEP
GSE152529,"""GSM4617404""",KEEP
GSE152529,"""GSM4617405""",KEEP
GSE152529,"""GSM4617406""",KEEP
GSE152529,"""GSM4617407""",KEEP
GSE152529,"""GSM4617408""",KEEP
GSE152529,"""GSM4617409""",KEEP
GSE152529,"""GSM4617410""",KEEP
GSE152529,"""GSM4617411""",KEEP
GSE152529,"""GSM4617412""",KEEP
GSE152529,"""GSM4617413""",KEEP
GSE152529,"""GSM4617414""",KEEP
GSE152529,"""GSM4617415""",KEEP
GSE152529,"""GSM4617416""",KEEP
GSE152529,"""GSM4617417""",KEEP
GSE152529,"""GSM4617418""",KEEP
GSE152529,"""GSM4617419""",KEEP
GSE152529,"""GSM4617420""",KEEP
GSE152529,"""GSM4617421""",KEEP
GSE152529,"""GSM4617422""",KEEP
GSE152529,"""GSM4617423""",KEEP
GSE152529,"""GSM4617424""",KEEP
GSE152529,"""GSM4617425""",KEEP
GSE152529,"""GSM4617426""",KEEP
GSE152529,"""GSM4617427""",KEEP
GSE152529,"""GSM4617428""",KEEP
GSE152529,"""GSM4617429""",KEEP
GSE152529,"""GSM4617430""",KEEP
GSE152529,"""GSM4617431""",KEEP
GSE152529,"""GSM4617432""",KEEP
GSE152529,"""GSM4617433""",KEEP
GSE152529,"""GSM4617434""",KEEP
GSE152529,"""GSM4617435""",KEEP
GSE152529,"""GSM4617436""",KEEP
GSE152529,"""GSM4617437""",KEEP
GSE152529,"""GSM4617438""",KEEP
GSE152529,"""GSM4617439""",KEEP
GSE152529,"""GSM4617440""",KEEP
GSE152529,"""GSM4617441""",KEEP
GSE152529,"""GSM4617442""",KEEP
GSE152529,"""GSM4617443""",KEEP
GSE152529,"""GSM4617444""",KEEP
GSE152529,"""GSM4617445""",KEEP
GSE152529,"""GSM4617446""",KEEP
GSE152529,"""GSM4617447""",KEEP
GSE152529,"""GSM4617448""",KEEP
GSE152529,"""GSM4617449""",KEEP
GSE152529,"""GSM4617450""",KEEP
GSE152529,"""GSM4617451""",KEEP
GSE152529,"""GSM4617452""",KEEP
GSE152529,"""GSM4617453""",KEEP
GSE152529,"""GSM4617454""",KEEP
GSE152529,"""GSM4617455""",KEEP
GSE152529,"""GSM4617456""",KEEP
GSE152529,"""GSM4617457""",KEEP
GSE152529,"""GSM4617458""",KEEP
GSE152529,"""GSM4617459""",KEEP
GSE152529,"""GSM4617460""",KEEP
GSE152529,"""GSM4617461""",KEEP
GSE152529,"""GSM4617462""",KEEP
GSE152529,"""GSM4617463""",KEEP
GSE152529,"""GSM4617464""",KEEP
GSE152529,"""GSM4617465""",KEEP
GSE152529,"""GSM4617466""",KEEP
GSE152529,"""GSM4617467""",KEEP
GSE152529,"""GSM4617468""",KEEP
GSE152529,"""GSM4617469""",KEEP
GSE152529,"""GSM4617470""",KEEP
GSE152529,"""GSM4617471""",KEEP
GSE152529,"""GSM4617472""",KEEP
GSE152529,"""GSM4617473""",KEEP
GSE152529,"""GSM4617474""",KEEP
GSE152529,"""GSM4617475""",KEEP
GSE152529,"""GSM4617476""",KEEP
GSE152529,"""GSM4617477""",KEEP
GSE152529,"""GSM4617478""",KEEP
GSE152529,"""GSM4617479""",KEEP
GSE152529,"""GSM4617480""",KEEP
GSE152529,"""GSM4617481""",KEEP
GSE152529,"""GSM4617482""",KEEP
GSE152529,"""GSM4617483""",KEEP
GSE152529,"""GSM4617484""",KEEP
GSE152529,"""GSM4617485""",KEEP
GSE152529,"""GSM4617486""",KEEP
GSE152529,"""GSM4617487""",KEEP
GSE152529,"""GSM4617488""",KEEP
GSE152529,"""GSM4617489""",KEEP
GSE152529,"""GSM4617490""",KEEP
GSE152529,"""GSM4617491""",KEEP
GSE152529,"""GSM4617492""",KEEP
GSE152529,"""GSM4617493""",KEEP
GSE152529,"""GSM4617494""",KEEP
GSE152529,"""GSM4617495""",KEEP
GSE152529,"""GSM4617496""",KEEP
GSE152529,"""GSM4617497""",KEEP
GSE152529,"""GSM4617498""",KEEP
GSE152529,"""GSM4617499""",KEEP
GSE152529,"""GSM4617500""",KEEP
GSE152529,"""GSM4617501""",KEEP
GSE152529,"""GSM4617502""",KEEP
GSE152529,"""GSM4617503""",KEEP
GSE152529,"""GSM4617504""",KEEP
GSE152529,"""GSM4617505""",KEEP
GSE152529,"""GSM4617506""",KEEP
GSE15322,"""GSM384860""",KEEP
GSE15322,"""GSM384861""",KEEP
GSE15322,"""GSM384862""",KEEP
GSE15322,"""GSM384863""",KEEP
GSE15322,"""GSM384864""",KEEP
GSE15322,"""GSM384865""",KEEP
GSE15395,"""GSM386385""",KEEP
GSE15395,"""GSM386386""",KEEP
GSE15395,"""GSM386387""",KEEP
GSE15395,"""GSM386388""",KEEP
GSE15395,"""GSM386389""",KEEP
GSE15395,"""GSM386390""",KEEP
GSE15395,"""GSM386391""",KEEP
GSE15395,"""GSM386392""",KEEP
GSE15395,"""GSM386393""",KEEP
GSE15395,"""GSM386394""",KEEP
GSE15395,"""GSM386395""",KEEP
GSE15395,"""GSM386396""",KEEP
GSE15395,"""GSM386397""",KEEP
GSE15395,"""GSM386398""",KEEP
GSE15395,"""GSM386399""",KEEP
GSE15395,"""GSM386400""",KEEP
GSE15395,"""GSM386401""",KEEP
GSE15395,"""GSM386402""",KEEP
GSE15395,"""GSM386403""",KEEP
GSE15395,"""GSM386404""",KEEP
GSE15395,"""GSM386405""",KEEP
GSE15395,"""GSM386406""",KEEP
GSE15395,"""GSM386407""",KEEP
GSE15395,"""GSM386408""",KEEP
GSE15395,"""GSM386409""",KEEP
GSE15395,"""GSM386410""",KEEP
GSE15395,"""GSM386411""",KEEP
GSE15395,"""GSM386412""",KEEP
GSE15395,"""GSM386413""",KEEP
GSE15395,"""GSM386414""",KEEP
GSE15395,"""GSM386415""",KEEP
GSE15395,"""GSM386416""",KEEP
GSE15395,"""GSM386417""",KEEP
GSE15395,"""GSM386418""",KEEP
GSE15395,"""GSM386419""",KEEP
GSE15395,"""GSM386420""",KEEP
GSE15395,"""GSM386421""",KEEP
GSE15395,"""GSM386422""",KEEP
GSE15395,"""GSM386423""",KEEP
GSE15395,"""GSM386424""",KEEP
GSE15395,"""GSM386425""",KEEP
GSE15395,"""GSM386426""",KEEP
GSE15395,"""GSM386427""",KEEP
GSE15395,"""GSM386428""",KEEP
GSE15395,"""GSM386429""",KEEP
GSE15395,"""GSM386430""",KEEP
GSE15395,"""GSM386431""",KEEP
GSE15395,"""GSM386432""",KEEP
GSE15395,"""GSM386433""",KEEP
GSE15395,"""GSM386434""",KEEP
GSE15395,"""GSM386435""",KEEP
GSE15395,"""GSM386436""",KEEP
GSE15395,"""GSM386437""",KEEP
GSE15395,"""GSM386438""",KEEP
GSE15395,"""GSM386439""",KEEP
GSE15395,"""GSM386440""",KEEP
GSE15395,"""GSM386441""",KEEP
GSE15395,"""GSM386442""",KEEP
GSE15395,"""GSM386443""",KEEP
GSE15395,"""GSM386444""",KEEP
GSE15395,"""GSM386445""",KEEP
GSE15395,"""GSM386446""",KEEP
GSE15395,"""GSM386447""",KEEP
GSE15395,"""GSM386448""",KEEP
GSE15395,"""GSM386449""",KEEP
GSE15395,"""GSM386450""",KEEP
GSE15395,"""GSM386451""",KEEP
GSE15395,"""GSM386452""",KEEP
GSE15395,"""GSM386453""",KEEP
GSE15395,"""GSM386454""",KEEP
GSE15395,"""GSM386455""",KEEP
GSE15395,"""GSM386456""",KEEP
GSE15395,"""GSM386457""",KEEP
GSE15395,"""GSM386458""",KEEP
GSE15568,"""GSM389652""",KEEP
GSE15568,"""GSM389653""",KEEP
GSE15568,"""GSM389654""",KEEP
GSE15568,"""GSM389655""",KEEP
GSE15568,"""GSM389656""",KEEP
GSE15568,"""GSM389657""",KEEP
GSE15568,"""GSM389658""",KEEP
GSE15568,"""GSM389659""",KEEP
GSE15568,"""GSM389660""",KEEP
GSE15568,"""GSM389661""",KEEP
GSE15568,"""GSM389662""",KEEP
GSE15568,"""GSM389663""",KEEP
GSE15568,"""GSM389664""",KEEP
GSE15568,"""GSM389665""",KEEP
GSE15568,"""GSM389666""",KEEP
GSE15568,"""GSM389667""",KEEP
GSE15568,"""GSM389668""",KEEP
GSE15568,"""GSM389669""",KEEP
GSE15568,"""GSM389670""",KEEP
GSE15568,"""GSM389671""",KEEP
GSE15568,"""GSM389672""",KEEP
GSE15568,"""GSM389673""",KEEP
GSE15568,"""GSM389674""",KEEP
GSE15568,"""GSM389675""",KEEP
GSE15568,"""GSM389676""",KEEP
GSE15568,"""GSM389677""",KEEP
GSE15568,"""GSM389678""",KEEP
GSE15568,"""GSM389679""",KEEP
GSE15568,"""GSM389680""",KEEP
GSE15799,"""GSM396550""",KEEP
GSE15799,"""GSM396551""",KEEP
GSE15799,"""GSM396552""",KEEP
GSE15799,"""GSM396553""",KEEP
GSE15799,"""GSM396554""",KEEP
GSE15799,"""GSM396555""",KEEP
GSE16066,"""GSM402370""",KEEP
GSE16066,"""GSM402373""",KEEP
GSE16066,"""GSM402375""",KEEP
GSE16066,"""GSM402378""",KEEP
GSE16066,"""GSM402380""",KEEP
GSE16066,"""GSM402383""",KEEP
GSE16070,"""GSM402417""",KEEP
GSE16070,"""GSM402418""",KEEP
GSE16070,"""GSM402419""",KEEP
GSE16070,"""GSM402420""",KEEP
GSE16070,"""GSM402421""",KEEP
GSE16070,"""GSM402422""",KEEP
GSE16080,"""GSM402520""",KEEP
GSE16080,"""GSM402522""",KEEP
GSE16080,"""GSM402524""",KEEP
GSE16080,"""GSM402526""",KEEP
GSE16080,"""GSM402527""",KEEP
GSE16080,"""GSM402528""",KEEP
GSE16082,"""GSM402529""",KEEP
GSE16082,"""GSM402531""",KEEP
GSE16082,"""GSM402532""",KEEP
GSE16082,"""GSM402533""",KEEP
GSE16082,"""GSM402534""",KEEP
GSE16082,"""GSM402535""",KEEP
GSE16085,"""GSM402560""",KEEP
GSE16085,"""GSM402650""",KEEP
GSE16085,"""GSM402651""",KEEP
GSE16085,"""GSM402652""",KEEP
GSE16085,"""GSM402653""",KEEP
GSE16085,"""GSM402654""",KEEP
GSE16089,"""GSM402655""",KEEP
GSE16089,"""GSM402656""",KEEP
GSE16089,"""GSM402657""",KEEP
GSE16089,"""GSM402681""",KEEP
GSE16089,"""GSM402682""",KEEP
GSE16089,"""GSM402683""",KEEP
GSE161158,"""GSM4890607""",KEEP
GSE161158,"""GSM4890608""",KEEP
GSE161158,"""GSM4890609""",KEEP
GSE161158,"""GSM4890610""",KEEP
GSE161158,"""GSM4890611""",KEEP
GSE161158,"""GSM4890612""",KEEP
GSE161158,"""GSM4890613""",KEEP
GSE161158,"""GSM4890614""",KEEP
GSE161158,"""GSM4890615""",KEEP
GSE161158,"""GSM4890616""",KEEP
GSE161158,"""GSM4890617""",KEEP
GSE161158,"""GSM4890618""",KEEP
GSE161158,"""GSM4890619""",KEEP
GSE161158,"""GSM4890620""",KEEP
GSE161158,"""GSM4890621""",KEEP
GSE161158,"""GSM4890622""",KEEP
GSE161158,"""GSM4890623""",KEEP
GSE161158,"""GSM4890624""",KEEP
GSE161158,"""GSM4890625""",KEEP
GSE161158,"""GSM4890626""",KEEP
GSE161158,"""GSM4890627""",KEEP
GSE161158,"""GSM4890628""",KEEP
GSE161158,"""GSM4890629""",KEEP
GSE161158,"""GSM4890630""",KEEP
GSE161158,"""GSM4890631""",KEEP
GSE161158,"""GSM4890632""",KEEP
GSE161158,"""GSM4890633""",KEEP
GSE161158,"""GSM4890634""",KEEP
GSE161158,"""GSM4890635""",KEEP
GSE161158,"""GSM4890636""",KEEP
GSE161158,"""GSM4890637""",KEEP
GSE161158,"""GSM4890638""",KEEP
GSE161158,"""GSM4890639""",KEEP
GSE161158,"""GSM4890640""",KEEP
GSE161158,"""GSM4890641""",KEEP
GSE161158,"""GSM4890642""",KEEP
GSE161158,"""GSM4890643""",KEEP
GSE161158,"""GSM4890644""",KEEP
GSE161158,"""GSM4890645""",KEEP
GSE161158,"""GSM4890646""",KEEP
GSE161158,"""GSM4890647""",KEEP
GSE161158,"""GSM4890648""",KEEP
GSE161158,"""GSM4890649""",KEEP
GSE161158,"""GSM4890650""",KEEP
GSE161158,"""GSM4890651""",KEEP
GSE161158,"""GSM4890652""",KEEP
GSE161158,"""GSM4890653""",KEEP
GSE161158,"""GSM4890654""",KEEP
GSE161158,"""GSM4890655""",KEEP
GSE161158,"""GSM4890656""",KEEP
GSE161158,"""GSM4890657""",KEEP
GSE161158,"""GSM4890658""",KEEP
GSE161158,"""GSM4890659""",KEEP
GSE161158,"""GSM4890660""",KEEP
GSE161158,"""GSM4890661""",KEEP
GSE161158,"""GSM4890662""",KEEP
GSE161158,"""GSM4890663""",KEEP
GSE161158,"""GSM4890664""",KEEP
GSE161158,"""GSM4890665""",KEEP
GSE161158,"""GSM4890666""",KEEP
GSE161158,"""GSM4890667""",KEEP
GSE161158,"""GSM4890668""",KEEP
GSE161158,"""GSM4890669""",KEEP
GSE161158,"""GSM4890670""",KEEP
GSE161158,"""GSM4890671""",KEEP
GSE161158,"""GSM4890672""",KEEP
GSE161158,"""GSM4890673""",KEEP
GSE161158,"""GSM4890674""",KEEP
GSE161158,"""GSM4890675""",KEEP
GSE161158,"""GSM4890676""",KEEP
GSE161158,"""GSM4890677""",KEEP
GSE161158,"""GSM4890678""",KEEP
GSE161158,"""GSM4890679""",KEEP
GSE161158,"""GSM4890680""",KEEP
GSE161158,"""GSM4890681""",KEEP
GSE161158,"""GSM4890682""",KEEP
GSE161158,"""GSM4890683""",KEEP
GSE161158,"""GSM4890684""",KEEP
GSE161158,"""GSM4890685""",KEEP
GSE161158,"""GSM4890686""",KEEP
GSE161158,"""GSM4890687""",KEEP
GSE161158,"""GSM4890688""",KEEP
GSE161158,"""GSM4890689""",KEEP
GSE161158,"""GSM4890690""",KEEP
GSE161158,"""GSM4890691""",KEEP
GSE161158,"""GSM4890692""",KEEP
GSE161158,"""GSM4890693""",KEEP
GSE161158,"""GSM4890694""",KEEP
GSE161158,"""GSM4890695""",KEEP
GSE161158,"""GSM4890696""",REMOVE
GSE161158,"""GSM4890697""",KEEP
GSE161158,"""GSM4890698""",KEEP
GSE161158,"""GSM4890699""",KEEP
GSE161158,"""GSM4890700""",KEEP
GSE161158,"""GSM4890701""",KEEP
GSE161158,"""GSM4890702""",KEEP
GSE161158,"""GSM4890703""",KEEP
GSE161158,"""GSM4890704""",KEEP
GSE161158,"""GSM4890705""",KEEP
GSE161158,"""GSM4890706""",KEEP
GSE161158,"""GSM4890707""",KEEP
GSE161158,"""GSM4890708""",KEEP
GSE161158,"""GSM4890709""",KEEP
GSE161158,"""GSM4890710""",KEEP
GSE161158,"""GSM4890711""",KEEP
GSE161158,"""GSM4890712""",KEEP
GSE161158,"""GSM4890713""",KEEP
GSE161158,"""GSM4890714""",KEEP
GSE161158,"""GSM4890715""",KEEP
GSE161158,"""GSM4890716""",KEEP
GSE161158,"""GSM4890717""",KEEP
GSE161158,"""GSM4890718""",KEEP
GSE161158,"""GSM4890719""",KEEP
GSE161158,"""GSM4890720""",KEEP
GSE161158,"""GSM4890721""",KEEP
GSE161158,"""GSM4890722""",KEEP
GSE161158,"""GSM4890723""",KEEP
GSE161158,"""GSM4890724""",KEEP
GSE161158,"""GSM4890725""",KEEP
GSE161158,"""GSM4890726""",KEEP
GSE161158,"""GSM4890727""",REMOVE
GSE161158,"""GSM4890728""",KEEP
GSE161158,"""GSM4890729""",KEEP
GSE161158,"""GSM4890730""",KEEP
GSE161158,"""GSM4890731""",KEEP
GSE161158,"""GSM4890732""",KEEP
GSE161158,"""GSM4890733""",REMOVE
GSE161158,"""GSM4890734""",KEEP
GSE161158,"""GSM4890735""",KEEP
GSE161158,"""GSM4890736""",KEEP
GSE161158,"""GSM4890737""",KEEP
GSE161158,"""GSM4890738""",KEEP
GSE161158,"""GSM4890739""",KEEP
GSE161158,"""GSM4890740""",KEEP
GSE161158,"""GSM4890741""",KEEP
GSE161158,"""GSM4890742""",KEEP
GSE161158,"""GSM4890743""",KEEP
GSE161158,"""GSM4890744""",KEEP
GSE161158,"""GSM4890745""",KEEP
GSE161158,"""GSM4890746""",KEEP
GSE161158,"""GSM4890747""",KEEP
GSE161158,"""GSM4890748""",KEEP
GSE161158,"""GSM4890749""",KEEP
GSE161158,"""GSM4890750""",KEEP
GSE161158,"""GSM4890751""",KEEP
GSE161158,"""GSM4890752""",KEEP
GSE161158,"""GSM4890753""",KEEP
GSE161158,"""GSM4890754""",KEEP
GSE161158,"""GSM4890755""",KEEP
GSE161158,"""GSM4890756""",REMOVE
GSE161158,"""GSM4890757""",KEEP
GSE161158,"""GSM4890758""",KEEP
GSE161158,"""GSM4890759""",KEEP
GSE161158,"""GSM4890760""",KEEP
GSE161158,"""GSM4890761""",KEEP
GSE161158,"""GSM4890762""",KEEP
GSE161158,"""GSM4890763""",KEEP
GSE161158,"""GSM4890764""",KEEP
GSE161158,"""GSM4890765""",KEEP
GSE161158,"""GSM4890766""",KEEP
GSE161158,"""GSM4890767""",KEEP
GSE161158,"""GSM4890768""",KEEP
GSE161158,"""GSM4890769""",KEEP
GSE161158,"""GSM4890770""",KEEP
GSE161158,"""GSM4890771""",KEEP
GSE161158,"""GSM4890772""",KEEP
GSE161158,"""GSM4890773""",KEEP
GSE161158,"""GSM4890774""",KEEP
GSE161158,"""GSM4890775""",KEEP
GSE161158,"""GSM4890776""",KEEP
GSE161158,"""GSM4890777""",KEEP
GSE161158,"""GSM4890778""",KEEP
GSE161158,"""GSM4890779""",KEEP
GSE161158,"""GSM4890780""",KEEP
GSE161158,"""GSM4890781""",KEEP
GSE161158,"""GSM4890782""",KEEP
GSE161158,"""GSM4890783""",KEEP
GSE161158,"""GSM4890784""",KEEP
GSE161158,"""GSM4890785""",KEEP
GSE161158,"""GSM4890786""",KEEP
GSE161158,"""GSM4890787""",KEEP
GSE161158,"""GSM4890788""",KEEP
GSE161158,"""GSM4890789""",KEEP
GSE161158,"""GSM4890790""",KEEP
GSE161158,"""GSM4890791""",KEEP
GSE161158,"""GSM4890792""",KEEP
GSE161158,"""GSM4890793""",KEEP
GSE161158,"""GSM4890794""",KEEP
GSE161158,"""GSM4890795""",REMOVE
GSE161158,"""GSM4890796""",KEEP
GSE161158,"""GSM4890797""",KEEP
GSE161158,"""GSM4890798""",KEEP
GSE161158,"""GSM4890799""",KEEP
GSE161158,"""GSM4890800""",KEEP
GSE161158,"""GSM4890801""",KEEP
GSE161158,"""GSM4890802""",KEEP
GSE161158,"""GSM4890803""",KEEP
GSE161158,"""GSM4890804""",KEEP
GSE161158,"""GSM4890805""",KEEP
GSE161158,"""GSM4890806""",KEEP
GSE161158,"""GSM4890807""",KEEP
GSE161158,"""GSM4890808""",KEEP
GSE161158,"""GSM4890809""",KEEP
GSE161158,"""GSM4890810""",KEEP
GSE161158,"""GSM4890811""",KEEP
GSE161158,"""GSM4890812""",KEEP
GSE161158,"""GSM4890813""",KEEP
GSE161158,"""GSM4890814""",KEEP
GSE161158,"""GSM4890815""",KEEP
GSE161158,"""GSM4890816""",KEEP
GSE161158,"""GSM4890817""",KEEP
GSE161158,"""GSM4890818""",KEEP
GSE161158,"""GSM4890819""",KEEP
GSE161158,"""GSM4890820""",KEEP
GSE161158,"""GSM4890821""",REMOVE
GSE161158,"""GSM4890822""",KEEP
GSE161158,"""GSM4890823""",KEEP
GSE161158,"""GSM4890824""",KEEP
GSE161158,"""GSM4890825""",KEEP
GSE161158,"""GSM4890826""",KEEP
GSE161158,"""GSM4890827""",KEEP
GSE161158,"""GSM4890828""",KEEP
GSE161158,"""GSM4890829""",KEEP
GSE161158,"""GSM4890830""",KEEP
GSE161158,"""GSM4890831""",KEEP
GSE161158,"""GSM4890832""",KEEP
GSE161158,"""GSM4890833""",KEEP
GSE161158,"""GSM4890834""",KEEP
GSE161158,"""GSM4890835""",KEEP
GSE161158,"""GSM4890836""",KEEP
GSE161158,"""GSM4890837""",KEEP
GSE161158,"""GSM4890838""",KEEP
GSE161158,"""GSM4890839""",KEEP
GSE161158,"""GSM4890840""",KEEP
GSE161158,"""GSM4890841""",KEEP
GSE161158,"""GSM4890842""",KEEP
GSE161158,"""GSM4890843""",KEEP
GSE161158,"""GSM4890844""",KEEP
GSE161158,"""GSM4890845""",KEEP
GSE161158,"""GSM4890846""",KEEP
GSE161158,"""GSM4890847""",KEEP
GSE161158,"""GSM4890848""",KEEP
GSE161158,"""GSM4890849""",KEEP
GSE161158,"""GSM4890850""",KEEP
GSE161158,"""GSM4890851""",KEEP
GSE161158,"""GSM4890852""",KEEP
GSE161158,"""GSM4890853""",KEEP
GSE161158,"""GSM4890854""",KEEP
GSE161158,"""GSM4890855""",KEEP
GSE161158,"""GSM4890856""",KEEP
GSE161533,"""GSM4909553""",KEEP
GSE161533,"""GSM4909554""",KEEP
GSE161533,"""GSM4909555""",KEEP
GSE161533,"""GSM4909556""",KEEP
GSE161533,"""GSM4909557""",KEEP
GSE161533,"""GSM4909558""",KEEP
GSE161533,"""GSM4909559""",KEEP
GSE161533,"""GSM4909560""",KEEP
GSE161533,"""GSM4909561""",KEEP
GSE161533,"""GSM4909562""",KEEP
GSE161533,"""GSM4909563""",KEEP
GSE161533,"""GSM4909564""",KEEP
GSE161533,"""GSM4909565""",KEEP
GSE161533,"""GSM4909566""",KEEP
GSE161533,"""GSM4909567""",KEEP
GSE161533,"""GSM4909568""",KEEP
GSE161533,"""GSM4909569""",KEEP
GSE161533,"""GSM4909570""",KEEP
GSE161533,"""GSM4909571""",KEEP
GSE161533,"""GSM4909572""",KEEP
GSE161533,"""GSM4909573""",KEEP
GSE161533,"""GSM4909574""",KEEP
GSE161533,"""GSM4909575""",KEEP
GSE161533,"""GSM4909576""",KEEP
GSE161533,"""GSM4909577""",KEEP
GSE161533,"""GSM4909578""",KEEP
GSE161533,"""GSM4909579""",KEEP
GSE161533,"""GSM4909580""",KEEP
GSE161533,"""GSM4909581""",KEEP
GSE161533,"""GSM4909582""",KEEP
GSE161533,"""GSM4909583""",KEEP
GSE161533,"""GSM4909584""",KEEP
GSE161533,"""GSM4909585""",KEEP
GSE161533,"""GSM4909586""",KEEP
GSE161533,"""GSM4909587""",KEEP
GSE161533,"""GSM4909588""",KEEP
GSE161533,"""GSM4909589""",KEEP
GSE161533,"""GSM4909590""",KEEP
GSE161533,"""GSM4909591""",KEEP
GSE161533,"""GSM4909592""",KEEP
GSE161533,"""GSM4909593""",KEEP
GSE161533,"""GSM4909594""",KEEP
GSE161533,"""GSM4909595""",KEEP
GSE161533,"""GSM4909596""",KEEP
GSE161533,"""GSM4909597""",KEEP
GSE161533,"""GSM4909598""",KEEP
GSE161533,"""GSM4909599""",KEEP
GSE161533,"""GSM4909600""",KEEP
GSE161533,"""GSM4909601""",KEEP
GSE161533,"""GSM4909602""",KEEP
GSE161533,"""GSM4909603""",KEEP
GSE161533,"""GSM4909604""",KEEP
GSE161533,"""GSM4909605""",KEEP
GSE161533,"""GSM4909606""",KEEP
GSE161533,"""GSM4909607""",KEEP
GSE161533,"""GSM4909608""",KEEP
GSE161533,"""GSM4909609""",KEEP
GSE161533,"""GSM4909610""",KEEP
GSE161533,"""GSM4909611""",KEEP
GSE161533,"""GSM4909612""",KEEP
GSE161533,"""GSM4909613""",KEEP
GSE161533,"""GSM4909614""",KEEP
GSE161533,"""GSM4909615""",KEEP
GSE161533,"""GSM4909616""",KEEP
GSE161533,"""GSM4909617""",KEEP
GSE161533,"""GSM4909618""",KEEP
GSE161533,"""GSM4909619""",KEEP
GSE161533,"""GSM4909620""",KEEP
GSE161533,"""GSM4909621""",KEEP
GSE161533,"""GSM4909622""",KEEP
GSE161533,"""GSM4909623""",KEEP
GSE161533,"""GSM4909624""",KEEP
GSE161533,"""GSM4909625""",KEEP
GSE161533,"""GSM4909626""",KEEP
GSE161533,"""GSM4909627""",KEEP
GSE161533,"""GSM4909628""",KEEP
GSE161533,"""GSM4909629""",KEEP
GSE161533,"""GSM4909630""",KEEP
GSE161533,"""GSM4909631""",KEEP
GSE161533,"""GSM4909632""",KEEP
GSE161533,"""GSM4909633""",KEEP
GSE161533,"""GSM4909634""",KEEP
GSE161533,"""GSM4909635""",KEEP
GSE161533,"""GSM4909636""",KEEP
GSE16157,"""GSM405147""",KEEP
GSE16157,"""GSM405148""",KEEP
GSE16157,"""GSM405149""",KEEP
GSE16157,"""GSM405150""",KEEP
GSE16157,"""GSM405151""",KEEP
GSE16157,"""GSM405152""",KEEP
GSE16157,"""GSM405153""",KEEP
GSE16157,"""GSM405154""",KEEP
GSE16157,"""GSM405155""",KEEP
GSE16157,"""GSM405156""",KEEP
GSE16157,"""GSM405157""",KEEP
GSE16157,"""GSM405158""",KEEP
GSE16157,"""GSM405159""",KEEP
GSE16157,"""GSM405160""",KEEP
GSE16157,"""GSM405161""",KEEP
GSE16157,"""GSM405162""",KEEP
GSE16157,"""GSM405163""",KEEP
GSE16157,"""GSM405164""",KEEP
GSE16157,"""GSM405165""",KEEP
GSE16157,"""GSM405166""",KEEP
GSE16157,"""GSM405167""",KEEP
GSE16157,"""GSM405168""",KEEP
GSE16157,"""GSM405169""",KEEP
GSE16157,"""GSM405170""",KEEP
GSE16157,"""GSM405171""",KEEP
GSE16157,"""GSM405172""",KEEP
GSE16157,"""GSM405173""",KEEP
GSE16157,"""GSM405174""",KEEP
GSE16157,"""GSM405175""",KEEP
GSE16157,"""GSM405176""",KEEP
GSE16157,"""GSM405177""",KEEP
GSE16157,"""GSM405178""",KEEP
GSE16157,"""GSM405179""",KEEP
GSE16157,"""GSM405180""",KEEP
GSE16157,"""GSM405181""",KEEP
GSE16157,"""GSM405182""",KEEP
GSE16157,"""GSM405183""",KEEP
GSE16157,"""GSM405184""",KEEP
GSE164191,"""GSM5001936""",KEEP
GSE164191,"""GSM5001937""",KEEP
GSE164191,"""GSM5001938""",KEEP
GSE164191,"""GSM5001939""",KEEP
GSE164191,"""GSM5001940""",KEEP
GSE164191,"""GSM5001941""",KEEP
GSE164191,"""GSM5001942""",KEEP
GSE164191,"""GSM5001943""",KEEP
GSE164191,"""GSM5001944""",KEEP
GSE164191,"""GSM5001945""",KEEP
GSE164191,"""GSM5001946""",KEEP
GSE164191,"""GSM5001947""",KEEP
GSE164191,"""GSM5001948""",KEEP
GSE164191,"""GSM5001949""",KEEP
GSE164191,"""GSM5001950""",KEEP
GSE164191,"""GSM5001951""",KEEP
GSE164191,"""GSM5001952""",KEEP
GSE164191,"""GSM5001953""",KEEP
GSE164191,"""GSM5001954""",KEEP
GSE164191,"""GSM5001955""",KEEP
GSE164191,"""GSM5001956""",KEEP
GSE164191,"""GSM5001957""",KEEP
GSE164191,"""GSM5001958""",KEEP
GSE164191,"""GSM5001959""",KEEP
GSE164191,"""GSM5001960""",KEEP
GSE164191,"""GSM5001961""",KEEP
GSE164191,"""GSM5001962""",KEEP
GSE164191,"""GSM5001963""",KEEP
GSE164191,"""GSM5001964""",KEEP
GSE164191,"""GSM5001965""",KEEP
GSE164191,"""GSM5001966""",KEEP
GSE164191,"""GSM5001967""",KEEP
GSE164191,"""GSM5001968""",KEEP
GSE164191,"""GSM5001969""",KEEP
GSE164191,"""GSM5001970""",KEEP
GSE164191,"""GSM5001971""",KEEP
GSE164191,"""GSM5001972""",KEEP
GSE164191,"""GSM5001973""",KEEP
GSE164191,"""GSM5001974""",KEEP
GSE164191,"""GSM5001975""",KEEP
GSE164191,"""GSM5001976""",KEEP
GSE164191,"""GSM5001977""",KEEP
GSE164191,"""GSM5001978""",KEEP
GSE164191,"""GSM5001979""",KEEP
GSE164191,"""GSM5001980""",KEEP
GSE164191,"""GSM5001981""",KEEP
GSE164191,"""GSM5001982""",KEEP
GSE164191,"""GSM5001983""",KEEP
GSE164191,"""GSM5001984""",KEEP
GSE164191,"""GSM5001985""",KEEP
GSE164191,"""GSM5001986""",KEEP
GSE164191,"""GSM5001987""",KEEP
GSE164191,"""GSM5001988""",KEEP
GSE164191,"""GSM5001989""",KEEP
GSE164191,"""GSM5001990""",KEEP
GSE164191,"""GSM5001991""",KEEP
GSE164191,"""GSM5001992""",KEEP
GSE164191,"""GSM5001993""",KEEP
GSE164191,"""GSM5001994""",KEEP
GSE164191,"""GSM5001995""",KEEP
GSE164191,"""GSM5001996""",KEEP
GSE164191,"""GSM5001997""",KEEP
GSE164191,"""GSM5001998""",KEEP
GSE164191,"""GSM5001999""",KEEP
GSE164191,"""GSM5002000""",KEEP
GSE164191,"""GSM5002001""",KEEP
GSE164191,"""GSM5002002""",KEEP
GSE164191,"""GSM5002003""",KEEP
GSE164191,"""GSM5002004""",KEEP
GSE164191,"""GSM5002005""",KEEP
GSE164191,"""GSM5002006""",KEEP
GSE164191,"""GSM5002007""",KEEP
GSE164191,"""GSM5002008""",KEEP
GSE164191,"""GSM5002009""",KEEP
GSE164191,"""GSM5002010""",KEEP
GSE164191,"""GSM5002011""",KEEP
GSE164191,"""GSM5002012""",KEEP
GSE164191,"""GSM5002013""",KEEP
GSE164191,"""GSM5002014""",KEEP
GSE164191,"""GSM5002015""",KEEP
GSE164191,"""GSM5002016""",KEEP
GSE164191,"""GSM5002017""",KEEP
GSE164191,"""GSM5002018""",KEEP
GSE164191,"""GSM5002019""",KEEP
GSE164191,"""GSM5002020""",KEEP
GSE164191,"""GSM5002021""",KEEP
GSE164191,"""GSM5002022""",KEEP
GSE164191,"""GSM5002023""",KEEP
GSE164191,"""GSM5002024""",KEEP
GSE164191,"""GSM5002025""",KEEP
GSE164191,"""GSM5002026""",KEEP
GSE164191,"""GSM5002027""",KEEP
GSE164191,"""GSM5002028""",KEEP
GSE164191,"""GSM5002029""",KEEP
GSE164191,"""GSM5002030""",KEEP
GSE164191,"""GSM5002031""",KEEP
GSE164191,"""GSM5002032""",KEEP
GSE164191,"""GSM5002033""",KEEP
GSE164191,"""GSM5002034""",KEEP
GSE164191,"""GSM5002035""",KEEP
GSE164191,"""GSM5002036""",KEEP
GSE164191,"""GSM5002037""",KEEP
GSE164191,"""GSM5002038""",KEEP
GSE164191,"""GSM5002039""",KEEP
GSE164191,"""GSM5002040""",KEEP
GSE164191,"""GSM5002041""",KEEP
GSE164191,"""GSM5002042""",KEEP
GSE164191,"""GSM5002043""",KEEP
GSE164191,"""GSM5002044""",KEEP
GSE164191,"""GSM5002045""",KEEP
GSE164191,"""GSM5002046""",KEEP
GSE164191,"""GSM5002047""",KEEP
GSE164191,"""GSM5002048""",KEEP
GSE164191,"""GSM5002049""",KEEP
GSE164191,"""GSM5002050""",KEEP
GSE164191,"""GSM5002051""",KEEP
GSE164191,"""GSM5002052""",KEEP
GSE164191,"""GSM5002053""",KEEP
GSE164191,"""GSM5002054""",KEEP
GSE164191,"""GSM5002055""",KEEP
GSE164191,"""GSM5002056""",KEEP
GSE16555,"""GSM3355010""",KEEP
GSE16555,"""GSM3355011""",KEEP
GSE16555,"""GSM3355012""",KEEP
GSE16555,"""GSM3355013""",KEEP
GSE16555,"""GSM3355014""",KEEP
GSE16555,"""GSM3355015""",KEEP
GSE16555,"""GSM3355016""",KEEP
GSE16555,"""GSM3355017""",KEEP
GSE16555,"""GSM3355018""",KEEP
GSE16648,"""GSM288491""",REMOVE
GSE16648,"""GSM288497""",REMOVE
GSE16648,"""GSM288499""",REMOVE
GSE16648,"""GSM288501""",REMOVE
GSE16648,"""GSM288502""",REMOVE
GSE16648,"""GSM288536""",REMOVE
GSE16648,"""GSM402370""",REMOVE
GSE16648,"""GSM402373""",REMOVE
GSE16648,"""GSM402375""",REMOVE
GSE16648,"""GSM402378""",REMOVE
GSE16648,"""GSM402380""",REMOVE
GSE16648,"""GSM402383""",REMOVE
GSE16648,"""GSM402417""",REMOVE
GSE16648,"""GSM402418""",REMOVE
GSE16648,"""GSM402419""",REMOVE
GSE16648,"""GSM402420""",REMOVE
GSE16648,"""GSM402421""",REMOVE
GSE16648,"""GSM402422""",REMOVE
GSE16648,"""GSM402520""",REMOVE
GSE16648,"""GSM402522""",REMOVE
GSE16648,"""GSM402524""",REMOVE
GSE16648,"""GSM402526""",REMOVE
GSE16648,"""GSM402527""",REMOVE
GSE16648,"""GSM402528""",REMOVE
GSE16648,"""GSM402529""",REMOVE
GSE16648,"""GSM402531""",REMOVE
GSE16648,"""GSM402532""",REMOVE
GSE16648,"""GSM402533""",REMOVE
GSE16648,"""GSM402534""",REMOVE
GSE16648,"""GSM402535""",REMOVE
GSE16648,"""GSM402560""",REMOVE
GSE16648,"""GSM402650""",REMOVE
GSE16648,"""GSM402651""",REMOVE
GSE16648,"""GSM402652""",REMOVE
GSE16648,"""GSM402653""",REMOVE
GSE16648,"""GSM402654""",REMOVE
GSE16648,"""GSM402655""",REMOVE
GSE16648,"""GSM402656""",REMOVE
GSE16648,"""GSM402657""",REMOVE
GSE16648,"""GSM402681""",REMOVE
GSE16648,"""GSM402682""",REMOVE
GSE16648,"""GSM402683""",REMOVE
GSE16934,"""GSM424515""",KEEP
GSE16934,"""GSM424516""",KEEP
GSE16934,"""GSM424517""",KEEP
GSE16934,"""GSM424518""",KEEP
GSE16934,"""GSM424519""",KEEP
GSE16934,"""GSM424520""",KEEP
GSE16934,"""GSM424521""",KEEP
GSE16934,"""GSM424522""",KEEP
GSE16934,"""GSM424523""",KEEP
GSE170999,"""GSM5215860""",KEEP
GSE170999,"""GSM5215861""",KEEP
GSE170999,"""GSM5215862""",KEEP
GSE170999,"""GSM5215863""",KEEP
GSE170999,"""GSM5215864""",KEEP
GSE170999,"""GSM5215865""",KEEP
GSE170999,"""GSM5215866""",KEEP
GSE170999,"""GSM5215867""",KEEP
GSE170999,"""GSM5215868""",KEEP
GSE170999,"""GSM5215869""",KEEP
GSE170999,"""GSM5215870""",KEEP
GSE170999,"""GSM5215871""",KEEP
GSE170999,"""GSM5215872""",KEEP
GSE170999,"""GSM5215873""",KEEP
GSE170999,"""GSM5215874""",KEEP
GSE170999,"""GSM5215875""",KEEP
GSE170999,"""GSM5215876""",KEEP
GSE170999,"""GSM5215877""",KEEP
GSE170999,"""GSM5215878""",KEEP
GSE170999,"""GSM5215879""",KEEP
GSE170999,"""GSM5215880""",KEEP
GSE170999,"""GSM5215881""",KEEP
GSE170999,"""GSM5215882""",KEEP
GSE170999,"""GSM5215883""",KEEP
GSE170999,"""GSM5215884""",KEEP
GSE170999,"""GSM5215885""",KEEP
GSE170999,"""GSM5215886""",KEEP
GSE170999,"""GSM5215887""",KEEP
GSE170999,"""GSM5215888""",KEEP
GSE170999,"""GSM5215889""",KEEP
GSE170999,"""GSM5215890""",KEEP
GSE170999,"""GSM5215891""",KEEP
GSE170999,"""GSM5215892""",KEEP
GSE170999,"""GSM5215893""",KEEP
GSE170999,"""GSM5215894""",KEEP
GSE170999,"""GSM5215895""",KEEP
GSE170999,"""GSM5215896""",KEEP
GSE170999,"""GSM5215897""",KEEP
GSE170999,"""GSM5215898""",KEEP
GSE170999,"""GSM5215899""",KEEP
GSE170999,"""GSM5215900""",KEEP
GSE170999,"""GSM5215901""",KEEP
GSE170999,"""GSM5215902""",KEEP
GSE170999,"""GSM5215903""",KEEP
GSE170999,"""GSM5215904""",KEEP
GSE170999,"""GSM5215905""",KEEP
GSE170999,"""GSM5215906""",KEEP
GSE170999,"""GSM5215907""",KEEP
GSE170999,"""GSM5215908""",KEEP
GSE170999,"""GSM5215909""",KEEP
GSE170999,"""GSM5215910""",KEEP
GSE170999,"""GSM5215911""",KEEP
GSE170999,"""GSM5215912""",KEEP
GSE170999,"""GSM5215913""",KEEP
GSE170999,"""GSM5215914""",KEEP
GSE170999,"""GSM5215915""",KEEP
GSE170999,"""GSM5215916""",KEEP
GSE170999,"""GSM5215917""",KEEP
GSE170999,"""GSM5215918""",KEEP
GSE170999,"""GSM5215919""",KEEP
GSE170999,"""GSM5215920""",KEEP
GSE170999,"""GSM5215921""",KEEP
GSE170999,"""GSM5215922""",KEEP
GSE170999,"""GSM5215923""",KEEP
GSE170999,"""GSM5215924""",KEEP
GSE170999,"""GSM5215925""",KEEP
GSE170999,"""GSM5215926""",KEEP
GSE170999,"""GSM5215927""",KEEP
GSE170999,"""GSM5215928""",KEEP
GSE170999,"""GSM5215929""",KEEP
GSE170999,"""GSM5215930""",KEEP
GSE170999,"""GSM5215931""",KEEP
GSE170999,"""GSM5215932""",KEEP
GSE170999,"""GSM5215933""",KEEP
GSE170999,"""GSM5215934""",KEEP
GSE170999,"""GSM5215935""",KEEP
GSE17189,"""GSM429903""",KEEP
GSE17189,"""GSM429904""",KEEP
GSE17189,"""GSM429905""",KEEP
GSE17189,"""GSM429906""",KEEP
GSE17189,"""GSM429907""",KEEP
GSE17189,"""GSM429908""",KEEP
GSE17189,"""GSM429909""",KEEP
GSE17189,"""GSM429910""",KEEP
GSE17189,"""GSM429911""",REMOVE
GSE17189,"""GSM429912""",KEEP
GSE17189,"""GSM429913""",KEEP
GSE17189,"""GSM429914""",KEEP
GSE17189,"""GSM429915""",KEEP
GSE17189,"""GSM429916""",KEEP
GSE17189,"""GSM429917""",KEEP
GSE17189,"""GSM429918""",KEEP
GSE17189,"""GSM429919""",KEEP
GSE17372,"""GSM429903""",REMOVE
GSE17372,"""GSM429904""",REMOVE
GSE17372,"""GSM429905""",REMOVE
GSE17372,"""GSM429906""",REMOVE
GSE17372,"""GSM429907""",REMOVE
GSE17372,"""GSM429908""",REMOVE
GSE17372,"""GSM429909""",REMOVE
GSE17372,"""GSM429910""",REMOVE
GSE17372,"""GSM429911""",REMOVE
GSE17372,"""GSM429912""",REMOVE
GSE17372,"""GSM429913""",REMOVE
GSE17372,"""GSM429914""",REMOVE
GSE17372,"""GSM429915""",REMOVE
GSE17372,"""GSM429916""",REMOVE
GSE17372,"""GSM429917""",REMOVE
GSE17372,"""GSM429918""",REMOVE
GSE17372,"""GSM429919""",REMOVE
GSE18005,"""GSM450448""",KEEP
GSE18005,"""GSM450449""",KEEP
GSE18005,"""GSM450450""",KEEP
GSE18005,"""GSM450451""",KEEP
GSE18005,"""GSM450452""",KEEP
GSE18005,"""GSM450453""",KEEP
GSE18005,"""GSM450454""",KEEP
GSE18005,"""GSM450455""",KEEP
GSE18005,"""GSM450456""",KEEP
GSE18005,"""GSM450457""",KEEP
GSE18005,"""GSM450458""",KEEP
GSE18005,"""GSM450459""",KEEP
GSE18005,"""GSM450460""",KEEP
GSE18005,"""GSM450461""",KEEP
GSE18005,"""GSM450462""",KEEP
GSE18088,"""GSM452148""",KEEP
GSE18088,"""GSM452149""",KEEP
GSE18088,"""GSM452150""",KEEP
GSE18088,"""GSM452151""",KEEP
GSE18088,"""GSM452152""",KEEP
GSE18088,"""GSM452153""",KEEP
GSE18088,"""GSM452154""",KEEP
GSE18088,"""GSM452155""",KEEP
GSE18088,"""GSM452156""",KEEP
GSE18088,"""GSM452157""",KEEP
GSE18088,"""GSM452158""",KEEP
GSE18088,"""GSM452159""",KEEP
GSE18088,"""GSM452160""",KEEP
GSE18088,"""GSM452161""",KEEP
GSE18088,"""GSM452162""",KEEP
GSE18088,"""GSM452163""",KEEP
GSE18088,"""GSM452164""",KEEP
GSE18088,"""GSM452165""",KEEP
GSE18088,"""GSM452166""",KEEP
GSE18088,"""GSM452167""",KEEP
GSE18088,"""GSM452168""",KEEP
GSE18088,"""GSM452169""",KEEP
GSE18088,"""GSM452170""",KEEP
GSE18088,"""GSM452171""",KEEP
GSE18088,"""GSM452172""",KEEP
GSE18088,"""GSM452173""",KEEP
GSE18088,"""GSM452174""",KEEP
GSE18088,"""GSM452175""",KEEP
GSE18088,"""GSM452176""",KEEP
GSE18088,"""GSM452177""",KEEP
GSE18088,"""GSM452178""",KEEP
GSE18088,"""GSM452179""",KEEP
GSE18088,"""GSM452180""",KEEP
GSE18088,"""GSM452181""",KEEP
GSE18088,"""GSM452182""",KEEP
GSE18088,"""GSM452183""",KEEP
GSE18088,"""GSM452184""",KEEP
GSE18088,"""GSM452185""",KEEP
GSE18088,"""GSM452186""",KEEP
GSE18088,"""GSM452187""",KEEP
GSE18088,"""GSM452188""",KEEP
GSE18088,"""GSM452189""",KEEP
GSE18088,"""GSM452190""",KEEP
GSE18088,"""GSM452191""",KEEP
GSE18088,"""GSM452192""",KEEP
GSE18088,"""GSM452193""",KEEP
GSE18088,"""GSM452194""",KEEP
GSE18088,"""GSM452195""",KEEP
GSE18088,"""GSM452196""",KEEP
GSE18088,"""GSM452197""",KEEP
GSE18088,"""GSM452198""",KEEP
GSE18088,"""GSM452199""",KEEP
GSE18088,"""GSM452200""",KEEP
GSE18232,"""GSM455560""",KEEP
GSE18232,"""GSM455561""",KEEP
GSE18232,"""GSM455562""",KEEP
GSE18232,"""GSM455563""",KEEP
GSE18232,"""GSM455564""",KEEP
GSE18232,"""GSM455565""",KEEP
GSE18232,"""GSM455566""",KEEP
GSE18232,"""GSM455567""",KEEP
GSE18232,"""GSM455568""",KEEP
GSE18232,"""GSM455569""",KEEP
GSE18232,"""GSM455570""",KEEP
GSE18232,"""GSM455571""",KEEP
GSE18232,"""GSM455572""",KEEP
GSE18232,"""GSM455573""",KEEP
GSE18232,"""GSM455574""",KEEP
GSE18232,"""GSM455575""",KEEP
GSE18232,"""GSM455576""",KEEP
GSE18232,"""GSM455577""",KEEP
GSE18462,"""GSM459858""",KEEP
GSE18462,"""GSM459859""",KEEP
GSE18462,"""GSM459860""",KEEP
GSE18462,"""GSM459861""",KEEP
GSE18462,"""GSM459862""",KEEP
GSE18462,"""GSM459863""",KEEP
GSE18462,"""GSM459864""",KEEP
GSE18462,"""GSM459865""",KEEP
GSE18497,"""GSM461011""",KEEP
GSE18497,"""GSM461012""",KEEP
GSE18497,"""GSM461013""",KEEP
GSE18497,"""GSM461014""",KEEP
GSE18497,"""GSM461015""",KEEP
GSE18497,"""GSM461016""",KEEP
GSE18497,"""GSM461017""",KEEP
GSE18497,"""GSM461018""",KEEP
GSE18497,"""GSM461019""",KEEP
GSE18497,"""GSM461020""",KEEP
GSE18497,"""GSM461021""",KEEP
GSE18497,"""GSM461022""",KEEP
GSE18497,"""GSM461023""",KEEP
GSE18497,"""GSM461024""",KEEP
GSE18497,"""GSM461025""",KEEP
GSE18497,"""GSM461026""",KEEP
GSE18497,"""GSM461027""",KEEP
GSE18497,"""GSM461028""",KEEP
GSE18497,"""GSM461029""",KEEP
GSE18497,"""GSM461030""",KEEP
GSE18497,"""GSM461031""",KEEP
GSE18497,"""GSM461032""",KEEP
GSE18497,"""GSM461033""",KEEP
GSE18497,"""GSM461034""",KEEP
GSE18497,"""GSM461035""",KEEP
GSE18497,"""GSM461036""",KEEP
GSE18497,"""GSM461037""",KEEP
GSE18497,"""GSM461038""",KEEP
GSE18497,"""GSM461039""",KEEP
GSE18497,"""GSM461040""",KEEP
GSE18497,"""GSM461041""",KEEP
GSE18497,"""GSM461042""",KEEP
GSE18497,"""GSM461043""",KEEP
GSE18497,"""GSM461044""",KEEP
GSE18497,"""GSM461045""",KEEP
GSE18497,"""GSM461046""",KEEP
GSE18497,"""GSM461047""",KEEP
GSE18497,"""GSM461048""",KEEP
GSE18497,"""GSM461049""",KEEP
GSE18497,"""GSM461050""",KEEP
GSE18497,"""GSM461051""",KEEP
GSE18497,"""GSM461052""",KEEP
GSE18497,"""GSM461053""",KEEP
GSE18497,"""GSM461054""",KEEP
GSE18497,"""GSM461055""",KEEP
GSE18497,"""GSM461056""",KEEP
GSE18497,"""GSM461057""",KEEP
GSE18497,"""GSM461058""",KEEP
GSE18497,"""GSM461059""",KEEP
GSE18497,"""GSM461060""",KEEP
GSE18497,"""GSM461061""",KEEP
GSE18497,"""GSM461062""",KEEP
GSE18497,"""GSM461063""",KEEP
GSE18497,"""GSM461064""",KEEP
GSE18497,"""GSM461065""",KEEP
GSE18497,"""GSM461066""",KEEP
GSE18497,"""GSM461067""",KEEP
GSE18497,"""GSM461068""",KEEP
GSE18497,"""GSM461069""",KEEP
GSE18497,"""GSM461070""",KEEP
GSE18497,"""GSM461071""",KEEP
GSE18497,"""GSM461072""",KEEP
GSE18497,"""GSM461073""",KEEP
GSE18497,"""GSM461074""",KEEP
GSE18497,"""GSM461075""",KEEP
GSE18497,"""GSM461076""",KEEP
GSE18497,"""GSM461077""",KEEP
GSE18497,"""GSM461078""",KEEP
GSE18497,"""GSM461079""",KEEP
GSE18497,"""GSM461080""",KEEP
GSE18497,"""GSM461081""",KEEP
GSE18497,"""GSM461082""",KEEP
GSE18497,"""GSM461083""",KEEP
GSE18497,"""GSM461084""",KEEP
GSE18497,"""GSM461085""",KEEP
GSE18497,"""GSM461086""",KEEP
GSE18497,"""GSM461087""",KEEP
GSE18497,"""GSM461088""",KEEP
GSE18497,"""GSM461089""",KEEP
GSE18497,"""GSM461090""",KEEP
GSE18497,"""GSM461091""",KEEP
GSE18497,"""GSM461092""",KEEP
GSE18549,"""GSM461711""",KEEP
GSE18549,"""GSM461712""",KEEP
GSE18549,"""GSM461713""",KEEP
GSE18549,"""GSM461714""",KEEP
GSE18549,"""GSM461715""",KEEP
GSE18549,"""GSM461716""",KEEP
GSE18549,"""GSM461717""",KEEP
GSE18549,"""GSM461718""",KEEP
GSE18549,"""GSM461719""",KEEP
GSE18549,"""GSM461720""",KEEP
GSE18549,"""GSM461721""",KEEP
GSE18549,"""GSM461722""",KEEP
GSE18549,"""GSM461723""",KEEP
GSE18549,"""GSM461724""",KEEP
GSE18549,"""GSM461725""",KEEP
GSE18549,"""GSM461726""",KEEP
GSE18549,"""GSM461727""",KEEP
GSE18549,"""GSM461728""",KEEP
GSE18549,"""GSM461729""",KEEP
GSE18549,"""GSM461730""",KEEP
GSE18549,"""GSM461731""",KEEP
GSE18549,"""GSM461732""",KEEP
GSE18549,"""GSM461733""",KEEP
GSE18549,"""GSM461734""",KEEP
GSE18549,"""GSM461735""",KEEP
GSE18549,"""GSM461736""",KEEP
GSE18549,"""GSM461737""",KEEP
GSE18549,"""GSM461738""",KEEP
GSE18549,"""GSM461739""",KEEP
GSE18549,"""GSM461740""",KEEP
GSE18549,"""GSM461741""",KEEP
GSE18549,"""GSM461742""",KEEP
GSE18549,"""GSM461743""",KEEP
GSE18549,"""GSM461744""",KEEP
GSE18549,"""GSM461745""",KEEP
GSE18549,"""GSM461746""",KEEP
GSE18549,"""GSM461747""",KEEP
GSE18549,"""GSM461748""",KEEP
GSE18549,"""GSM461749""",KEEP
GSE18549,"""GSM461750""",KEEP
GSE18549,"""GSM461751""",KEEP
GSE18549,"""GSM461752""",KEEP
GSE18549,"""GSM461753""",KEEP
GSE18549,"""GSM461754""",KEEP
GSE18549,"""GSM461755""",KEEP
GSE18549,"""GSM461756""",KEEP
GSE18549,"""GSM461757""",KEEP
GSE18549,"""GSM461758""",KEEP
GSE18549,"""GSM461759""",KEEP
GSE18549,"""GSM461760""",KEEP
GSE18549,"""GSM461761""",KEEP
GSE18549,"""GSM461762""",KEEP
GSE18549,"""GSM461763""",KEEP
GSE18549,"""GSM461764""",KEEP
GSE18549,"""GSM461765""",KEEP
GSE18549,"""GSM461766""",KEEP
GSE18549,"""GSM461767""",KEEP
GSE18549,"""GSM461768""",KEEP
GSE18549,"""GSM461769""",KEEP
GSE18549,"""GSM461770""",KEEP
GSE18549,"""GSM461771""",KEEP
GSE18549,"""GSM461772""",KEEP
GSE18549,"""GSM461773""",KEEP
GSE18549,"""GSM461774""",KEEP
GSE18549,"""GSM461775""",KEEP
GSE18549,"""GSM461776""",KEEP
GSE18549,"""GSM461777""",KEEP
GSE18549,"""GSM461778""",KEEP
GSE18549,"""GSM461779""",KEEP
GSE18549,"""GSM461780""",KEEP
GSE18549,"""GSM461781""",KEEP
GSE18549,"""GSM461782""",KEEP
GSE18549,"""GSM461783""",KEEP
GSE18549,"""GSM461784""",KEEP
GSE18549,"""GSM461785""",KEEP
GSE18549,"""GSM461786""",KEEP
GSE18549,"""GSM461787""",KEEP
GSE18549,"""GSM461788""",KEEP
GSE18549,"""GSM461789""",KEEP
GSE18549,"""GSM461790""",KEEP
GSE18549,"""GSM461791""",KEEP
GSE18549,"""GSM461792""",KEEP
GSE18549,"""GSM461793""",KEEP
GSE18549,"""GSM461794""",KEEP
GSE18549,"""GSM461795""",KEEP
GSE18549,"""GSM461796""",KEEP
GSE18549,"""GSM461797""",KEEP
GSE18549,"""GSM461798""",KEEP
GSE18549,"""GSM461799""",KEEP
GSE18549,"""GSM461800""",KEEP
GSE18549,"""GSM461801""",KEEP
GSE18549,"""GSM461802""",KEEP
GSE18549,"""GSM461803""",KEEP
GSE18549,"""GSM461804""",KEEP
GSE18549,"""GSM461805""",KEEP
GSE18549,"""GSM461806""",KEEP
GSE18560,"""GSM461942""",KEEP
GSE18560,"""GSM461943""",KEEP
GSE18560,"""GSM461944""",KEEP
GSE18560,"""GSM461945""",KEEP
GSE18560,"""GSM461946""",KEEP
GSE18560,"""GSM461947""",KEEP
GSE18560,"""GSM461948""",KEEP
GSE18560,"""GSM461949""",KEEP
GSE18560,"""GSM461950""",KEEP
GSE18560,"""GSM461951""",KEEP
GSE18560,"""GSM461952""",KEEP
GSE18560,"""GSM461953""",KEEP
GSE18625,"""GSM462902""",KEEP
GSE18625,"""GSM462903""",KEEP
GSE18625,"""GSM462904""",KEEP
GSE18625,"""GSM462905""",KEEP
GSE18625,"""GSM462906""",KEEP
GSE18625,"""GSM462907""",KEEP
GSE18625,"""GSM462908""",KEEP
GSE186582,"""GSM5656170""",KEEP
GSE186582,"""GSM5656171""",KEEP
GSE186582,"""GSM5656172""",KEEP
GSE186582,"""GSM5656173""",KEEP
GSE186582,"""GSM5656174""",KEEP
GSE186582,"""GSM5656175""",KEEP
GSE186582,"""GSM5656176""",KEEP
GSE186582,"""GSM5656177""",KEEP
GSE186582,"""GSM5656178""",KEEP
GSE186582,"""GSM5656179""",KEEP
GSE186582,"""GSM5656180""",KEEP
GSE186582,"""GSM5656181""",KEEP
GSE186582,"""GSM5656182""",KEEP
GSE186582,"""GSM5656183""",KEEP
GSE186582,"""GSM5656184""",KEEP
GSE186582,"""GSM5656185""",KEEP
GSE186582,"""GSM5656186""",KEEP
GSE186582,"""GSM5656187""",KEEP
GSE186582,"""GSM5656188""",KEEP
GSE186582,"""GSM5656189""",KEEP
GSE186582,"""GSM5656190""",KEEP
GSE186582,"""GSM5656191""",KEEP
GSE186582,"""GSM5656192""",KEEP
GSE186582,"""GSM5656193""",KEEP
GSE186582,"""GSM5656194""",KEEP
GSE186582,"""GSM5656195""",KEEP
GSE186582,"""GSM5656196""",KEEP
GSE186582,"""GSM5656197""",KEEP
GSE186582,"""GSM5656198""",KEEP
GSE186582,"""GSM5656199""",KEEP
GSE186582,"""GSM5656200""",KEEP
GSE186582,"""GSM5656201""",KEEP
GSE186582,"""GSM5656202""",KEEP
GSE186582,"""GSM5656203""",KEEP
GSE186582,"""GSM5656204""",KEEP
GSE186582,"""GSM5656205""",KEEP
GSE186582,"""GSM5656206""",KEEP
GSE186582,"""GSM5656207""",KEEP
GSE186582,"""GSM5656208""",KEEP
GSE186582,"""GSM5656209""",KEEP
GSE186582,"""GSM5656210""",KEEP
GSE186582,"""GSM5656211""",KEEP
GSE186582,"""GSM5656212""",KEEP
GSE186582,"""GSM5656213""",KEEP
GSE186582,"""GSM5656214""",KEEP
GSE186582,"""GSM5656215""",KEEP
GSE186582,"""GSM5656216""",KEEP
GSE186582,"""GSM5656217""",KEEP
GSE186582,"""GSM5656218""",KEEP
GSE186582,"""GSM5656219""",KEEP
GSE186582,"""GSM5656220""",KEEP
GSE186582,"""GSM5656221""",KEEP
GSE186582,"""GSM5656222""",KEEP
GSE186582,"""GSM5656223""",KEEP
GSE186582,"""GSM5656224""",KEEP
GSE186582,"""GSM5656225""",KEEP
GSE186582,"""GSM5656226""",KEEP
GSE186582,"""GSM5656227""",KEEP
GSE186582,"""GSM5656228""",KEEP
GSE186582,"""GSM5656229""",KEEP
GSE186582,"""GSM5656230""",KEEP
GSE186582,"""GSM5656231""",KEEP
GSE186582,"""GSM5656232""",KEEP
GSE186582,"""GSM5656233""",KEEP
GSE186582,"""GSM5656234""",KEEP
GSE186582,"""GSM5656235""",KEEP
GSE186582,"""GSM5656236""",KEEP
GSE186582,"""GSM5656237""",KEEP
GSE186582,"""GSM5656238""",KEEP
GSE186582,"""GSM5656239""",KEEP
GSE186582,"""GSM5656240""",KEEP
GSE186582,"""GSM5656241""",KEEP
GSE186582,"""GSM5656242""",KEEP
GSE186582,"""GSM5656243""",KEEP
GSE186582,"""GSM5656244""",KEEP
GSE186582,"""GSM5656245""",KEEP
GSE186582,"""GSM5656246""",KEEP
GSE186582,"""GSM5656247""",KEEP
GSE186582,"""GSM5656248""",KEEP
GSE186582,"""GSM5656249""",KEEP
GSE186582,"""GSM5656250""",KEEP
GSE186582,"""GSM5656251""",KEEP
GSE186582,"""GSM5656252""",KEEP
GSE186582,"""GSM5656253""",KEEP
GSE186582,"""GSM5656254""",KEEP
GSE186582,"""GSM5656255""",KEEP
GSE186582,"""GSM5656256""",KEEP
GSE186582,"""GSM5656257""",KEEP
GSE186582,"""GSM5656258""",KEEP
GSE186582,"""GSM5656259""",KEEP
GSE186582,"""GSM5656260""",KEEP
GSE186582,"""GSM5656261""",KEEP
GSE186582,"""GSM5656262""",KEEP
GSE186582,"""GSM5656263""",KEEP
GSE186582,"""GSM5656264""",KEEP
GSE186582,"""GSM5656265""",KEEP
GSE186582,"""GSM5656266""",KEEP
GSE186582,"""GSM5656267""",KEEP
GSE186582,"""GSM5656268""",KEEP
GSE186582,"""GSM5656269""",KEEP
GSE186582,"""GSM5656270""",KEEP
GSE186582,"""GSM5656271""",KEEP
GSE186582,"""GSM5656272""",KEEP
GSE186582,"""GSM5656273""",KEEP
GSE186582,"""GSM5656274""",KEEP
GSE186582,"""GSM5656275""",KEEP
GSE186582,"""GSM5656276""",KEEP
GSE186582,"""GSM5656277""",KEEP
GSE186582,"""GSM5656278""",KEEP
GSE186582,"""GSM5656279""",KEEP
GSE186582,"""GSM5656280""",KEEP
GSE186582,"""GSM5656281""",KEEP
GSE186582,"""GSM5656282""",KEEP
GSE186582,"""GSM5656283""",KEEP
GSE186582,"""GSM5656284""",KEEP
GSE186582,"""GSM5656285""",KEEP
GSE186582,"""GSM5656286""",KEEP
GSE186582,"""GSM5656287""",KEEP
GSE186582,"""GSM5656288""",KEEP
GSE186582,"""GSM5656289""",KEEP
GSE186582,"""GSM5656290""",KEEP
GSE186582,"""GSM5656291""",KEEP
GSE186582,"""GSM5656292""",KEEP
GSE186582,"""GSM5656293""",KEEP
GSE186582,"""GSM5656294""",KEEP
GSE186582,"""GSM5656295""",KEEP
GSE186582,"""GSM5656296""",KEEP
GSE186582,"""GSM5656297""",KEEP
GSE186582,"""GSM5656298""",KEEP
GSE186582,"""GSM5656299""",KEEP
GSE186582,"""GSM5656300""",KEEP
GSE186582,"""GSM5656301""",KEEP
GSE186582,"""GSM5656302""",KEEP
GSE186582,"""GSM5656303""",KEEP
GSE186582,"""GSM5656304""",KEEP
GSE186582,"""GSM5656305""",KEEP
GSE186582,"""GSM5656306""",KEEP
GSE186582,"""GSM5656307""",KEEP
GSE186582,"""GSM5656308""",KEEP
GSE186582,"""GSM5656309""",KEEP
GSE186582,"""GSM5656310""",KEEP
GSE186582,"""GSM5656311""",KEEP
GSE186582,"""GSM5656312""",KEEP
GSE186582,"""GSM5656313""",KEEP
GSE186582,"""GSM5656314""",KEEP
GSE186582,"""GSM5656315""",KEEP
GSE186582,"""GSM5656316""",KEEP
GSE186582,"""GSM5656317""",KEEP
GSE186582,"""GSM5656318""",KEEP
GSE186582,"""GSM5656319""",KEEP
GSE186582,"""GSM5656320""",KEEP
GSE186582,"""GSM5656321""",KEEP
GSE186582,"""GSM5656322""",KEEP
GSE186582,"""GSM5656323""",KEEP
GSE186582,"""GSM5656324""",KEEP
GSE186582,"""GSM5656325""",KEEP
GSE186582,"""GSM5656326""",KEEP
GSE186582,"""GSM5656327""",KEEP
GSE186582,"""GSM5656328""",KEEP
GSE186582,"""GSM5656329""",KEEP
GSE186582,"""GSM5656330""",KEEP
GSE186582,"""GSM5656331""",KEEP
GSE186582,"""GSM5656332""",KEEP
GSE186582,"""GSM5656333""",KEEP
GSE186582,"""GSM5656334""",KEEP
GSE186582,"""GSM5656335""",KEEP
GSE186582,"""GSM5656336""",KEEP
GSE186582,"""GSM5656337""",KEEP
GSE186582,"""GSM5656338""",KEEP
GSE186582,"""GSM5656339""",KEEP
GSE186582,"""GSM5656340""",KEEP
GSE186582,"""GSM5656341""",KEEP
GSE186582,"""GSM5656342""",KEEP
GSE186582,"""GSM5656343""",KEEP
GSE186582,"""GSM5656344""",KEEP
GSE186582,"""GSM5656345""",KEEP
GSE186582,"""GSM5656346""",KEEP
GSE186582,"""GSM5656347""",KEEP
GSE186582,"""GSM5656348""",KEEP
GSE186582,"""GSM5656349""",KEEP
GSE186582,"""GSM5656350""",KEEP
GSE186582,"""GSM5656351""",KEEP
GSE186582,"""GSM5656352""",KEEP
GSE186582,"""GSM5656353""",KEEP
GSE186582,"""GSM5656354""",KEEP
GSE186582,"""GSM5656355""",KEEP
GSE186582,"""GSM5656356""",KEEP
GSE186582,"""GSM5656357""",KEEP
GSE186582,"""GSM5656358""",KEEP
GSE186582,"""GSM5656359""",KEEP
GSE186582,"""GSM5656360""",KEEP
GSE186582,"""GSM5656361""",KEEP
GSE186582,"""GSM5656362""",KEEP
GSE186582,"""GSM5656363""",KEEP
GSE186582,"""GSM5656364""",KEEP
GSE186582,"""GSM5656365""",KEEP
GSE186582,"""GSM5656366""",KEEP
GSE186582,"""GSM5656367""",KEEP
GSE186582,"""GSM5656368""",KEEP
GSE186582,"""GSM5656369""",KEEP
GSE186582,"""GSM5656370""",KEEP
GSE186582,"""GSM5656371""",KEEP
GSE186582,"""GSM5656372""",KEEP
GSE186582,"""GSM5656373""",KEEP
GSE186582,"""GSM5656374""",KEEP
GSE186582,"""GSM5656375""",KEEP
GSE186582,"""GSM5656376""",KEEP
GSE186582,"""GSM5656377""",KEEP
GSE186582,"""GSM5656378""",KEEP
GSE186582,"""GSM5656379""",KEEP
GSE186582,"""GSM5656380""",KEEP
GSE186582,"""GSM5656381""",KEEP
GSE186582,"""GSM5656382""",KEEP
GSE186582,"""GSM5656383""",KEEP
GSE186582,"""GSM5656384""",KEEP
GSE186582,"""GSM5656385""",KEEP
GSE186582,"""GSM5656386""",KEEP
GSE186582,"""GSM5656387""",KEEP
GSE186582,"""GSM5656388""",KEEP
GSE186582,"""GSM5656389""",KEEP
GSE186582,"""GSM5656390""",KEEP
GSE186582,"""GSM5656391""",KEEP
GSE186582,"""GSM5656392""",KEEP
GSE186582,"""GSM5656393""",KEEP
GSE186582,"""GSM5656394""",KEEP
GSE186582,"""GSM5656395""",KEEP
GSE186582,"""GSM5656396""",KEEP
GSE186582,"""GSM5656397""",KEEP
GSE186582,"""GSM5656398""",KEEP
GSE186582,"""GSM5656399""",KEEP
GSE186582,"""GSM5656400""",KEEP
GSE186582,"""GSM5656401""",KEEP
GSE186582,"""GSM5656402""",KEEP
GSE186582,"""GSM5656403""",KEEP
GSE186582,"""GSM5656404""",KEEP
GSE186582,"""GSM5656405""",KEEP
GSE186582,"""GSM5656406""",KEEP
GSE186582,"""GSM5656407""",KEEP
GSE186582,"""GSM5656408""",KEEP
GSE186582,"""GSM5656409""",KEEP
GSE186582,"""GSM5656410""",KEEP
GSE186582,"""GSM5656411""",KEEP
GSE186582,"""GSM5656412""",KEEP
GSE186582,"""GSM5656413""",KEEP
GSE186582,"""GSM5656414""",KEEP
GSE186582,"""GSM5656415""",KEEP
GSE186582,"""GSM5656416""",KEEP
GSE186582,"""GSM5656417""",KEEP
GSE186582,"""GSM5656418""",KEEP
GSE186582,"""GSM5656419""",KEEP
GSE186582,"""GSM5656420""",KEEP
GSE186582,"""GSM5656421""",KEEP
GSE186582,"""GSM5656422""",KEEP
GSE186582,"""GSM5656423""",KEEP
GSE186582,"""GSM5656424""",KEEP
GSE186582,"""GSM5656425""",KEEP
GSE186582,"""GSM5656426""",KEEP
GSE186582,"""GSM5656427""",KEEP
GSE186582,"""GSM5656428""",KEEP
GSE186582,"""GSM5656429""",KEEP
GSE186582,"""GSM5656430""",KEEP
GSE186582,"""GSM5656431""",KEEP
GSE186582,"""GSM5656432""",KEEP
GSE186582,"""GSM5656433""",KEEP
GSE186582,"""GSM5656434""",KEEP
GSE186582,"""GSM5656435""",KEEP
GSE186582,"""GSM5656436""",KEEP
GSE186582,"""GSM5656437""",KEEP
GSE186582,"""GSM5656438""",KEEP
GSE186582,"""GSM5656439""",KEEP
GSE186582,"""GSM5656440""",KEEP
GSE186582,"""GSM5656441""",KEEP
GSE186582,"""GSM5656442""",KEEP
GSE186582,"""GSM5656443""",KEEP
GSE186582,"""GSM5656444""",KEEP
GSE186582,"""GSM5656445""",KEEP
GSE186582,"""GSM5656446""",KEEP
GSE186582,"""GSM5656447""",KEEP
GSE186582,"""GSM5656448""",KEEP
GSE186582,"""GSM5656449""",KEEP
GSE186582,"""GSM5656450""",KEEP
GSE186582,"""GSM5656451""",KEEP
GSE186582,"""GSM5656452""",KEEP
GSE186582,"""GSM5656453""",KEEP
GSE186582,"""GSM5656454""",KEEP
GSE186582,"""GSM5656455""",KEEP
GSE186582,"""GSM5656456""",KEEP
GSE186582,"""GSM5656457""",KEEP
GSE186582,"""GSM5656458""",KEEP
GSE186582,"""GSM5656459""",KEEP
GSE186582,"""GSM5656460""",KEEP
GSE186582,"""GSM5656461""",KEEP
GSE186582,"""GSM5656462""",KEEP
GSE186582,"""GSM5656463""",KEEP
GSE186582,"""GSM5656464""",KEEP
GSE186582,"""GSM5656465""",KEEP
GSE186582,"""GSM5656466""",KEEP
GSE186582,"""GSM5656467""",KEEP
GSE186582,"""GSM5656468""",KEEP
GSE186582,"""GSM5656469""",KEEP
GSE186582,"""GSM5656470""",KEEP
GSE186582,"""GSM5656471""",KEEP
GSE186582,"""GSM5656472""",KEEP
GSE186582,"""GSM5656473""",KEEP
GSE186582,"""GSM5656474""",KEEP
GSE186582,"""GSM5656475""",KEEP
GSE186582,"""GSM5656476""",KEEP
GSE186582,"""GSM5656477""",KEEP
GSE186582,"""GSM5656478""",KEEP
GSE186582,"""GSM5656479""",KEEP
GSE186582,"""GSM5656480""",KEEP
GSE186582,"""GSM5656481""",KEEP
GSE186582,"""GSM5656482""",KEEP
GSE186582,"""GSM5656483""",KEEP
GSE186582,"""GSM5656484""",KEEP
GSE186582,"""GSM5656485""",KEEP
GSE186582,"""GSM5656486""",KEEP
GSE186582,"""GSM5656487""",KEEP
GSE186582,"""GSM5656488""",KEEP
GSE186582,"""GSM5656489""",KEEP
GSE186582,"""GSM5656490""",KEEP
GSE186582,"""GSM5656491""",KEEP
GSE186582,"""GSM5656492""",KEEP
GSE186582,"""GSM5656493""",KEEP
GSE186582,"""GSM5656494""",KEEP
GSE186582,"""GSM5656495""",KEEP
GSE186582,"""GSM5656496""",KEEP
GSE186582,"""GSM5656497""",KEEP
GSE186582,"""GSM5656498""",KEEP
GSE186582,"""GSM5656499""",KEEP
GSE186582,"""GSM5656500""",KEEP
GSE186582,"""GSM5656501""",KEEP
GSE186582,"""GSM5656502""",KEEP
GSE186582,"""GSM5656503""",KEEP
GSE186582,"""GSM5656504""",KEEP
GSE186582,"""GSM5656505""",KEEP
GSE186582,"""GSM5656506""",KEEP
GSE186582,"""GSM5656507""",KEEP
GSE186582,"""GSM5656508""",KEEP
GSE186582,"""GSM5656509""",KEEP
GSE186582,"""GSM5656510""",KEEP
GSE186582,"""GSM5656511""",KEEP
GSE186582,"""GSM5656512""",KEEP
GSE186582,"""GSM5656513""",KEEP
GSE186582,"""GSM5656514""",KEEP
GSE186582,"""GSM5656515""",KEEP
GSE186582,"""GSM5656516""",KEEP
GSE186582,"""GSM5656517""",KEEP
GSE186582,"""GSM5656518""",KEEP
GSE186582,"""GSM5656519""",KEEP
GSE186582,"""GSM5656520""",KEEP
GSE186582,"""GSM5656521""",KEEP
GSE186582,"""GSM5656522""",KEEP
GSE186582,"""GSM5656523""",KEEP
GSE186582,"""GSM5656524""",KEEP
GSE186582,"""GSM5656525""",KEEP
GSE186582,"""GSM5656526""",KEEP
GSE186582,"""GSM5656527""",KEEP
GSE186582,"""GSM5656528""",KEEP
GSE186582,"""GSM5656529""",KEEP
GSE186582,"""GSM5656530""",KEEP
GSE186582,"""GSM5656531""",KEEP
GSE186582,"""GSM5656532""",KEEP
GSE186582,"""GSM5656533""",KEEP
GSE186582,"""GSM5656534""",KEEP
GSE186582,"""GSM5656535""",KEEP
GSE186582,"""GSM5656536""",KEEP
GSE186582,"""GSM5656537""",KEEP
GSE186582,"""GSM5656538""",KEEP
GSE186582,"""GSM5656539""",KEEP
GSE186582,"""GSM5656540""",KEEP
GSE186582,"""GSM5656541""",KEEP
GSE186582,"""GSM5656542""",KEEP
GSE186582,"""GSM5656543""",KEEP
GSE186582,"""GSM5656544""",KEEP
GSE186582,"""GSM5656545""",KEEP
GSE186582,"""GSM5656546""",KEEP
GSE186582,"""GSM5656547""",KEEP
GSE186582,"""GSM5656548""",KEEP
GSE186582,"""GSM5656549""",KEEP
GSE186582,"""GSM5656550""",KEEP
GSE186582,"""GSM5656551""",KEEP
GSE186582,"""GSM5656552""",KEEP
GSE186582,"""GSM5656553""",KEEP
GSE186582,"""GSM5656554""",KEEP
GSE186582,"""GSM5656555""",KEEP
GSE186582,"""GSM5656556""",KEEP
GSE186582,"""GSM5656557""",KEEP
GSE186582,"""GSM5656558""",KEEP
GSE186582,"""GSM5656559""",KEEP
GSE186582,"""GSM5656560""",KEEP
GSE186582,"""GSM5656561""",KEEP
GSE186582,"""GSM5656562""",KEEP
GSE186582,"""GSM5656563""",KEEP
GSE186582,"""GSM5656564""",KEEP
GSE186582,"""GSM5656565""",KEEP
GSE186582,"""GSM5656566""",KEEP
GSE186582,"""GSM5656567""",KEEP
GSE186582,"""GSM5656568""",KEEP
GSE186582,"""GSM5656569""",KEEP
GSE186582,"""GSM5656570""",KEEP
GSE186582,"""GSM5656571""",KEEP
GSE186582,"""GSM5656572""",KEEP
GSE186582,"""GSM5656573""",KEEP
GSE186582,"""GSM5656574""",KEEP
GSE186582,"""GSM5656575""",KEEP
GSE186582,"""GSM5656576""",KEEP
GSE186582,"""GSM5656577""",KEEP
GSE186582,"""GSM5656578""",KEEP
GSE186582,"""GSM5656579""",KEEP
GSE186582,"""GSM5656580""",KEEP
GSE186582,"""GSM5656581""",KEEP
GSE186582,"""GSM5656582""",KEEP
GSE186582,"""GSM5656583""",KEEP
GSE186582,"""GSM5656584""",KEEP
GSE186582,"""GSM5656585""",KEEP
GSE186582,"""GSM5656586""",KEEP
GSE186582,"""GSM5656587""",KEEP
GSE186582,"""GSM5656588""",KEEP
GSE186582,"""GSM5656589""",KEEP
GSE186582,"""GSM5656590""",KEEP
GSE186582,"""GSM5656591""",KEEP
GSE186582,"""GSM5656592""",KEEP
GSE186582,"""GSM5656593""",KEEP
GSE186582,"""GSM5656594""",KEEP
GSE186582,"""GSM5656595""",KEEP
GSE186582,"""GSM5656596""",KEEP
GSE186582,"""GSM5656597""",KEEP
GSE186582,"""GSM5656598""",KEEP
GSE186582,"""GSM5656599""",KEEP
GSE186582,"""GSM5656600""",KEEP
GSE186582,"""GSM5656601""",KEEP
GSE186582,"""GSM5656602""",KEEP
GSE186582,"""GSM5656603""",KEEP
GSE186582,"""GSM5656604""",KEEP
GSE186582,"""GSM5656605""",KEEP
GSE186582,"""GSM5656606""",KEEP
GSE186582,"""GSM5656607""",KEEP
GSE186582,"""GSM5656608""",KEEP
GSE186582,"""GSM5656609""",KEEP
GSE186582,"""GSM5656610""",KEEP
GSE186582,"""GSM5656611""",KEEP
GSE186582,"""GSM5656612""",KEEP
GSE186582,"""GSM5656613""",KEEP
GSE186582,"""GSM5656614""",KEEP
GSE186582,"""GSM5656615""",KEEP
GSE186582,"""GSM5656616""",KEEP
GSE186582,"""GSM5656617""",KEEP
GSE186582,"""GSM5656618""",KEEP
GSE186582,"""GSM5656619""",KEEP
GSE186582,"""GSM5656620""",KEEP
GSE186582,"""GSM5656621""",KEEP
GSE186582,"""GSM5656622""",KEEP
GSE186582,"""GSM5656623""",KEEP
GSE186582,"""GSM5656624""",KEEP
GSE186582,"""GSM5656625""",KEEP
GSE186582,"""GSM5656626""",KEEP
GSE186582,"""GSM5656627""",KEEP
GSE186582,"""GSM5656628""",KEEP
GSE186582,"""GSM5656629""",KEEP
GSE186582,"""GSM5656630""",KEEP
GSE186582,"""GSM5656631""",KEEP
GSE186582,"""GSM5656632""",KEEP
GSE186582,"""GSM5656633""",KEEP
GSE186582,"""GSM5656634""",KEEP
GSE186582,"""GSM5656635""",KEEP
GSE186582,"""GSM5656636""",KEEP
GSE186582,"""GSM5656637""",KEEP
GSE186582,"""GSM5656638""",KEEP
GSE186582,"""GSM5656639""",KEEP
GSE186582,"""GSM5656640""",KEEP
GSE186582,"""GSM5656641""",KEEP
GSE186582,"""GSM5656642""",KEEP
GSE186582,"""GSM5656643""",KEEP
GSE186582,"""GSM5656644""",KEEP
GSE186582,"""GSM5656645""",KEEP
GSE186582,"""GSM5656646""",KEEP
GSE186582,"""GSM5656647""",KEEP
GSE186582,"""GSM5656648""",KEEP
GSE186582,"""GSM5656649""",KEEP
GSE186582,"""GSM5656650""",KEEP
GSE186582,"""GSM5656651""",KEEP
GSE186582,"""GSM5656652""",KEEP
GSE186582,"""GSM5656653""",KEEP
GSE186582,"""GSM5656654""",KEEP
GSE186582,"""GSM5656655""",KEEP
GSE186582,"""GSM5656656""",KEEP
GSE186582,"""GSM5656657""",KEEP
GSE186582,"""GSM5656658""",KEEP
GSE18674,"""GSM463920""",KEEP
GSE18674,"""GSM463921""",KEEP
GSE18674,"""GSM463922""",KEEP
GSE18674,"""GSM463923""",KEEP
GSE18674,"""GSM463924""",KEEP
GSE18674,"""GSM463925""",KEEP
GSE18674,"""GSM463926""",KEEP
GSE18674,"""GSM463927""",KEEP
GSE18674,"""GSM463928""",KEEP
GSE18674,"""GSM463929""",KEEP
GSE18674,"""GSM463930""",KEEP
GSE18674,"""GSM463931""",KEEP
GSE18674,"""GSM463932""",KEEP
GSE18674,"""GSM463933""",KEEP
GSE18674,"""GSM463934""",KEEP
GSE18674,"""GSM463935""",KEEP
GSE18674,"""GSM463936""",KEEP
GSE18674,"""GSM463937""",KEEP
GSE18674,"""GSM463938""",KEEP
GSE18674,"""GSM463939""",KEEP
GSE18674,"""GSM463940""",KEEP
GSE18674,"""GSM463941""",KEEP
GSE18674,"""GSM463942""",KEEP
GSE18674,"""GSM463943""",KEEP
GSE19072,"""GSM472192""",KEEP
GSE19072,"""GSM472193""",KEEP
GSE19072,"""GSM472194""",KEEP
GSE19072,"""GSM472195""",KEEP
GSE19072,"""GSM472196""",KEEP
GSE19072,"""GSM472197""",KEEP
GSE1935,"""GSM34706""",KEEP
GSE1935,"""GSM34707""",KEEP
GSE1935,"""GSM34708""",KEEP
GSE1935,"""GSM34709""",KEEP
GSE1935,"""GSM34710""",KEEP
GSE1935,"""GSM34711""",KEEP
GSE1935,"""GSM34712""",KEEP
GSE1935,"""GSM34713""",KEEP
GSE1935,"""GSM34714""",KEEP
GSE1935,"""GSM34715""",KEEP
GSE1935,"""GSM34716""",KEEP
GSE1935,"""GSM34717""",KEEP
GSE1935,"""GSM34718""",KEEP
GSE1935,"""GSM34719""",KEEP
GSE1935,"""GSM34720""",KEEP
GSE1935,"""GSM34721""",KEEP
GSE1935,"""GSM34722""",KEEP
GSE1935,"""GSM34723""",KEEP
GSE1935,"""GSM34724""",KEEP
GSE1935,"""GSM34725""",KEEP
GSE1935,"""GSM34726""",KEEP
GSE1935,"""GSM34727""",KEEP
GSE1935,"""GSM34728""",KEEP
GSE1935,"""GSM34729""",KEEP
GSE19860,"""GSM101792""",REMOVE
GSE19860,"""GSM353745""",REMOVE
GSE19860,"""GSM353755""",REMOVE
GSE19860,"""GSM353759""",REMOVE
GSE19860,"""GSM353761""",REMOVE
GSE19860,"""GSM353798""",REMOVE
GSE19860,"""GSM353799""",REMOVE
GSE19860,"""GSM353800""",REMOVE
GSE19860,"""GSM353801""",REMOVE
GSE19860,"""GSM353809""",REMOVE
GSE19860,"""GSM353810""",REMOVE
GSE19860,"""GSM496015""",KEEP
GSE19860,"""GSM496016""",KEEP
GSE19860,"""GSM496017""",KEEP
GSE19860,"""GSM496018""",KEEP
GSE19860,"""GSM496019""",KEEP
GSE19860,"""GSM496020""",KEEP
GSE19860,"""GSM496021""",KEEP
GSE19860,"""GSM496022""",KEEP
GSE19860,"""GSM496023""",KEEP
GSE19860,"""GSM496024""",KEEP
GSE19860,"""GSM496025""",KEEP
GSE19860,"""GSM496026""",KEEP
GSE19860,"""GSM496027""",KEEP
GSE19860,"""GSM496028""",KEEP
GSE19860,"""GSM496029""",KEEP
GSE19860,"""GSM496030""",KEEP
GSE19860,"""GSM496031""",KEEP
GSE19860,"""GSM496032""",KEEP
GSE19860,"""GSM496033""",KEEP
GSE19860,"""GSM496034""",KEEP
GSE19860,"""GSM496035""",KEEP
GSE19860,"""GSM496036""",KEEP
GSE19860,"""GSM496037""",KEEP
GSE19860,"""GSM496038""",KEEP
GSE19860,"""GSM496039""",KEEP
GSE19860,"""GSM496040""",KEEP
GSE19860,"""GSM496041""",KEEP
GSE19860,"""GSM496042""",KEEP
GSE19860,"""GSM496043""",KEEP
GSE19862,"""GSM496059""",KEEP
GSE19862,"""GSM496060""",KEEP
GSE19862,"""GSM496061""",KEEP
GSE19862,"""GSM496062""",KEEP
GSE19862,"""GSM496063""",KEEP
GSE19862,"""GSM496064""",KEEP
GSE19862,"""GSM496065""",KEEP
GSE19862,"""GSM496066""",KEEP
GSE19862,"""GSM496068""",KEEP
GSE19862,"""GSM496069""",KEEP
GSE19862,"""GSM496070""",KEEP
GSE19862,"""GSM496072""",KEEP
GSE19862,"""GSM496074""",KEEP
GSE19862,"""GSM496075""",KEEP
GSE19963,"""GSM498702""",KEEP
GSE19963,"""GSM498703""",KEEP
GSE19963,"""GSM498704""",KEEP
GSE19963,"""GSM498705""",KEEP
GSE19963,"""GSM498706""",KEEP
GSE19963,"""GSM498707""",KEEP
GSE19963,"""GSM498708""",KEEP
GSE19963,"""GSM498709""",KEEP
GSE19963,"""GSM498710""",KEEP
GSE199871,"""GSM5989916""",KEEP
GSE199871,"""GSM5989917""",KEEP
GSE199871,"""GSM5989918""",KEEP
GSE199871,"""GSM5989919""",KEEP
GSE199871,"""GSM5989920""",KEEP
GSE199871,"""GSM5989921""",KEEP
GSE199871,"""GSM5989922""",KEEP
GSE199871,"""GSM5989923""",KEEP
GSE199871,"""GSM5989924""",KEEP
GSE199871,"""GSM5989925""",KEEP
GSE199871,"""GSM5989926""",KEEP
GSE199871,"""GSM5989927""",KEEP
GSE199871,"""GSM5989928""",KEEP
GSE199871,"""GSM5989929""",KEEP
GSE199871,"""GSM5989930""",KEEP
GSE199871,"""GSM5989931""",KEEP
GSE199871,"""GSM5989932""",KEEP
GSE199871,"""GSM5989933""",KEEP
GSE199871,"""GSM5989934""",KEEP
GSE199871,"""GSM5989935""",KEEP
GSE199871,"""GSM5989936""",KEEP
GSE199871,"""GSM5989937""",KEEP
GSE199871,"""GSM5989938""",KEEP
GSE199871,"""GSM5989939""",KEEP
GSE199871,"""GSM5989940""",KEEP
GSE199871,"""GSM5989941""",KEEP
GSE199871,"""GSM5989942""",KEEP
GSE201899,"""GSM6077746""",KEEP
GSE201899,"""GSM6077747""",KEEP
GSE201899,"""GSM6077748""",KEEP
GSE201899,"""GSM6077749""",KEEP
GSE201899,"""GSM6077750""",KEEP
GSE201899,"""GSM6077751""",KEEP
GSE201899,"""GSM6077752""",KEEP
GSE201899,"""GSM6077753""",KEEP
GSE201899,"""GSM6077754""",KEEP
GSE203024,"""GSM6149799""",KEEP
GSE203024,"""GSM6149800""",KEEP
GSE203024,"""GSM6149801""",KEEP
GSE203024,"""GSM6149802""",KEEP
GSE203024,"""GSM6149803""",KEEP
GSE203024,"""GSM6149804""",KEEP
GSE203024,"""GSM6149805""",KEEP
GSE203024,"""GSM6149806""",KEEP
GSE203024,"""GSM6149807""",KEEP
GSE203024,"""GSM6149808""",KEEP
GSE203024,"""GSM6149809""",KEEP
GSE203024,"""GSM6149810""",KEEP
GSE203024,"""GSM6149811""",KEEP
GSE203024,"""GSM6149812""",KEEP
GSE203024,"""GSM6149813""",KEEP
GSE203024,"""GSM6149814""",KEEP
GSE203024,"""GSM6149815""",KEEP
GSE203024,"""GSM6149816""",KEEP
GSE203024,"""GSM6149817""",KEEP
GSE203024,"""GSM6149818""",KEEP
GSE203024,"""GSM6149819""",KEEP
GSE203024,"""GSM6149820""",KEEP
GSE203024,"""GSM6149821""",KEEP
GSE203024,"""GSM6149822""",KEEP
GSE203024,"""GSM6149823""",KEEP
GSE203024,"""GSM6149824""",KEEP
GSE203024,"""GSM6149825""",KEEP
GSE203024,"""GSM6149826""",KEEP
GSE203024,"""GSM6149827""",KEEP
GSE203024,"""GSM6149828""",KEEP
GSE203024,"""GSM6149829""",KEEP
GSE203024,"""GSM6149830""",KEEP
GSE203024,"""GSM6149831""",KEEP
GSE203024,"""GSM6149832""",KEEP
GSE203024,"""GSM6149833""",KEEP
GSE203024,"""GSM6149834""",KEEP
GSE203024,"""GSM6149835""",KEEP
GSE203024,"""GSM6149836""",KEEP
GSE203024,"""GSM6149837""",KEEP
GSE203024,"""GSM6149838""",KEEP
GSE203024,"""GSM6149839""",KEEP
GSE203024,"""GSM6149840""",KEEP
GSE203024,"""GSM6149841""",KEEP
GSE203024,"""GSM6149842""",KEEP
GSE203024,"""GSM6149843""",KEEP
GSE203024,"""GSM6149844""",KEEP
GSE203024,"""GSM6149845""",KEEP
GSE203024,"""GSM6149846""",KEEP
GSE203024,"""GSM6149847""",KEEP
GSE203024,"""GSM6149848""",KEEP
GSE203024,"""GSM6149849""",KEEP
GSE203024,"""GSM6149850""",KEEP
GSE203024,"""GSM6149851""",KEEP
GSE203024,"""GSM6149852""",KEEP
GSE203024,"""GSM6149853""",KEEP
GSE203024,"""GSM6149854""",KEEP
GSE203024,"""GSM6149855""",KEEP
GSE203024,"""GSM6149856""",KEEP
GSE203024,"""GSM6149857""",KEEP
GSE203024,"""GSM6149858""",KEEP
GSE203024,"""GSM6149859""",KEEP
GSE203024,"""GSM6149860""",KEEP
GSE203024,"""GSM6149861""",KEEP
GSE203024,"""GSM6149862""",KEEP
GSE203024,"""GSM6149863""",KEEP
GSE203024,"""GSM6149864""",KEEP
GSE203024,"""GSM6149865""",KEEP
GSE203024,"""GSM6149866""",KEEP
GSE203024,"""GSM6149867""",KEEP
GSE203024,"""GSM6149868""",KEEP
GSE203024,"""GSM6149869""",KEEP
GSE203024,"""GSM6149870""",KEEP
GSE203024,"""GSM6149871""",KEEP
GSE203024,"""GSM6149872""",KEEP
GSE203024,"""GSM6149873""",KEEP
GSE203024,"""GSM6149874""",KEEP
GSE203024,"""GSM6149875""",KEEP
GSE203024,"""GSM6149876""",KEEP
GSE203024,"""GSM6149877""",KEEP
GSE203024,"""GSM6149878""",KEEP
GSE203024,"""GSM6149879""",KEEP
GSE203024,"""GSM6149880""",KEEP
GSE203024,"""GSM6149881""",KEEP
GSE203024,"""GSM6149882""",KEEP
GSE203024,"""GSM6149883""",KEEP
GSE203024,"""GSM6149884""",KEEP
GSE203024,"""GSM6149885""",KEEP
GSE203024,"""GSM6149886""",KEEP
GSE203024,"""GSM6149887""",KEEP
GSE203024,"""GSM6149888""",KEEP
GSE203024,"""GSM6149889""",KEEP
GSE203024,"""GSM6149890""",KEEP
GSE203024,"""GSM6149891""",KEEP
GSE203024,"""GSM6149892""",KEEP
GSE203024,"""GSM6149893""",KEEP
GSE203024,"""GSM6149894""",KEEP
GSE203024,"""GSM6149895""",KEEP
GSE203024,"""GSM6149896""",KEEP
GSE203024,"""GSM6149897""",KEEP
GSE203024,"""GSM6149898""",KEEP
GSE203024,"""GSM6149899""",KEEP
GSE203024,"""GSM6149900""",KEEP
GSE203024,"""GSM6149901""",KEEP
GSE203024,"""GSM6149902""",KEEP
GSE203024,"""GSM6149903""",KEEP
GSE203024,"""GSM6149904""",KEEP
GSE203024,"""GSM6149905""",KEEP
GSE203024,"""GSM6149906""",KEEP
GSE203024,"""GSM6149907""",KEEP
GSE203024,"""GSM6149908""",KEEP
GSE203024,"""GSM6149909""",KEEP
GSE203024,"""GSM6149910""",KEEP
GSE203024,"""GSM6149911""",KEEP
GSE203024,"""GSM6149912""",KEEP
GSE203024,"""GSM6149913""",KEEP
GSE203024,"""GSM6149914""",KEEP
GSE203024,"""GSM6149915""",KEEP
GSE203024,"""GSM6149916""",KEEP
GSE203024,"""GSM6149917""",KEEP
GSE203024,"""GSM6149918""",KEEP
GSE203024,"""GSM6149919""",KEEP
GSE203024,"""GSM6149920""",KEEP
GSE203024,"""GSM6149921""",KEEP
GSE203024,"""GSM6149922""",KEEP
GSE203024,"""GSM6149923""",KEEP
GSE203024,"""GSM6149924""",KEEP
GSE203024,"""GSM6149925""",KEEP
GSE203024,"""GSM6149926""",KEEP
GSE203024,"""GSM6149927""",KEEP
GSE203024,"""GSM6149928""",KEEP
GSE203024,"""GSM6149929""",KEEP
GSE203024,"""GSM6149930""",KEEP
GSE203024,"""GSM6149931""",KEEP
GSE203024,"""GSM6149932""",KEEP
GSE203024,"""GSM6149933""",KEEP
GSE203024,"""GSM6149934""",KEEP
GSE203024,"""GSM6149935""",KEEP
GSE203024,"""GSM6149936""",KEEP
GSE203024,"""GSM6149937""",KEEP
GSE203024,"""GSM6149938""",KEEP
GSE203024,"""GSM6149939""",KEEP
GSE203024,"""GSM6149940""",KEEP
GSE203024,"""GSM6149941""",KEEP
GSE203024,"""GSM6149942""",KEEP
GSE203024,"""GSM6149943""",KEEP
GSE203024,"""GSM6149944""",KEEP
GSE203024,"""GSM6149945""",KEEP
GSE203024,"""GSM6149946""",KEEP
GSE203024,"""GSM6149947""",KEEP
GSE203024,"""GSM6149948""",KEEP
GSE203024,"""GSM6149949""",KEEP
GSE203024,"""GSM6149950""",KEEP
GSE203024,"""GSM6149951""",KEEP
GSE203024,"""GSM6149952""",KEEP
GSE203024,"""GSM6149953""",KEEP
GSE203024,"""GSM6149954""",KEEP
GSE203024,"""GSM6149955""",KEEP
GSE203024,"""GSM6149956""",KEEP
GSE203024,"""GSM6149957""",KEEP
GSE203024,"""GSM6149958""",KEEP
GSE203024,"""GSM6149959""",KEEP
GSE203024,"""GSM6149960""",KEEP
GSE203024,"""GSM6149961""",KEEP
GSE203024,"""GSM6149962""",KEEP
GSE203024,"""GSM6149963""",KEEP
GSE203024,"""GSM6149964""",KEEP
GSE203024,"""GSM6149965""",KEEP
GSE203024,"""GSM6149966""",KEEP
GSE203024,"""GSM6149967""",KEEP
GSE203024,"""GSM6149968""",KEEP
GSE203024,"""GSM6149969""",KEEP
GSE203024,"""GSM6149970""",KEEP
GSE203024,"""GSM6149971""",KEEP
GSE203024,"""GSM6149972""",KEEP
GSE203024,"""GSM6149973""",KEEP
GSE203024,"""GSM6149974""",KEEP
GSE203024,"""GSM6149975""",KEEP
GSE203024,"""GSM6149976""",KEEP
GSE203024,"""GSM6149977""",KEEP
GSE203024,"""GSM6149978""",KEEP
GSE203024,"""GSM6149979""",KEEP
GSE203024,"""GSM6149980""",KEEP
GSE203024,"""GSM6149981""",KEEP
GSE203024,"""GSM6149982""",KEEP
GSE203024,"""GSM6149983""",KEEP
GSE203024,"""GSM6149984""",KEEP
GSE203024,"""GSM6149985""",KEEP
GSE203024,"""GSM6149986""",KEEP
GSE203024,"""GSM6149987""",KEEP
GSE203024,"""GSM6149988""",KEEP
GSE203024,"""GSM6149989""",KEEP
GSE203024,"""GSM6149990""",KEEP
GSE203024,"""GSM6149991""",KEEP
GSE203024,"""GSM6149992""",KEEP
GSE203024,"""GSM6149993""",KEEP
GSE203024,"""GSM6149994""",KEEP
GSE203024,"""GSM6149995""",KEEP
GSE203024,"""GSM6149996""",KEEP
GSE203024,"""GSM6149997""",KEEP
GSE203024,"""GSM6149998""",KEEP
GSE203024,"""GSM6149999""",KEEP
GSE203024,"""GSM6150000""",KEEP
GSE203024,"""GSM6150001""",KEEP
GSE203024,"""GSM6150002""",KEEP
GSE203024,"""GSM6150003""",KEEP
GSE203024,"""GSM6150004""",KEEP
GSE203024,"""GSM6150005""",KEEP
GSE203024,"""GSM6150006""",KEEP
GSE203024,"""GSM6150007""",KEEP
GSE203024,"""GSM6150008""",KEEP
GSE203024,"""GSM6150009""",KEEP
GSE203024,"""GSM6150010""",KEEP
GSE203024,"""GSM6150011""",KEEP
GSE203024,"""GSM6150012""",KEEP
GSE203024,"""GSM6150013""",KEEP
GSE203024,"""GSM6150014""",KEEP
GSE203024,"""GSM6150015""",KEEP
GSE203024,"""GSM6150016""",KEEP
GSE203024,"""GSM6150017""",KEEP
GSE203024,"""GSM6150018""",KEEP
GSE203024,"""GSM6150019""",KEEP
GSE203024,"""GSM6150020""",KEEP
GSE203024,"""GSM6150021""",KEEP
GSE203024,"""GSM6150022""",KEEP
GSE203024,"""GSM6150023""",KEEP
GSE203024,"""GSM6150024""",KEEP
GSE203024,"""GSM6150025""",KEEP
GSE203024,"""GSM6150026""",KEEP
GSE203024,"""GSM6150027""",KEEP
GSE203024,"""GSM6150028""",KEEP
GSE203024,"""GSM6150029""",KEEP
GSE203024,"""GSM6150030""",KEEP
GSE203024,"""GSM6150031""",KEEP
GSE203024,"""GSM6150032""",KEEP
GSE203024,"""GSM6150033""",KEEP
GSE203024,"""GSM6150034""",KEEP
GSE203024,"""GSM6150035""",KEEP
GSE203024,"""GSM6150036""",KEEP
GSE203024,"""GSM6150037""",KEEP
GSE203024,"""GSM6150038""",KEEP
GSE203024,"""GSM6150039""",KEEP
GSE203024,"""GSM6150040""",KEEP
GSE203024,"""GSM6150041""",KEEP
GSE203024,"""GSM6150042""",KEEP
GSE203024,"""GSM6150043""",KEEP
GSE203024,"""GSM6150044""",KEEP
GSE203024,"""GSM6150045""",KEEP
GSE203024,"""GSM6150046""",KEEP
GSE203024,"""GSM6150047""",KEEP
GSE203024,"""GSM6150048""",KEEP
GSE203024,"""GSM6150049""",KEEP
GSE203024,"""GSM6150050""",KEEP
GSE203024,"""GSM6150051""",KEEP
GSE203024,"""GSM6150052""",KEEP
GSE203024,"""GSM6150053""",KEEP
GSE203024,"""GSM6150054""",KEEP
GSE203024,"""GSM6150055""",KEEP
GSE203024,"""GSM6150056""",KEEP
GSE203024,"""GSM6150057""",KEEP
GSE203024,"""GSM6150058""",KEEP
GSE203024,"""GSM6150059""",KEEP
GSE203024,"""GSM6150060""",KEEP
GSE203024,"""GSM6150061""",KEEP
GSE203024,"""GSM6150062""",KEEP
GSE203024,"""GSM6150063""",KEEP
GSE203024,"""GSM6150064""",KEEP
GSE203024,"""GSM6150065""",KEEP
GSE203024,"""GSM6150066""",KEEP
GSE203024,"""GSM6150067""",KEEP
GSE203024,"""GSM6150068""",KEEP
GSE203024,"""GSM6150069""",KEEP
GSE203024,"""GSM6150070""",KEEP
GSE203024,"""GSM6150071""",KEEP
GSE203024,"""GSM6150072""",KEEP
GSE203024,"""GSM6150073""",KEEP
GSE203024,"""GSM6150074""",KEEP
GSE203024,"""GSM6150075""",KEEP
GSE203024,"""GSM6150076""",KEEP
GSE203024,"""GSM6150077""",KEEP
GSE203024,"""GSM6150078""",KEEP
GSE203024,"""GSM6150079""",KEEP
GSE203024,"""GSM6150080""",KEEP
GSE203024,"""GSM6150081""",KEEP
GSE203024,"""GSM6150082""",KEEP
GSE203024,"""GSM6150083""",KEEP
GSE203024,"""GSM6150084""",KEEP
GSE203024,"""GSM6150085""",KEEP
GSE203024,"""GSM6150086""",KEEP
GSE203024,"""GSM6150087""",KEEP
GSE203024,"""GSM6150088""",KEEP
GSE203024,"""GSM6150089""",KEEP
GSE203024,"""GSM6150090""",KEEP
GSE203024,"""GSM6150091""",KEEP
GSE203024,"""GSM6150092""",KEEP
GSE203024,"""GSM6150093""",KEEP
GSE203024,"""GSM6150094""",KEEP
GSE203024,"""GSM6150095""",KEEP
GSE203024,"""GSM6150096""",KEEP
GSE203024,"""GSM6150097""",KEEP
GSE203024,"""GSM6150098""",KEEP
GSE203024,"""GSM6150099""",KEEP
GSE203024,"""GSM6150100""",KEEP
GSE203024,"""GSM6150101""",KEEP
GSE203024,"""GSM6150102""",KEEP
GSE203024,"""GSM6150103""",KEEP
GSE203024,"""GSM6150104""",KEEP
GSE203024,"""GSM6150105""",KEEP
GSE203024,"""GSM6150106""",KEEP
GSE203024,"""GSM6150107""",KEEP
GSE203024,"""GSM6150108""",KEEP
GSE203024,"""GSM6150109""",KEEP
GSE203024,"""GSM6150110""",KEEP
GSE203024,"""GSM6150111""",KEEP
GSE203024,"""GSM6150112""",KEEP
GSE203024,"""GSM6150113""",KEEP
GSE203024,"""GSM6150114""",KEEP
GSE203024,"""GSM6150115""",KEEP
GSE203024,"""GSM6150116""",KEEP
GSE203024,"""GSM6150117""",KEEP
GSE203024,"""GSM6150118""",KEEP
GSE203024,"""GSM6150119""",KEEP
GSE203024,"""GSM6150120""",KEEP
GSE203024,"""GSM6150121""",KEEP
GSE203024,"""GSM6150122""",KEEP
GSE203024,"""GSM6150123""",KEEP
GSE203024,"""GSM6150124""",KEEP
GSE203024,"""GSM6150125""",KEEP
GSE203024,"""GSM6150126""",KEEP
GSE203024,"""GSM6150127""",KEEP
GSE203024,"""GSM6150128""",KEEP
GSE203024,"""GSM6150129""",KEEP
GSE203024,"""GSM6150130""",KEEP
GSE203024,"""GSM6150131""",KEEP
GSE203024,"""GSM6150132""",KEEP
GSE203024,"""GSM6150133""",KEEP
GSE203024,"""GSM6150134""",KEEP
GSE203024,"""GSM6150135""",KEEP
GSE203024,"""GSM6150136""",KEEP
GSE203024,"""GSM6150137""",KEEP
GSE203024,"""GSM6150138""",KEEP
GSE203024,"""GSM6150139""",KEEP
GSE203024,"""GSM6150140""",KEEP
GSE203024,"""GSM6150141""",KEEP
GSE203024,"""GSM6150142""",KEEP
GSE203024,"""GSM6150143""",KEEP
GSE203024,"""GSM6150144""",KEEP
GSE203024,"""GSM6150145""",KEEP
GSE203024,"""GSM6150146""",KEEP
GSE203024,"""GSM6150147""",KEEP
GSE203024,"""GSM6150148""",KEEP
GSE203024,"""GSM6150149""",KEEP
GSE203024,"""GSM6150150""",KEEP
GSE203024,"""GSM6150151""",KEEP
GSE203024,"""GSM6150152""",KEEP
GSE203024,"""GSM6150153""",KEEP
GSE203024,"""GSM6150154""",KEEP
GSE203024,"""GSM6150155""",KEEP
GSE203024,"""GSM6150156""",KEEP
GSE203024,"""GSM6150157""",KEEP
GSE203024,"""GSM6150158""",KEEP
GSE203024,"""GSM6150159""",KEEP
GSE203024,"""GSM6150160""",KEEP
GSE203024,"""GSM6150161""",KEEP
GSE203024,"""GSM6150162""",KEEP
GSE203024,"""GSM6150163""",KEEP
GSE203024,"""GSM6150164""",KEEP
GSE203024,"""GSM6150165""",KEEP
GSE203024,"""GSM6150166""",KEEP
GSE203024,"""GSM6150167""",KEEP
GSE203024,"""GSM6150168""",KEEP
GSE203024,"""GSM6150169""",KEEP
GSE203024,"""GSM6150170""",KEEP
GSE203024,"""GSM6150171""",KEEP
GSE203024,"""GSM6150172""",KEEP
GSE203024,"""GSM6150173""",KEEP
GSE203024,"""GSM6150174""",KEEP
GSE203024,"""GSM6150175""",KEEP
GSE203024,"""GSM6150176""",KEEP
GSE203024,"""GSM6150177""",KEEP
GSE203024,"""GSM6150178""",KEEP
GSE203024,"""GSM6150179""",KEEP
GSE203024,"""GSM6150180""",KEEP
GSE203024,"""GSM6150181""",KEEP
GSE203024,"""GSM6150182""",KEEP
GSE203024,"""GSM6150183""",KEEP
GSE203024,"""GSM6150184""",KEEP
GSE203024,"""GSM6150185""",KEEP
GSE203024,"""GSM6150186""",KEEP
GSE203024,"""GSM6150187""",KEEP
GSE203024,"""GSM6150188""",KEEP
GSE203024,"""GSM6150189""",KEEP
GSE203024,"""GSM6150190""",KEEP
GSE203024,"""GSM6150191""",KEEP
GSE203024,"""GSM6150192""",KEEP
GSE203024,"""GSM6150193""",KEEP
GSE203024,"""GSM6150194""",KEEP
GSE203024,"""GSM6150195""",KEEP
GSE203024,"""GSM6150196""",KEEP
GSE203024,"""GSM6150197""",KEEP
GSE203024,"""GSM6150198""",KEEP
GSE203024,"""GSM6150199""",KEEP
GSE203024,"""GSM6150200""",KEEP
GSE203024,"""GSM6150201""",KEEP
GSE203024,"""GSM6150202""",KEEP
GSE203024,"""GSM6150203""",KEEP
GSE203024,"""GSM6150204""",KEEP
GSE203024,"""GSM6150205""",KEEP
GSE203024,"""GSM6150206""",KEEP
GSE203024,"""GSM6150207""",KEEP
GSE203024,"""GSM6150208""",KEEP
GSE203024,"""GSM6150209""",KEEP
GSE203024,"""GSM6150210""",KEEP
GSE203024,"""GSM6150211""",KEEP
GSE203024,"""GSM6150212""",KEEP
GSE203024,"""GSM6150213""",KEEP
GSE203024,"""GSM6150214""",KEEP
GSE203024,"""GSM6150215""",KEEP
GSE203024,"""GSM6150216""",KEEP
GSE203024,"""GSM6150217""",KEEP
GSE203024,"""GSM6150218""",KEEP
GSE203024,"""GSM6150219""",KEEP
GSE203024,"""GSM6150220""",KEEP
GSE203024,"""GSM6150221""",KEEP
GSE203024,"""GSM6150222""",KEEP
GSE203024,"""GSM6150223""",KEEP
GSE203024,"""GSM6150224""",KEEP
GSE203024,"""GSM6150225""",KEEP
GSE203024,"""GSM6150226""",KEEP
GSE203024,"""GSM6150227""",KEEP
GSE203024,"""GSM6150228""",KEEP
GSE203024,"""GSM6150229""",KEEP
GSE203024,"""GSM6150230""",KEEP
GSE203024,"""GSM6150231""",KEEP
GSE203024,"""GSM6150232""",KEEP
GSE203024,"""GSM6150233""",KEEP
GSE203024,"""GSM6150234""",KEEP
GSE203024,"""GSM6150235""",KEEP
GSE203024,"""GSM6150236""",KEEP
GSE203024,"""GSM6150237""",KEEP
GSE203024,"""GSM6150238""",KEEP
GSE203024,"""GSM6150239""",KEEP
GSE203024,"""GSM6150240""",KEEP
GSE203024,"""GSM6150241""",KEEP
GSE203024,"""GSM6150242""",KEEP
GSE203024,"""GSM6150243""",KEEP
GSE203024,"""GSM6150244""",KEEP
GSE203024,"""GSM6150245""",KEEP
GSE203024,"""GSM6150246""",KEEP
GSE203024,"""GSM6150247""",KEEP
GSE203024,"""GSM6150248""",KEEP
GSE203024,"""GSM6150249""",KEEP
GSE203024,"""GSM6150250""",KEEP
GSE203024,"""GSM6150251""",KEEP
GSE203024,"""GSM6150252""",KEEP
GSE203024,"""GSM6150253""",KEEP
GSE203024,"""GSM6150254""",KEEP
GSE203024,"""GSM6150255""",KEEP
GSE203024,"""GSM6150256""",KEEP
GSE203024,"""GSM6150257""",KEEP
GSE203024,"""GSM6150258""",KEEP
GSE203024,"""GSM6150259""",KEEP
GSE203024,"""GSM6150260""",KEEP
GSE203024,"""GSM6150261""",KEEP
GSE203024,"""GSM6150262""",KEEP
GSE203024,"""GSM6150263""",KEEP
GSE203024,"""GSM6150264""",KEEP
GSE203024,"""GSM6150265""",KEEP
GSE203024,"""GSM6150266""",KEEP
GSE203024,"""GSM6150267""",KEEP
GSE203024,"""GSM6150268""",KEEP
GSE203024,"""GSM6150269""",KEEP
GSE203024,"""GSM6150270""",KEEP
GSE203024,"""GSM6150271""",KEEP
GSE203024,"""GSM6150272""",KEEP
GSE203024,"""GSM6150273""",KEEP
GSE203024,"""GSM6150274""",KEEP
GSE203024,"""GSM6150275""",KEEP
GSE203024,"""GSM6150276""",KEEP
GSE203024,"""GSM6150277""",KEEP
GSE203024,"""GSM6150278""",KEEP
GSE203024,"""GSM6150279""",KEEP
GSE203024,"""GSM6150280""",KEEP
GSE203024,"""GSM6150281""",KEEP
GSE203024,"""GSM6150282""",KEEP
GSE203024,"""GSM6150283""",KEEP
GSE203024,"""GSM6150284""",KEEP
GSE203024,"""GSM6150285""",KEEP
GSE203024,"""GSM6150286""",KEEP
GSE203024,"""GSM6150287""",KEEP
GSE203024,"""GSM6150288""",KEEP
GSE203024,"""GSM6150289""",KEEP
GSE203024,"""GSM6150290""",KEEP
GSE203024,"""GSM6150291""",KEEP
GSE203024,"""GSM6150292""",KEEP
GSE203024,"""GSM6150293""",KEEP
GSE203024,"""GSM6150294""",KEEP
GSE203024,"""GSM6150295""",KEEP
GSE203024,"""GSM6150296""",KEEP
GSE203024,"""GSM6150297""",KEEP
GSE203024,"""GSM6150298""",KEEP
GSE203024,"""GSM6150299""",KEEP
GSE203024,"""GSM6150300""",KEEP
GSE203024,"""GSM6150301""",KEEP
GSE203024,"""GSM6150302""",KEEP
GSE203024,"""GSM6150303""",KEEP
GSE203024,"""GSM6150304""",KEEP
GSE203024,"""GSM6150305""",KEEP
GSE203024,"""GSM6150306""",KEEP
GSE203024,"""GSM6150307""",KEEP
GSE203024,"""GSM6150308""",KEEP
GSE203024,"""GSM6150309""",KEEP
GSE203024,"""GSM6150310""",KEEP
GSE203024,"""GSM6150311""",KEEP
GSE203024,"""GSM6150312""",KEEP
GSE203024,"""GSM6150313""",KEEP
GSE203024,"""GSM6150314""",KEEP
GSE203024,"""GSM6150315""",KEEP
GSE203024,"""GSM6150316""",KEEP
GSE203024,"""GSM6150317""",KEEP
GSE203024,"""GSM6150318""",KEEP
GSE203024,"""GSM6150319""",KEEP
GSE203024,"""GSM6150320""",KEEP
GSE203024,"""GSM6150321""",KEEP
GSE203024,"""GSM6150322""",KEEP
GSE203024,"""GSM6150323""",KEEP
GSE203024,"""GSM6150324""",KEEP
GSE203024,"""GSM6150325""",KEEP
GSE203024,"""GSM6150326""",KEEP
GSE203024,"""GSM6150327""",KEEP
GSE203024,"""GSM6150328""",KEEP
GSE203024,"""GSM6150329""",KEEP
GSE203024,"""GSM6150330""",KEEP
GSE203024,"""GSM6150331""",KEEP
GSE203024,"""GSM6150332""",KEEP
GSE203024,"""GSM6150333""",KEEP
GSE203024,"""GSM6150334""",KEEP
GSE203024,"""GSM6150335""",KEEP
GSE203024,"""GSM6150336""",KEEP
GSE203024,"""GSM6150337""",KEEP
GSE203024,"""GSM6150338""",KEEP
GSE203024,"""GSM6150339""",KEEP
GSE203024,"""GSM6150340""",KEEP
GSE203024,"""GSM6150341""",KEEP
GSE203024,"""GSM6150342""",KEEP
GSE203024,"""GSM6150343""",KEEP
GSE203024,"""GSM6150344""",KEEP
GSE203024,"""GSM6150345""",KEEP
GSE203024,"""GSM6150346""",KEEP
GSE203024,"""GSM6150347""",KEEP
GSE203024,"""GSM6150348""",KEEP
GSE203024,"""GSM6150349""",KEEP
GSE203024,"""GSM6150350""",KEEP
GSE203024,"""GSM6150351""",KEEP
GSE203024,"""GSM6150352""",KEEP
GSE203024,"""GSM6150353""",KEEP
GSE203024,"""GSM6150354""",KEEP
GSE203024,"""GSM6150355""",KEEP
GSE203024,"""GSM6150356""",KEEP
GSE203024,"""GSM6150357""",KEEP
GSE203024,"""GSM6150358""",KEEP
GSE203024,"""GSM6150359""",KEEP
GSE203024,"""GSM6150360""",KEEP
GSE203024,"""GSM6150361""",KEEP
GSE203024,"""GSM6150362""",KEEP
GSE203024,"""GSM6150363""",KEEP
GSE203024,"""GSM6150364""",KEEP
GSE203024,"""GSM6150365""",KEEP
GSE203024,"""GSM6150366""",KEEP
GSE203024,"""GSM6150367""",KEEP
GSE203024,"""GSM6150368""",KEEP
GSE203024,"""GSM6150369""",KEEP
GSE203024,"""GSM6150370""",KEEP
GSE203024,"""GSM6150371""",KEEP
GSE203024,"""GSM6150372""",KEEP
GSE203024,"""GSM6150373""",KEEP
GSE203024,"""GSM6150374""",KEEP
GSE203024,"""GSM6150375""",KEEP
GSE203024,"""GSM6150376""",KEEP
GSE203024,"""GSM6150377""",KEEP
GSE203024,"""GSM6150378""",KEEP
GSE203024,"""GSM6150379""",KEEP
GSE203024,"""GSM6150380""",KEEP
GSE203024,"""GSM6150381""",KEEP
GSE203024,"""GSM6150382""",KEEP
GSE203024,"""GSM6150383""",KEEP
GSE203024,"""GSM6150384""",KEEP
GSE203024,"""GSM6150385""",KEEP
GSE203024,"""GSM6150386""",KEEP
GSE203024,"""GSM6150387""",KEEP
GSE203024,"""GSM6150388""",KEEP
GSE203024,"""GSM6150389""",KEEP
GSE203024,"""GSM6150390""",KEEP
GSE203024,"""GSM6150391""",KEEP
GSE203024,"""GSM6150392""",KEEP
GSE203024,"""GSM6150393""",KEEP
GSE203024,"""GSM6150394""",KEEP
GSE203024,"""GSM6150395""",KEEP
GSE203024,"""GSM6150396""",KEEP
GSE203024,"""GSM6150397""",KEEP
GSE203024,"""GSM6150398""",KEEP
GSE203024,"""GSM6150399""",KEEP
GSE203024,"""GSM6150400""",KEEP
GSE203024,"""GSM6150401""",KEEP
GSE203024,"""GSM6150402""",KEEP
GSE203024,"""GSM6150403""",KEEP
GSE203024,"""GSM6150404""",KEEP
GSE203024,"""GSM6150405""",KEEP
GSE203024,"""GSM6150406""",KEEP
GSE203024,"""GSM6150407""",KEEP
GSE203024,"""GSM6150408""",KEEP
GSE203024,"""GSM6150409""",KEEP
GSE203024,"""GSM6150410""",KEEP
GSE203024,"""GSM6150411""",KEEP
GSE203024,"""GSM6150412""",KEEP
GSE203024,"""GSM6150413""",KEEP
GSE203024,"""GSM6150414""",KEEP
GSE203024,"""GSM6150415""",KEEP
GSE203024,"""GSM6150416""",KEEP
GSE203024,"""GSM6150417""",KEEP
GSE203024,"""GSM6150418""",KEEP
GSE203024,"""GSM6150419""",KEEP
GSE203024,"""GSM6150420""",KEEP
GSE203024,"""GSM6150421""",KEEP
GSE203024,"""GSM6150422""",KEEP
GSE203024,"""GSM6150423""",KEEP
GSE203024,"""GSM6150424""",KEEP
GSE203024,"""GSM6150425""",KEEP
GSE203024,"""GSM6150426""",KEEP
GSE203024,"""GSM6150427""",KEEP
GSE203024,"""GSM6150428""",KEEP
GSE203024,"""GSM6150429""",KEEP
GSE203024,"""GSM6150430""",KEEP
GSE203024,"""GSM6150431""",KEEP
GSE203024,"""GSM6150432""",KEEP
GSE203024,"""GSM6150433""",KEEP
GSE203024,"""GSM6150434""",KEEP
GSE203024,"""GSM6150435""",KEEP
GSE203024,"""GSM6150436""",KEEP
GSE203024,"""GSM6150437""",KEEP
GSE203024,"""GSM6150438""",KEEP
GSE203024,"""GSM6150439""",KEEP
GSE203024,"""GSM6150440""",KEEP
GSE203024,"""GSM6150441""",KEEP
GSE203024,"""GSM6150442""",KEEP
GSE203024,"""GSM6150443""",KEEP
GSE203024,"""GSM6150444""",KEEP
GSE203024,"""GSM6150445""",KEEP
GSE203024,"""GSM6150446""",KEEP
GSE203024,"""GSM6150447""",KEEP
GSE203024,"""GSM6150448""",KEEP
GSE203024,"""GSM6150449""",KEEP
GSE203024,"""GSM6150450""",KEEP
GSE203024,"""GSM6150451""",KEEP
GSE203024,"""GSM6150452""",KEEP
GSE203024,"""GSM6150453""",KEEP
GSE203024,"""GSM6150454""",KEEP
GSE203024,"""GSM6150455""",KEEP
GSE203024,"""GSM6150456""",KEEP
GSE203024,"""GSM6150457""",KEEP
GSE203024,"""GSM6150458""",KEEP
GSE203024,"""GSM6150459""",KEEP
GSE203024,"""GSM6150460""",KEEP
GSE203024,"""GSM6150461""",KEEP
GSE203024,"""GSM6150462""",KEEP
GSE203024,"""GSM6150463""",KEEP
GSE203024,"""GSM6150464""",KEEP
GSE203024,"""GSM6150465""",KEEP
GSE203024,"""GSM6150466""",KEEP
GSE203024,"""GSM6150467""",KEEP
GSE203024,"""GSM6150468""",KEEP
GSE203024,"""GSM6150469""",KEEP
GSE203024,"""GSM6150470""",KEEP
GSE203024,"""GSM6150471""",KEEP
GSE203024,"""GSM6150472""",KEEP
GSE203024,"""GSM6150473""",KEEP
GSE203024,"""GSM6150474""",KEEP
GSE203024,"""GSM6150475""",KEEP
GSE203024,"""GSM6150476""",KEEP
GSE203024,"""GSM6150477""",KEEP
GSE203024,"""GSM6150478""",KEEP
GSE203024,"""GSM6150479""",KEEP
GSE203024,"""GSM6150480""",KEEP
GSE203024,"""GSM6150481""",KEEP
GSE203024,"""GSM6150482""",KEEP
GSE203024,"""GSM6150483""",KEEP
GSE203024,"""GSM6150484""",KEEP
GSE203024,"""GSM6150485""",KEEP
GSE203024,"""GSM6150486""",KEEP
GSE203024,"""GSM6150487""",KEEP
GSE203024,"""GSM6150488""",KEEP
GSE203024,"""GSM6150489""",KEEP
GSE203024,"""GSM6150490""",KEEP
GSE203024,"""GSM6150491""",KEEP
GSE203024,"""GSM6150492""",KEEP
GSE203024,"""GSM6150493""",KEEP
GSE203024,"""GSM6150494""",KEEP
GSE203024,"""GSM6150495""",KEEP
GSE203024,"""GSM6150496""",KEEP
GSE203024,"""GSM6150497""",KEEP
GSE203024,"""GSM6150498""",KEEP
GSE203024,"""GSM6150499""",KEEP
GSE203024,"""GSM6150500""",KEEP
GSE203024,"""GSM6150501""",KEEP
GSE203024,"""GSM6150502""",KEEP
GSE203024,"""GSM6150503""",KEEP
GSE203024,"""GSM6150504""",KEEP
GSE203024,"""GSM6150505""",KEEP
GSE203024,"""GSM6150506""",KEEP
GSE203024,"""GSM6150507""",KEEP
GSE203024,"""GSM6150508""",KEEP
GSE203024,"""GSM6150509""",KEEP
GSE203024,"""GSM6150510""",KEEP
GSE203024,"""GSM6150511""",KEEP
GSE203024,"""GSM6150512""",KEEP
GSE203024,"""GSM6150513""",KEEP
GSE203024,"""GSM6150514""",KEEP
GSE203024,"""GSM6150515""",KEEP
GSE203024,"""GSM6150516""",KEEP
GSE203024,"""GSM6150517""",KEEP
GSE203024,"""GSM6150518""",KEEP
GSE203024,"""GSM6150519""",KEEP
GSE203024,"""GSM6150520""",KEEP
GSE203024,"""GSM6150521""",KEEP
GSE203024,"""GSM6150522""",KEEP
GSE203024,"""GSM6150523""",KEEP
GSE203024,"""GSM6150524""",KEEP
GSE203024,"""GSM6150525""",KEEP
GSE203024,"""GSM6150526""",KEEP
GSE203024,"""GSM6150527""",KEEP
GSE203024,"""GSM6150528""",KEEP
GSE203024,"""GSM6150529""",KEEP
GSE203024,"""GSM6150530""",KEEP
GSE203024,"""GSM6150531""",KEEP
GSE203024,"""GSM6150532""",KEEP
GSE203024,"""GSM6150533""",KEEP
GSE203024,"""GSM6150534""",KEEP
GSE203024,"""GSM6150535""",KEEP
GSE203024,"""GSM6150536""",KEEP
GSE203024,"""GSM6150537""",KEEP
GSE203024,"""GSM6150538""",KEEP
GSE203024,"""GSM6150539""",KEEP
GSE203024,"""GSM6150540""",KEEP
GSE203024,"""GSM6150541""",KEEP
GSE203024,"""GSM6150542""",KEEP
GSE203024,"""GSM6150543""",KEEP
GSE203024,"""GSM6150544""",KEEP
GSE203024,"""GSM6150545""",KEEP
GSE203024,"""GSM6150546""",KEEP
GSE203024,"""GSM6150547""",KEEP
GSE203024,"""GSM6150548""",KEEP
GSE203024,"""GSM6150549""",KEEP
GSE203024,"""GSM6150550""",KEEP
GSE203024,"""GSM6150551""",KEEP
GSE203024,"""GSM6150552""",KEEP
GSE203024,"""GSM6150553""",KEEP
GSE203024,"""GSM6150554""",KEEP
GSE203024,"""GSM6150555""",KEEP
GSE203024,"""GSM6150556""",KEEP
GSE203024,"""GSM6150557""",KEEP
GSE203024,"""GSM6150558""",KEEP
GSE203024,"""GSM6150559""",KEEP
GSE203024,"""GSM6150560""",KEEP
GSE203024,"""GSM6150561""",KEEP
GSE203024,"""GSM6150562""",KEEP
GSE203024,"""GSM6150563""",KEEP
GSE203024,"""GSM6150564""",KEEP
GSE203024,"""GSM6150565""",KEEP
GSE203024,"""GSM6150566""",KEEP
GSE203024,"""GSM6150567""",KEEP
GSE203024,"""GSM6150568""",KEEP
GSE203024,"""GSM6150569""",KEEP
GSE203024,"""GSM6150570""",KEEP
GSE203024,"""GSM6150571""",KEEP
GSE203024,"""GSM6150572""",KEEP
GSE203024,"""GSM6150573""",KEEP
GSE203024,"""GSM6150574""",KEEP
GSE203024,"""GSM6150575""",KEEP
GSE203024,"""GSM6150576""",KEEP
GSE203024,"""GSM6150577""",KEEP
GSE203024,"""GSM6150578""",KEEP
GSE203024,"""GSM6150579""",KEEP
GSE203024,"""GSM6150580""",KEEP
GSE203024,"""GSM6150581""",KEEP
GSE203024,"""GSM6150582""",KEEP
GSE203024,"""GSM6150583""",KEEP
GSE203024,"""GSM6150584""",KEEP
GSE203024,"""GSM6150585""",KEEP
GSE203024,"""GSM6150586""",KEEP
GSE203024,"""GSM6150587""",KEEP
GSE203024,"""GSM6150588""",KEEP
GSE203024,"""GSM6150589""",KEEP
GSE203024,"""GSM6150590""",KEEP
GSE203024,"""GSM6150591""",KEEP
GSE203024,"""GSM6150592""",KEEP
GSE203024,"""GSM6150593""",KEEP
GSE203024,"""GSM6150594""",KEEP
GSE203024,"""GSM6150595""",KEEP
GSE203024,"""GSM6150596""",KEEP
GSE203024,"""GSM6150597""",KEEP
GSE203024,"""GSM6150598""",KEEP
GSE203024,"""GSM6150599""",KEEP
GSE203024,"""GSM6150600""",KEEP
GSE203024,"""GSM6150601""",KEEP
GSE203024,"""GSM6150602""",KEEP
GSE203024,"""GSM6150603""",KEEP
GSE203024,"""GSM6150604""",KEEP
GSE203024,"""GSM6150605""",KEEP
GSE203024,"""GSM6150606""",KEEP
GSE203024,"""GSM6150607""",KEEP
GSE203024,"""GSM6150608""",KEEP
GSE203024,"""GSM6150609""",KEEP
GSE203024,"""GSM6150610""",KEEP
GSE203024,"""GSM6150611""",KEEP
GSE203024,"""GSM6150612""",KEEP
GSE203024,"""GSM6150613""",KEEP
GSE203024,"""GSM6150614""",KEEP
GSE203024,"""GSM6150615""",KEEP
GSE203024,"""GSM6150616""",KEEP
GSE203024,"""GSM6150617""",KEEP
GSE203024,"""GSM6150618""",KEEP
GSE203024,"""GSM6150619""",KEEP
GSE203024,"""GSM6150620""",KEEP
GSE203024,"""GSM6150621""",KEEP
GSE203024,"""GSM6150622""",KEEP
GSE203024,"""GSM6150623""",KEEP
GSE203024,"""GSM6150624""",KEEP
GSE203024,"""GSM6150625""",KEEP
GSE203024,"""GSM6150626""",KEEP
GSE203024,"""GSM6150627""",KEEP
GSE203024,"""GSM6150628""",KEEP
GSE203024,"""GSM6150629""",KEEP
GSE203024,"""GSM6150630""",KEEP
GSE203024,"""GSM6150631""",KEEP
GSE203024,"""GSM6150632""",KEEP
GSE203024,"""GSM6150633""",KEEP
GSE203024,"""GSM6150634""",KEEP
GSE203024,"""GSM6150635""",KEEP
GSE203024,"""GSM6150636""",KEEP
GSE203024,"""GSM6150637""",KEEP
GSE203024,"""GSM6150638""",KEEP
GSE203024,"""GSM6150639""",KEEP
GSE203024,"""GSM6150640""",KEEP
GSE203024,"""GSM6150641""",KEEP
GSE203024,"""GSM6150642""",KEEP
GSE203024,"""GSM6150643""",KEEP
GSE203024,"""GSM6150644""",KEEP
GSE203024,"""GSM6150645""",KEEP
GSE203024,"""GSM6150646""",KEEP
GSE203024,"""GSM6150647""",KEEP
GSE203024,"""GSM6150648""",KEEP
GSE203024,"""GSM6150649""",KEEP
GSE203024,"""GSM6150650""",KEEP
GSE203024,"""GSM6150651""",KEEP
GSE203024,"""GSM6150652""",KEEP
GSE203024,"""GSM6150653""",KEEP
GSE203024,"""GSM6150654""",KEEP
GSE203024,"""GSM6150655""",KEEP
GSE203024,"""GSM6150656""",KEEP
GSE203024,"""GSM6150657""",KEEP
GSE203024,"""GSM6150658""",KEEP
GSE203024,"""GSM6150659""",KEEP
GSE203024,"""GSM6150660""",KEEP
GSE203024,"""GSM6150661""",KEEP
GSE203024,"""GSM6150662""",KEEP
GSE203024,"""GSM6150663""",KEEP
GSE203024,"""GSM6150664""",KEEP
GSE203024,"""GSM6150665""",KEEP
GSE203024,"""GSM6150666""",KEEP
GSE203024,"""GSM6150667""",KEEP
GSE203024,"""GSM6150668""",KEEP
GSE203024,"""GSM6150669""",KEEP
GSE203024,"""GSM6150670""",KEEP
GSE203024,"""GSM6150671""",KEEP
GSE203024,"""GSM6150672""",KEEP
GSE203024,"""GSM6150673""",KEEP
GSE203024,"""GSM6150674""",KEEP
GSE203024,"""GSM6150675""",KEEP
GSE203024,"""GSM6150676""",KEEP
GSE203024,"""GSM6150677""",KEEP
GSE203024,"""GSM6150678""",KEEP
GSE203024,"""GSM6150679""",KEEP
GSE203024,"""GSM6150680""",KEEP
GSE203024,"""GSM6150681""",KEEP
GSE203024,"""GSM6150682""",KEEP
GSE203024,"""GSM6150683""",KEEP
GSE203024,"""GSM6150684""",KEEP
GSE203024,"""GSM6150685""",KEEP
GSE203024,"""GSM6150686""",KEEP
GSE203024,"""GSM6150687""",KEEP
GSE203024,"""GSM6150688""",KEEP
GSE203024,"""GSM6150689""",KEEP
GSE203024,"""GSM6150690""",KEEP
GSE203024,"""GSM6150691""",KEEP
GSE203024,"""GSM6150692""",KEEP
GSE203024,"""GSM6150693""",KEEP
GSE203024,"""GSM6150694""",KEEP
GSE203024,"""GSM6150695""",KEEP
GSE203024,"""GSM6150696""",KEEP
GSE203024,"""GSM6150697""",KEEP
GSE203024,"""GSM6150698""",KEEP
GSE203024,"""GSM6150699""",KEEP
GSE203024,"""GSM6150700""",KEEP
GSE203024,"""GSM6150701""",KEEP
GSE203024,"""GSM6150702""",KEEP
GSE203024,"""GSM6150703""",KEEP
GSE203024,"""GSM6150704""",KEEP
GSE203024,"""GSM6150705""",KEEP
GSE203024,"""GSM6150706""",KEEP
GSE203024,"""GSM6150707""",KEEP
GSE203024,"""GSM6150708""",KEEP
GSE203024,"""GSM6150709""",KEEP
GSE203024,"""GSM6150710""",KEEP
GSE203024,"""GSM6150711""",KEEP
GSE203024,"""GSM6150712""",KEEP
GSE203024,"""GSM6150713""",KEEP
GSE203024,"""GSM6150714""",KEEP
GSE203024,"""GSM6150715""",KEEP
GSE203024,"""GSM6150716""",KEEP
GSE203024,"""GSM6150717""",KEEP
GSE203024,"""GSM6150718""",KEEP
GSE203024,"""GSM6150719""",KEEP
GSE203024,"""GSM6150720""",KEEP
GSE203024,"""GSM6150721""",KEEP
GSE203024,"""GSM6150722""",KEEP
GSE203024,"""GSM6150723""",KEEP
GSE203024,"""GSM6150724""",KEEP
GSE203024,"""GSM6150725""",KEEP
GSE203024,"""GSM6150726""",KEEP
GSE203024,"""GSM6150727""",KEEP
GSE203024,"""GSM6150728""",KEEP
GSE203024,"""GSM6150729""",KEEP
GSE203024,"""GSM6150730""",KEEP
GSE203024,"""GSM6150731""",KEEP
GSE203024,"""GSM6150732""",KEEP
GSE203024,"""GSM6150733""",KEEP
GSE203024,"""GSM6150734""",KEEP
GSE203024,"""GSM6150735""",KEEP
GSE203024,"""GSM6150736""",KEEP
GSE203024,"""GSM6150737""",KEEP
GSE203024,"""GSM6150738""",KEEP
GSE203024,"""GSM6150739""",KEEP
GSE203024,"""GSM6150740""",KEEP
GSE203024,"""GSM6150741""",KEEP
GSE203024,"""GSM6150742""",KEEP
GSE203024,"""GSM6150743""",KEEP
GSE203024,"""GSM6150744""",KEEP
GSE203024,"""GSM6150745""",KEEP
GSE203024,"""GSM6150746""",KEEP
GSE203024,"""GSM6150747""",KEEP
GSE203024,"""GSM6150748""",KEEP
GSE203024,"""GSM6150749""",KEEP
GSE203024,"""GSM6150750""",KEEP
GSE203024,"""GSM6150751""",KEEP
GSE203024,"""GSM6150752""",KEEP
GSE203024,"""GSM6150753""",KEEP
GSE203024,"""GSM6150754""",KEEP
GSE203024,"""GSM6150755""",KEEP
GSE203024,"""GSM6150756""",KEEP
GSE203024,"""GSM6150757""",KEEP
GSE203024,"""GSM6150758""",KEEP
GSE203024,"""GSM6150759""",KEEP
GSE203024,"""GSM6150760""",KEEP
GSE203024,"""GSM6150761""",KEEP
GSE203024,"""GSM6150762""",KEEP
GSE203024,"""GSM6150763""",KEEP
GSE203024,"""GSM6150764""",KEEP
GSE203024,"""GSM6150765""",KEEP
GSE203024,"""GSM6150766""",KEEP
GSE203024,"""GSM6150767""",KEEP
GSE203024,"""GSM6150768""",KEEP
GSE203024,"""GSM6150769""",KEEP
GSE203024,"""GSM6150770""",KEEP
GSE203024,"""GSM6150771""",KEEP
GSE203024,"""GSM6150772""",KEEP
GSE203024,"""GSM6150773""",KEEP
GSE203024,"""GSM6150774""",KEEP
GSE203024,"""GSM6150775""",KEEP
GSE203024,"""GSM6150776""",KEEP
GSE203024,"""GSM6150777""",KEEP
GSE203024,"""GSM6150778""",KEEP
GSE203024,"""GSM6150779""",KEEP
GSE203024,"""GSM6150780""",KEEP
GSE203024,"""GSM6150781""",KEEP
GSE203024,"""GSM6150782""",KEEP
GSE203024,"""GSM6150783""",KEEP
GSE203024,"""GSM6150784""",KEEP
GSE203024,"""GSM6150785""",KEEP
GSE203024,"""GSM6150786""",KEEP
GSE203024,"""GSM6150787""",KEEP
GSE203024,"""GSM6150788""",KEEP
GSE203024,"""GSM6150789""",KEEP
GSE203024,"""GSM6150790""",KEEP
GSE203024,"""GSM6150791""",KEEP
GSE203024,"""GSM6150792""",KEEP
GSE203024,"""GSM6150793""",KEEP
GSE203024,"""GSM6150794""",KEEP
GSE203024,"""GSM6150795""",KEEP
GSE203024,"""GSM6150796""",KEEP
GSE203024,"""GSM6150797""",KEEP
GSE203024,"""GSM6150798""",KEEP
GSE203024,"""GSM6150799""",KEEP
GSE203024,"""GSM6150800""",KEEP
GSE203024,"""GSM6150801""",KEEP
GSE203024,"""GSM6150802""",KEEP
GSE203024,"""GSM6150803""",KEEP
GSE203024,"""GSM6150804""",KEEP
GSE203024,"""GSM6150805""",KEEP
GSE203024,"""GSM6150806""",KEEP
GSE203024,"""GSM6150807""",KEEP
GSE203024,"""GSM6150808""",KEEP
GSE203024,"""GSM6150809""",KEEP
GSE203024,"""GSM6150810""",KEEP
GSE203024,"""GSM6150811""",KEEP
GSE203024,"""GSM6150812""",KEEP
GSE203024,"""GSM6150813""",KEEP
GSE203024,"""GSM6150814""",KEEP
GSE203024,"""GSM6150815""",KEEP
GSE203024,"""GSM6150816""",KEEP
GSE203024,"""GSM6150817""",KEEP
GSE203024,"""GSM6150818""",KEEP
GSE203024,"""GSM6150819""",KEEP
GSE203024,"""GSM6150820""",KEEP
GSE203024,"""GSM6150821""",KEEP
GSE203024,"""GSM6150822""",KEEP
GSE203024,"""GSM6150823""",KEEP
GSE203024,"""GSM6150824""",KEEP
GSE203024,"""GSM6150825""",KEEP
GSE203024,"""GSM6150826""",KEEP
GSE203024,"""GSM6150827""",KEEP
GSE203024,"""GSM6150828""",KEEP
GSE203024,"""GSM6150829""",KEEP
GSE203024,"""GSM6150830""",KEEP
GSE203024,"""GSM6150831""",KEEP
GSE203024,"""GSM6150832""",KEEP
GSE203024,"""GSM6150833""",KEEP
GSE203024,"""GSM6150834""",KEEP
GSE203024,"""GSM6150835""",KEEP
GSE203024,"""GSM6150836""",KEEP
GSE203024,"""GSM6150837""",KEEP
GSE203024,"""GSM6150838""",KEEP
GSE203024,"""GSM6150839""",KEEP
GSE203024,"""GSM6150840""",KEEP
GSE203024,"""GSM6150841""",KEEP
GSE203024,"""GSM6150842""",KEEP
GSE203024,"""GSM6150843""",KEEP
GSE203024,"""GSM6150844""",KEEP
GSE203024,"""GSM6150845""",KEEP
GSE203024,"""GSM6150846""",KEEP
GSE203024,"""GSM6150847""",KEEP
GSE203024,"""GSM6150848""",KEEP
GSE203024,"""GSM6150849""",KEEP
GSE203024,"""GSM6150850""",KEEP
GSE203024,"""GSM6150851""",KEEP
GSE203024,"""GSM6150852""",KEEP
GSE203024,"""GSM6150853""",KEEP
GSE203024,"""GSM6150854""",KEEP
GSE203024,"""GSM6150855""",KEEP
GSE203024,"""GSM6150856""",KEEP
GSE203024,"""GSM6150857""",KEEP
GSE203024,"""GSM6150858""",KEEP
GSE203024,"""GSM6150859""",KEEP
GSE203024,"""GSM6150860""",KEEP
GSE203024,"""GSM6150861""",KEEP
GSE203024,"""GSM6150862""",KEEP
GSE203024,"""GSM6150863""",KEEP
GSE203024,"""GSM6150864""",KEEP
GSE203024,"""GSM6150865""",KEEP
GSE203024,"""GSM6150866""",KEEP
GSE203024,"""GSM6150867""",KEEP
GSE203024,"""GSM6150868""",KEEP
GSE203024,"""GSM6150869""",KEEP
GSE203024,"""GSM6150870""",KEEP
GSE203024,"""GSM6150871""",KEEP
GSE203024,"""GSM6150872""",KEEP
GSE203024,"""GSM6150873""",KEEP
GSE203024,"""GSM6150874""",KEEP
GSE203024,"""GSM6150875""",KEEP
GSE203024,"""GSM6150876""",KEEP
GSE203024,"""GSM6150877""",KEEP
GSE203024,"""GSM6150878""",KEEP
GSE203024,"""GSM6150879""",KEEP
GSE203024,"""GSM6150880""",KEEP
GSE203024,"""GSM6150881""",KEEP
GSE203024,"""GSM6150882""",KEEP
GSE203024,"""GSM6150883""",KEEP
GSE203024,"""GSM6150884""",KEEP
GSE203024,"""GSM6150885""",KEEP
GSE203024,"""GSM6150886""",KEEP
GSE203024,"""GSM6150887""",KEEP
GSE203024,"""GSM6150888""",KEEP
GSE203024,"""GSM6150889""",KEEP
GSE203024,"""GSM6150890""",KEEP
GSE203024,"""GSM6150891""",KEEP
GSE203024,"""GSM6150892""",KEEP
GSE203024,"""GSM6150893""",KEEP
GSE203024,"""GSM6150894""",KEEP
GSE203024,"""GSM6150895""",KEEP
GSE203024,"""GSM6150896""",KEEP
GSE203024,"""GSM6150897""",KEEP
GSE203024,"""GSM6150898""",KEEP
GSE203024,"""GSM6150899""",KEEP
GSE203024,"""GSM6150900""",KEEP
GSE203024,"""GSM6150901""",KEEP
GSE203024,"""GSM6150902""",KEEP
GSE203024,"""GSM6150903""",KEEP
GSE203024,"""GSM6150904""",KEEP
GSE203024,"""GSM6150905""",KEEP
GSE203024,"""GSM6150906""",KEEP
GSE203024,"""GSM6150907""",KEEP
GSE203024,"""GSM6150908""",KEEP
GSE203024,"""GSM6150909""",KEEP
GSE203024,"""GSM6150910""",KEEP
GSE203024,"""GSM6150911""",KEEP
GSE203024,"""GSM6150912""",KEEP
GSE203024,"""GSM6150913""",KEEP
GSE203024,"""GSM6150914""",KEEP
GSE203024,"""GSM6150915""",KEEP
GSE203024,"""GSM6150916""",KEEP
GSE203024,"""GSM6150917""",KEEP
GSE203024,"""GSM6150918""",KEEP
GSE203024,"""GSM6150919""",KEEP
GSE203024,"""GSM6150920""",KEEP
GSE203024,"""GSM6150921""",KEEP
GSE203024,"""GSM6150922""",KEEP
GSE203024,"""GSM6150923""",KEEP
GSE203024,"""GSM6150924""",KEEP
GSE203024,"""GSM6150925""",KEEP
GSE203024,"""GSM6150926""",KEEP
GSE203024,"""GSM6150927""",KEEP
GSE203024,"""GSM6150928""",KEEP
GSE203024,"""GSM6150929""",KEEP
GSE203024,"""GSM6150930""",KEEP
GSE203024,"""GSM6150931""",KEEP
GSE203024,"""GSM6150932""",KEEP
GSE203024,"""GSM6150933""",KEEP
GSE203024,"""GSM6150934""",KEEP
GSE203024,"""GSM6150935""",KEEP
GSE203024,"""GSM6150936""",KEEP
GSE203024,"""GSM6150937""",KEEP
GSE203024,"""GSM6150938""",KEEP
GSE203024,"""GSM6150939""",KEEP
GSE203024,"""GSM6150940""",KEEP
GSE203024,"""GSM6150941""",KEEP
GSE203024,"""GSM6150942""",KEEP
GSE203024,"""GSM6150943""",KEEP
GSE203024,"""GSM6150944""",KEEP
GSE203024,"""GSM6150945""",KEEP
GSE203024,"""GSM6150946""",KEEP
GSE203024,"""GSM6150947""",KEEP
GSE203024,"""GSM6150948""",KEEP
GSE203024,"""GSM6150949""",KEEP
GSE203024,"""GSM6150950""",KEEP
GSE203024,"""GSM6150951""",KEEP
GSE203024,"""GSM6150952""",KEEP
GSE203024,"""GSM6150953""",KEEP
GSE203024,"""GSM6150954""",KEEP
GSE203024,"""GSM6150955""",KEEP
GSE203024,"""GSM6150956""",KEEP
GSE203024,"""GSM6150957""",KEEP
GSE203024,"""GSM6150958""",KEEP
GSE203024,"""GSM6150959""",KEEP
GSE203024,"""GSM6150960""",KEEP
GSE203024,"""GSM6150961""",KEEP
GSE203024,"""GSM6150962""",KEEP
GSE203024,"""GSM6150963""",KEEP
GSE203024,"""GSM6150964""",KEEP
GSE203024,"""GSM6150965""",KEEP
GSE203024,"""GSM6150966""",KEEP
GSE203024,"""GSM6150967""",KEEP
GSE203024,"""GSM6150968""",KEEP
GSE203024,"""GSM6150969""",KEEP
GSE203024,"""GSM6150970""",KEEP
GSE203024,"""GSM6150971""",KEEP
GSE203024,"""GSM6150972""",KEEP
GSE203024,"""GSM6150973""",KEEP
GSE203024,"""GSM6150974""",KEEP
GSE203024,"""GSM6150975""",KEEP
GSE203024,"""GSM6150976""",KEEP
GSE203024,"""GSM6150977""",KEEP
GSE203024,"""GSM6150978""",KEEP
GSE203024,"""GSM6150979""",KEEP
GSE203024,"""GSM6150980""",KEEP
GSE203024,"""GSM6150981""",KEEP
GSE203024,"""GSM6150982""",KEEP
GSE203024,"""GSM6150983""",KEEP
GSE203024,"""GSM6150984""",KEEP
GSE203024,"""GSM6150985""",KEEP
GSE203024,"""GSM6150986""",KEEP
GSE203024,"""GSM6150987""",KEEP
GSE203024,"""GSM6150988""",KEEP
GSE203024,"""GSM6150989""",KEEP
GSE203024,"""GSM6150990""",KEEP
GSE203024,"""GSM6150991""",KEEP
GSE203024,"""GSM6150992""",KEEP
GSE203024,"""GSM6150993""",KEEP
GSE203024,"""GSM6150994""",KEEP
GSE203024,"""GSM6150995""",KEEP
GSE203024,"""GSM6150996""",KEEP
GSE203024,"""GSM6150997""",KEEP
GSE203024,"""GSM6150998""",KEEP
GSE203024,"""GSM6150999""",KEEP
GSE203024,"""GSM6151000""",KEEP
GSE203024,"""GSM6151001""",KEEP
GSE203024,"""GSM6151002""",KEEP
GSE203024,"""GSM6151003""",KEEP
GSE203024,"""GSM6151004""",KEEP
GSE203024,"""GSM6151005""",KEEP
GSE203024,"""GSM6151006""",KEEP
GSE203024,"""GSM6151007""",KEEP
GSE203024,"""GSM6151008""",KEEP
GSE203024,"""GSM6151009""",KEEP
GSE203024,"""GSM6151010""",KEEP
GSE203024,"""GSM6151011""",KEEP
GSE203024,"""GSM6151012""",KEEP
GSE203024,"""GSM6151013""",KEEP
GSE203024,"""GSM6151014""",KEEP
GSE203024,"""GSM6151015""",KEEP
GSE203024,"""GSM6151016""",KEEP
GSE203024,"""GSM6151017""",KEEP
GSE203024,"""GSM6151018""",KEEP
GSE203024,"""GSM6151019""",KEEP
GSE203024,"""GSM6151020""",KEEP
GSE203024,"""GSM6151021""",KEEP
GSE203024,"""GSM6151022""",KEEP
GSE203024,"""GSM6151023""",KEEP
GSE203024,"""GSM6151024""",KEEP
GSE203024,"""GSM6151025""",KEEP
GSE203024,"""GSM6151026""",KEEP
GSE203024,"""GSM6151027""",KEEP
GSE203024,"""GSM6151028""",KEEP
GSE203024,"""GSM6151029""",KEEP
GSE203024,"""GSM6151030""",KEEP
GSE203024,"""GSM6151031""",KEEP
GSE203024,"""GSM6151032""",KEEP
GSE203024,"""GSM6151033""",KEEP
GSE203024,"""GSM6151034""",KEEP
GSE203024,"""GSM6151035""",KEEP
GSE203024,"""GSM6151036""",KEEP
GSE203024,"""GSM6151037""",KEEP
GSE203024,"""GSM6151038""",KEEP
GSE203024,"""GSM6151039""",KEEP
GSE203024,"""GSM6151040""",KEEP
GSE203024,"""GSM6151041""",KEEP
GSE203024,"""GSM6151042""",KEEP
GSE203024,"""GSM6151043""",KEEP
GSE203024,"""GSM6151044""",KEEP
GSE203024,"""GSM6151045""",KEEP
GSE203024,"""GSM6151046""",KEEP
GSE203024,"""GSM6151047""",KEEP
GSE203024,"""GSM6151048""",KEEP
GSE203024,"""GSM6151049""",KEEP
GSE203024,"""GSM6151050""",KEEP
GSE203024,"""GSM6151051""",KEEP
GSE203024,"""GSM6151052""",KEEP
GSE203024,"""GSM6151053""",KEEP
GSE203024,"""GSM6151054""",KEEP
GSE203024,"""GSM6151055""",KEEP
GSE203024,"""GSM6151056""",KEEP
GSE203024,"""GSM6151057""",KEEP
GSE203024,"""GSM6151058""",KEEP
GSE203024,"""GSM6151059""",KEEP
GSE203024,"""GSM6151060""",KEEP
GSE203024,"""GSM6151061""",KEEP
GSE203024,"""GSM6151062""",KEEP
GSE203024,"""GSM6151063""",KEEP
GSE203024,"""GSM6151064""",KEEP
GSE203024,"""GSM6151065""",KEEP
GSE203024,"""GSM6151066""",KEEP
GSE203024,"""GSM6151067""",KEEP
GSE203024,"""GSM6151068""",KEEP
GSE203024,"""GSM6151069""",KEEP
GSE203024,"""GSM6151070""",KEEP
GSE203024,"""GSM6151071""",KEEP
GSE203024,"""GSM6151072""",KEEP
GSE203024,"""GSM6151073""",KEEP
GSE203024,"""GSM6151074""",KEEP
GSE203024,"""GSM6151075""",KEEP
GSE203024,"""GSM6151076""",KEEP
GSE203024,"""GSM6151077""",KEEP
GSE203024,"""GSM6151078""",KEEP
GSE203024,"""GSM6151079""",KEEP
GSE203024,"""GSM6151080""",KEEP
GSE203024,"""GSM6151081""",KEEP
GSE203024,"""GSM6151082""",KEEP
GSE203024,"""GSM6151083""",KEEP
GSE203024,"""GSM6151084""",KEEP
GSE203024,"""GSM6151085""",KEEP
GSE203024,"""GSM6151086""",KEEP
GSE203024,"""GSM6151087""",KEEP
GSE203024,"""GSM6151088""",KEEP
GSE203024,"""GSM6151089""",KEEP
GSE203024,"""GSM6151090""",KEEP
GSE203024,"""GSM6151091""",KEEP
GSE203024,"""GSM6151092""",KEEP
GSE203024,"""GSM6151093""",KEEP
GSE203024,"""GSM6151094""",KEEP
GSE203024,"""GSM6151095""",KEEP
GSE203024,"""GSM6151096""",KEEP
GSE203024,"""GSM6151097""",KEEP
GSE203024,"""GSM6151098""",KEEP
GSE203024,"""GSM6151099""",KEEP
GSE203024,"""GSM6151100""",KEEP
GSE203024,"""GSM6151101""",KEEP
GSE203024,"""GSM6151102""",KEEP
GSE203024,"""GSM6151103""",KEEP
GSE203024,"""GSM6151104""",KEEP
GSE203024,"""GSM6151105""",KEEP
GSE203024,"""GSM6151106""",KEEP
GSE203024,"""GSM6151107""",KEEP
GSE203024,"""GSM6151108""",KEEP
GSE203024,"""GSM6151109""",KEEP
GSE203024,"""GSM6151110""",KEEP
GSE203024,"""GSM6151111""",KEEP
GSE203024,"""GSM6151112""",KEEP
GSE203024,"""GSM6151113""",KEEP
GSE203024,"""GSM6151114""",KEEP
GSE203024,"""GSM6151115""",KEEP
GSE203024,"""GSM6151116""",KEEP
GSE203024,"""GSM6151117""",KEEP
GSE203024,"""GSM6151118""",KEEP
GSE203024,"""GSM6151119""",KEEP
GSE203024,"""GSM6151120""",KEEP
GSE203024,"""GSM6151121""",KEEP
GSE203024,"""GSM6151122""",KEEP
GSE203024,"""GSM6151123""",KEEP
GSE203024,"""GSM6151124""",KEEP
GSE203024,"""GSM6151125""",KEEP
GSE203024,"""GSM6151126""",KEEP
GSE203024,"""GSM6151127""",KEEP
GSE203024,"""GSM6151128""",KEEP
GSE203024,"""GSM6151129""",KEEP
GSE203024,"""GSM6151130""",KEEP
GSE203024,"""GSM6151131""",KEEP
GSE203024,"""GSM6151132""",KEEP
GSE203024,"""GSM6151133""",KEEP
GSE203024,"""GSM6151134""",KEEP
GSE203024,"""GSM6151135""",KEEP
GSE203024,"""GSM6151136""",KEEP
GSE203024,"""GSM6151137""",KEEP
GSE203024,"""GSM6151138""",KEEP
GSE203024,"""GSM6151139""",KEEP
GSE203024,"""GSM6151140""",KEEP
GSE203024,"""GSM6151141""",KEEP
GSE203024,"""GSM6151142""",KEEP
GSE203024,"""GSM6151143""",KEEP
GSE203024,"""GSM6151144""",KEEP
GSE203024,"""GSM6151145""",KEEP
GSE203024,"""GSM6151146""",KEEP
GSE203024,"""GSM6151147""",KEEP
GSE203024,"""GSM6151148""",KEEP
GSE203024,"""GSM6151149""",KEEP
GSE203024,"""GSM6151150""",KEEP
GSE203024,"""GSM6151151""",KEEP
GSE203024,"""GSM6151152""",KEEP
GSE203024,"""GSM6151153""",KEEP
GSE203024,"""GSM6151154""",KEEP
GSE203024,"""GSM6151155""",KEEP
GSE203024,"""GSM6151156""",KEEP
GSE203024,"""GSM6151157""",KEEP
GSE203024,"""GSM6151158""",KEEP
GSE203024,"""GSM6151159""",KEEP
GSE203024,"""GSM6151160""",KEEP
GSE203024,"""GSM6151161""",KEEP
GSE203024,"""GSM6151162""",KEEP
GSE203024,"""GSM6151163""",KEEP
GSE203024,"""GSM6151164""",KEEP
GSE203024,"""GSM6151165""",KEEP
GSE203024,"""GSM6151166""",KEEP
GSE203024,"""GSM6151167""",KEEP
GSE203024,"""GSM6151168""",KEEP
GSE203024,"""GSM6151169""",KEEP
GSE203024,"""GSM6151170""",KEEP
GSE203024,"""GSM6151171""",KEEP
GSE203024,"""GSM6151172""",KEEP
GSE203024,"""GSM6151173""",KEEP
GSE203024,"""GSM6151174""",KEEP
GSE203024,"""GSM6151175""",KEEP
GSE203024,"""GSM6151176""",KEEP
GSE203024,"""GSM6151177""",KEEP
GSE203024,"""GSM6151178""",KEEP
GSE203024,"""GSM6151179""",KEEP
GSE203024,"""GSM6151180""",KEEP
GSE203024,"""GSM6151181""",KEEP
GSE203024,"""GSM6151182""",KEEP
GSE203024,"""GSM6151183""",KEEP
GSE203024,"""GSM6151184""",KEEP
GSE203024,"""GSM6151185""",KEEP
GSE203024,"""GSM6151186""",KEEP
GSE203024,"""GSM6151187""",KEEP
GSE203024,"""GSM6151188""",KEEP
GSE203024,"""GSM6151189""",KEEP
GSE203024,"""GSM6151190""",KEEP
GSE203024,"""GSM6151191""",KEEP
GSE203024,"""GSM6151192""",KEEP
GSE203024,"""GSM6151193""",KEEP
GSE203024,"""GSM6151194""",KEEP
GSE203024,"""GSM6151195""",KEEP
GSE203024,"""GSM6151196""",KEEP
GSE203024,"""GSM6151197""",KEEP
GSE203024,"""GSM6151198""",KEEP
GSE203024,"""GSM6151199""",KEEP
GSE203024,"""GSM6151200""",KEEP
GSE203024,"""GSM6151201""",KEEP
GSE203024,"""GSM6151202""",KEEP
GSE203024,"""GSM6151203""",KEEP
GSE203024,"""GSM6151204""",KEEP
GSE203024,"""GSM6151205""",KEEP
GSE203024,"""GSM6151206""",KEEP
GSE203024,"""GSM6151207""",KEEP
GSE203024,"""GSM6151208""",KEEP
GSE203024,"""GSM6151209""",KEEP
GSE203024,"""GSM6151210""",KEEP
GSE203024,"""GSM6151211""",KEEP
GSE203024,"""GSM6151212""",KEEP
GSE203024,"""GSM6151213""",KEEP
GSE203024,"""GSM6151214""",KEEP
GSE203024,"""GSM6151215""",KEEP
GSE203024,"""GSM6151216""",KEEP
GSE203024,"""GSM6151217""",KEEP
GSE203024,"""GSM6151218""",KEEP
GSE203024,"""GSM6151219""",KEEP
GSE203024,"""GSM6151220""",KEEP
GSE203024,"""GSM6151221""",KEEP
GSE203024,"""GSM6151222""",KEEP
GSE203024,"""GSM6151223""",KEEP
GSE203024,"""GSM6151224""",KEEP
GSE203024,"""GSM6151225""",KEEP
GSE203024,"""GSM6151226""",KEEP
GSE203024,"""GSM6151227""",KEEP
GSE203024,"""GSM6151228""",KEEP
GSE203024,"""GSM6151229""",KEEP
GSE203024,"""GSM6151230""",KEEP
GSE203024,"""GSM6151231""",KEEP
GSE203024,"""GSM6151232""",KEEP
GSE203024,"""GSM6151233""",KEEP
GSE203024,"""GSM6151234""",KEEP
GSE203024,"""GSM6151235""",KEEP
GSE203024,"""GSM6151236""",KEEP
GSE203024,"""GSM6151237""",KEEP
GSE203024,"""GSM6151238""",KEEP
GSE203024,"""GSM6151239""",KEEP
GSE203024,"""GSM6151240""",KEEP
GSE203024,"""GSM6151241""",KEEP
GSE203024,"""GSM6151242""",KEEP
GSE203024,"""GSM6151243""",KEEP
GSE203024,"""GSM6151244""",KEEP
GSE203024,"""GSM6151245""",KEEP
GSE203024,"""GSM6151246""",KEEP
GSE203024,"""GSM6151247""",KEEP
GSE203024,"""GSM6151248""",KEEP
GSE203024,"""GSM6151249""",KEEP
GSE203024,"""GSM6151250""",KEEP
GSE203024,"""GSM6151251""",KEEP
GSE203024,"""GSM6151252""",KEEP
GSE203024,"""GSM6151253""",KEEP
GSE203024,"""GSM6151254""",KEEP
GSE203024,"""GSM6151255""",KEEP
GSE203024,"""GSM6151256""",KEEP
GSE203024,"""GSM6151257""",KEEP
GSE203024,"""GSM6151258""",KEEP
GSE203024,"""GSM6151259""",KEEP
GSE203024,"""GSM6151260""",KEEP
GSE203024,"""GSM6151261""",KEEP
GSE203024,"""GSM6151262""",KEEP
GSE203024,"""GSM6151263""",KEEP
GSE203024,"""GSM6151264""",KEEP
GSE203024,"""GSM6151265""",KEEP
GSE203024,"""GSM6151266""",KEEP
GSE203024,"""GSM6151267""",KEEP
GSE203024,"""GSM6151268""",KEEP
GSE203024,"""GSM6151269""",KEEP
GSE203024,"""GSM6151270""",KEEP
GSE203024,"""GSM6151271""",KEEP
GSE203024,"""GSM6151272""",KEEP
GSE203024,"""GSM6151273""",KEEP
GSE203024,"""GSM6151274""",KEEP
GSE203024,"""GSM6151275""",KEEP
GSE203024,"""GSM6151276""",KEEP
GSE203024,"""GSM6151277""",KEEP
GSE203024,"""GSM6151278""",KEEP
GSE203024,"""GSM6151279""",KEEP
GSE203024,"""GSM6151280""",KEEP
GSE203024,"""GSM6151281""",KEEP
GSE203024,"""GSM6151282""",KEEP
GSE203024,"""GSM6151283""",KEEP
GSE203024,"""GSM6151284""",KEEP
GSE203024,"""GSM6151285""",KEEP
GSE203024,"""GSM6151286""",KEEP
GSE203024,"""GSM6151287""",KEEP
GSE203024,"""GSM6151288""",KEEP
GSE203024,"""GSM6151289""",KEEP
GSE203024,"""GSM6151290""",KEEP
GSE203024,"""GSM6151291""",KEEP
GSE203024,"""GSM6151292""",KEEP
GSE203024,"""GSM6151293""",KEEP
GSE203024,"""GSM6151294""",KEEP
GSE203024,"""GSM6151295""",KEEP
GSE203024,"""GSM6151296""",KEEP
GSE203024,"""GSM6151297""",KEEP
GSE203024,"""GSM6151298""",KEEP
GSE203024,"""GSM6151299""",KEEP
GSE203024,"""GSM6151300""",KEEP
GSE203024,"""GSM6151301""",KEEP
GSE203024,"""GSM6151302""",KEEP
GSE203024,"""GSM6151303""",KEEP
GSE203024,"""GSM6151304""",KEEP
GSE203024,"""GSM6151305""",KEEP
GSE203024,"""GSM6151306""",KEEP
GSE203024,"""GSM6151307""",KEEP
GSE203024,"""GSM6151308""",KEEP
GSE203024,"""GSM6151309""",KEEP
GSE203024,"""GSM6151310""",KEEP
GSE203024,"""GSM6151311""",KEEP
GSE203024,"""GSM6151312""",KEEP
GSE203024,"""GSM6151313""",KEEP
GSE203024,"""GSM6151314""",KEEP
GSE203024,"""GSM6151315""",KEEP
GSE203024,"""GSM6151316""",KEEP
GSE203024,"""GSM6151317""",KEEP
GSE203024,"""GSM6151318""",KEEP
GSE203024,"""GSM6151319""",KEEP
GSE203024,"""GSM6151320""",KEEP
GSE203024,"""GSM6151321""",KEEP
GSE203024,"""GSM6151322""",KEEP
GSE203024,"""GSM6151323""",KEEP
GSE203024,"""GSM6151324""",KEEP
GSE203024,"""GSM6151325""",KEEP
GSE203024,"""GSM6151326""",KEEP
GSE203024,"""GSM6151327""",KEEP
GSE203024,"""GSM6151328""",KEEP
GSE203024,"""GSM6151329""",KEEP
GSE203024,"""GSM6151330""",KEEP
GSE203024,"""GSM6151331""",KEEP
GSE203024,"""GSM6151332""",KEEP
GSE203024,"""GSM6151333""",KEEP
GSE203024,"""GSM6151334""",KEEP
GSE203024,"""GSM6151335""",KEEP
GSE203024,"""GSM6151336""",KEEP
GSE203024,"""GSM6151337""",KEEP
GSE203024,"""GSM6151338""",KEEP
GSE203024,"""GSM6151339""",KEEP
GSE203024,"""GSM6151340""",KEEP
GSE203024,"""GSM6151341""",KEEP
GSE203024,"""GSM6151342""",KEEP
GSE203024,"""GSM6151343""",KEEP
GSE203024,"""GSM6151344""",KEEP
GSE203024,"""GSM6151345""",KEEP
GSE203024,"""GSM6151346""",KEEP
GSE203024,"""GSM6151347""",KEEP
GSE203024,"""GSM6151348""",KEEP
GSE203024,"""GSM6151349""",KEEP
GSE203024,"""GSM6151350""",KEEP
GSE203024,"""GSM6151351""",KEEP
GSE203024,"""GSM6151352""",KEEP
GSE203024,"""GSM6151353""",KEEP
GSE203024,"""GSM6151354""",KEEP
GSE203024,"""GSM6151355""",KEEP
GSE203024,"""GSM6151356""",KEEP
GSE203024,"""GSM6151357""",KEEP
GSE203024,"""GSM6151358""",KEEP
GSE203024,"""GSM6151359""",KEEP
GSE203024,"""GSM6151360""",KEEP
GSE203024,"""GSM6151361""",KEEP
GSE203024,"""GSM6151362""",KEEP
GSE203024,"""GSM6151363""",KEEP
GSE203024,"""GSM6151364""",KEEP
GSE203024,"""GSM6151365""",KEEP
GSE203024,"""GSM6151366""",KEEP
GSE203024,"""GSM6151367""",KEEP
GSE203024,"""GSM6151368""",KEEP
GSE203024,"""GSM6151369""",KEEP
GSE203024,"""GSM6151370""",KEEP
GSE203024,"""GSM6151371""",KEEP
GSE203024,"""GSM6151372""",KEEP
GSE203024,"""GSM6151373""",KEEP
GSE203024,"""GSM6151374""",KEEP
GSE203024,"""GSM6151375""",KEEP
GSE203024,"""GSM6151376""",KEEP
GSE203024,"""GSM6151377""",KEEP
GSE203024,"""GSM6151378""",KEEP
GSE203024,"""GSM6151379""",KEEP
GSE203024,"""GSM6151380""",KEEP
GSE203024,"""GSM6151381""",KEEP
GSE203024,"""GSM6151382""",KEEP
GSE203024,"""GSM6151383""",KEEP
GSE203024,"""GSM6151384""",KEEP
GSE203024,"""GSM6151385""",KEEP
GSE203024,"""GSM6151386""",KEEP
GSE203024,"""GSM6151387""",KEEP
GSE203024,"""GSM6151388""",KEEP
GSE203024,"""GSM6151389""",KEEP
GSE203024,"""GSM6151390""",KEEP
GSE203024,"""GSM6151391""",KEEP
GSE203024,"""GSM6151392""",KEEP
GSE203024,"""GSM6151393""",KEEP
GSE203024,"""GSM6151394""",KEEP
GSE203024,"""GSM6151395""",KEEP
GSE203024,"""GSM6151396""",KEEP
GSE203024,"""GSM6151397""",KEEP
GSE203024,"""GSM6151398""",KEEP
GSE203024,"""GSM6151399""",KEEP
GSE203024,"""GSM6151400""",KEEP
GSE203024,"""GSM6151401""",KEEP
GSE203024,"""GSM6151402""",KEEP
GSE203024,"""GSM6151403""",KEEP
GSE203024,"""GSM6151404""",KEEP
GSE203024,"""GSM6151405""",KEEP
GSE203024,"""GSM6151406""",KEEP
GSE203024,"""GSM6151407""",KEEP
GSE203024,"""GSM6151408""",KEEP
GSE203024,"""GSM6151409""",KEEP
GSE203024,"""GSM6151410""",KEEP
GSE203024,"""GSM6151411""",KEEP
GSE203024,"""GSM6151412""",KEEP
GSE203024,"""GSM6151413""",KEEP
GSE203024,"""GSM6151414""",KEEP
GSE203024,"""GSM6151415""",KEEP
GSE203024,"""GSM6151416""",KEEP
GSE203024,"""GSM6151417""",KEEP
GSE203024,"""GSM6151418""",KEEP
GSE203024,"""GSM6151419""",KEEP
GSE203024,"""GSM6151420""",KEEP
GSE203024,"""GSM6151421""",KEEP
GSE203024,"""GSM6151422""",KEEP
GSE203024,"""GSM6151423""",KEEP
GSE203024,"""GSM6151424""",KEEP
GSE203024,"""GSM6151425""",KEEP
GSE203024,"""GSM6151426""",KEEP
GSE203024,"""GSM6151427""",KEEP
GSE203024,"""GSM6151428""",KEEP
GSE203024,"""GSM6151429""",KEEP
GSE203024,"""GSM6151430""",KEEP
GSE203024,"""GSM6151431""",KEEP
GSE203024,"""GSM6151432""",KEEP
GSE203024,"""GSM6151433""",KEEP
GSE203024,"""GSM6151434""",KEEP
GSE203024,"""GSM6151435""",KEEP
GSE203024,"""GSM6151436""",KEEP
GSE203024,"""GSM6151437""",KEEP
GSE203024,"""GSM6151438""",KEEP
GSE203024,"""GSM6151439""",KEEP
GSE203024,"""GSM6151440""",KEEP
GSE203024,"""GSM6151441""",KEEP
GSE203024,"""GSM6151442""",KEEP
GSE203024,"""GSM6151443""",KEEP
GSE203024,"""GSM6151444""",KEEP
GSE203024,"""GSM6151445""",KEEP
GSE203024,"""GSM6151446""",KEEP
GSE203024,"""GSM6151447""",KEEP
GSE203024,"""GSM6151448""",KEEP
GSE203024,"""GSM6151449""",KEEP
GSE203024,"""GSM6151450""",KEEP
GSE203024,"""GSM6151451""",KEEP
GSE203024,"""GSM6151452""",KEEP
GSE203024,"""GSM6151453""",KEEP
GSE203024,"""GSM6151454""",KEEP
GSE203024,"""GSM6151455""",KEEP
GSE203024,"""GSM6151456""",KEEP
GSE203024,"""GSM6151457""",KEEP
GSE203024,"""GSM6151458""",KEEP
GSE203024,"""GSM6151459""",KEEP
GSE203024,"""GSM6151460""",KEEP
GSE203024,"""GSM6151461""",KEEP
GSE203024,"""GSM6151462""",KEEP
GSE203024,"""GSM6151463""",KEEP
GSE203024,"""GSM6151464""",KEEP
GSE203024,"""GSM6151465""",KEEP
GSE203024,"""GSM6151466""",KEEP
GSE203024,"""GSM6151467""",KEEP
GSE203024,"""GSM6151468""",KEEP
GSE203024,"""GSM6151469""",KEEP
GSE203024,"""GSM6151470""",KEEP
GSE203024,"""GSM6151471""",KEEP
GSE203024,"""GSM6151472""",KEEP
GSE203024,"""GSM6151473""",KEEP
GSE203024,"""GSM6151474""",KEEP
GSE203024,"""GSM6151475""",KEEP
GSE203024,"""GSM6151476""",KEEP
GSE203024,"""GSM6151477""",KEEP
GSE203024,"""GSM6151478""",KEEP
GSE203024,"""GSM6151479""",KEEP
GSE203024,"""GSM6151480""",KEEP
GSE203024,"""GSM6151481""",KEEP
GSE203024,"""GSM6151482""",KEEP
GSE203024,"""GSM6151483""",KEEP
GSE203024,"""GSM6151484""",KEEP
GSE203024,"""GSM6151485""",KEEP
GSE203024,"""GSM6151486""",KEEP
GSE203024,"""GSM6151487""",KEEP
GSE203024,"""GSM6151488""",KEEP
GSE203024,"""GSM6151489""",KEEP
GSE203024,"""GSM6151490""",KEEP
GSE203024,"""GSM6151491""",KEEP
GSE203024,"""GSM6151492""",KEEP
GSE203024,"""GSM6151493""",KEEP
GSE203024,"""GSM6151494""",KEEP
GSE203024,"""GSM6151495""",KEEP
GSE203024,"""GSM6151496""",KEEP
GSE203024,"""GSM6151497""",KEEP
GSE203024,"""GSM6151498""",KEEP
GSE203024,"""GSM6151499""",KEEP
GSE203024,"""GSM6151500""",KEEP
GSE203024,"""GSM6151501""",KEEP
GSE203024,"""GSM6151502""",KEEP
GSE203024,"""GSM6151503""",KEEP
GSE203024,"""GSM6151504""",KEEP
GSE203024,"""GSM6151505""",KEEP
GSE203024,"""GSM6151506""",KEEP
GSE203024,"""GSM6151507""",KEEP
GSE203024,"""GSM6151508""",KEEP
GSE203024,"""GSM6151509""",KEEP
GSE203024,"""GSM6151510""",KEEP
GSE203024,"""GSM6151511""",KEEP
GSE203024,"""GSM6151512""",KEEP
GSE203024,"""GSM6151513""",KEEP
GSE203024,"""GSM6151514""",KEEP
GSE203024,"""GSM6151515""",KEEP
GSE203024,"""GSM6151516""",KEEP
GSE203024,"""GSM6151517""",KEEP
GSE203024,"""GSM6151518""",KEEP
GSE203024,"""GSM6151519""",KEEP
GSE203024,"""GSM6151520""",KEEP
GSE203024,"""GSM6151521""",KEEP
GSE203024,"""GSM6151522""",KEEP
GSE203024,"""GSM6151523""",KEEP
GSE203024,"""GSM6151524""",KEEP
GSE203024,"""GSM6151525""",KEEP
GSE203024,"""GSM6151526""",KEEP
GSE203024,"""GSM6151527""",KEEP
GSE203024,"""GSM6151528""",KEEP
GSE203024,"""GSM6151529""",KEEP
GSE203024,"""GSM6151530""",KEEP
GSE203024,"""GSM6151531""",KEEP
GSE203024,"""GSM6151532""",KEEP
GSE203024,"""GSM6151533""",KEEP
GSE203024,"""GSM6151534""",KEEP
GSE203024,"""GSM6151535""",KEEP
GSE203024,"""GSM6151536""",KEEP
GSE203024,"""GSM6151537""",KEEP
GSE203024,"""GSM6151538""",KEEP
GSE203024,"""GSM6151539""",KEEP
GSE203024,"""GSM6151540""",KEEP
GSE203024,"""GSM6151541""",KEEP
GSE203024,"""GSM6151542""",KEEP
GSE203024,"""GSM6151543""",KEEP
GSE203024,"""GSM6151544""",KEEP
GSE203024,"""GSM6151545""",KEEP
GSE203024,"""GSM6151546""",KEEP
GSE203024,"""GSM6151547""",KEEP
GSE203024,"""GSM6151548""",KEEP
GSE203024,"""GSM6151549""",KEEP
GSE203024,"""GSM6151550""",KEEP
GSE203024,"""GSM6151551""",KEEP
GSE203024,"""GSM6151552""",KEEP
GSE203024,"""GSM6151553""",KEEP
GSE203024,"""GSM6151554""",KEEP
GSE203024,"""GSM6151555""",KEEP
GSE203024,"""GSM6151556""",KEEP
GSE203024,"""GSM6151557""",KEEP
GSE203024,"""GSM6151558""",KEEP
GSE203024,"""GSM6151559""",KEEP
GSE203024,"""GSM6151560""",KEEP
GSE203024,"""GSM6151561""",KEEP
GSE203024,"""GSM6151562""",KEEP
GSE203024,"""GSM6151563""",KEEP
GSE203024,"""GSM6151564""",KEEP
GSE203024,"""GSM6151565""",KEEP
GSE203024,"""GSM6151566""",KEEP
GSE203024,"""GSM6151567""",KEEP
GSE203024,"""GSM6151568""",KEEP
GSE203024,"""GSM6151569""",KEEP
GSE203024,"""GSM6151570""",KEEP
GSE203024,"""GSM6151571""",KEEP
GSE203024,"""GSM6151572""",KEEP
GSE203024,"""GSM6151573""",KEEP
GSE203024,"""GSM6151574""",KEEP
GSE203024,"""GSM6151575""",KEEP
GSE203024,"""GSM6151576""",KEEP
GSE203024,"""GSM6151577""",KEEP
GSE203024,"""GSM6151578""",KEEP
GSE203024,"""GSM6151579""",KEEP
GSE203024,"""GSM6151580""",KEEP
GSE203024,"""GSM6151581""",KEEP
GSE203024,"""GSM6151582""",KEEP
GSE203024,"""GSM6151583""",KEEP
GSE203024,"""GSM6151584""",KEEP
GSE203024,"""GSM6151585""",KEEP
GSE203024,"""GSM6151586""",KEEP
GSE203024,"""GSM6151587""",KEEP
GSE203024,"""GSM6151588""",KEEP
GSE203024,"""GSM6151589""",KEEP
GSE203024,"""GSM6151590""",KEEP
GSE203024,"""GSM6151591""",KEEP
GSE203024,"""GSM6151592""",KEEP
GSE203024,"""GSM6151593""",KEEP
GSE203024,"""GSM6151594""",KEEP
GSE203024,"""GSM6151595""",KEEP
GSE203024,"""GSM6151596""",KEEP
GSE203024,"""GSM6151597""",KEEP
GSE203024,"""GSM6151598""",KEEP
GSE203024,"""GSM6151599""",KEEP
GSE203024,"""GSM6151600""",KEEP
GSE203024,"""GSM6151601""",KEEP
GSE203024,"""GSM6151602""",KEEP
GSE203024,"""GSM6151603""",KEEP
GSE203024,"""GSM6151604""",KEEP
GSE203024,"""GSM6151605""",KEEP
GSE203024,"""GSM6151606""",KEEP
GSE203024,"""GSM6151607""",KEEP
GSE203024,"""GSM6151608""",KEEP
GSE203024,"""GSM6151609""",KEEP
GSE203024,"""GSM6151610""",KEEP
GSE203024,"""GSM6151611""",KEEP
GSE203024,"""GSM6151612""",KEEP
GSE203024,"""GSM6151613""",KEEP
GSE203024,"""GSM6151614""",KEEP
GSE203024,"""GSM6151615""",KEEP
GSE203024,"""GSM6151616""",KEEP
GSE203024,"""GSM6151617""",KEEP
GSE203024,"""GSM6151618""",KEEP
GSE203024,"""GSM6151619""",KEEP
GSE203024,"""GSM6151620""",KEEP
GSE203024,"""GSM6151621""",KEEP
GSE203024,"""GSM6151622""",KEEP
GSE203024,"""GSM6151623""",KEEP
GSE203024,"""GSM6151624""",KEEP
GSE203024,"""GSM6151625""",KEEP
GSE203024,"""GSM6151626""",KEEP
GSE203024,"""GSM6151627""",KEEP
GSE203024,"""GSM6151628""",KEEP
GSE203024,"""GSM6151629""",KEEP
GSE203024,"""GSM6151630""",KEEP
GSE203024,"""GSM6151631""",KEEP
GSE203024,"""GSM6151632""",KEEP
GSE203024,"""GSM6151633""",KEEP
GSE203024,"""GSM6151634""",KEEP
GSE203024,"""GSM6151635""",KEEP
GSE203024,"""GSM6151636""",KEEP
GSE203024,"""GSM6151637""",KEEP
GSE203024,"""GSM6151638""",KEEP
GSE203024,"""GSM6151639""",KEEP
GSE203024,"""GSM6151640""",KEEP
GSE203024,"""GSM6151641""",KEEP
GSE203024,"""GSM6151642""",KEEP
GSE203024,"""GSM6151643""",KEEP
GSE203024,"""GSM6151644""",KEEP
GSE203024,"""GSM6151645""",KEEP
GSE203024,"""GSM6151646""",KEEP
GSE203024,"""GSM6151647""",KEEP
GSE203024,"""GSM6151648""",KEEP
GSE203024,"""GSM6151649""",KEEP
GSE203024,"""GSM6151650""",KEEP
GSE203024,"""GSM6151651""",KEEP
GSE203024,"""GSM6151652""",KEEP
GSE203024,"""GSM6151653""",KEEP
GSE203024,"""GSM6151654""",KEEP
GSE203024,"""GSM6151655""",KEEP
GSE203024,"""GSM6151656""",KEEP
GSE203024,"""GSM6151657""",KEEP
GSE203024,"""GSM6151658""",KEEP
GSE203024,"""GSM6151659""",KEEP
GSE203024,"""GSM6151660""",KEEP
GSE203024,"""GSM6151661""",KEEP
GSE203024,"""GSM6151662""",KEEP
GSE203024,"""GSM6151663""",KEEP
GSE203024,"""GSM6151664""",KEEP
GSE203024,"""GSM6151665""",KEEP
GSE203024,"""GSM6151666""",KEEP
GSE203024,"""GSM6151667""",KEEP
GSE203024,"""GSM6151668""",KEEP
GSE203024,"""GSM6151669""",KEEP
GSE203024,"""GSM6151670""",KEEP
GSE203024,"""GSM6151671""",KEEP
GSE203024,"""GSM6151672""",KEEP
GSE203024,"""GSM6151673""",KEEP
GSE203024,"""GSM6151674""",KEEP
GSE203024,"""GSM6151675""",KEEP
GSE203024,"""GSM6151676""",KEEP
GSE203024,"""GSM6151677""",KEEP
GSE203024,"""GSM6151678""",KEEP
GSE203024,"""GSM6151679""",KEEP
GSE203024,"""GSM6151680""",KEEP
GSE203024,"""GSM6151681""",KEEP
GSE203024,"""GSM6151682""",KEEP
GSE203024,"""GSM6151683""",KEEP
GSE203024,"""GSM6151684""",KEEP
GSE203024,"""GSM6151685""",KEEP
GSE203024,"""GSM6151686""",KEEP
GSE203024,"""GSM6151687""",KEEP
GSE203024,"""GSM6151688""",KEEP
GSE203024,"""GSM6151689""",KEEP
GSE203024,"""GSM6151690""",KEEP
GSE203024,"""GSM6151691""",KEEP
GSE203024,"""GSM6151692""",KEEP
GSE203024,"""GSM6151693""",KEEP
GSE203024,"""GSM6151694""",KEEP
GSE203024,"""GSM6151695""",KEEP
GSE203024,"""GSM6151696""",KEEP
GSE203024,"""GSM6151697""",KEEP
GSE203024,"""GSM6151698""",KEEP
GSE203024,"""GSM6151699""",KEEP
GSE203024,"""GSM6151700""",KEEP
GSE203024,"""GSM6151701""",KEEP
GSE203024,"""GSM6151702""",KEEP
GSE203024,"""GSM6151703""",KEEP
GSE203024,"""GSM6151704""",KEEP
GSE203024,"""GSM6151705""",KEEP
GSE203024,"""GSM6151706""",KEEP
GSE203024,"""GSM6151707""",KEEP
GSE203024,"""GSM6151708""",KEEP
GSE203024,"""GSM6151709""",KEEP
GSE203024,"""GSM6151710""",KEEP
GSE203024,"""GSM6151711""",KEEP
GSE203024,"""GSM6151712""",KEEP
GSE203024,"""GSM6151713""",KEEP
GSE203024,"""GSM6151714""",KEEP
GSE203024,"""GSM6151715""",KEEP
GSE203024,"""GSM6151716""",KEEP
GSE203024,"""GSM6151717""",KEEP
GSE203024,"""GSM6151718""",KEEP
GSE203024,"""GSM6151719""",KEEP
GSE203024,"""GSM6151720""",KEEP
GSE203024,"""GSM6151721""",KEEP
GSE203024,"""GSM6151722""",KEEP
GSE203024,"""GSM6151723""",KEEP
GSE203024,"""GSM6151724""",KEEP
GSE203024,"""GSM6151725""",KEEP
GSE203024,"""GSM6151726""",KEEP
GSE203024,"""GSM6151727""",KEEP
GSE203024,"""GSM6151728""",KEEP
GSE203024,"""GSM6151729""",KEEP
GSE203024,"""GSM6151730""",KEEP
GSE203024,"""GSM6151731""",KEEP
GSE203024,"""GSM6151732""",KEEP
GSE203024,"""GSM6151733""",KEEP
GSE203024,"""GSM6151734""",KEEP
GSE203024,"""GSM6151735""",KEEP
GSE203024,"""GSM6151736""",KEEP
GSE203024,"""GSM6151737""",KEEP
GSE203024,"""GSM6151738""",KEEP
GSE203024,"""GSM6151739""",KEEP
GSE203024,"""GSM6151740""",KEEP
GSE203024,"""GSM6151741""",KEEP
GSE203024,"""GSM6151742""",KEEP
GSE203024,"""GSM6151743""",KEEP
GSE203024,"""GSM6151744""",KEEP
GSE203024,"""GSM6151745""",KEEP
GSE203024,"""GSM6151746""",KEEP
GSE203024,"""GSM6151747""",KEEP
GSE203024,"""GSM6151748""",KEEP
GSE203024,"""GSM6151749""",KEEP
GSE203024,"""GSM6151750""",KEEP
GSE203024,"""GSM6151751""",KEEP
GSE203024,"""GSM6151752""",KEEP
GSE203024,"""GSM6151753""",KEEP
GSE203024,"""GSM6151754""",KEEP
GSE203024,"""GSM6151755""",KEEP
GSE203024,"""GSM6151756""",KEEP
GSE203024,"""GSM6151757""",KEEP
GSE203024,"""GSM6151758""",KEEP
GSE203024,"""GSM6151759""",KEEP
GSE203024,"""GSM6151760""",KEEP
GSE203024,"""GSM6151761""",KEEP
GSE203024,"""GSM6151762""",KEEP
GSE203024,"""GSM6151763""",KEEP
GSE203024,"""GSM6151764""",KEEP
GSE203024,"""GSM6151765""",KEEP
GSE203024,"""GSM6151766""",KEEP
GSE203024,"""GSM6151767""",KEEP
GSE203024,"""GSM6151768""",KEEP
GSE203024,"""GSM6151769""",KEEP
GSE203024,"""GSM6151770""",KEEP
GSE203024,"""GSM6151771""",KEEP
GSE203024,"""GSM6151772""",KEEP
GSE203024,"""GSM6151773""",KEEP
GSE203024,"""GSM6151774""",KEEP
GSE203024,"""GSM6151775""",KEEP
GSE203024,"""GSM6151776""",KEEP
GSE203024,"""GSM6151777""",KEEP
GSE203024,"""GSM6151778""",KEEP
GSE203024,"""GSM6151779""",KEEP
GSE203024,"""GSM6151780""",KEEP
GSE203024,"""GSM6151781""",KEEP
GSE203024,"""GSM6151782""",KEEP
GSE203024,"""GSM6151783""",KEEP
GSE203024,"""GSM6151784""",KEEP
GSE203024,"""GSM6151785""",KEEP
GSE203024,"""GSM6151786""",KEEP
GSE203024,"""GSM6151787""",KEEP
GSE203024,"""GSM6151788""",KEEP
GSE203024,"""GSM6151789""",KEEP
GSE203024,"""GSM6151790""",KEEP
GSE203024,"""GSM6151791""",KEEP
GSE203024,"""GSM6151792""",KEEP
GSE203024,"""GSM6151793""",KEEP
GSE203024,"""GSM6151794""",KEEP
GSE203024,"""GSM6151795""",KEEP
GSE203024,"""GSM6151796""",KEEP
GSE203024,"""GSM6151797""",KEEP
GSE203024,"""GSM6151798""",KEEP
GSE203024,"""GSM6151799""",KEEP
GSE203024,"""GSM6151800""",KEEP
GSE203024,"""GSM6151801""",KEEP
GSE203024,"""GSM6151802""",KEEP
GSE203024,"""GSM6151803""",KEEP
GSE203024,"""GSM6151804""",KEEP
GSE203024,"""GSM6151805""",KEEP
GSE203024,"""GSM6151806""",KEEP
GSE203024,"""GSM6151807""",KEEP
GSE203024,"""GSM6151808""",KEEP
GSE203024,"""GSM6151809""",KEEP
GSE203024,"""GSM6151810""",KEEP
GSE203024,"""GSM6151811""",KEEP
GSE203024,"""GSM6151812""",KEEP
GSE203024,"""GSM6151813""",KEEP
GSE203024,"""GSM6151814""",KEEP
GSE203024,"""GSM6151815""",KEEP
GSE203024,"""GSM6151816""",KEEP
GSE203024,"""GSM6151817""",KEEP
GSE203024,"""GSM6151818""",KEEP
GSE203024,"""GSM6151819""",KEEP
GSE203024,"""GSM6151820""",KEEP
GSE203024,"""GSM6151821""",KEEP
GSE203024,"""GSM6151822""",KEEP
GSE203024,"""GSM6151823""",KEEP
GSE203024,"""GSM6151824""",KEEP
GSE203024,"""GSM6151825""",KEEP
GSE203024,"""GSM6151826""",KEEP
GSE203024,"""GSM6151827""",KEEP
GSE203024,"""GSM6151828""",KEEP
GSE203024,"""GSM6151829""",KEEP
GSE203024,"""GSM6151830""",KEEP
GSE203024,"""GSM6151831""",KEEP
GSE203024,"""GSM6151832""",KEEP
GSE203024,"""GSM6151833""",KEEP
GSE203024,"""GSM6151834""",KEEP
GSE203024,"""GSM6151835""",KEEP
GSE203024,"""GSM6151836""",KEEP
GSE203024,"""GSM6151837""",KEEP
GSE203024,"""GSM6151838""",KEEP
GSE203024,"""GSM6151839""",KEEP
GSE203024,"""GSM6151840""",KEEP
GSE203024,"""GSM6151841""",KEEP
GSE203024,"""GSM6151842""",KEEP
GSE203024,"""GSM6151843""",KEEP
GSE203024,"""GSM6151844""",KEEP
GSE203024,"""GSM6151845""",KEEP
GSE203024,"""GSM6151846""",KEEP
GSE203024,"""GSM6151847""",KEEP
GSE203024,"""GSM6151848""",KEEP
GSE203024,"""GSM6151849""",KEEP
GSE203024,"""GSM6151850""",KEEP
GSE203024,"""GSM6151851""",KEEP
GSE203024,"""GSM6151852""",KEEP
GSE203024,"""GSM6151853""",KEEP
GSE203024,"""GSM6151854""",KEEP
GSE203024,"""GSM6151855""",KEEP
GSE203024,"""GSM6151856""",KEEP
GSE203024,"""GSM6151857""",KEEP
GSE203024,"""GSM6151858""",KEEP
GSE203024,"""GSM6151859""",KEEP
GSE203024,"""GSM6151860""",KEEP
GSE203024,"""GSM6151861""",KEEP
GSE203024,"""GSM6151862""",KEEP
GSE203024,"""GSM6151863""",KEEP
GSE203024,"""GSM6151864""",KEEP
GSE203024,"""GSM6151865""",KEEP
GSE203024,"""GSM6151866""",KEEP
GSE203024,"""GSM6151867""",KEEP
GSE203024,"""GSM6151868""",KEEP
GSE203024,"""GSM6151869""",KEEP
GSE203024,"""GSM6151870""",KEEP
GSE203024,"""GSM6151871""",KEEP
GSE203024,"""GSM6151872""",KEEP
GSE203024,"""GSM6151873""",KEEP
GSE203024,"""GSM6151874""",KEEP
GSE203024,"""GSM6151875""",KEEP
GSE203024,"""GSM6151876""",KEEP
GSE203024,"""GSM6151877""",KEEP
GSE203024,"""GSM6151878""",KEEP
GSE203024,"""GSM6151879""",KEEP
GSE203024,"""GSM6151880""",KEEP
GSE203024,"""GSM6151881""",KEEP
GSE203024,"""GSM6151882""",KEEP
GSE203024,"""GSM6151883""",KEEP
GSE203024,"""GSM6151884""",KEEP
GSE203024,"""GSM6151885""",KEEP
GSE203024,"""GSM6151886""",KEEP
GSE203024,"""GSM6151887""",KEEP
GSE203024,"""GSM6151888""",KEEP
GSE203024,"""GSM6151889""",KEEP
GSE203024,"""GSM6151890""",KEEP
GSE203024,"""GSM6151891""",KEEP
GSE203024,"""GSM6151892""",KEEP
GSE203024,"""GSM6151893""",KEEP
GSE203024,"""GSM6151894""",KEEP
GSE203024,"""GSM6151895""",KEEP
GSE203024,"""GSM6151896""",KEEP
GSE203024,"""GSM6151897""",KEEP
GSE203024,"""GSM6151898""",KEEP
GSE203024,"""GSM6151899""",KEEP
GSE203024,"""GSM6151900""",KEEP
GSE203024,"""GSM6151901""",KEEP
GSE203024,"""GSM6151902""",KEEP
GSE203024,"""GSM6151903""",KEEP
GSE203024,"""GSM6151904""",KEEP
GSE203024,"""GSM6151905""",KEEP
GSE203024,"""GSM6151906""",KEEP
GSE203024,"""GSM6151907""",KEEP
GSE203024,"""GSM6151908""",KEEP
GSE203024,"""GSM6151909""",KEEP
GSE203024,"""GSM6151910""",KEEP
GSE203024,"""GSM6151911""",KEEP
GSE203024,"""GSM6151912""",KEEP
GSE203024,"""GSM6151913""",KEEP
GSE203024,"""GSM6151914""",KEEP
GSE203024,"""GSM6151915""",KEEP
GSE203024,"""GSM6151916""",KEEP
GSE203024,"""GSM6151917""",KEEP
GSE203024,"""GSM6151918""",KEEP
GSE203024,"""GSM6151919""",KEEP
GSE203024,"""GSM6151920""",KEEP
GSE203024,"""GSM6151921""",KEEP
GSE203024,"""GSM6151922""",KEEP
GSE203024,"""GSM6151923""",KEEP
GSE203024,"""GSM6151924""",KEEP
GSE203024,"""GSM6151925""",KEEP
GSE203024,"""GSM6151926""",KEEP
GSE203024,"""GSM6151927""",KEEP
GSE203024,"""GSM6151928""",KEEP
GSE203024,"""GSM6151929""",KEEP
GSE203024,"""GSM6151930""",KEEP
GSE203024,"""GSM6151931""",KEEP
GSE203024,"""GSM6151932""",KEEP
GSE203024,"""GSM6151933""",KEEP
GSE203024,"""GSM6151934""",KEEP
GSE203024,"""GSM6151935""",KEEP
GSE203024,"""GSM6151936""",KEEP
GSE203024,"""GSM6151937""",KEEP
GSE203024,"""GSM6151938""",KEEP
GSE203024,"""GSM6151939""",KEEP
GSE203024,"""GSM6151940""",KEEP
GSE203024,"""GSM6151941""",KEEP
GSE203024,"""GSM6151942""",KEEP
GSE203024,"""GSM6151943""",KEEP
GSE203024,"""GSM6151944""",KEEP
GSE203024,"""GSM6151945""",KEEP
GSE203024,"""GSM6151946""",KEEP
GSE203024,"""GSM6151947""",KEEP
GSE203024,"""GSM6151948""",KEEP
GSE203024,"""GSM6151949""",KEEP
GSE203024,"""GSM6151950""",KEEP
GSE203024,"""GSM6151951""",KEEP
GSE203024,"""GSM6151952""",KEEP
GSE203024,"""GSM6151953""",KEEP
GSE203024,"""GSM6151954""",KEEP
GSE203024,"""GSM6151955""",KEEP
GSE203024,"""GSM6151956""",KEEP
GSE203024,"""GSM6151957""",KEEP
GSE203024,"""GSM6151958""",KEEP
GSE203024,"""GSM6151959""",KEEP
GSE203024,"""GSM6151960""",KEEP
GSE203024,"""GSM6151961""",KEEP
GSE203024,"""GSM6151962""",KEEP
GSE203024,"""GSM6151963""",KEEP
GSE203024,"""GSM6151964""",KEEP
GSE203024,"""GSM6151965""",KEEP
GSE203024,"""GSM6151966""",KEEP
GSE203024,"""GSM6151967""",KEEP
GSE203024,"""GSM6151968""",KEEP
GSE203024,"""GSM6151969""",KEEP
GSE203024,"""GSM6151970""",KEEP
GSE203024,"""GSM6151971""",KEEP
GSE203024,"""GSM6151972""",KEEP
GSE203024,"""GSM6151973""",KEEP
GSE203024,"""GSM6151974""",KEEP
GSE203024,"""GSM6151975""",KEEP
GSE203024,"""GSM6151976""",KEEP
GSE203024,"""GSM6151977""",KEEP
GSE203024,"""GSM6151978""",KEEP
GSE203024,"""GSM6151979""",KEEP
GSE203024,"""GSM6151980""",KEEP
GSE203024,"""GSM6151981""",KEEP
GSE203024,"""GSM6151982""",KEEP
GSE203024,"""GSM6151983""",KEEP
GSE203024,"""GSM6151984""",KEEP
GSE203024,"""GSM6151985""",KEEP
GSE203024,"""GSM6151986""",KEEP
GSE203024,"""GSM6151987""",KEEP
GSE203024,"""GSM6151988""",KEEP
GSE203024,"""GSM6151989""",KEEP
GSE203024,"""GSM6151990""",KEEP
GSE203024,"""GSM6151991""",KEEP
GSE203024,"""GSM6151992""",KEEP
GSE203024,"""GSM6151993""",KEEP
GSE203024,"""GSM6151994""",KEEP
GSE203024,"""GSM6151995""",KEEP
GSE203024,"""GSM6151996""",KEEP
GSE203024,"""GSM6151997""",KEEP
GSE203024,"""GSM6151998""",KEEP
GSE203024,"""GSM6151999""",KEEP
GSE203024,"""GSM6152000""",KEEP
GSE203024,"""GSM6152001""",KEEP
GSE203024,"""GSM6152002""",KEEP
GSE203024,"""GSM6152003""",KEEP
GSE203024,"""GSM6152004""",KEEP
GSE203024,"""GSM6152005""",KEEP
GSE203024,"""GSM6152006""",KEEP
GSE203024,"""GSM6152007""",KEEP
GSE203024,"""GSM6152008""",KEEP
GSE203024,"""GSM6152009""",KEEP
GSE203024,"""GSM6152010""",KEEP
GSE203024,"""GSM6152011""",KEEP
GSE203024,"""GSM6152012""",KEEP
GSE203024,"""GSM6152013""",KEEP
GSE203024,"""GSM6152014""",KEEP
GSE203024,"""GSM6152015""",KEEP
GSE203024,"""GSM6152016""",KEEP
GSE203024,"""GSM6152017""",KEEP
GSE203024,"""GSM6152018""",KEEP
GSE203024,"""GSM6152019""",KEEP
GSE203024,"""GSM6152020""",KEEP
GSE203024,"""GSM6152021""",KEEP
GSE203024,"""GSM6152022""",KEEP
GSE203024,"""GSM6152023""",KEEP
GSE203024,"""GSM6152024""",KEEP
GSE203024,"""GSM6152025""",KEEP
GSE203024,"""GSM6152026""",KEEP
GSE203024,"""GSM6152027""",KEEP
GSE203024,"""GSM6152028""",KEEP
GSE203024,"""GSM6152029""",KEEP
GSE203024,"""GSM6152030""",KEEP
GSE203024,"""GSM6152031""",KEEP
GSE203024,"""GSM6152032""",KEEP
GSE203024,"""GSM6152033""",KEEP
GSE203024,"""GSM6152034""",KEEP
GSE203024,"""GSM6152035""",KEEP
GSE203024,"""GSM6152036""",KEEP
GSE203024,"""GSM6152037""",KEEP
GSE203024,"""GSM6152038""",KEEP
GSE203024,"""GSM6152039""",KEEP
GSE203024,"""GSM6152040""",KEEP
GSE203024,"""GSM6152041""",KEEP
GSE203024,"""GSM6152042""",KEEP
GSE203024,"""GSM6152043""",KEEP
GSE203024,"""GSM6152044""",KEEP
GSE203024,"""GSM6152045""",KEEP
GSE203024,"""GSM6152046""",KEEP
GSE203024,"""GSM6152047""",KEEP
GSE203024,"""GSM6152048""",KEEP
GSE203024,"""GSM6152049""",KEEP
GSE203024,"""GSM6152050""",KEEP
GSE203024,"""GSM6152051""",KEEP
GSE203024,"""GSM6152052""",KEEP
GSE203024,"""GSM6152053""",KEEP
GSE203024,"""GSM6152054""",KEEP
GSE203024,"""GSM6152055""",KEEP
GSE203024,"""GSM6152056""",KEEP
GSE203024,"""GSM6152057""",KEEP
GSE203024,"""GSM6152058""",KEEP
GSE203024,"""GSM6152059""",KEEP
GSE203024,"""GSM6152060""",KEEP
GSE203024,"""GSM6152061""",KEEP
GSE203024,"""GSM6152062""",KEEP
GSE203024,"""GSM6152063""",KEEP
GSE203024,"""GSM6152064""",KEEP
GSE203024,"""GSM6152065""",KEEP
GSE203024,"""GSM6152066""",KEEP
GSE203024,"""GSM6152067""",KEEP
GSE203024,"""GSM6152068""",KEEP
GSE203024,"""GSM6152069""",KEEP
GSE203024,"""GSM6152070""",KEEP
GSE203024,"""GSM6152071""",KEEP
GSE203024,"""GSM6152072""",KEEP
GSE203024,"""GSM6152073""",KEEP
GSE203024,"""GSM6152074""",KEEP
GSE203024,"""GSM6152075""",KEEP
GSE203024,"""GSM6152076""",KEEP
GSE203024,"""GSM6152077""",KEEP
GSE203024,"""GSM6152078""",KEEP
GSE203024,"""GSM6152079""",KEEP
GSE203024,"""GSM6152080""",KEEP
GSE203024,"""GSM6152081""",KEEP
GSE203024,"""GSM6152082""",KEEP
GSE203024,"""GSM6152083""",KEEP
GSE203024,"""GSM6152084""",KEEP
GSE203024,"""GSM6152085""",KEEP
GSE203024,"""GSM6152086""",KEEP
GSE203024,"""GSM6152087""",KEEP
GSE203024,"""GSM6152088""",KEEP
GSE203024,"""GSM6152089""",KEEP
GSE203024,"""GSM6152090""",KEEP
GSE203024,"""GSM6152091""",KEEP
GSE203024,"""GSM6152092""",KEEP
GSE203024,"""GSM6152093""",KEEP
GSE203024,"""GSM6152094""",KEEP
GSE203024,"""GSM6152095""",KEEP
GSE203024,"""GSM6152096""",KEEP
GSE203024,"""GSM6152097""",KEEP
GSE203024,"""GSM6152098""",KEEP
GSE203024,"""GSM6152099""",KEEP
GSE203024,"""GSM6152100""",KEEP
GSE203024,"""GSM6152101""",KEEP
GSE203024,"""GSM6152102""",KEEP
GSE203024,"""GSM6152103""",KEEP
GSE203024,"""GSM6152104""",KEEP
GSE203024,"""GSM6152105""",KEEP
GSE203024,"""GSM6152106""",KEEP
GSE203024,"""GSM6152107""",KEEP
GSE203024,"""GSM6152108""",KEEP
GSE203024,"""GSM6152109""",KEEP
GSE203024,"""GSM6152110""",KEEP
GSE203024,"""GSM6152111""",KEEP
GSE203024,"""GSM6152112""",KEEP
GSE203024,"""GSM6152113""",KEEP
GSE203024,"""GSM6152114""",KEEP
GSE203024,"""GSM6152115""",KEEP
GSE203024,"""GSM6152116""",KEEP
GSE203024,"""GSM6152117""",KEEP
GSE203024,"""GSM6152118""",KEEP
GSE203024,"""GSM6152119""",KEEP
GSE203024,"""GSM6152120""",KEEP
GSE203024,"""GSM6152121""",KEEP
GSE203024,"""GSM6152122""",KEEP
GSE203024,"""GSM6152123""",KEEP
GSE203024,"""GSM6152124""",KEEP
GSE203024,"""GSM6152125""",KEEP
GSE203024,"""GSM6152126""",KEEP
GSE203024,"""GSM6152127""",KEEP
GSE203024,"""GSM6152128""",KEEP
GSE203024,"""GSM6152129""",KEEP
GSE203024,"""GSM6152130""",KEEP
GSE203024,"""GSM6152131""",KEEP
GSE203024,"""GSM6152132""",KEEP
GSE203024,"""GSM6152133""",KEEP
GSE203024,"""GSM6152134""",KEEP
GSE203024,"""GSM6152135""",KEEP
GSE203024,"""GSM6152136""",KEEP
GSE203024,"""GSM6152137""",KEEP
GSE203024,"""GSM6152138""",KEEP
GSE203024,"""GSM6152139""",KEEP
GSE203024,"""GSM6152140""",KEEP
GSE203024,"""GSM6152141""",KEEP
GSE203024,"""GSM6152142""",KEEP
GSE203024,"""GSM6152143""",KEEP
GSE203024,"""GSM6152144""",KEEP
GSE203024,"""GSM6152145""",KEEP
GSE203024,"""GSM6152146""",KEEP
GSE203024,"""GSM6152147""",KEEP
GSE203024,"""GSM6152148""",KEEP
GSE203024,"""GSM6152149""",KEEP
GSE203024,"""GSM6152150""",KEEP
GSE203024,"""GSM6152151""",KEEP
GSE203024,"""GSM6152152""",KEEP
GSE203024,"""GSM6152153""",KEEP
GSE203024,"""GSM6152154""",KEEP
GSE203024,"""GSM6152155""",KEEP
GSE203024,"""GSM6152156""",KEEP
GSE203024,"""GSM6152157""",KEEP
GSE203024,"""GSM6152158""",KEEP
GSE203024,"""GSM6152159""",KEEP
GSE203024,"""GSM6152160""",KEEP
GSE203024,"""GSM6152161""",KEEP
GSE203024,"""GSM6152162""",KEEP
GSE203024,"""GSM6152163""",KEEP
GSE203024,"""GSM6152164""",KEEP
GSE203024,"""GSM6152165""",KEEP
GSE203024,"""GSM6152166""",KEEP
GSE203024,"""GSM6152167""",KEEP
GSE203024,"""GSM6152168""",KEEP
GSE203024,"""GSM6152169""",KEEP
GSE203024,"""GSM6152170""",KEEP
GSE203024,"""GSM6152171""",KEEP
GSE203024,"""GSM6152172""",KEEP
GSE203024,"""GSM6152173""",KEEP
GSE203024,"""GSM6152174""",KEEP
GSE203024,"""GSM6152175""",KEEP
GSE203024,"""GSM6152176""",KEEP
GSE203024,"""GSM6152177""",KEEP
GSE203024,"""GSM6152178""",KEEP
GSE203024,"""GSM6152179""",KEEP
GSE203024,"""GSM6152180""",KEEP
GSE203024,"""GSM6152181""",KEEP
GSE203024,"""GSM6152182""",KEEP
GSE203024,"""GSM6152183""",KEEP
GSE203024,"""GSM6152184""",KEEP
GSE203024,"""GSM6152185""",KEEP
GSE203024,"""GSM6152186""",KEEP
GSE203024,"""GSM6152187""",KEEP
GSE203024,"""GSM6152188""",KEEP
GSE203024,"""GSM6152189""",KEEP
GSE203024,"""GSM6152190""",KEEP
GSE203024,"""GSM6152191""",KEEP
GSE203024,"""GSM6152192""",KEEP
GSE203024,"""GSM6152193""",KEEP
GSE203024,"""GSM6152194""",KEEP
GSE203024,"""GSM6152195""",KEEP
GSE203024,"""GSM6152196""",KEEP
GSE203024,"""GSM6152197""",KEEP
GSE203024,"""GSM6152198""",KEEP
GSE203024,"""GSM6152199""",KEEP
GSE203024,"""GSM6152200""",KEEP
GSE203024,"""GSM6152201""",KEEP
GSE203024,"""GSM6152202""",KEEP
GSE203024,"""GSM6152203""",KEEP
GSE203024,"""GSM6152204""",KEEP
GSE203024,"""GSM6152205""",KEEP
GSE203024,"""GSM6152206""",KEEP
GSE203024,"""GSM6152207""",KEEP
GSE203024,"""GSM6152208""",KEEP
GSE203024,"""GSM6152209""",KEEP
GSE203024,"""GSM6152210""",KEEP
GSE203024,"""GSM6152211""",KEEP
GSE203024,"""GSM6152212""",KEEP
GSE203024,"""GSM6152213""",KEEP
GSE203024,"""GSM6152214""",KEEP
GSE203024,"""GSM6152215""",KEEP
GSE203024,"""GSM6152216""",KEEP
GSE203024,"""GSM6152217""",KEEP
GSE203024,"""GSM6152218""",KEEP
GSE203024,"""GSM6152219""",KEEP
GSE203024,"""GSM6152220""",KEEP
GSE203024,"""GSM6152221""",KEEP
GSE203024,"""GSM6152222""",KEEP
GSE203024,"""GSM6152223""",KEEP
GSE203024,"""GSM6152224""",KEEP
GSE203024,"""GSM6152225""",KEEP
GSE203024,"""GSM6152226""",KEEP
GSE203024,"""GSM6152227""",KEEP
GSE203024,"""GSM6152228""",KEEP
GSE203024,"""GSM6152229""",KEEP
GSE203024,"""GSM6152230""",KEEP
GSE203024,"""GSM6152231""",KEEP
GSE203024,"""GSM6152232""",KEEP
GSE203024,"""GSM6152233""",KEEP
GSE203024,"""GSM6152234""",KEEP
GSE203024,"""GSM6152235""",KEEP
GSE203024,"""GSM6152236""",KEEP
GSE203024,"""GSM6152237""",KEEP
GSE203024,"""GSM6152238""",KEEP
GSE203024,"""GSM6152239""",KEEP
GSE203024,"""GSM6152240""",KEEP
GSE203024,"""GSM6152241""",KEEP
GSE203024,"""GSM6152242""",KEEP
GSE203024,"""GSM6152243""",KEEP
GSE203024,"""GSM6152244""",KEEP
GSE203024,"""GSM6152245""",KEEP
GSE203024,"""GSM6152246""",KEEP
GSE203024,"""GSM6152247""",KEEP
GSE203024,"""GSM6152248""",KEEP
GSE203024,"""GSM6152249""",KEEP
GSE203024,"""GSM6152250""",KEEP
GSE203024,"""GSM6152251""",KEEP
GSE203024,"""GSM6152252""",KEEP
GSE203024,"""GSM6152253""",KEEP
GSE203024,"""GSM6152254""",KEEP
GSE203024,"""GSM6152255""",KEEP
GSE203024,"""GSM6152256""",KEEP
GSE203024,"""GSM6152257""",KEEP
GSE203024,"""GSM6152258""",KEEP
GSE203024,"""GSM6152259""",KEEP
GSE203024,"""GSM6152260""",KEEP
GSE203024,"""GSM6152261""",KEEP
GSE203024,"""GSM6152262""",KEEP
GSE203024,"""GSM6152263""",KEEP
GSE203024,"""GSM6152264""",KEEP
GSE203024,"""GSM6152265""",KEEP
GSE203024,"""GSM6152266""",KEEP
GSE203024,"""GSM6152267""",KEEP
GSE203024,"""GSM6152268""",KEEP
GSE203024,"""GSM6152269""",KEEP
GSE203024,"""GSM6152270""",KEEP
GSE203024,"""GSM6152271""",KEEP
GSE203024,"""GSM6152272""",KEEP
GSE203024,"""GSM6152273""",KEEP
GSE203024,"""GSM6152274""",KEEP
GSE203024,"""GSM6152275""",KEEP
GSE203024,"""GSM6152276""",KEEP
GSE203024,"""GSM6152277""",KEEP
GSE203024,"""GSM6152278""",KEEP
GSE203024,"""GSM6152279""",KEEP
GSE203024,"""GSM6152280""",KEEP
GSE203024,"""GSM6152281""",KEEP
GSE203024,"""GSM6152282""",KEEP
GSE203024,"""GSM6152283""",KEEP
GSE203024,"""GSM6152284""",KEEP
GSE203024,"""GSM6152285""",KEEP
GSE203024,"""GSM6152286""",KEEP
GSE203024,"""GSM6152287""",KEEP
GSE203024,"""GSM6152288""",KEEP
GSE203024,"""GSM6152289""",KEEP
GSE203024,"""GSM6152290""",KEEP
GSE203024,"""GSM6152291""",KEEP
GSE203024,"""GSM6152292""",KEEP
GSE203024,"""GSM6152293""",KEEP
GSE203024,"""GSM6152294""",KEEP
GSE203024,"""GSM6152295""",KEEP
GSE203024,"""GSM6152296""",KEEP
GSE203024,"""GSM6152297""",KEEP
GSE203024,"""GSM6152298""",KEEP
GSE203024,"""GSM6152299""",KEEP
GSE203024,"""GSM6152300""",KEEP
GSE203024,"""GSM6152301""",KEEP
GSE203024,"""GSM6152302""",KEEP
GSE203024,"""GSM6152303""",KEEP
GSE203024,"""GSM6152304""",KEEP
GSE203024,"""GSM6152305""",KEEP
GSE203024,"""GSM6152306""",KEEP
GSE203024,"""GSM6152307""",KEEP
GSE203024,"""GSM6152308""",KEEP
GSE203024,"""GSM6152309""",KEEP
GSE203024,"""GSM6152310""",KEEP
GSE203024,"""GSM6152311""",KEEP
GSE203024,"""GSM6152312""",KEEP
GSE203024,"""GSM6152313""",KEEP
GSE203024,"""GSM6152314""",KEEP
GSE203024,"""GSM6152315""",KEEP
GSE203024,"""GSM6152316""",KEEP
GSE203024,"""GSM6152317""",KEEP
GSE203024,"""GSM6152318""",KEEP
GSE203024,"""GSM6152319""",KEEP
GSE203024,"""GSM6152320""",KEEP
GSE203024,"""GSM6152321""",KEEP
GSE203024,"""GSM6152322""",KEEP
GSE203024,"""GSM6152323""",KEEP
GSE203024,"""GSM6152324""",KEEP
GSE203024,"""GSM6152325""",KEEP
GSE203024,"""GSM6152326""",KEEP
GSE203024,"""GSM6152327""",KEEP
GSE203024,"""GSM6152328""",KEEP
GSE203024,"""GSM6152329""",KEEP
GSE203024,"""GSM6152330""",KEEP
GSE203024,"""GSM6152331""",KEEP
GSE203024,"""GSM6152332""",KEEP
GSE203024,"""GSM6152333""",KEEP
GSE203024,"""GSM6152334""",KEEP
GSE203024,"""GSM6152335""",KEEP
GSE203024,"""GSM6152336""",KEEP
GSE203024,"""GSM6152337""",KEEP
GSE203024,"""GSM6152338""",KEEP
GSE203024,"""GSM6152339""",KEEP
GSE203024,"""GSM6152340""",KEEP
GSE203024,"""GSM6152341""",KEEP
GSE203024,"""GSM6152342""",KEEP
GSE203024,"""GSM6152343""",KEEP
GSE203024,"""GSM6152344""",KEEP
GSE203024,"""GSM6152345""",KEEP
GSE203024,"""GSM6152346""",KEEP
GSE203024,"""GSM6152347""",KEEP
GSE203024,"""GSM6152348""",KEEP
GSE203024,"""GSM6152349""",KEEP
GSE203024,"""GSM6152350""",KEEP
GSE203024,"""GSM6152351""",KEEP
GSE203024,"""GSM6152352""",KEEP
GSE203024,"""GSM6152353""",KEEP
GSE203024,"""GSM6152354""",KEEP
GSE203024,"""GSM6152355""",KEEP
GSE203024,"""GSM6152356""",KEEP
GSE203024,"""GSM6152357""",KEEP
GSE203024,"""GSM6152358""",KEEP
GSE203024,"""GSM6152359""",KEEP
GSE203024,"""GSM6152360""",KEEP
GSE203024,"""GSM6152361""",KEEP
GSE203024,"""GSM6152362""",KEEP
GSE203024,"""GSM6152363""",KEEP
GSE203024,"""GSM6152364""",KEEP
GSE203024,"""GSM6152365""",KEEP
GSE203024,"""GSM6152366""",KEEP
GSE203024,"""GSM6152367""",KEEP
GSE203024,"""GSM6152368""",KEEP
GSE203024,"""GSM6152369""",KEEP
GSE203024,"""GSM6152370""",KEEP
GSE203024,"""GSM6152371""",KEEP
GSE203024,"""GSM6152372""",KEEP
GSE203024,"""GSM6152373""",KEEP
GSE203024,"""GSM6152374""",KEEP
GSE203024,"""GSM6152375""",KEEP
GSE203024,"""GSM6152376""",KEEP
GSE203024,"""GSM6152377""",KEEP
GSE203024,"""GSM6152378""",KEEP
GSE203024,"""GSM6152379""",KEEP
GSE203024,"""GSM6152380""",KEEP
GSE203024,"""GSM6152381""",KEEP
GSE203024,"""GSM6152382""",KEEP
GSE203024,"""GSM6152383""",KEEP
GSE203024,"""GSM6152384""",KEEP
GSE203024,"""GSM6152385""",KEEP
GSE203024,"""GSM6152386""",KEEP
GSE203024,"""GSM6152387""",KEEP
GSE203024,"""GSM6152388""",KEEP
GSE203024,"""GSM6152389""",KEEP
GSE203024,"""GSM6152390""",KEEP
GSE203024,"""GSM6152391""",KEEP
GSE203024,"""GSM6152392""",KEEP
GSE203024,"""GSM6152393""",KEEP
GSE203024,"""GSM6152394""",KEEP
GSE203024,"""GSM6152395""",KEEP
GSE203024,"""GSM6152396""",KEEP
GSE203024,"""GSM6152397""",KEEP
GSE203024,"""GSM6152398""",KEEP
GSE203024,"""GSM6152399""",KEEP
GSE203024,"""GSM6152400""",KEEP
GSE203024,"""GSM6152401""",KEEP
GSE203024,"""GSM6152402""",KEEP
GSE203024,"""GSM6152403""",KEEP
GSE203024,"""GSM6152404""",KEEP
GSE203024,"""GSM6152405""",KEEP
GSE203024,"""GSM6152406""",KEEP
GSE203024,"""GSM6152407""",KEEP
GSE203024,"""GSM6152408""",KEEP
GSE203024,"""GSM6152409""",KEEP
GSE203024,"""GSM6152410""",KEEP
GSE203024,"""GSM6152411""",KEEP
GSE203024,"""GSM6152412""",KEEP
GSE203024,"""GSM6152413""",KEEP
GSE203024,"""GSM6152414""",KEEP
GSE203024,"""GSM6152415""",KEEP
GSE203024,"""GSM6152416""",KEEP
GSE203024,"""GSM6152417""",KEEP
GSE203024,"""GSM6152418""",KEEP
GSE203024,"""GSM6152419""",KEEP
GSE203024,"""GSM6152420""",KEEP
GSE203024,"""GSM6152421""",KEEP
GSE203024,"""GSM6152422""",KEEP
GSE203024,"""GSM6152423""",KEEP
GSE203024,"""GSM6152424""",KEEP
GSE203024,"""GSM6152425""",KEEP
GSE203024,"""GSM6152426""",KEEP
GSE203024,"""GSM6152427""",KEEP
GSE203024,"""GSM6152428""",KEEP
GSE203024,"""GSM6152429""",KEEP
GSE203024,"""GSM6152430""",KEEP
GSE203024,"""GSM6152431""",KEEP
GSE203024,"""GSM6152432""",KEEP
GSE203024,"""GSM6152433""",KEEP
GSE203024,"""GSM6152434""",KEEP
GSE203024,"""GSM6152435""",KEEP
GSE203024,"""GSM6152436""",KEEP
GSE203024,"""GSM6152437""",KEEP
GSE203024,"""GSM6152438""",KEEP
GSE203024,"""GSM6152439""",KEEP
GSE203024,"""GSM6152440""",KEEP
GSE203024,"""GSM6152441""",KEEP
GSE203024,"""GSM6152442""",KEEP
GSE203024,"""GSM6152443""",KEEP
GSE203024,"""GSM6152444""",KEEP
GSE203024,"""GSM6152445""",KEEP
GSE203024,"""GSM6152446""",KEEP
GSE203024,"""GSM6152447""",KEEP
GSE203024,"""GSM6152448""",KEEP
GSE203024,"""GSM6152449""",KEEP
GSE203024,"""GSM6152450""",KEEP
GSE203024,"""GSM6152451""",KEEP
GSE203024,"""GSM6152452""",KEEP
GSE203024,"""GSM6152453""",KEEP
GSE203024,"""GSM6152454""",KEEP
GSE203024,"""GSM6152455""",KEEP
GSE203024,"""GSM6152456""",KEEP
GSE203024,"""GSM6152457""",KEEP
GSE203024,"""GSM6152458""",KEEP
GSE203024,"""GSM6152459""",KEEP
GSE203024,"""GSM6152460""",KEEP
GSE203024,"""GSM6152461""",KEEP
GSE203024,"""GSM6152462""",KEEP
GSE203024,"""GSM6152463""",KEEP
GSE203024,"""GSM6152464""",KEEP
GSE203024,"""GSM6152465""",KEEP
GSE203024,"""GSM6152466""",KEEP
GSE203024,"""GSM6152467""",KEEP
GSE203024,"""GSM6152468""",KEEP
GSE203024,"""GSM6152469""",KEEP
GSE203024,"""GSM6152470""",KEEP
GSE203024,"""GSM6152471""",KEEP
GSE203024,"""GSM6152472""",KEEP
GSE203024,"""GSM6152473""",KEEP
GSE203024,"""GSM6152474""",KEEP
GSE203024,"""GSM6152475""",KEEP
GSE203024,"""GSM6152476""",KEEP
GSE203024,"""GSM6152477""",KEEP
GSE203024,"""GSM6152478""",KEEP
GSE203024,"""GSM6152479""",KEEP
GSE203024,"""GSM6152480""",KEEP
GSE203024,"""GSM6152481""",KEEP
GSE203024,"""GSM6152482""",KEEP
GSE203024,"""GSM6152483""",KEEP
GSE203024,"""GSM6152484""",KEEP
GSE203024,"""GSM6152485""",KEEP
GSE203024,"""GSM6152486""",KEEP
GSE203024,"""GSM6152487""",KEEP
GSE203024,"""GSM6152488""",KEEP
GSE203024,"""GSM6152489""",KEEP
GSE203024,"""GSM6152490""",KEEP
GSE203024,"""GSM6152491""",KEEP
GSE203024,"""GSM6152492""",KEEP
GSE203024,"""GSM6152493""",KEEP
GSE203024,"""GSM6152494""",KEEP
GSE203024,"""GSM6152495""",KEEP
GSE203024,"""GSM6152496""",KEEP
GSE203024,"""GSM6152497""",KEEP
GSE203024,"""GSM6152498""",KEEP
GSE203024,"""GSM6152499""",KEEP
GSE203024,"""GSM6152500""",KEEP
GSE203024,"""GSM6152501""",KEEP
GSE203024,"""GSM6152502""",KEEP
GSE203024,"""GSM6152503""",KEEP
GSE203024,"""GSM6152504""",KEEP
GSE203024,"""GSM6152505""",KEEP
GSE203024,"""GSM6152506""",KEEP
GSE203024,"""GSM6152507""",KEEP
GSE203024,"""GSM6152508""",KEEP
GSE203024,"""GSM6152509""",KEEP
GSE203024,"""GSM6152510""",KEEP
GSE203024,"""GSM6152511""",KEEP
GSE203024,"""GSM6152512""",KEEP
GSE203024,"""GSM6152513""",KEEP
GSE203024,"""GSM6152514""",KEEP
GSE203024,"""GSM6152515""",KEEP
GSE203024,"""GSM6152516""",KEEP
GSE203024,"""GSM6152517""",KEEP
GSE203024,"""GSM6152518""",KEEP
GSE203024,"""GSM6152519""",KEEP
GSE203024,"""GSM6152520""",KEEP
GSE203024,"""GSM6152521""",KEEP
GSE203024,"""GSM6152522""",KEEP
GSE203024,"""GSM6152523""",KEEP
GSE203024,"""GSM6152524""",KEEP
GSE203024,"""GSM6152525""",KEEP
GSE203024,"""GSM6152526""",KEEP
GSE203024,"""GSM6152527""",KEEP
GSE203024,"""GSM6152528""",KEEP
GSE203024,"""GSM6152529""",KEEP
GSE203024,"""GSM6152530""",KEEP
GSE203024,"""GSM6152531""",KEEP
GSE203024,"""GSM6152532""",KEEP
GSE203024,"""GSM6152533""",KEEP
GSE203024,"""GSM6152534""",KEEP
GSE203024,"""GSM6152535""",KEEP
GSE203024,"""GSM6152536""",KEEP
GSE203024,"""GSM6152537""",KEEP
GSE203024,"""GSM6152538""",KEEP
GSE203024,"""GSM6152539""",KEEP
GSE203024,"""GSM6152540""",KEEP
GSE203024,"""GSM6152541""",KEEP
GSE203024,"""GSM6152542""",KEEP
GSE203024,"""GSM6152543""",KEEP
GSE203024,"""GSM6152544""",KEEP
GSE203024,"""GSM6152545""",KEEP
GSE203024,"""GSM6152546""",KEEP
GSE203024,"""GSM6152547""",KEEP
GSE203024,"""GSM6152548""",KEEP
GSE203024,"""GSM6152549""",KEEP
GSE203024,"""GSM6152550""",KEEP
GSE203024,"""GSM6152551""",KEEP
GSE203024,"""GSM6152552""",KEEP
GSE203024,"""GSM6152553""",KEEP
GSE203024,"""GSM6152554""",KEEP
GSE203024,"""GSM6152555""",KEEP
GSE203024,"""GSM6152556""",KEEP
GSE203024,"""GSM6152557""",KEEP
GSE203024,"""GSM6152558""",KEEP
GSE203024,"""GSM6152559""",KEEP
GSE203024,"""GSM6152560""",KEEP
GSE203024,"""GSM6152561""",KEEP
GSE203024,"""GSM6152562""",KEEP
GSE203024,"""GSM6152563""",KEEP
GSE203024,"""GSM6152564""",KEEP
GSE203024,"""GSM6152565""",KEEP
GSE203024,"""GSM6152566""",KEEP
GSE203024,"""GSM6152567""",KEEP
GSE203024,"""GSM6152568""",KEEP
GSE203024,"""GSM6152569""",KEEP
GSE203024,"""GSM6152570""",KEEP
GSE203024,"""GSM6152571""",KEEP
GSE203024,"""GSM6152572""",KEEP
GSE203024,"""GSM6152573""",KEEP
GSE203024,"""GSM6152574""",KEEP
GSE203024,"""GSM6152575""",KEEP
GSE203024,"""GSM6152576""",KEEP
GSE203024,"""GSM6152577""",KEEP
GSE203024,"""GSM6152578""",KEEP
GSE203024,"""GSM6152579""",KEEP
GSE203024,"""GSM6152580""",KEEP
GSE203024,"""GSM6152581""",KEEP
GSE203024,"""GSM6152582""",KEEP
GSE203024,"""GSM6152583""",KEEP
GSE203024,"""GSM6152584""",KEEP
GSE203024,"""GSM6152585""",KEEP
GSE203024,"""GSM6152586""",KEEP
GSE203024,"""GSM6152587""",KEEP
GSE203024,"""GSM6152588""",KEEP
GSE203024,"""GSM6152589""",KEEP
GSE203024,"""GSM6152590""",KEEP
GSE203024,"""GSM6152591""",KEEP
GSE203024,"""GSM6152592""",KEEP
GSE203024,"""GSM6152593""",KEEP
GSE203024,"""GSM6152594""",KEEP
GSE203024,"""GSM6152595""",KEEP
GSE203024,"""GSM6152596""",KEEP
GSE203024,"""GSM6152597""",KEEP
GSE203024,"""GSM6152598""",KEEP
GSE203024,"""GSM6152599""",KEEP
GSE203024,"""GSM6152600""",KEEP
GSE203024,"""GSM6152601""",KEEP
GSE203024,"""GSM6152602""",KEEP
GSE203024,"""GSM6152603""",KEEP
GSE203024,"""GSM6152604""",KEEP
GSE203024,"""GSM6152605""",KEEP
GSE203024,"""GSM6152606""",KEEP
GSE203024,"""GSM6152607""",KEEP
GSE203024,"""GSM6152608""",KEEP
GSE203024,"""GSM6152609""",KEEP
GSE203024,"""GSM6152610""",KEEP
GSE203024,"""GSM6152611""",KEEP
GSE203024,"""GSM6152612""",KEEP
GSE203024,"""GSM6152613""",KEEP
GSE203024,"""GSM6152614""",KEEP
GSE203024,"""GSM6152615""",KEEP
GSE203024,"""GSM6152616""",KEEP
GSE203024,"""GSM6152617""",KEEP
GSE203024,"""GSM6152618""",KEEP
GSE203024,"""GSM6152619""",KEEP
GSE203024,"""GSM6152620""",KEEP
GSE203024,"""GSM6152621""",KEEP
GSE203024,"""GSM6152622""",KEEP
GSE203024,"""GSM6152623""",KEEP
GSE203024,"""GSM6152624""",KEEP
GSE203024,"""GSM6152625""",KEEP
GSE203024,"""GSM6152626""",KEEP
GSE203024,"""GSM6152627""",KEEP
GSE203024,"""GSM6152628""",KEEP
GSE203024,"""GSM6152629""",KEEP
GSE203024,"""GSM6152630""",KEEP
GSE203024,"""GSM6152631""",KEEP
GSE203024,"""GSM6152632""",KEEP
GSE203024,"""GSM6152633""",KEEP
GSE203024,"""GSM6152634""",KEEP
GSE203024,"""GSM6152635""",KEEP
GSE203024,"""GSM6152636""",KEEP
GSE203024,"""GSM6152637""",KEEP
GSE203024,"""GSM6152638""",KEEP
GSE203024,"""GSM6152639""",KEEP
GSE203024,"""GSM6152640""",KEEP
GSE203024,"""GSM6152641""",KEEP
GSE203024,"""GSM6152642""",KEEP
GSE203024,"""GSM6152643""",KEEP
GSE2109,"""GSM38051""",KEEP
GSE2109,"""GSM38052""",KEEP
GSE2109,"""GSM38053""",KEEP
GSE2109,"""GSM38054""",KEEP
GSE2109,"""GSM38055""",KEEP
GSE2109,"""GSM38056""",KEEP
GSE2109,"""GSM38057""",KEEP
GSE2109,"""GSM38058""",KEEP
GSE2109,"""GSM38059""",KEEP
GSE2109,"""GSM38060""",KEEP
GSE2109,"""GSM38061""",KEEP
GSE2109,"""GSM38062""",KEEP
GSE2109,"""GSM38063""",KEEP
GSE2109,"""GSM38064""",KEEP
GSE2109,"""GSM38065""",KEEP
GSE2109,"""GSM38066""",KEEP
GSE2109,"""GSM38067""",KEEP
GSE2109,"""GSM38068""",KEEP
GSE2109,"""GSM38069""",KEEP
GSE2109,"""GSM38070""",KEEP
GSE2109,"""GSM38071""",KEEP
GSE2109,"""GSM38072""",KEEP
GSE2109,"""GSM38073""",KEEP
GSE2109,"""GSM38074""",KEEP
GSE2109,"""GSM38075""",KEEP
GSE2109,"""GSM38076""",KEEP
GSE2109,"""GSM38077""",KEEP
GSE2109,"""GSM38078""",KEEP
GSE2109,"""GSM38079""",KEEP
GSE2109,"""GSM38080""",KEEP
GSE2109,"""GSM38081""",KEEP
GSE2109,"""GSM38082""",KEEP
GSE2109,"""GSM38083""",KEEP
GSE2109,"""GSM38084""",KEEP
GSE2109,"""GSM38085""",KEEP
GSE2109,"""GSM38086""",KEEP
GSE2109,"""GSM38087""",KEEP
GSE2109,"""GSM38088""",KEEP
GSE2109,"""GSM38089""",KEEP
GSE2109,"""GSM38090""",KEEP
GSE2109,"""GSM38091""",KEEP
GSE2109,"""GSM38092""",KEEP
GSE2109,"""GSM38093""",KEEP
GSE2109,"""GSM38094""",KEEP
GSE2109,"""GSM38095""",KEEP
GSE2109,"""GSM38096""",KEEP
GSE2109,"""GSM38097""",KEEP
GSE2109,"""GSM38098""",KEEP
GSE2109,"""GSM38099""",KEEP
GSE2109,"""GSM38100""",KEEP
GSE2109,"""GSM38101""",KEEP
GSE2109,"""GSM38102""",KEEP
GSE2109,"""GSM38103""",KEEP
GSE2109,"""GSM38104""",KEEP
GSE2109,"""GSM38105""",KEEP
GSE2109,"""GSM38106""",KEEP
GSE2109,"""GSM38107""",KEEP
GSE2109,"""GSM38108""",KEEP
GSE2109,"""GSM38109""",KEEP
GSE2109,"""GSM38110""",KEEP
GSE2109,"""GSM46814""",KEEP
GSE2109,"""GSM46815""",KEEP
GSE2109,"""GSM46816""",KEEP
GSE2109,"""GSM46817""",KEEP
GSE2109,"""GSM46818""",KEEP
GSE2109,"""GSM46819""",KEEP
GSE2109,"""GSM46820""",KEEP
GSE2109,"""GSM46821""",KEEP
GSE2109,"""GSM46822""",KEEP
GSE2109,"""GSM46823""",KEEP
GSE2109,"""GSM46824""",KEEP
GSE2109,"""GSM46825""",KEEP
GSE2109,"""GSM46826""",KEEP
GSE2109,"""GSM46827""",KEEP
GSE2109,"""GSM46828""",KEEP
GSE2109,"""GSM46829""",KEEP
GSE2109,"""GSM46830""",KEEP
GSE2109,"""GSM46831""",KEEP
GSE2109,"""GSM46832""",KEEP
GSE2109,"""GSM46833""",KEEP
GSE2109,"""GSM46834""",KEEP
GSE2109,"""GSM46835""",KEEP
GSE2109,"""GSM46836""",KEEP
GSE2109,"""GSM46837""",KEEP
GSE2109,"""GSM46838""",KEEP
GSE2109,"""GSM46839""",KEEP
GSE2109,"""GSM46840""",KEEP
GSE2109,"""GSM46841""",KEEP
GSE2109,"""GSM46842""",KEEP
GSE2109,"""GSM46843""",KEEP
GSE2109,"""GSM46844""",KEEP
GSE2109,"""GSM46845""",KEEP
GSE2109,"""GSM46846""",KEEP
GSE2109,"""GSM46847""",KEEP
GSE2109,"""GSM46848""",KEEP
GSE2109,"""GSM46849""",KEEP
GSE2109,"""GSM46850""",KEEP
GSE2109,"""GSM46851""",KEEP
GSE2109,"""GSM46852""",KEEP
GSE2109,"""GSM46853""",KEEP
GSE2109,"""GSM46854""",KEEP
GSE2109,"""GSM46855""",KEEP
GSE2109,"""GSM46856""",KEEP
GSE2109,"""GSM46857""",KEEP
GSE2109,"""GSM46858""",KEEP
GSE2109,"""GSM46859""",KEEP
GSE2109,"""GSM46860""",KEEP
GSE2109,"""GSM46861""",KEEP
GSE2109,"""GSM46862""",KEEP
GSE2109,"""GSM46863""",KEEP
GSE2109,"""GSM46864""",KEEP
GSE2109,"""GSM46865""",KEEP
GSE2109,"""GSM46866""",KEEP
GSE2109,"""GSM46867""",KEEP
GSE2109,"""GSM46868""",KEEP
GSE2109,"""GSM46869""",KEEP
GSE2109,"""GSM46870""",KEEP
GSE2109,"""GSM46871""",KEEP
GSE2109,"""GSM46872""",KEEP
GSE2109,"""GSM46873""",KEEP
GSE2109,"""GSM46874""",KEEP
GSE2109,"""GSM46875""",KEEP
GSE2109,"""GSM46876""",KEEP
GSE2109,"""GSM46877""",KEEP
GSE2109,"""GSM46878""",KEEP
GSE2109,"""GSM46879""",KEEP
GSE2109,"""GSM46880""",KEEP
GSE2109,"""GSM46881""",KEEP
GSE2109,"""GSM46882""",KEEP
GSE2109,"""GSM46883""",KEEP
GSE2109,"""GSM46884""",KEEP
GSE2109,"""GSM46885""",KEEP
GSE2109,"""GSM46886""",KEEP
GSE2109,"""GSM46887""",KEEP
GSE2109,"""GSM46888""",KEEP
GSE2109,"""GSM46889""",KEEP
GSE2109,"""GSM46890""",KEEP
GSE2109,"""GSM46891""",KEEP
GSE2109,"""GSM46892""",KEEP
GSE2109,"""GSM46893""",KEEP
GSE2109,"""GSM46894""",KEEP
GSE2109,"""GSM46895""",KEEP
GSE2109,"""GSM46896""",KEEP
GSE2109,"""GSM46897""",KEEP
GSE2109,"""GSM46898""",KEEP
GSE2109,"""GSM46899""",KEEP
GSE2109,"""GSM46900""",KEEP
GSE2109,"""GSM46901""",KEEP
GSE2109,"""GSM46902""",KEEP
GSE2109,"""GSM46903""",KEEP
GSE2109,"""GSM46904""",KEEP
GSE2109,"""GSM46905""",KEEP
GSE2109,"""GSM46906""",KEEP
GSE2109,"""GSM46907""",KEEP
GSE2109,"""GSM46908""",KEEP
GSE2109,"""GSM46909""",KEEP
GSE2109,"""GSM46910""",KEEP
GSE2109,"""GSM46911""",KEEP
GSE2109,"""GSM46912""",KEEP
GSE2109,"""GSM46913""",KEEP
GSE2109,"""GSM46914""",KEEP
GSE2109,"""GSM46915""",KEEP
GSE2109,"""GSM46916""",KEEP
GSE2109,"""GSM46917""",KEEP
GSE2109,"""GSM46918""",KEEP
GSE2109,"""GSM46919""",KEEP
GSE2109,"""GSM46920""",KEEP
GSE2109,"""GSM46921""",KEEP
GSE2109,"""GSM46922""",KEEP
GSE2109,"""GSM46923""",KEEP
GSE2109,"""GSM46924""",KEEP
GSE2109,"""GSM46925""",KEEP
GSE2109,"""GSM46926""",KEEP
GSE2109,"""GSM46927""",KEEP
GSE2109,"""GSM46928""",KEEP
GSE2109,"""GSM46929""",KEEP
GSE2109,"""GSM46930""",KEEP
GSE2109,"""GSM46931""",KEEP
GSE2109,"""GSM46932""",KEEP
GSE2109,"""GSM46933""",KEEP
GSE2109,"""GSM46934""",KEEP
GSE2109,"""GSM46935""",KEEP
GSE2109,"""GSM46936""",KEEP
GSE2109,"""GSM46937""",KEEP
GSE2109,"""GSM46938""",KEEP
GSE2109,"""GSM46939""",KEEP
GSE2109,"""GSM46940""",KEEP
GSE2109,"""GSM46941""",KEEP
GSE2109,"""GSM46942""",KEEP
GSE2109,"""GSM46943""",KEEP
GSE2109,"""GSM46944""",KEEP
GSE2109,"""GSM46945""",KEEP
GSE2109,"""GSM46946""",KEEP
GSE2109,"""GSM46947""",KEEP
GSE2109,"""GSM46948""",KEEP
GSE2109,"""GSM46949""",KEEP
GSE2109,"""GSM46950""",KEEP
GSE2109,"""GSM46951""",KEEP
GSE2109,"""GSM46952""",KEEP
GSE2109,"""GSM46953""",KEEP
GSE2109,"""GSM46954""",KEEP
GSE2109,"""GSM46955""",KEEP
GSE2109,"""GSM46956""",KEEP
GSE2109,"""GSM46957""",KEEP
GSE2109,"""GSM46958""",KEEP
GSE2109,"""GSM46959""",KEEP
GSE2109,"""GSM46960""",KEEP
GSE2109,"""GSM46961""",KEEP
GSE2109,"""GSM46962""",KEEP
GSE2109,"""GSM46963""",KEEP
GSE2109,"""GSM46964""",KEEP
GSE2109,"""GSM46965""",KEEP
GSE2109,"""GSM46966""",KEEP
GSE2109,"""GSM46967""",KEEP
GSE2109,"""GSM46968""",KEEP
GSE2109,"""GSM46969""",KEEP
GSE2109,"""GSM46970""",KEEP
GSE2109,"""GSM46971""",KEEP
GSE2109,"""GSM46972""",KEEP
GSE2109,"""GSM46973""",KEEP
GSE2109,"""GSM46974""",KEEP
GSE2109,"""GSM46975""",KEEP
GSE2109,"""GSM46976""",KEEP
GSE2109,"""GSM53026""",KEEP
GSE2109,"""GSM53027""",KEEP
GSE2109,"""GSM53028""",KEEP
GSE2109,"""GSM53029""",KEEP
GSE2109,"""GSM53030""",KEEP
GSE2109,"""GSM53031""",KEEP
GSE2109,"""GSM53032""",KEEP
GSE2109,"""GSM53033""",KEEP
GSE2109,"""GSM53034""",KEEP
GSE2109,"""GSM53035""",KEEP
GSE2109,"""GSM53036""",KEEP
GSE2109,"""GSM53037""",KEEP
GSE2109,"""GSM53038""",KEEP
GSE2109,"""GSM53039""",KEEP
GSE2109,"""GSM53040""",KEEP
GSE2109,"""GSM53041""",KEEP
GSE2109,"""GSM53042""",KEEP
GSE2109,"""GSM53043""",KEEP
GSE2109,"""GSM53044""",KEEP
GSE2109,"""GSM53045""",KEEP
GSE2109,"""GSM53046""",KEEP
GSE2109,"""GSM53047""",KEEP
GSE2109,"""GSM53048""",KEEP
GSE2109,"""GSM53049""",KEEP
GSE2109,"""GSM53050""",KEEP
GSE2109,"""GSM53051""",KEEP
GSE2109,"""GSM53052""",KEEP
GSE2109,"""GSM53053""",KEEP
GSE2109,"""GSM53054""",KEEP
GSE2109,"""GSM53055""",KEEP
GSE2109,"""GSM53056""",KEEP
GSE2109,"""GSM53057""",KEEP
GSE2109,"""GSM53058""",KEEP
GSE2109,"""GSM53059""",KEEP
GSE2109,"""GSM53060""",KEEP
GSE2109,"""GSM53061""",KEEP
GSE2109,"""GSM53062""",KEEP
GSE2109,"""GSM53063""",KEEP
GSE2109,"""GSM53064""",KEEP
GSE2109,"""GSM53065""",KEEP
GSE2109,"""GSM53066""",KEEP
GSE2109,"""GSM53067""",KEEP
GSE2109,"""GSM53068""",KEEP
GSE2109,"""GSM53069""",KEEP
GSE2109,"""GSM53070""",KEEP
GSE2109,"""GSM53071""",KEEP
GSE2109,"""GSM53072""",KEEP
GSE2109,"""GSM53073""",KEEP
GSE2109,"""GSM53074""",KEEP
GSE2109,"""GSM53075""",KEEP
GSE2109,"""GSM53076""",KEEP
GSE2109,"""GSM53077""",KEEP
GSE2109,"""GSM53078""",KEEP
GSE2109,"""GSM53079""",KEEP
GSE2109,"""GSM53080""",KEEP
GSE2109,"""GSM53081""",KEEP
GSE2109,"""GSM53082""",KEEP
GSE2109,"""GSM53083""",KEEP
GSE2109,"""GSM53084""",KEEP
GSE2109,"""GSM53085""",KEEP
GSE2109,"""GSM53086""",KEEP
GSE2109,"""GSM53087""",KEEP
GSE2109,"""GSM53088""",KEEP
GSE2109,"""GSM53089""",KEEP
GSE2109,"""GSM53090""",KEEP
GSE2109,"""GSM53091""",KEEP
GSE2109,"""GSM53092""",KEEP
GSE2109,"""GSM53093""",KEEP
GSE2109,"""GSM53094""",KEEP
GSE2109,"""GSM53095""",KEEP
GSE2109,"""GSM53096""",KEEP
GSE2109,"""GSM53097""",KEEP
GSE2109,"""GSM53098""",KEEP
GSE2109,"""GSM53099""",KEEP
GSE2109,"""GSM53100""",KEEP
GSE2109,"""GSM53101""",KEEP
GSE2109,"""GSM53102""",KEEP
GSE2109,"""GSM53103""",KEEP
GSE2109,"""GSM53104""",KEEP
GSE2109,"""GSM53105""",KEEP
GSE2109,"""GSM53106""",KEEP
GSE2109,"""GSM53107""",KEEP
GSE2109,"""GSM53108""",KEEP
GSE2109,"""GSM53109""",KEEP
GSE2109,"""GSM53110""",KEEP
GSE2109,"""GSM53111""",KEEP
GSE2109,"""GSM53112""",KEEP
GSE2109,"""GSM53113""",KEEP
GSE2109,"""GSM53114""",KEEP
GSE2109,"""GSM53115""",KEEP
GSE2109,"""GSM53116""",KEEP
GSE2109,"""GSM53117""",KEEP
GSE2109,"""GSM53118""",KEEP
GSE2109,"""GSM53119""",KEEP
GSE2109,"""GSM53120""",KEEP
GSE2109,"""GSM53121""",KEEP
GSE2109,"""GSM53122""",KEEP
GSE2109,"""GSM53123""",KEEP
GSE2109,"""GSM53124""",KEEP
GSE2109,"""GSM53125""",KEEP
GSE2109,"""GSM53126""",KEEP
GSE2109,"""GSM53127""",KEEP
GSE2109,"""GSM53128""",KEEP
GSE2109,"""GSM53129""",KEEP
GSE2109,"""GSM53130""",KEEP
GSE2109,"""GSM53131""",KEEP
GSE2109,"""GSM53132""",KEEP
GSE2109,"""GSM53133""",KEEP
GSE2109,"""GSM53134""",KEEP
GSE2109,"""GSM53135""",KEEP
GSE2109,"""GSM53136""",KEEP
GSE2109,"""GSM53137""",KEEP
GSE2109,"""GSM53138""",KEEP
GSE2109,"""GSM53139""",KEEP
GSE2109,"""GSM53140""",KEEP
GSE2109,"""GSM53141""",KEEP
GSE2109,"""GSM53142""",KEEP
GSE2109,"""GSM53143""",KEEP
GSE2109,"""GSM53144""",KEEP
GSE2109,"""GSM53145""",KEEP
GSE2109,"""GSM53146""",KEEP
GSE2109,"""GSM53147""",KEEP
GSE2109,"""GSM53148""",KEEP
GSE2109,"""GSM53149""",KEEP
GSE2109,"""GSM53150""",KEEP
GSE2109,"""GSM53151""",KEEP
GSE2109,"""GSM53152""",KEEP
GSE2109,"""GSM53153""",KEEP
GSE2109,"""GSM53154""",KEEP
GSE2109,"""GSM53155""",KEEP
GSE2109,"""GSM53156""",KEEP
GSE2109,"""GSM53157""",KEEP
GSE2109,"""GSM53158""",KEEP
GSE2109,"""GSM53159""",KEEP
GSE2109,"""GSM53160""",KEEP
GSE2109,"""GSM53161""",KEEP
GSE2109,"""GSM53162""",KEEP
GSE2109,"""GSM53163""",KEEP
GSE2109,"""GSM53164""",KEEP
GSE2109,"""GSM53165""",KEEP
GSE2109,"""GSM53166""",KEEP
GSE2109,"""GSM53167""",KEEP
GSE2109,"""GSM53168""",KEEP
GSE2109,"""GSM53169""",KEEP
GSE2109,"""GSM53170""",KEEP
GSE2109,"""GSM53171""",KEEP
GSE2109,"""GSM53172""",KEEP
GSE2109,"""GSM53173""",KEEP
GSE2109,"""GSM53174""",KEEP
GSE2109,"""GSM53175""",KEEP
GSE2109,"""GSM53176""",KEEP
GSE2109,"""GSM53177""",KEEP
GSE2109,"""GSM53178""",KEEP
GSE2109,"""GSM53179""",KEEP
GSE2109,"""GSM53180""",KEEP
GSE2109,"""GSM53181""",KEEP
GSE2109,"""GSM53182""",KEEP
GSE2109,"""GSM53183""",KEEP
GSE2109,"""GSM53184""",KEEP
GSE2109,"""GSM53185""",KEEP
GSE2109,"""GSM53186""",KEEP
GSE2109,"""GSM53187""",KEEP
GSE2109,"""GSM53188""",KEEP
GSE2109,"""GSM53189""",KEEP
GSE2109,"""GSM76486""",KEEP
GSE2109,"""GSM76487""",KEEP
GSE2109,"""GSM76488""",KEEP
GSE2109,"""GSM76489""",KEEP
GSE2109,"""GSM76490""",KEEP
GSE2109,"""GSM76491""",KEEP
GSE2109,"""GSM76492""",KEEP
GSE2109,"""GSM76493""",KEEP
GSE2109,"""GSM76494""",KEEP
GSE2109,"""GSM76495""",KEEP
GSE2109,"""GSM76496""",KEEP
GSE2109,"""GSM76497""",KEEP
GSE2109,"""GSM76498""",KEEP
GSE2109,"""GSM76499""",KEEP
GSE2109,"""GSM76500""",KEEP
GSE2109,"""GSM76501""",KEEP
GSE2109,"""GSM76502""",KEEP
GSE2109,"""GSM76503""",KEEP
GSE2109,"""GSM76504""",KEEP
GSE2109,"""GSM76505""",KEEP
GSE2109,"""GSM76506""",KEEP
GSE2109,"""GSM76507""",KEEP
GSE2109,"""GSM76508""",KEEP
GSE2109,"""GSM76509""",KEEP
GSE2109,"""GSM76510""",KEEP
GSE2109,"""GSM76511""",KEEP
GSE2109,"""GSM76512""",KEEP
GSE2109,"""GSM76513""",KEEP
GSE2109,"""GSM76514""",KEEP
GSE2109,"""GSM76515""",KEEP
GSE2109,"""GSM76516""",KEEP
GSE2109,"""GSM76517""",KEEP
GSE2109,"""GSM76518""",KEEP
GSE2109,"""GSM76519""",KEEP
GSE2109,"""GSM76520""",KEEP
GSE2109,"""GSM76521""",KEEP
GSE2109,"""GSM76522""",KEEP
GSE2109,"""GSM76523""",KEEP
GSE2109,"""GSM76524""",KEEP
GSE2109,"""GSM76525""",KEEP
GSE2109,"""GSM76526""",KEEP
GSE2109,"""GSM76527""",KEEP
GSE2109,"""GSM76528""",KEEP
GSE2109,"""GSM76529""",KEEP
GSE2109,"""GSM76530""",KEEP
GSE2109,"""GSM76531""",KEEP
GSE2109,"""GSM76532""",KEEP
GSE2109,"""GSM76533""",KEEP
GSE2109,"""GSM76534""",KEEP
GSE2109,"""GSM76535""",KEEP
GSE2109,"""GSM76536""",KEEP
GSE2109,"""GSM76537""",KEEP
GSE2109,"""GSM76538""",KEEP
GSE2109,"""GSM76539""",KEEP
GSE2109,"""GSM76540""",KEEP
GSE2109,"""GSM76541""",KEEP
GSE2109,"""GSM76542""",KEEP
GSE2109,"""GSM76543""",KEEP
GSE2109,"""GSM76544""",KEEP
GSE2109,"""GSM76545""",KEEP
GSE2109,"""GSM76546""",KEEP
GSE2109,"""GSM76547""",KEEP
GSE2109,"""GSM76548""",KEEP
GSE2109,"""GSM76549""",KEEP
GSE2109,"""GSM76550""",KEEP
GSE2109,"""GSM76551""",KEEP
GSE2109,"""GSM76552""",KEEP
GSE2109,"""GSM76553""",KEEP
GSE2109,"""GSM76554""",KEEP
GSE2109,"""GSM76555""",KEEP
GSE2109,"""GSM76556""",KEEP
GSE2109,"""GSM76557""",KEEP
GSE2109,"""GSM76558""",KEEP
GSE2109,"""GSM76559""",KEEP
GSE2109,"""GSM76560""",KEEP
GSE2109,"""GSM76561""",KEEP
GSE2109,"""GSM76562""",KEEP
GSE2109,"""GSM76563""",KEEP
GSE2109,"""GSM76564""",KEEP
GSE2109,"""GSM76565""",KEEP
GSE2109,"""GSM76566""",KEEP
GSE2109,"""GSM76567""",KEEP
GSE2109,"""GSM76568""",KEEP
GSE2109,"""GSM76569""",KEEP
GSE2109,"""GSM76570""",KEEP
GSE2109,"""GSM76571""",KEEP
GSE2109,"""GSM76572""",KEEP
GSE2109,"""GSM76573""",KEEP
GSE2109,"""GSM76574""",KEEP
GSE2109,"""GSM76575""",KEEP
GSE2109,"""GSM76576""",KEEP
GSE2109,"""GSM76577""",KEEP
GSE2109,"""GSM76578""",KEEP
GSE2109,"""GSM76579""",KEEP
GSE2109,"""GSM76580""",KEEP
GSE2109,"""GSM76581""",KEEP
GSE2109,"""GSM76582""",KEEP
GSE2109,"""GSM76583""",KEEP
GSE2109,"""GSM76584""",KEEP
GSE2109,"""GSM76585""",KEEP
GSE2109,"""GSM76586""",KEEP
GSE2109,"""GSM76587""",KEEP
GSE2109,"""GSM76588""",KEEP
GSE2109,"""GSM76590""",KEEP
GSE2109,"""GSM76591""",KEEP
GSE2109,"""GSM76592""",KEEP
GSE2109,"""GSM76593""",KEEP
GSE2109,"""GSM76594""",KEEP
GSE2109,"""GSM76595""",KEEP
GSE2109,"""GSM76596""",KEEP
GSE2109,"""GSM76597""",KEEP
GSE2109,"""GSM76598""",KEEP
GSE2109,"""GSM76599""",KEEP
GSE2109,"""GSM76600""",KEEP
GSE2109,"""GSM76601""",KEEP
GSE2109,"""GSM76602""",KEEP
GSE2109,"""GSM76603""",KEEP
GSE2109,"""GSM76604""",KEEP
GSE2109,"""GSM76605""",KEEP
GSE2109,"""GSM76606""",KEEP
GSE2109,"""GSM76607""",KEEP
GSE2109,"""GSM76608""",KEEP
GSE2109,"""GSM76609""",KEEP
GSE2109,"""GSM76610""",KEEP
GSE2109,"""GSM76611""",KEEP
GSE2109,"""GSM76612""",KEEP
GSE2109,"""GSM76613""",KEEP
GSE2109,"""GSM76614""",KEEP
GSE2109,"""GSM76615""",KEEP
GSE2109,"""GSM76616""",KEEP
GSE2109,"""GSM76617""",KEEP
GSE2109,"""GSM76618""",KEEP
GSE2109,"""GSM76619""",KEEP
GSE2109,"""GSM76620""",KEEP
GSE2109,"""GSM76621""",KEEP
GSE2109,"""GSM76622""",KEEP
GSE2109,"""GSM76623""",KEEP
GSE2109,"""GSM76624""",KEEP
GSE2109,"""GSM76625""",KEEP
GSE2109,"""GSM76626""",KEEP
GSE2109,"""GSM76627""",KEEP
GSE2109,"""GSM76628""",KEEP
GSE2109,"""GSM76629""",KEEP
GSE2109,"""GSM76630""",KEEP
GSE2109,"""GSM76631""",KEEP
GSE2109,"""GSM76632""",KEEP
GSE2109,"""GSM76633""",KEEP
GSE2109,"""GSM76634""",KEEP
GSE2109,"""GSM76635""",KEEP
GSE2109,"""GSM76636""",KEEP
GSE2109,"""GSM76637""",KEEP
GSE2109,"""GSM76638""",KEEP
GSE2109,"""GSM76639""",KEEP
GSE2109,"""GSM76640""",KEEP
GSE2109,"""GSM76641""",KEEP
GSE2109,"""GSM76642""",KEEP
GSE2109,"""GSM76643""",KEEP
GSE2109,"""GSM76644""",KEEP
GSE2109,"""GSM76645""",KEEP
GSE2109,"""GSM76646""",KEEP
GSE2109,"""GSM76647""",KEEP
GSE2109,"""GSM76648""",KEEP
GSE2109,"""GSM76649""",KEEP
GSE2109,"""GSM88945""",KEEP
GSE2109,"""GSM88946""",KEEP
GSE2109,"""GSM88947""",KEEP
GSE2109,"""GSM88948""",KEEP
GSE2109,"""GSM88949""",KEEP
GSE2109,"""GSM88950""",KEEP
GSE2109,"""GSM88951""",KEEP
GSE2109,"""GSM88952""",KEEP
GSE2109,"""GSM88953""",KEEP
GSE2109,"""GSM88954""",KEEP
GSE2109,"""GSM88955""",KEEP
GSE2109,"""GSM88956""",KEEP
GSE2109,"""GSM88957""",KEEP
GSE2109,"""GSM88958""",KEEP
GSE2109,"""GSM88959""",KEEP
GSE2109,"""GSM88960""",KEEP
GSE2109,"""GSM88961""",KEEP
GSE2109,"""GSM88962""",KEEP
GSE2109,"""GSM88963""",KEEP
GSE2109,"""GSM88964""",KEEP
GSE2109,"""GSM88965""",KEEP
GSE2109,"""GSM88966""",KEEP
GSE2109,"""GSM88967""",KEEP
GSE2109,"""GSM88968""",KEEP
GSE2109,"""GSM88969""",KEEP
GSE2109,"""GSM88970""",KEEP
GSE2109,"""GSM88971""",KEEP
GSE2109,"""GSM88972""",KEEP
GSE2109,"""GSM88973""",KEEP
GSE2109,"""GSM88974""",KEEP
GSE2109,"""GSM88975""",KEEP
GSE2109,"""GSM88976""",KEEP
GSE2109,"""GSM88977""",KEEP
GSE2109,"""GSM88978""",KEEP
GSE2109,"""GSM88979""",KEEP
GSE2109,"""GSM88980""",KEEP
GSE2109,"""GSM88981""",KEEP
GSE2109,"""GSM88982""",KEEP
GSE2109,"""GSM88983""",KEEP
GSE2109,"""GSM88984""",KEEP
GSE2109,"""GSM88985""",KEEP
GSE2109,"""GSM88986""",KEEP
GSE2109,"""GSM88987""",KEEP
GSE2109,"""GSM88988""",KEEP
GSE2109,"""GSM88989""",KEEP
GSE2109,"""GSM88990""",KEEP
GSE2109,"""GSM88991""",KEEP
GSE2109,"""GSM88992""",KEEP
GSE2109,"""GSM88993""",KEEP
GSE2109,"""GSM88994""",KEEP
GSE2109,"""GSM88995""",KEEP
GSE2109,"""GSM88996""",KEEP
GSE2109,"""GSM88997""",KEEP
GSE2109,"""GSM88998""",KEEP
GSE2109,"""GSM88999""",KEEP
GSE2109,"""GSM89000""",KEEP
GSE2109,"""GSM89001""",KEEP
GSE2109,"""GSM89002""",KEEP
GSE2109,"""GSM89003""",KEEP
GSE2109,"""GSM89004""",KEEP
GSE2109,"""GSM89005""",KEEP
GSE2109,"""GSM89006""",KEEP
GSE2109,"""GSM89007""",KEEP
GSE2109,"""GSM89008""",KEEP
GSE2109,"""GSM89009""",KEEP
GSE2109,"""GSM89010""",KEEP
GSE2109,"""GSM89011""",KEEP
GSE2109,"""GSM89012""",KEEP
GSE2109,"""GSM89013""",KEEP
GSE2109,"""GSM89014""",KEEP
GSE2109,"""GSM89015""",KEEP
GSE2109,"""GSM89016""",KEEP
GSE2109,"""GSM89017""",KEEP
GSE2109,"""GSM89018""",KEEP
GSE2109,"""GSM89019""",KEEP
GSE2109,"""GSM89020""",KEEP
GSE2109,"""GSM89021""",KEEP
GSE2109,"""GSM89022""",KEEP
GSE2109,"""GSM89023""",KEEP
GSE2109,"""GSM89024""",KEEP
GSE2109,"""GSM89025""",KEEP
GSE2109,"""GSM89026""",KEEP
GSE2109,"""GSM89027""",KEEP
GSE2109,"""GSM89028""",KEEP
GSE2109,"""GSM89029""",KEEP
GSE2109,"""GSM89030""",KEEP
GSE2109,"""GSM89031""",KEEP
GSE2109,"""GSM89032""",KEEP
GSE2109,"""GSM89033""",KEEP
GSE2109,"""GSM89034""",KEEP
GSE2109,"""GSM89035""",KEEP
GSE2109,"""GSM89036""",KEEP
GSE2109,"""GSM89037""",KEEP
GSE2109,"""GSM89038""",KEEP
GSE2109,"""GSM89039""",KEEP
GSE2109,"""GSM89040""",KEEP
GSE2109,"""GSM89041""",KEEP
GSE2109,"""GSM89042""",KEEP
GSE2109,"""GSM89043""",KEEP
GSE2109,"""GSM89044""",KEEP
GSE2109,"""GSM89045""",KEEP
GSE2109,"""GSM89046""",KEEP
GSE2109,"""GSM89047""",KEEP
GSE2109,"""GSM89048""",KEEP
GSE2109,"""GSM89049""",KEEP
GSE2109,"""GSM89050""",KEEP
GSE2109,"""GSM89051""",KEEP
GSE2109,"""GSM89052""",KEEP
GSE2109,"""GSM89053""",KEEP
GSE2109,"""GSM89054""",KEEP
GSE2109,"""GSM89055""",KEEP
GSE2109,"""GSM89056""",KEEP
GSE2109,"""GSM89057""",KEEP
GSE2109,"""GSM89058""",KEEP
GSE2109,"""GSM89059""",KEEP
GSE2109,"""GSM89060""",KEEP
GSE2109,"""GSM89061""",KEEP
GSE2109,"""GSM89062""",KEEP
GSE2109,"""GSM89063""",KEEP
GSE2109,"""GSM89064""",KEEP
GSE2109,"""GSM89065""",KEEP
GSE2109,"""GSM89066""",KEEP
GSE2109,"""GSM89067""",KEEP
GSE2109,"""GSM89068""",KEEP
GSE2109,"""GSM89069""",KEEP
GSE2109,"""GSM89070""",KEEP
GSE2109,"""GSM89071""",KEEP
GSE2109,"""GSM89072""",KEEP
GSE2109,"""GSM89073""",KEEP
GSE2109,"""GSM89074""",KEEP
GSE2109,"""GSM89075""",KEEP
GSE2109,"""GSM89076""",KEEP
GSE2109,"""GSM89077""",KEEP
GSE2109,"""GSM89078""",KEEP
GSE2109,"""GSM89079""",KEEP
GSE2109,"""GSM89080""",KEEP
GSE2109,"""GSM89081""",KEEP
GSE2109,"""GSM89082""",KEEP
GSE2109,"""GSM89083""",KEEP
GSE2109,"""GSM89084""",KEEP
GSE2109,"""GSM89085""",KEEP
GSE2109,"""GSM89086""",KEEP
GSE2109,"""GSM89087""",KEEP
GSE2109,"""GSM89088""",KEEP
GSE2109,"""GSM89089""",KEEP
GSE2109,"""GSM89090""",KEEP
GSE2109,"""GSM89091""",KEEP
GSE2109,"""GSM89092""",KEEP
GSE2109,"""GSM89093""",KEEP
GSE2109,"""GSM89094""",KEEP
GSE2109,"""GSM89095""",KEEP
GSE2109,"""GSM89096""",KEEP
GSE2109,"""GSM89097""",KEEP
GSE2109,"""GSM89098""",KEEP
GSE2109,"""GSM89099""",KEEP
GSE2109,"""GSM89100""",KEEP
GSE2109,"""GSM89101""",KEEP
GSE2109,"""GSM89102""",KEEP
GSE2109,"""GSM89103""",KEEP
GSE2109,"""GSM89104""",KEEP
GSE2109,"""GSM102424""",KEEP
GSE2109,"""GSM102425""",KEEP
GSE2109,"""GSM102426""",KEEP
GSE2109,"""GSM102427""",KEEP
GSE2109,"""GSM102428""",KEEP
GSE2109,"""GSM102429""",KEEP
GSE2109,"""GSM102430""",KEEP
GSE2109,"""GSM102431""",KEEP
GSE2109,"""GSM102432""",KEEP
GSE2109,"""GSM102433""",KEEP
GSE2109,"""GSM102434""",KEEP
GSE2109,"""GSM102435""",KEEP
GSE2109,"""GSM102436""",KEEP
GSE2109,"""GSM102437""",KEEP
GSE2109,"""GSM102438""",KEEP
GSE2109,"""GSM102439""",KEEP
GSE2109,"""GSM102440""",KEEP
GSE2109,"""GSM102441""",KEEP
GSE2109,"""GSM102442""",KEEP
GSE2109,"""GSM102443""",KEEP
GSE2109,"""GSM102444""",KEEP
GSE2109,"""GSM102445""",KEEP
GSE2109,"""GSM102446""",KEEP
GSE2109,"""GSM102447""",KEEP
GSE2109,"""GSM102448""",KEEP
GSE2109,"""GSM102449""",KEEP
GSE2109,"""GSM102450""",KEEP
GSE2109,"""GSM102451""",KEEP
GSE2109,"""GSM102452""",KEEP
GSE2109,"""GSM102453""",KEEP
GSE2109,"""GSM102454""",KEEP
GSE2109,"""GSM102455""",KEEP
GSE2109,"""GSM102456""",KEEP
GSE2109,"""GSM102457""",KEEP
GSE2109,"""GSM102458""",KEEP
GSE2109,"""GSM102459""",KEEP
GSE2109,"""GSM102460""",KEEP
GSE2109,"""GSM102461""",KEEP
GSE2109,"""GSM102462""",KEEP
GSE2109,"""GSM102463""",KEEP
GSE2109,"""GSM102464""",KEEP
GSE2109,"""GSM102465""",KEEP
GSE2109,"""GSM102466""",KEEP
GSE2109,"""GSM102467""",KEEP
GSE2109,"""GSM102468""",KEEP
GSE2109,"""GSM102469""",KEEP
GSE2109,"""GSM102470""",KEEP
GSE2109,"""GSM102471""",KEEP
GSE2109,"""GSM102472""",KEEP
GSE2109,"""GSM102473""",KEEP
GSE2109,"""GSM102474""",KEEP
GSE2109,"""GSM102475""",KEEP
GSE2109,"""GSM102476""",KEEP
GSE2109,"""GSM102477""",KEEP
GSE2109,"""GSM102478""",KEEP
GSE2109,"""GSM102479""",KEEP
GSE2109,"""GSM102480""",KEEP
GSE2109,"""GSM102481""",KEEP
GSE2109,"""GSM102482""",KEEP
GSE2109,"""GSM102483""",KEEP
GSE2109,"""GSM102484""",KEEP
GSE2109,"""GSM102485""",KEEP
GSE2109,"""GSM102486""",KEEP
GSE2109,"""GSM102487""",KEEP
GSE2109,"""GSM102488""",KEEP
GSE2109,"""GSM102489""",KEEP
GSE2109,"""GSM102490""",KEEP
GSE2109,"""GSM102491""",KEEP
GSE2109,"""GSM102492""",KEEP
GSE2109,"""GSM102493""",KEEP
GSE2109,"""GSM102494""",KEEP
GSE2109,"""GSM102495""",KEEP
GSE2109,"""GSM102496""",KEEP
GSE2109,"""GSM102497""",KEEP
GSE2109,"""GSM102498""",KEEP
GSE2109,"""GSM102499""",KEEP
GSE2109,"""GSM102500""",KEEP
GSE2109,"""GSM102501""",KEEP
GSE2109,"""GSM102502""",KEEP
GSE2109,"""GSM102503""",KEEP
GSE2109,"""GSM102504""",KEEP
GSE2109,"""GSM102505""",KEEP
GSE2109,"""GSM102506""",KEEP
GSE2109,"""GSM102507""",KEEP
GSE2109,"""GSM102508""",KEEP
GSE2109,"""GSM102509""",KEEP
GSE2109,"""GSM102510""",KEEP
GSE2109,"""GSM102511""",KEEP
GSE2109,"""GSM102512""",KEEP
GSE2109,"""GSM102513""",KEEP
GSE2109,"""GSM102514""",KEEP
GSE2109,"""GSM102515""",KEEP
GSE2109,"""GSM102516""",KEEP
GSE2109,"""GSM102517""",KEEP
GSE2109,"""GSM102518""",KEEP
GSE2109,"""GSM102519""",KEEP
GSE2109,"""GSM102520""",KEEP
GSE2109,"""GSM102521""",KEEP
GSE2109,"""GSM102522""",KEEP
GSE2109,"""GSM102523""",KEEP
GSE2109,"""GSM102524""",KEEP
GSE2109,"""GSM102525""",KEEP
GSE2109,"""GSM102526""",KEEP
GSE2109,"""GSM102527""",KEEP
GSE2109,"""GSM102528""",KEEP
GSE2109,"""GSM102529""",KEEP
GSE2109,"""GSM102530""",KEEP
GSE2109,"""GSM102531""",KEEP
GSE2109,"""GSM102532""",KEEP
GSE2109,"""GSM102533""",KEEP
GSE2109,"""GSM102534""",KEEP
GSE2109,"""GSM102535""",KEEP
GSE2109,"""GSM102536""",KEEP
GSE2109,"""GSM102537""",KEEP
GSE2109,"""GSM102538""",KEEP
GSE2109,"""GSM102539""",KEEP
GSE2109,"""GSM102540""",KEEP
GSE2109,"""GSM102541""",KEEP
GSE2109,"""GSM102542""",KEEP
GSE2109,"""GSM102543""",KEEP
GSE2109,"""GSM102544""",KEEP
GSE2109,"""GSM102545""",KEEP
GSE2109,"""GSM102546""",KEEP
GSE2109,"""GSM102547""",KEEP
GSE2109,"""GSM102548""",KEEP
GSE2109,"""GSM102549""",KEEP
GSE2109,"""GSM102550""",KEEP
GSE2109,"""GSM102551""",KEEP
GSE2109,"""GSM102552""",KEEP
GSE2109,"""GSM102553""",KEEP
GSE2109,"""GSM102554""",KEEP
GSE2109,"""GSM102555""",KEEP
GSE2109,"""GSM102556""",KEEP
GSE2109,"""GSM102557""",KEEP
GSE2109,"""GSM102558""",KEEP
GSE2109,"""GSM102559""",KEEP
GSE2109,"""GSM102560""",KEEP
GSE2109,"""GSM102561""",KEEP
GSE2109,"""GSM102562""",KEEP
GSE2109,"""GSM102563""",KEEP
GSE2109,"""GSM102564""",KEEP
GSE2109,"""GSM102565""",KEEP
GSE2109,"""GSM102566""",KEEP
GSE2109,"""GSM102567""",KEEP
GSE2109,"""GSM102568""",KEEP
GSE2109,"""GSM102569""",KEEP
GSE2109,"""GSM102570""",KEEP
GSE2109,"""GSM102571""",KEEP
GSE2109,"""GSM102572""",KEEP
GSE2109,"""GSM102573""",KEEP
GSE2109,"""GSM102574""",KEEP
GSE2109,"""GSM102575""",KEEP
GSE2109,"""GSM102576""",KEEP
GSE2109,"""GSM102577""",KEEP
GSE2109,"""GSM102578""",KEEP
GSE2109,"""GSM102579""",KEEP
GSE2109,"""GSM102580""",KEEP
GSE2109,"""GSM102581""",KEEP
GSE2109,"""GSM102582""",KEEP
GSE2109,"""GSM102583""",KEEP
GSE2109,"""GSM117576""",KEEP
GSE2109,"""GSM117577""",KEEP
GSE2109,"""GSM117578""",KEEP
GSE2109,"""GSM117579""",KEEP
GSE2109,"""GSM117580""",KEEP
GSE2109,"""GSM117581""",KEEP
GSE2109,"""GSM117582""",KEEP
GSE2109,"""GSM117583""",KEEP
GSE2109,"""GSM117584""",KEEP
GSE2109,"""GSM117585""",KEEP
GSE2109,"""GSM117586""",KEEP
GSE2109,"""GSM117587""",KEEP
GSE2109,"""GSM117588""",KEEP
GSE2109,"""GSM117589""",KEEP
GSE2109,"""GSM117590""",KEEP
GSE2109,"""GSM117591""",KEEP
GSE2109,"""GSM117592""",KEEP
GSE2109,"""GSM117600""",KEEP
GSE2109,"""GSM117610""",KEEP
GSE2109,"""GSM117626""",KEEP
GSE2109,"""GSM117629""",KEEP
GSE2109,"""GSM117632""",KEEP
GSE2109,"""GSM117635""",KEEP
GSE2109,"""GSM117639""",KEEP
GSE2109,"""GSM117642""",KEEP
GSE2109,"""GSM117643""",KEEP
GSE2109,"""GSM117644""",KEEP
GSE2109,"""GSM117645""",KEEP
GSE2109,"""GSM117646""",KEEP
GSE2109,"""GSM117647""",KEEP
GSE2109,"""GSM117648""",KEEP
GSE2109,"""GSM117649""",KEEP
GSE2109,"""GSM117650""",KEEP
GSE2109,"""GSM117651""",KEEP
GSE2109,"""GSM117652""",KEEP
GSE2109,"""GSM117653""",KEEP
GSE2109,"""GSM117655""",KEEP
GSE2109,"""GSM117656""",KEEP
GSE2109,"""GSM117657""",KEEP
GSE2109,"""GSM117658""",KEEP
GSE2109,"""GSM117659""",KEEP
GSE2109,"""GSM117660""",KEEP
GSE2109,"""GSM117661""",KEEP
GSE2109,"""GSM117662""",KEEP
GSE2109,"""GSM117663""",KEEP
GSE2109,"""GSM117664""",KEEP
GSE2109,"""GSM117665""",KEEP
GSE2109,"""GSM117666""",KEEP
GSE2109,"""GSM117667""",KEEP
GSE2109,"""GSM117668""",KEEP
GSE2109,"""GSM117669""",KEEP
GSE2109,"""GSM117670""",KEEP
GSE2109,"""GSM117671""",KEEP
GSE2109,"""GSM117672""",KEEP
GSE2109,"""GSM117673""",KEEP
GSE2109,"""GSM117674""",KEEP
GSE2109,"""GSM117675""",KEEP
GSE2109,"""GSM117676""",KEEP
GSE2109,"""GSM117677""",KEEP
GSE2109,"""GSM117678""",KEEP
GSE2109,"""GSM117679""",KEEP
GSE2109,"""GSM117680""",KEEP
GSE2109,"""GSM117681""",KEEP
GSE2109,"""GSM117682""",KEEP
GSE2109,"""GSM117683""",KEEP
GSE2109,"""GSM117684""",KEEP
GSE2109,"""GSM117685""",KEEP
GSE2109,"""GSM117686""",KEEP
GSE2109,"""GSM117687""",KEEP
GSE2109,"""GSM117688""",KEEP
GSE2109,"""GSM117689""",KEEP
GSE2109,"""GSM117690""",KEEP
GSE2109,"""GSM117691""",KEEP
GSE2109,"""GSM117692""",KEEP
GSE2109,"""GSM117693""",KEEP
GSE2109,"""GSM117694""",KEEP
GSE2109,"""GSM117695""",KEEP
GSE2109,"""GSM117696""",KEEP
GSE2109,"""GSM117697""",KEEP
GSE2109,"""GSM117698""",KEEP
GSE2109,"""GSM117699""",KEEP
GSE2109,"""GSM117700""",KEEP
GSE2109,"""GSM117701""",KEEP
GSE2109,"""GSM117702""",KEEP
GSE2109,"""GSM117703""",KEEP
GSE2109,"""GSM117704""",KEEP
GSE2109,"""GSM117705""",KEEP
GSE2109,"""GSM117706""",KEEP
GSE2109,"""GSM117707""",KEEP
GSE2109,"""GSM117708""",KEEP
GSE2109,"""GSM117709""",KEEP
GSE2109,"""GSM117710""",KEEP
GSE2109,"""GSM117711""",KEEP
GSE2109,"""GSM117712""",KEEP
GSE2109,"""GSM117713""",KEEP
GSE2109,"""GSM117714""",KEEP
GSE2109,"""GSM117715""",KEEP
GSE2109,"""GSM117716""",KEEP
GSE2109,"""GSM117717""",KEEP
GSE2109,"""GSM117718""",KEEP
GSE2109,"""GSM117719""",KEEP
GSE2109,"""GSM117720""",KEEP
GSE2109,"""GSM117721""",KEEP
GSE2109,"""GSM117722""",KEEP
GSE2109,"""GSM117723""",KEEP
GSE2109,"""GSM117724""",KEEP
GSE2109,"""GSM117725""",KEEP
GSE2109,"""GSM117726""",KEEP
GSE2109,"""GSM117727""",KEEP
GSE2109,"""GSM117728""",KEEP
GSE2109,"""GSM117729""",KEEP
GSE2109,"""GSM117730""",KEEP
GSE2109,"""GSM117731""",KEEP
GSE2109,"""GSM117732""",KEEP
GSE2109,"""GSM117734""",KEEP
GSE2109,"""GSM117735""",KEEP
GSE2109,"""GSM117736""",KEEP
GSE2109,"""GSM117737""",KEEP
GSE2109,"""GSM117738""",KEEP
GSE2109,"""GSM117739""",KEEP
GSE2109,"""GSM117740""",KEEP
GSE2109,"""GSM117741""",KEEP
GSE2109,"""GSM117742""",KEEP
GSE2109,"""GSM117743""",KEEP
GSE2109,"""GSM117744""",KEEP
GSE2109,"""GSM117745""",KEEP
GSE2109,"""GSM117746""",KEEP
GSE2109,"""GSM117747""",KEEP
GSE2109,"""GSM117748""",KEEP
GSE2109,"""GSM117749""",KEEP
GSE2109,"""GSM117750""",KEEP
GSE2109,"""GSM117751""",KEEP
GSE2109,"""GSM117752""",KEEP
GSE2109,"""GSM117753""",KEEP
GSE2109,"""GSM117754""",KEEP
GSE2109,"""GSM117755""",KEEP
GSE2109,"""GSM117756""",KEEP
GSE2109,"""GSM117757""",KEEP
GSE2109,"""GSM117758""",KEEP
GSE2109,"""GSM117759""",KEEP
GSE2109,"""GSM117760""",KEEP
GSE2109,"""GSM117761""",KEEP
GSE2109,"""GSM117762""",KEEP
GSE2109,"""GSM117763""",KEEP
GSE2109,"""GSM117765""",KEEP
GSE2109,"""GSM117766""",KEEP
GSE2109,"""GSM117767""",KEEP
GSE2109,"""GSM117768""",KEEP
GSE2109,"""GSM117769""",KEEP
GSE2109,"""GSM117770""",KEEP
GSE2109,"""GSM117771""",KEEP
GSE2109,"""GSM117772""",KEEP
GSE2109,"""GSM117774""",KEEP
GSE2109,"""GSM117775""",KEEP
GSE2109,"""GSM117776""",KEEP
GSE2109,"""GSM117777""",KEEP
GSE2109,"""GSM137895""",KEEP
GSE2109,"""GSM137896""",KEEP
GSE2109,"""GSM137897""",KEEP
GSE2109,"""GSM137898""",KEEP
GSE2109,"""GSM137899""",KEEP
GSE2109,"""GSM137900""",KEEP
GSE2109,"""GSM137901""",KEEP
GSE2109,"""GSM137902""",KEEP
GSE2109,"""GSM137903""",KEEP
GSE2109,"""GSM137904""",KEEP
GSE2109,"""GSM137905""",KEEP
GSE2109,"""GSM137906""",KEEP
GSE2109,"""GSM137907""",KEEP
GSE2109,"""GSM137908""",KEEP
GSE2109,"""GSM137909""",KEEP
GSE2109,"""GSM137910""",KEEP
GSE2109,"""GSM137911""",KEEP
GSE2109,"""GSM137912""",KEEP
GSE2109,"""GSM137913""",KEEP
GSE2109,"""GSM137914""",KEEP
GSE2109,"""GSM137915""",KEEP
GSE2109,"""GSM137916""",KEEP
GSE2109,"""GSM137917""",KEEP
GSE2109,"""GSM137918""",KEEP
GSE2109,"""GSM137919""",KEEP
GSE2109,"""GSM137920""",KEEP
GSE2109,"""GSM137921""",KEEP
GSE2109,"""GSM137922""",KEEP
GSE2109,"""GSM137923""",KEEP
GSE2109,"""GSM137924""",KEEP
GSE2109,"""GSM137925""",KEEP
GSE2109,"""GSM137926""",KEEP
GSE2109,"""GSM137927""",KEEP
GSE2109,"""GSM137928""",KEEP
GSE2109,"""GSM137929""",KEEP
GSE2109,"""GSM137930""",KEEP
GSE2109,"""GSM137931""",KEEP
GSE2109,"""GSM137932""",KEEP
GSE2109,"""GSM137933""",KEEP
GSE2109,"""GSM137934""",KEEP
GSE2109,"""GSM137935""",KEEP
GSE2109,"""GSM137936""",KEEP
GSE2109,"""GSM137937""",KEEP
GSE2109,"""GSM137938""",KEEP
GSE2109,"""GSM137939""",KEEP
GSE2109,"""GSM137940""",KEEP
GSE2109,"""GSM137941""",KEEP
GSE2109,"""GSM137942""",KEEP
GSE2109,"""GSM137943""",KEEP
GSE2109,"""GSM137944""",KEEP
GSE2109,"""GSM137945""",KEEP
GSE2109,"""GSM137946""",KEEP
GSE2109,"""GSM137947""",KEEP
GSE2109,"""GSM137948""",KEEP
GSE2109,"""GSM137949""",KEEP
GSE2109,"""GSM137950""",KEEP
GSE2109,"""GSM137951""",KEEP
GSE2109,"""GSM137952""",KEEP
GSE2109,"""GSM137953""",KEEP
GSE2109,"""GSM137954""",KEEP
GSE2109,"""GSM137955""",KEEP
GSE2109,"""GSM137956""",KEEP
GSE2109,"""GSM137957""",KEEP
GSE2109,"""GSM137958""",KEEP
GSE2109,"""GSM137959""",KEEP
GSE2109,"""GSM137960""",KEEP
GSE2109,"""GSM137961""",KEEP
GSE2109,"""GSM137962""",KEEP
GSE2109,"""GSM137963""",KEEP
GSE2109,"""GSM137964""",KEEP
GSE2109,"""GSM137965""",KEEP
GSE2109,"""GSM137966""",KEEP
GSE2109,"""GSM137967""",KEEP
GSE2109,"""GSM137968""",KEEP
GSE2109,"""GSM137969""",KEEP
GSE2109,"""GSM137970""",KEEP
GSE2109,"""GSM137971""",KEEP
GSE2109,"""GSM137972""",KEEP
GSE2109,"""GSM137973""",KEEP
GSE2109,"""GSM137974""",KEEP
GSE2109,"""GSM137975""",KEEP
GSE2109,"""GSM137976""",KEEP
GSE2109,"""GSM137977""",KEEP
GSE2109,"""GSM137978""",KEEP
GSE2109,"""GSM137979""",KEEP
GSE2109,"""GSM137980""",KEEP
GSE2109,"""GSM137981""",KEEP
GSE2109,"""GSM137982""",KEEP
GSE2109,"""GSM137983""",KEEP
GSE2109,"""GSM137984""",KEEP
GSE2109,"""GSM137985""",KEEP
GSE2109,"""GSM137986""",KEEP
GSE2109,"""GSM137987""",KEEP
GSE2109,"""GSM137988""",KEEP
GSE2109,"""GSM137989""",KEEP
GSE2109,"""GSM137990""",KEEP
GSE2109,"""GSM137991""",KEEP
GSE2109,"""GSM137992""",KEEP
GSE2109,"""GSM137993""",KEEP
GSE2109,"""GSM137994""",KEEP
GSE2109,"""GSM137995""",KEEP
GSE2109,"""GSM137996""",KEEP
GSE2109,"""GSM137997""",KEEP
GSE2109,"""GSM137998""",KEEP
GSE2109,"""GSM137999""",KEEP
GSE2109,"""GSM138000""",KEEP
GSE2109,"""GSM138001""",KEEP
GSE2109,"""GSM138002""",KEEP
GSE2109,"""GSM138003""",KEEP
GSE2109,"""GSM138004""",KEEP
GSE2109,"""GSM138005""",KEEP
GSE2109,"""GSM138006""",KEEP
GSE2109,"""GSM138007""",KEEP
GSE2109,"""GSM138008""",KEEP
GSE2109,"""GSM138009""",KEEP
GSE2109,"""GSM138010""",KEEP
GSE2109,"""GSM138011""",KEEP
GSE2109,"""GSM138012""",KEEP
GSE2109,"""GSM138013""",KEEP
GSE2109,"""GSM138014""",KEEP
GSE2109,"""GSM138015""",KEEP
GSE2109,"""GSM138016""",KEEP
GSE2109,"""GSM138017""",KEEP
GSE2109,"""GSM138018""",KEEP
GSE2109,"""GSM138019""",KEEP
GSE2109,"""GSM138020""",KEEP
GSE2109,"""GSM138021""",KEEP
GSE2109,"""GSM138022""",KEEP
GSE2109,"""GSM138023""",KEEP
GSE2109,"""GSM138024""",KEEP
GSE2109,"""GSM138025""",KEEP
GSE2109,"""GSM138026""",KEEP
GSE2109,"""GSM138027""",KEEP
GSE2109,"""GSM138028""",KEEP
GSE2109,"""GSM138029""",KEEP
GSE2109,"""GSM138030""",KEEP
GSE2109,"""GSM138031""",KEEP
GSE2109,"""GSM138032""",KEEP
GSE2109,"""GSM138033""",KEEP
GSE2109,"""GSM138034""",KEEP
GSE2109,"""GSM138035""",KEEP
GSE2109,"""GSM138036""",KEEP
GSE2109,"""GSM138037""",KEEP
GSE2109,"""GSM138038""",KEEP
GSE2109,"""GSM138039""",KEEP
GSE2109,"""GSM138040""",KEEP
GSE2109,"""GSM138041""",KEEP
GSE2109,"""GSM138042""",KEEP
GSE2109,"""GSM138043""",KEEP
GSE2109,"""GSM138044""",KEEP
GSE2109,"""GSM138045""",KEEP
GSE2109,"""GSM138046""",KEEP
GSE2109,"""GSM138047""",KEEP
GSE2109,"""GSM138048""",KEEP
GSE2109,"""GSM138049""",KEEP
GSE2109,"""GSM138050""",KEEP
GSE2109,"""GSM138051""",KEEP
GSE2109,"""GSM138052""",KEEP
GSE2109,"""GSM138053""",KEEP
GSE2109,"""GSM138054""",KEEP
GSE2109,"""GSM152564""",KEEP
GSE2109,"""GSM152565""",KEEP
GSE2109,"""GSM152566""",KEEP
GSE2109,"""GSM152567""",KEEP
GSE2109,"""GSM152568""",KEEP
GSE2109,"""GSM152569""",KEEP
GSE2109,"""GSM152570""",KEEP
GSE2109,"""GSM152571""",KEEP
GSE2109,"""GSM152572""",KEEP
GSE2109,"""GSM152573""",KEEP
GSE2109,"""GSM152574""",KEEP
GSE2109,"""GSM152575""",KEEP
GSE2109,"""GSM152576""",KEEP
GSE2109,"""GSM152577""",KEEP
GSE2109,"""GSM152578""",KEEP
GSE2109,"""GSM152579""",KEEP
GSE2109,"""GSM152580""",KEEP
GSE2109,"""GSM152581""",KEEP
GSE2109,"""GSM152582""",KEEP
GSE2109,"""GSM152583""",KEEP
GSE2109,"""GSM152584""",KEEP
GSE2109,"""GSM152585""",KEEP
GSE2109,"""GSM152586""",KEEP
GSE2109,"""GSM152587""",KEEP
GSE2109,"""GSM152588""",KEEP
GSE2109,"""GSM152589""",KEEP
GSE2109,"""GSM152590""",KEEP
GSE2109,"""GSM152591""",KEEP
GSE2109,"""GSM152592""",KEEP
GSE2109,"""GSM152593""",KEEP
GSE2109,"""GSM152594""",KEEP
GSE2109,"""GSM152595""",KEEP
GSE2109,"""GSM152596""",KEEP
GSE2109,"""GSM152597""",KEEP
GSE2109,"""GSM152598""",KEEP
GSE2109,"""GSM152599""",KEEP
GSE2109,"""GSM152600""",KEEP
GSE2109,"""GSM152601""",KEEP
GSE2109,"""GSM152602""",KEEP
GSE2109,"""GSM152603""",KEEP
GSE2109,"""GSM152604""",KEEP
GSE2109,"""GSM152605""",KEEP
GSE2109,"""GSM152606""",KEEP
GSE2109,"""GSM152607""",KEEP
GSE2109,"""GSM152608""",KEEP
GSE2109,"""GSM152609""",KEEP
GSE2109,"""GSM152610""",KEEP
GSE2109,"""GSM152611""",KEEP
GSE2109,"""GSM152612""",KEEP
GSE2109,"""GSM152613""",KEEP
GSE2109,"""GSM152614""",KEEP
GSE2109,"""GSM152615""",KEEP
GSE2109,"""GSM152616""",KEEP
GSE2109,"""GSM152617""",KEEP
GSE2109,"""GSM152618""",KEEP
GSE2109,"""GSM152619""",KEEP
GSE2109,"""GSM152620""",KEEP
GSE2109,"""GSM152621""",KEEP
GSE2109,"""GSM152622""",KEEP
GSE2109,"""GSM152623""",KEEP
GSE2109,"""GSM152624""",KEEP
GSE2109,"""GSM152625""",KEEP
GSE2109,"""GSM152626""",KEEP
GSE2109,"""GSM152627""",KEEP
GSE2109,"""GSM152628""",KEEP
GSE2109,"""GSM152629""",KEEP
GSE2109,"""GSM152630""",KEEP
GSE2109,"""GSM152631""",KEEP
GSE2109,"""GSM152632""",KEEP
GSE2109,"""GSM152633""",KEEP
GSE2109,"""GSM152634""",KEEP
GSE2109,"""GSM152635""",KEEP
GSE2109,"""GSM152636""",KEEP
GSE2109,"""GSM152637""",KEEP
GSE2109,"""GSM152638""",KEEP
GSE2109,"""GSM152639""",KEEP
GSE2109,"""GSM152640""",KEEP
GSE2109,"""GSM152641""",KEEP
GSE2109,"""GSM152642""",KEEP
GSE2109,"""GSM152643""",KEEP
GSE2109,"""GSM152644""",KEEP
GSE2109,"""GSM152645""",KEEP
GSE2109,"""GSM152646""",KEEP
GSE2109,"""GSM152647""",KEEP
GSE2109,"""GSM152648""",KEEP
GSE2109,"""GSM152649""",KEEP
GSE2109,"""GSM152650""",KEEP
GSE2109,"""GSM152651""",KEEP
GSE2109,"""GSM152652""",KEEP
GSE2109,"""GSM152653""",KEEP
GSE2109,"""GSM152654""",KEEP
GSE2109,"""GSM152655""",KEEP
GSE2109,"""GSM152656""",KEEP
GSE2109,"""GSM152657""",KEEP
GSE2109,"""GSM152658""",KEEP
GSE2109,"""GSM152659""",KEEP
GSE2109,"""GSM152660""",KEEP
GSE2109,"""GSM152661""",KEEP
GSE2109,"""GSM152662""",KEEP
GSE2109,"""GSM152663""",KEEP
GSE2109,"""GSM152664""",KEEP
GSE2109,"""GSM152665""",KEEP
GSE2109,"""GSM152666""",KEEP
GSE2109,"""GSM152667""",KEEP
GSE2109,"""GSM152668""",KEEP
GSE2109,"""GSM152669""",KEEP
GSE2109,"""GSM152670""",KEEP
GSE2109,"""GSM152671""",KEEP
GSE2109,"""GSM152672""",KEEP
GSE2109,"""GSM152673""",KEEP
GSE2109,"""GSM152674""",KEEP
GSE2109,"""GSM152675""",KEEP
GSE2109,"""GSM152676""",KEEP
GSE2109,"""GSM152677""",KEEP
GSE2109,"""GSM152678""",KEEP
GSE2109,"""GSM152679""",KEEP
GSE2109,"""GSM152680""",KEEP
GSE2109,"""GSM152681""",KEEP
GSE2109,"""GSM152682""",KEEP
GSE2109,"""GSM152683""",KEEP
GSE2109,"""GSM152684""",KEEP
GSE2109,"""GSM152685""",KEEP
GSE2109,"""GSM152686""",KEEP
GSE2109,"""GSM152687""",KEEP
GSE2109,"""GSM152688""",KEEP
GSE2109,"""GSM152689""",KEEP
GSE2109,"""GSM152690""",KEEP
GSE2109,"""GSM152691""",KEEP
GSE2109,"""GSM152692""",KEEP
GSE2109,"""GSM152693""",KEEP
GSE2109,"""GSM152694""",KEEP
GSE2109,"""GSM152695""",KEEP
GSE2109,"""GSM152696""",KEEP
GSE2109,"""GSM152697""",KEEP
GSE2109,"""GSM152698""",KEEP
GSE2109,"""GSM152699""",KEEP
GSE2109,"""GSM152700""",KEEP
GSE2109,"""GSM152701""",KEEP
GSE2109,"""GSM152702""",KEEP
GSE2109,"""GSM152703""",KEEP
GSE2109,"""GSM152704""",KEEP
GSE2109,"""GSM152705""",KEEP
GSE2109,"""GSM152706""",KEEP
GSE2109,"""GSM152707""",KEEP
GSE2109,"""GSM152708""",KEEP
GSE2109,"""GSM152709""",KEEP
GSE2109,"""GSM152710""",KEEP
GSE2109,"""GSM152711""",KEEP
GSE2109,"""GSM152712""",KEEP
GSE2109,"""GSM152713""",KEEP
GSE2109,"""GSM152714""",KEEP
GSE2109,"""GSM152715""",KEEP
GSE2109,"""GSM152716""",KEEP
GSE2109,"""GSM152717""",KEEP
GSE2109,"""GSM152718""",KEEP
GSE2109,"""GSM152719""",KEEP
GSE2109,"""GSM152720""",KEEP
GSE2109,"""GSM152721""",KEEP
GSE2109,"""GSM152722""",KEEP
GSE2109,"""GSM152723""",KEEP
GSE2109,"""GSM152724""",KEEP
GSE2109,"""GSM152725""",KEEP
GSE2109,"""GSM152726""",KEEP
GSE2109,"""GSM152727""",KEEP
GSE2109,"""GSM152728""",KEEP
GSE2109,"""GSM152729""",KEEP
GSE2109,"""GSM152730""",KEEP
GSE2109,"""GSM152731""",KEEP
GSE2109,"""GSM152732""",KEEP
GSE2109,"""GSM152733""",KEEP
GSE2109,"""GSM152734""",KEEP
GSE2109,"""GSM152735""",KEEP
GSE2109,"""GSM152736""",KEEP
GSE2109,"""GSM152737""",KEEP
GSE2109,"""GSM152738""",KEEP
GSE2109,"""GSM152739""",KEEP
GSE2109,"""GSM152740""",KEEP
GSE2109,"""GSM152741""",KEEP
GSE2109,"""GSM152742""",KEEP
GSE2109,"""GSM152743""",KEEP
GSE2109,"""GSM152744""",KEEP
GSE2109,"""GSM152745""",KEEP
GSE2109,"""GSM152746""",KEEP
GSE2109,"""GSM152747""",KEEP
GSE2109,"""GSM152748""",KEEP
GSE2109,"""GSM152749""",KEEP
GSE2109,"""GSM152750""",KEEP
GSE2109,"""GSM152751""",KEEP
GSE2109,"""GSM152752""",KEEP
GSE2109,"""GSM152753""",KEEP
GSE2109,"""GSM152754""",KEEP
GSE2109,"""GSM152755""",KEEP
GSE2109,"""GSM152756""",KEEP
GSE2109,"""GSM152757""",KEEP
GSE2109,"""GSM152758""",KEEP
GSE2109,"""GSM152759""",KEEP
GSE2109,"""GSM152760""",KEEP
GSE2109,"""GSM152761""",KEEP
GSE2109,"""GSM152762""",KEEP
GSE2109,"""GSM152763""",KEEP
GSE2109,"""GSM152764""",KEEP
GSE2109,"""GSM152765""",KEEP
GSE2109,"""GSM152766""",KEEP
GSE2109,"""GSM152767""",KEEP
GSE2109,"""GSM152768""",KEEP
GSE2109,"""GSM152769""",KEEP
GSE2109,"""GSM152770""",KEEP
GSE2109,"""GSM152771""",KEEP
GSE2109,"""GSM152772""",KEEP
GSE2109,"""GSM152773""",KEEP
GSE2109,"""GSM152774""",KEEP
GSE2109,"""GSM152775""",KEEP
GSE2109,"""GSM152776""",KEEP
GSE2109,"""GSM152777""",KEEP
GSE2109,"""GSM152778""",KEEP
GSE2109,"""GSM152779""",KEEP
GSE2109,"""GSM152780""",KEEP
GSE2109,"""GSM152781""",KEEP
GSE2109,"""GSM152782""",KEEP
GSE2109,"""GSM152783""",KEEP
GSE2109,"""GSM152784""",KEEP
GSE2109,"""GSM152785""",KEEP
GSE2109,"""GSM152786""",KEEP
GSE2109,"""GSM152787""",KEEP
GSE2109,"""GSM152788""",KEEP
GSE2109,"""GSM152789""",KEEP
GSE2109,"""GSM152790""",KEEP
GSE2109,"""GSM152791""",KEEP
GSE2109,"""GSM152792""",KEEP
GSE2109,"""GSM152793""",KEEP
GSE2109,"""GSM152794""",KEEP
GSE2109,"""GSM152795""",KEEP
GSE2109,"""GSM152796""",KEEP
GSE2109,"""GSM152797""",KEEP
GSE2109,"""GSM152798""",KEEP
GSE2109,"""GSM152799""",KEEP
GSE2109,"""GSM152800""",KEEP
GSE2109,"""GSM152801""",KEEP
GSE2109,"""GSM152802""",KEEP
GSE2109,"""GSM152803""",KEEP
GSE2109,"""GSM179778""",KEEP
GSE2109,"""GSM179779""",KEEP
GSE2109,"""GSM179780""",KEEP
GSE2109,"""GSM179781""",KEEP
GSE2109,"""GSM179782""",KEEP
GSE2109,"""GSM179783""",KEEP
GSE2109,"""GSM179784""",KEEP
GSE2109,"""GSM179785""",KEEP
GSE2109,"""GSM179786""",KEEP
GSE2109,"""GSM179787""",KEEP
GSE2109,"""GSM179788""",KEEP
GSE2109,"""GSM179789""",KEEP
GSE2109,"""GSM179790""",KEEP
GSE2109,"""GSM179791""",KEEP
GSE2109,"""GSM179792""",KEEP
GSE2109,"""GSM179793""",KEEP
GSE2109,"""GSM179794""",KEEP
GSE2109,"""GSM179795""",KEEP
GSE2109,"""GSM179796""",KEEP
GSE2109,"""GSM179797""",KEEP
GSE2109,"""GSM179798""",KEEP
GSE2109,"""GSM179799""",KEEP
GSE2109,"""GSM179800""",KEEP
GSE2109,"""GSM179801""",KEEP
GSE2109,"""GSM179802""",KEEP
GSE2109,"""GSM179803""",KEEP
GSE2109,"""GSM179804""",KEEP
GSE2109,"""GSM179805""",KEEP
GSE2109,"""GSM179806""",KEEP
GSE2109,"""GSM179807""",KEEP
GSE2109,"""GSM179808""",KEEP
GSE2109,"""GSM179809""",KEEP
GSE2109,"""GSM179810""",KEEP
GSE2109,"""GSM179811""",KEEP
GSE2109,"""GSM179812""",KEEP
GSE2109,"""GSM179813""",KEEP
GSE2109,"""GSM179814""",KEEP
GSE2109,"""GSM179815""",KEEP
GSE2109,"""GSM179816""",KEEP
GSE2109,"""GSM179817""",KEEP
GSE2109,"""GSM179818""",KEEP
GSE2109,"""GSM179819""",KEEP
GSE2109,"""GSM179820""",KEEP
GSE2109,"""GSM179821""",KEEP
GSE2109,"""GSM179822""",KEEP
GSE2109,"""GSM179823""",KEEP
GSE2109,"""GSM179824""",KEEP
GSE2109,"""GSM179825""",KEEP
GSE2109,"""GSM179826""",KEEP
GSE2109,"""GSM179827""",KEEP
GSE2109,"""GSM179828""",KEEP
GSE2109,"""GSM179829""",KEEP
GSE2109,"""GSM179830""",KEEP
GSE2109,"""GSM179831""",KEEP
GSE2109,"""GSM179832""",KEEP
GSE2109,"""GSM179833""",KEEP
GSE2109,"""GSM179834""",KEEP
GSE2109,"""GSM179835""",KEEP
GSE2109,"""GSM179836""",KEEP
GSE2109,"""GSM179837""",KEEP
GSE2109,"""GSM179838""",KEEP
GSE2109,"""GSM179839""",KEEP
GSE2109,"""GSM179840""",KEEP
GSE2109,"""GSM179841""",KEEP
GSE2109,"""GSM179842""",KEEP
GSE2109,"""GSM179843""",KEEP
GSE2109,"""GSM179844""",KEEP
GSE2109,"""GSM179845""",KEEP
GSE2109,"""GSM179846""",KEEP
GSE2109,"""GSM179847""",KEEP
GSE2109,"""GSM179848""",KEEP
GSE2109,"""GSM179849""",KEEP
GSE2109,"""GSM179850""",KEEP
GSE2109,"""GSM179851""",KEEP
GSE2109,"""GSM179852""",KEEP
GSE2109,"""GSM179853""",KEEP
GSE2109,"""GSM179854""",KEEP
GSE2109,"""GSM179855""",KEEP
GSE2109,"""GSM179856""",KEEP
GSE2109,"""GSM179857""",KEEP
GSE2109,"""GSM179858""",KEEP
GSE2109,"""GSM179859""",KEEP
GSE2109,"""GSM179860""",KEEP
GSE2109,"""GSM179861""",KEEP
GSE2109,"""GSM179862""",KEEP
GSE2109,"""GSM179863""",KEEP
GSE2109,"""GSM179864""",KEEP
GSE2109,"""GSM179865""",KEEP
GSE2109,"""GSM179866""",KEEP
GSE2109,"""GSM179867""",KEEP
GSE2109,"""GSM179868""",KEEP
GSE2109,"""GSM179869""",KEEP
GSE2109,"""GSM179870""",KEEP
GSE2109,"""GSM179871""",KEEP
GSE2109,"""GSM179872""",KEEP
GSE2109,"""GSM179873""",KEEP
GSE2109,"""GSM179874""",KEEP
GSE2109,"""GSM179875""",KEEP
GSE2109,"""GSM179876""",KEEP
GSE2109,"""GSM179877""",KEEP
GSE2109,"""GSM179878""",KEEP
GSE2109,"""GSM179879""",KEEP
GSE2109,"""GSM179880""",KEEP
GSE2109,"""GSM179881""",KEEP
GSE2109,"""GSM179882""",KEEP
GSE2109,"""GSM179883""",KEEP
GSE2109,"""GSM179884""",KEEP
GSE2109,"""GSM179885""",KEEP
GSE2109,"""GSM179886""",KEEP
GSE2109,"""GSM179887""",KEEP
GSE2109,"""GSM179888""",KEEP
GSE2109,"""GSM179889""",KEEP
GSE2109,"""GSM179890""",KEEP
GSE2109,"""GSM179891""",KEEP
GSE2109,"""GSM179892""",KEEP
GSE2109,"""GSM179893""",KEEP
GSE2109,"""GSM179894""",KEEP
GSE2109,"""GSM179895""",KEEP
GSE2109,"""GSM179896""",KEEP
GSE2109,"""GSM179897""",KEEP
GSE2109,"""GSM179898""",KEEP
GSE2109,"""GSM179899""",KEEP
GSE2109,"""GSM179900""",KEEP
GSE2109,"""GSM179901""",KEEP
GSE2109,"""GSM179902""",KEEP
GSE2109,"""GSM179903""",KEEP
GSE2109,"""GSM179904""",KEEP
GSE2109,"""GSM179905""",KEEP
GSE2109,"""GSM179906""",KEEP
GSE2109,"""GSM179907""",KEEP
GSE2109,"""GSM179908""",KEEP
GSE2109,"""GSM179909""",KEEP
GSE2109,"""GSM179910""",KEEP
GSE2109,"""GSM179911""",KEEP
GSE2109,"""GSM179912""",KEEP
GSE2109,"""GSM179913""",KEEP
GSE2109,"""GSM179914""",KEEP
GSE2109,"""GSM179915""",KEEP
GSE2109,"""GSM179916""",KEEP
GSE2109,"""GSM179917""",KEEP
GSE2109,"""GSM179918""",KEEP
GSE2109,"""GSM179919""",KEEP
GSE2109,"""GSM179920""",KEEP
GSE2109,"""GSM179921""",KEEP
GSE2109,"""GSM179922""",KEEP
GSE2109,"""GSM179923""",KEEP
GSE2109,"""GSM179924""",KEEP
GSE2109,"""GSM179925""",KEEP
GSE2109,"""GSM179926""",KEEP
GSE2109,"""GSM179927""",KEEP
GSE2109,"""GSM179928""",KEEP
GSE2109,"""GSM179929""",KEEP
GSE2109,"""GSM179930""",KEEP
GSE2109,"""GSM179931""",KEEP
GSE2109,"""GSM179932""",KEEP
GSE2109,"""GSM179933""",KEEP
GSE2109,"""GSM179934""",KEEP
GSE2109,"""GSM179935""",KEEP
GSE2109,"""GSM179936""",KEEP
GSE2109,"""GSM179937""",KEEP
GSE2109,"""GSM179938""",KEEP
GSE2109,"""GSM179939""",KEEP
GSE2109,"""GSM179940""",KEEP
GSE2109,"""GSM179941""",KEEP
GSE2109,"""GSM179942""",KEEP
GSE2109,"""GSM179943""",KEEP
GSE2109,"""GSM179944""",KEEP
GSE2109,"""GSM179945""",KEEP
GSE2109,"""GSM179946""",KEEP
GSE2109,"""GSM179947""",KEEP
GSE2109,"""GSM179948""",KEEP
GSE2109,"""GSM179949""",KEEP
GSE2109,"""GSM179950""",KEEP
GSE2109,"""GSM179951""",KEEP
GSE2109,"""GSM179952""",KEEP
GSE2109,"""GSM179953""",KEEP
GSE2109,"""GSM179954""",KEEP
GSE2109,"""GSM179955""",KEEP
GSE2109,"""GSM179956""",KEEP
GSE2109,"""GSM179957""",KEEP
GSE2109,"""GSM203622""",KEEP
GSE2109,"""GSM203623""",KEEP
GSE2109,"""GSM203624""",KEEP
GSE2109,"""GSM203625""",KEEP
GSE2109,"""GSM203626""",KEEP
GSE2109,"""GSM203627""",KEEP
GSE2109,"""GSM203628""",KEEP
GSE2109,"""GSM203629""",KEEP
GSE2109,"""GSM203630""",KEEP
GSE2109,"""GSM203631""",KEEP
GSE2109,"""GSM203632""",KEEP
GSE2109,"""GSM203633""",KEEP
GSE2109,"""GSM203634""",KEEP
GSE2109,"""GSM203635""",KEEP
GSE2109,"""GSM203636""",KEEP
GSE2109,"""GSM203637""",KEEP
GSE2109,"""GSM203638""",KEEP
GSE2109,"""GSM203639""",KEEP
GSE2109,"""GSM203640""",KEEP
GSE2109,"""GSM203641""",KEEP
GSE2109,"""GSM203642""",KEEP
GSE2109,"""GSM203643""",KEEP
GSE2109,"""GSM203644""",KEEP
GSE2109,"""GSM203645""",KEEP
GSE2109,"""GSM203646""",KEEP
GSE2109,"""GSM203647""",KEEP
GSE2109,"""GSM203648""",KEEP
GSE2109,"""GSM203649""",KEEP
GSE2109,"""GSM203650""",KEEP
GSE2109,"""GSM203651""",KEEP
GSE2109,"""GSM203652""",KEEP
GSE2109,"""GSM203653""",KEEP
GSE2109,"""GSM203654""",KEEP
GSE2109,"""GSM203655""",KEEP
GSE2109,"""GSM203656""",KEEP
GSE2109,"""GSM203657""",KEEP
GSE2109,"""GSM203658""",KEEP
GSE2109,"""GSM203659""",KEEP
GSE2109,"""GSM203660""",KEEP
GSE2109,"""GSM203661""",KEEP
GSE2109,"""GSM203662""",KEEP
GSE2109,"""GSM203663""",KEEP
GSE2109,"""GSM203664""",KEEP
GSE2109,"""GSM203665""",KEEP
GSE2109,"""GSM203666""",KEEP
GSE2109,"""GSM203667""",KEEP
GSE2109,"""GSM203668""",KEEP
GSE2109,"""GSM203669""",KEEP
GSE2109,"""GSM203670""",KEEP
GSE2109,"""GSM203671""",KEEP
GSE2109,"""GSM203672""",KEEP
GSE2109,"""GSM203673""",KEEP
GSE2109,"""GSM203674""",KEEP
GSE2109,"""GSM203675""",KEEP
GSE2109,"""GSM203676""",KEEP
GSE2109,"""GSM203677""",KEEP
GSE2109,"""GSM203678""",KEEP
GSE2109,"""GSM203679""",KEEP
GSE2109,"""GSM203680""",KEEP
GSE2109,"""GSM203681""",KEEP
GSE2109,"""GSM203682""",KEEP
GSE2109,"""GSM203683""",KEEP
GSE2109,"""GSM203684""",KEEP
GSE2109,"""GSM203685""",KEEP
GSE2109,"""GSM203686""",KEEP
GSE2109,"""GSM203687""",KEEP
GSE2109,"""GSM203688""",KEEP
GSE2109,"""GSM203689""",KEEP
GSE2109,"""GSM203690""",KEEP
GSE2109,"""GSM203691""",KEEP
GSE2109,"""GSM203692""",KEEP
GSE2109,"""GSM203693""",KEEP
GSE2109,"""GSM203694""",KEEP
GSE2109,"""GSM203695""",KEEP
GSE2109,"""GSM203696""",KEEP
GSE2109,"""GSM203697""",KEEP
GSE2109,"""GSM203698""",KEEP
GSE2109,"""GSM203699""",KEEP
GSE2109,"""GSM203700""",KEEP
GSE2109,"""GSM203701""",KEEP
GSE2109,"""GSM203702""",KEEP
GSE2109,"""GSM203703""",KEEP
GSE2109,"""GSM203704""",KEEP
GSE2109,"""GSM203705""",KEEP
GSE2109,"""GSM203706""",KEEP
GSE2109,"""GSM203707""",KEEP
GSE2109,"""GSM203708""",KEEP
GSE2109,"""GSM203709""",KEEP
GSE2109,"""GSM203710""",KEEP
GSE2109,"""GSM203711""",KEEP
GSE2109,"""GSM203712""",KEEP
GSE2109,"""GSM203713""",KEEP
GSE2109,"""GSM203714""",KEEP
GSE2109,"""GSM203715""",KEEP
GSE2109,"""GSM203716""",KEEP
GSE2109,"""GSM203717""",KEEP
GSE2109,"""GSM203718""",KEEP
GSE2109,"""GSM203719""",KEEP
GSE2109,"""GSM203720""",KEEP
GSE2109,"""GSM203721""",KEEP
GSE2109,"""GSM203722""",KEEP
GSE2109,"""GSM203723""",KEEP
GSE2109,"""GSM203724""",KEEP
GSE2109,"""GSM203725""",KEEP
GSE2109,"""GSM203726""",KEEP
GSE2109,"""GSM203727""",KEEP
GSE2109,"""GSM203728""",KEEP
GSE2109,"""GSM203729""",KEEP
GSE2109,"""GSM203730""",KEEP
GSE2109,"""GSM203731""",KEEP
GSE2109,"""GSM203732""",KEEP
GSE2109,"""GSM203733""",KEEP
GSE2109,"""GSM203734""",KEEP
GSE2109,"""GSM203735""",KEEP
GSE2109,"""GSM203736""",KEEP
GSE2109,"""GSM203737""",KEEP
GSE2109,"""GSM203738""",KEEP
GSE2109,"""GSM203739""",KEEP
GSE2109,"""GSM203740""",KEEP
GSE2109,"""GSM203741""",KEEP
GSE2109,"""GSM203742""",KEEP
GSE2109,"""GSM203743""",KEEP
GSE2109,"""GSM203744""",KEEP
GSE2109,"""GSM203745""",KEEP
GSE2109,"""GSM203746""",KEEP
GSE2109,"""GSM203747""",KEEP
GSE2109,"""GSM203748""",KEEP
GSE2109,"""GSM203749""",KEEP
GSE2109,"""GSM203750""",KEEP
GSE2109,"""GSM203751""",KEEP
GSE2109,"""GSM203752""",KEEP
GSE2109,"""GSM203753""",KEEP
GSE2109,"""GSM203754""",KEEP
GSE2109,"""GSM203755""",KEEP
GSE2109,"""GSM203756""",KEEP
GSE2109,"""GSM203757""",KEEP
GSE2109,"""GSM203758""",KEEP
GSE2109,"""GSM203759""",KEEP
GSE2109,"""GSM203760""",KEEP
GSE2109,"""GSM203761""",KEEP
GSE2109,"""GSM203762""",KEEP
GSE2109,"""GSM203763""",KEEP
GSE2109,"""GSM203764""",KEEP
GSE2109,"""GSM203765""",KEEP
GSE2109,"""GSM203766""",KEEP
GSE2109,"""GSM203767""",KEEP
GSE2109,"""GSM203768""",KEEP
GSE2109,"""GSM203769""",KEEP
GSE2109,"""GSM203770""",KEEP
GSE2109,"""GSM203771""",KEEP
GSE2109,"""GSM203772""",KEEP
GSE2109,"""GSM203773""",KEEP
GSE2109,"""GSM203774""",KEEP
GSE2109,"""GSM203775""",KEEP
GSE2109,"""GSM203776""",KEEP
GSE2109,"""GSM203777""",KEEP
GSE2109,"""GSM203778""",KEEP
GSE2109,"""GSM203779""",KEEP
GSE2109,"""GSM203780""",KEEP
GSE2109,"""GSM203781""",KEEP
GSE2109,"""GSM203782""",KEEP
GSE2109,"""GSM203783""",KEEP
GSE2109,"""GSM203784""",KEEP
GSE2109,"""GSM203785""",KEEP
GSE2109,"""GSM203786""",KEEP
GSE2109,"""GSM203787""",KEEP
GSE2109,"""GSM203788""",KEEP
GSE2109,"""GSM203789""",KEEP
GSE2109,"""GSM203790""",KEEP
GSE2109,"""GSM203791""",KEEP
GSE2109,"""GSM203792""",KEEP
GSE2109,"""GSM203793""",KEEP
GSE2109,"""GSM203794""",KEEP
GSE2109,"""GSM203795""",KEEP
GSE2109,"""GSM203796""",KEEP
GSE2109,"""GSM203797""",KEEP
GSE2109,"""GSM203798""",KEEP
GSE2109,"""GSM203799""",KEEP
GSE2109,"""GSM203800""",KEEP
GSE2109,"""GSM203801""",KEEP
GSE2109,"""GSM231868""",KEEP
GSE2109,"""GSM231869""",KEEP
GSE2109,"""GSM231870""",KEEP
GSE2109,"""GSM231871""",KEEP
GSE2109,"""GSM231872""",KEEP
GSE2109,"""GSM231873""",KEEP
GSE2109,"""GSM231874""",KEEP
GSE2109,"""GSM231875""",KEEP
GSE2109,"""GSM231876""",KEEP
GSE2109,"""GSM231877""",KEEP
GSE2109,"""GSM231878""",KEEP
GSE2109,"""GSM231879""",KEEP
GSE2109,"""GSM231880""",KEEP
GSE2109,"""GSM231881""",KEEP
GSE2109,"""GSM231882""",KEEP
GSE2109,"""GSM231883""",KEEP
GSE2109,"""GSM231884""",KEEP
GSE2109,"""GSM231885""",KEEP
GSE2109,"""GSM231886""",KEEP
GSE2109,"""GSM231887""",KEEP
GSE2109,"""GSM231888""",KEEP
GSE2109,"""GSM231889""",KEEP
GSE2109,"""GSM231890""",KEEP
GSE2109,"""GSM231891""",KEEP
GSE2109,"""GSM231892""",KEEP
GSE2109,"""GSM231893""",KEEP
GSE2109,"""GSM231894""",KEEP
GSE2109,"""GSM231895""",KEEP
GSE2109,"""GSM231896""",KEEP
GSE2109,"""GSM231897""",KEEP
GSE2109,"""GSM231898""",KEEP
GSE2109,"""GSM231899""",KEEP
GSE2109,"""GSM231900""",KEEP
GSE2109,"""GSM231901""",KEEP
GSE2109,"""GSM231902""",KEEP
GSE2109,"""GSM231903""",KEEP
GSE2109,"""GSM231904""",KEEP
GSE2109,"""GSM231905""",KEEP
GSE2109,"""GSM231906""",KEEP
GSE2109,"""GSM231907""",KEEP
GSE2109,"""GSM231908""",KEEP
GSE2109,"""GSM231909""",KEEP
GSE2109,"""GSM231910""",KEEP
GSE2109,"""GSM231911""",KEEP
GSE2109,"""GSM231912""",KEEP
GSE2109,"""GSM231913""",KEEP
GSE2109,"""GSM231914""",KEEP
GSE2109,"""GSM231915""",KEEP
GSE2109,"""GSM231916""",KEEP
GSE2109,"""GSM231917""",KEEP
GSE2109,"""GSM231918""",KEEP
GSE2109,"""GSM231919""",KEEP
GSE2109,"""GSM231920""",KEEP
GSE2109,"""GSM231921""",KEEP
GSE2109,"""GSM231922""",KEEP
GSE2109,"""GSM231923""",KEEP
GSE2109,"""GSM231924""",KEEP
GSE2109,"""GSM231925""",KEEP
GSE2109,"""GSM231926""",KEEP
GSE2109,"""GSM231927""",KEEP
GSE2109,"""GSM231928""",KEEP
GSE2109,"""GSM231929""",KEEP
GSE2109,"""GSM231930""",KEEP
GSE2109,"""GSM231931""",KEEP
GSE2109,"""GSM231932""",KEEP
GSE2109,"""GSM231933""",KEEP
GSE2109,"""GSM231934""",KEEP
GSE2109,"""GSM231935""",KEEP
GSE2109,"""GSM231936""",KEEP
GSE2109,"""GSM231937""",KEEP
GSE2109,"""GSM231938""",KEEP
GSE2109,"""GSM231939""",KEEP
GSE2109,"""GSM231940""",KEEP
GSE2109,"""GSM231941""",KEEP
GSE2109,"""GSM231942""",KEEP
GSE2109,"""GSM231943""",KEEP
GSE2109,"""GSM231944""",KEEP
GSE2109,"""GSM231945""",KEEP
GSE2109,"""GSM231946""",KEEP
GSE2109,"""GSM231947""",KEEP
GSE2109,"""GSM231948""",KEEP
GSE2109,"""GSM231949""",KEEP
GSE2109,"""GSM231950""",KEEP
GSE2109,"""GSM231951""",KEEP
GSE2109,"""GSM231952""",KEEP
GSE2109,"""GSM231953""",KEEP
GSE2109,"""GSM231954""",KEEP
GSE2109,"""GSM231955""",KEEP
GSE2109,"""GSM231956""",KEEP
GSE2109,"""GSM231957""",KEEP
GSE2109,"""GSM231958""",KEEP
GSE2109,"""GSM231959""",KEEP
GSE2109,"""GSM231960""",KEEP
GSE2109,"""GSM231961""",KEEP
GSE2109,"""GSM231962""",KEEP
GSE2109,"""GSM231963""",KEEP
GSE2109,"""GSM231964""",KEEP
GSE2109,"""GSM231965""",KEEP
GSE2109,"""GSM231966""",KEEP
GSE2109,"""GSM231967""",KEEP
GSE2109,"""GSM231968""",KEEP
GSE2109,"""GSM231969""",KEEP
GSE2109,"""GSM231970""",KEEP
GSE2109,"""GSM231971""",KEEP
GSE2109,"""GSM231972""",KEEP
GSE2109,"""GSM231973""",KEEP
GSE2109,"""GSM231974""",KEEP
GSE2109,"""GSM231975""",KEEP
GSE2109,"""GSM231976""",KEEP
GSE2109,"""GSM231977""",KEEP
GSE2109,"""GSM231978""",KEEP
GSE2109,"""GSM231979""",KEEP
GSE2109,"""GSM231980""",KEEP
GSE2109,"""GSM231981""",KEEP
GSE2109,"""GSM231982""",KEEP
GSE2109,"""GSM231983""",KEEP
GSE2109,"""GSM231984""",KEEP
GSE2109,"""GSM231985""",KEEP
GSE2109,"""GSM231986""",KEEP
GSE2109,"""GSM231987""",KEEP
GSE2109,"""GSM231988""",KEEP
GSE2109,"""GSM231989""",KEEP
GSE2109,"""GSM231990""",KEEP
GSE2109,"""GSM231991""",KEEP
GSE2109,"""GSM231992""",KEEP
GSE2109,"""GSM277677""",KEEP
GSE2109,"""GSM277678""",KEEP
GSE2109,"""GSM277679""",KEEP
GSE2109,"""GSM277680""",KEEP
GSE2109,"""GSM277681""",KEEP
GSE2109,"""GSM277682""",KEEP
GSE2109,"""GSM277683""",KEEP
GSE2109,"""GSM277684""",KEEP
GSE2109,"""GSM277685""",KEEP
GSE2109,"""GSM277686""",KEEP
GSE2109,"""GSM277687""",KEEP
GSE2109,"""GSM277688""",KEEP
GSE2109,"""GSM277689""",KEEP
GSE2109,"""GSM277690""",KEEP
GSE2109,"""GSM277691""",KEEP
GSE2109,"""GSM277692""",KEEP
GSE2109,"""GSM277693""",KEEP
GSE2109,"""GSM277694""",KEEP
GSE2109,"""GSM277695""",KEEP
GSE2109,"""GSM277696""",KEEP
GSE2109,"""GSM277697""",KEEP
GSE2109,"""GSM277698""",KEEP
GSE2109,"""GSM277699""",KEEP
GSE2109,"""GSM277700""",KEEP
GSE2109,"""GSM277701""",KEEP
GSE2109,"""GSM277702""",KEEP
GSE2109,"""GSM277703""",KEEP
GSE2109,"""GSM277704""",KEEP
GSE2109,"""GSM277705""",KEEP
GSE2109,"""GSM277706""",KEEP
GSE2109,"""GSM277707""",KEEP
GSE2109,"""GSM277708""",KEEP
GSE2109,"""GSM277709""",KEEP
GSE2109,"""GSM277710""",KEEP
GSE2109,"""GSM277711""",KEEP
GSE2109,"""GSM277712""",KEEP
GSE2109,"""GSM277713""",KEEP
GSE2109,"""GSM277714""",KEEP
GSE2109,"""GSM277715""",KEEP
GSE2109,"""GSM277716""",KEEP
GSE2109,"""GSM277717""",KEEP
GSE2109,"""GSM277718""",KEEP
GSE2109,"""GSM277719""",KEEP
GSE2109,"""GSM277720""",KEEP
GSE2109,"""GSM277721""",KEEP
GSE2109,"""GSM277722""",KEEP
GSE2109,"""GSM277723""",KEEP
GSE2109,"""GSM277724""",KEEP
GSE2109,"""GSM277725""",KEEP
GSE2109,"""GSM277726""",KEEP
GSE2109,"""GSM277727""",KEEP
GSE2109,"""GSM277728""",KEEP
GSE2109,"""GSM277729""",KEEP
GSE2109,"""GSM277730""",KEEP
GSE2109,"""GSM277731""",KEEP
GSE2109,"""GSM277732""",KEEP
GSE2109,"""GSM277733""",KEEP
GSE2109,"""GSM277734""",KEEP
GSE2109,"""GSM277735""",KEEP
GSE2109,"""GSM277736""",KEEP
GSE2109,"""GSM277737""",KEEP
GSE2109,"""GSM277738""",KEEP
GSE2109,"""GSM301651""",KEEP
GSE2109,"""GSM301652""",KEEP
GSE2109,"""GSM301653""",KEEP
GSE2109,"""GSM301654""",KEEP
GSE2109,"""GSM301655""",KEEP
GSE2109,"""GSM301656""",KEEP
GSE2109,"""GSM301657""",KEEP
GSE2109,"""GSM301658""",KEEP
GSE2109,"""GSM301659""",KEEP
GSE2109,"""GSM301660""",KEEP
GSE2109,"""GSM301661""",KEEP
GSE2109,"""GSM301662""",KEEP
GSE2109,"""GSM301663""",KEEP
GSE2109,"""GSM301664""",KEEP
GSE2109,"""GSM301665""",KEEP
GSE2109,"""GSM301666""",KEEP
GSE2109,"""GSM301667""",KEEP
GSE2109,"""GSM301668""",KEEP
GSE2109,"""GSM301669""",KEEP
GSE2109,"""GSM301670""",KEEP
GSE2109,"""GSM301671""",KEEP
GSE2109,"""GSM301672""",KEEP
GSE2109,"""GSM301673""",KEEP
GSE2109,"""GSM301674""",KEEP
GSE2109,"""GSM301675""",KEEP
GSE2109,"""GSM301676""",KEEP
GSE2109,"""GSM301677""",KEEP
GSE2109,"""GSM301678""",KEEP
GSE2109,"""GSM301679""",KEEP
GSE2109,"""GSM301680""",KEEP
GSE2109,"""GSM301681""",KEEP
GSE2109,"""GSM301682""",KEEP
GSE2109,"""GSM301683""",KEEP
GSE2109,"""GSM301684""",KEEP
GSE2109,"""GSM301685""",KEEP
GSE2109,"""GSM301686""",KEEP
GSE2109,"""GSM301687""",KEEP
GSE2109,"""GSM301688""",KEEP
GSE2109,"""GSM301689""",KEEP
GSE2109,"""GSM301690""",KEEP
GSE2109,"""GSM301691""",KEEP
GSE2109,"""GSM301692""",KEEP
GSE2109,"""GSM301693""",KEEP
GSE2109,"""GSM301694""",KEEP
GSE2109,"""GSM301695""",KEEP
GSE2109,"""GSM301696""",KEEP
GSE2109,"""GSM301697""",KEEP
GSE2109,"""GSM301698""",KEEP
GSE2109,"""GSM301699""",KEEP
GSE2109,"""GSM301700""",KEEP
GSE2109,"""GSM301701""",KEEP
GSE2109,"""GSM301702""",KEEP
GSE2109,"""GSM301703""",KEEP
GSE2109,"""GSM301704""",KEEP
GSE2109,"""GSM301705""",KEEP
GSE2109,"""GSM301706""",KEEP
GSE2109,"""GSM301707""",KEEP
GSE2109,"""GSM301708""",KEEP
GSE2109,"""GSM301709""",KEEP
GSE2109,"""GSM301710""",KEEP
GSE2109,"""GSM301711""",KEEP
GSE2109,"""GSM301712""",KEEP
GSE2109,"""GSM325786""",KEEP
GSE2109,"""GSM325787""",KEEP
GSE2109,"""GSM325788""",KEEP
GSE2109,"""GSM325789""",KEEP
GSE2109,"""GSM325790""",KEEP
GSE2109,"""GSM325791""",KEEP
GSE2109,"""GSM325792""",KEEP
GSE2109,"""GSM325793""",KEEP
GSE2109,"""GSM325794""",KEEP
GSE2109,"""GSM325795""",KEEP
GSE2109,"""GSM325796""",KEEP
GSE2109,"""GSM325797""",KEEP
GSE2109,"""GSM325798""",KEEP
GSE2109,"""GSM325799""",KEEP
GSE2109,"""GSM325800""",KEEP
GSE2109,"""GSM325801""",KEEP
GSE2109,"""GSM325802""",KEEP
GSE2109,"""GSM325803""",KEEP
GSE2109,"""GSM325804""",KEEP
GSE2109,"""GSM325805""",KEEP
GSE2109,"""GSM325806""",KEEP
GSE2109,"""GSM325807""",KEEP
GSE2109,"""GSM325808""",KEEP
GSE2109,"""GSM325809""",KEEP
GSE2109,"""GSM325810""",KEEP
GSE2109,"""GSM325811""",KEEP
GSE2109,"""GSM325812""",KEEP
GSE2109,"""GSM325813""",KEEP
GSE2109,"""GSM325814""",KEEP
GSE2109,"""GSM325815""",KEEP
GSE2109,"""GSM325816""",KEEP
GSE2109,"""GSM325817""",KEEP
GSE2109,"""GSM325818""",KEEP
GSE2109,"""GSM325819""",KEEP
GSE2109,"""GSM325820""",KEEP
GSE2109,"""GSM325821""",KEEP
GSE2109,"""GSM325822""",KEEP
GSE2109,"""GSM325823""",KEEP
GSE2109,"""GSM325824""",KEEP
GSE2109,"""GSM325825""",KEEP
GSE2109,"""GSM325826""",KEEP
GSE2109,"""GSM325827""",KEEP
GSE2109,"""GSM325828""",KEEP
GSE2109,"""GSM325829""",KEEP
GSE2109,"""GSM325830""",KEEP
GSE2109,"""GSM325831""",KEEP
GSE2109,"""GSM325832""",KEEP
GSE2109,"""GSM325833""",KEEP
GSE2109,"""GSM325834""",KEEP
GSE2109,"""GSM325835""",KEEP
GSE2109,"""GSM325836""",KEEP
GSE2109,"""GSM325837""",KEEP
GSE2109,"""GSM325838""",KEEP
GSE2109,"""GSM325839""",KEEP
GSE2109,"""GSM325840""",KEEP
GSE2109,"""GSM325841""",KEEP
GSE2109,"""GSM325842""",KEEP
GSE2109,"""GSM325843""",KEEP
GSE2109,"""GSM325844""",KEEP
GSE2109,"""GSM325845""",KEEP
GSE2109,"""GSM353881""",KEEP
GSE2109,"""GSM353882""",KEEP
GSE2109,"""GSM353883""",KEEP
GSE2109,"""GSM353884""",KEEP
GSE2109,"""GSM353885""",KEEP
GSE2109,"""GSM353886""",KEEP
GSE2109,"""GSM353887""",KEEP
GSE2109,"""GSM353888""",KEEP
GSE2109,"""GSM353889""",KEEP
GSE2109,"""GSM353890""",KEEP
GSE2109,"""GSM353891""",KEEP
GSE2109,"""GSM353892""",KEEP
GSE2109,"""GSM353893""",KEEP
GSE2109,"""GSM353894""",KEEP
GSE2109,"""GSM353895""",KEEP
GSE2109,"""GSM353896""",KEEP
GSE2109,"""GSM353897""",KEEP
GSE2109,"""GSM353898""",KEEP
GSE2109,"""GSM353899""",KEEP
GSE2109,"""GSM353900""",KEEP
GSE2109,"""GSM353901""",KEEP
GSE2109,"""GSM353902""",KEEP
GSE2109,"""GSM353903""",KEEP
GSE2109,"""GSM353904""",KEEP
GSE2109,"""GSM353905""",KEEP
GSE2109,"""GSM353906""",KEEP
GSE2109,"""GSM353907""",KEEP
GSE2109,"""GSM353908""",KEEP
GSE2109,"""GSM353909""",KEEP
GSE2109,"""GSM353910""",KEEP
GSE2109,"""GSM353911""",KEEP
GSE2109,"""GSM353912""",KEEP
GSE2109,"""GSM353913""",KEEP
GSE2109,"""GSM353914""",KEEP
GSE2109,"""GSM353915""",KEEP
GSE2109,"""GSM353916""",KEEP
GSE2109,"""GSM353917""",KEEP
GSE2109,"""GSM353918""",KEEP
GSE2109,"""GSM353919""",KEEP
GSE2109,"""GSM353920""",KEEP
GSE2109,"""GSM353921""",KEEP
GSE2109,"""GSM353922""",KEEP
GSE2109,"""GSM353923""",KEEP
GSE2109,"""GSM353924""",KEEP
GSE2109,"""GSM353925""",KEEP
GSE2109,"""GSM353926""",KEEP
GSE2109,"""GSM353927""",KEEP
GSE2109,"""GSM353928""",KEEP
GSE2109,"""GSM353929""",KEEP
GSE2109,"""GSM353930""",KEEP
GSE2109,"""GSM353931""",KEEP
GSE2109,"""GSM353932""",KEEP
GSE2109,"""GSM353933""",KEEP
GSE2109,"""GSM353934""",KEEP
GSE2109,"""GSM353935""",KEEP
GSE2109,"""GSM353936""",KEEP
GSE2109,"""GSM353937""",KEEP
GSE2109,"""GSM353938""",KEEP
GSE2109,"""GSM353939""",KEEP
GSE2109,"""GSM353940""",KEEP
GSE2109,"""GSM353941""",KEEP
GSE2109,"""GSM353942""",KEEP
GSE2109,"""GSM353943""",KEEP
GSE212849,"""GSM6557038""",KEEP
GSE212849,"""GSM6557039""",KEEP
GSE212849,"""GSM6557041""",KEEP
GSE212849,"""GSM6557042""",KEEP
GSE212849,"""GSM6557044""",KEEP
GSE212849,"""GSM6557045""",KEEP
GSE212849,"""GSM6557047""",KEEP
GSE212849,"""GSM6557048""",KEEP
GSE212849,"""GSM6557049""",KEEP
GSE212849,"""GSM6557051""",KEEP
GSE212849,"""GSM6557052""",KEEP
GSE212849,"""GSM6557054""",KEEP
GSE212849,"""GSM6557055""",KEEP
GSE212849,"""GSM6557057""",KEEP
GSE212849,"""GSM6557058""",KEEP
GSE212849,"""GSM6557059""",KEEP
GSE212849,"""GSM6557061""",KEEP
GSE212849,"""GSM6557062""",KEEP
GSE212849,"""GSM6557063""",KEEP
GSE212849,"""GSM6557065""",KEEP
GSE212849,"""GSM6557066""",KEEP
GSE212849,"""GSM6557068""",KEEP
GSE212849,"""GSM6557069""",KEEP
GSE212849,"""GSM6557071""",KEEP
GSE212849,"""GSM6557072""",KEEP
GSE212849,"""GSM6557074""",KEEP
GSE212849,"""GSM6557075""",KEEP
GSE212849,"""GSM6557076""",KEEP
GSE212849,"""GSM6557078""",KEEP
GSE212849,"""GSM6557079""",KEEP
GSE212849,"""GSM6557080""",KEEP
GSE212849,"""GSM6557082""",KEEP
GSE212849,"""GSM6557083""",KEEP
GSE212849,"""GSM6557084""",KEEP
GSE212849,"""GSM6557086""",KEEP
GSE212849,"""GSM6557087""",KEEP
GSE212849,"""GSM6557089""",KEEP
GSE212849,"""GSM6557090""",KEEP
GSE212849,"""GSM6557092""",KEEP
GSE212849,"""GSM6557093""",KEEP
GSE212849,"""GSM6557094""",KEEP
GSE212849,"""GSM6557096""",KEEP
GSE212849,"""GSM6557097""",KEEP
GSE212849,"""GSM6557098""",KEEP
GSE212849,"""GSM6557100""",KEEP
GSE212849,"""GSM6557101""",KEEP
GSE212849,"""GSM6557102""",KEEP
GSE212849,"""GSM6557104""",KEEP
GSE212849,"""GSM6557105""",KEEP
GSE212849,"""GSM6557106""",KEEP
GSE212849,"""GSM6557108""",KEEP
GSE212849,"""GSM6557109""",KEEP
GSE212849,"""GSM6557110""",KEEP
GSE212849,"""GSM6557112""",KEEP
GSE212849,"""GSM6557113""",KEEP
GSE212849,"""GSM6557115""",KEEP
GSE212849,"""GSM6557116""",KEEP
GSE212849,"""GSM6557118""",KEEP
GSE212849,"""GSM6557119""",KEEP
GSE212849,"""GSM6557120""",KEEP
GSE212849,"""GSM6557122""",KEEP
GSE212849,"""GSM6557123""",KEEP
GSE212849,"""GSM6557124""",KEEP
GSE212849,"""GSM6557126""",KEEP
GSE212849,"""GSM6557127""",KEEP
GSE212849,"""GSM6557128""",KEEP
GSE212849,"""GSM6557130""",KEEP
GSE212849,"""GSM6557131""",KEEP
GSE212849,"""GSM6557132""",KEEP
GSE212849,"""GSM6557134""",KEEP
GSE212849,"""GSM6557135""",KEEP
GSE212849,"""GSM6557136""",KEEP
GSE212849,"""GSM6557138""",KEEP
GSE212849,"""GSM6557139""",KEEP
GSE212849,"""GSM6557141""",KEEP
GSE212849,"""GSM6557142""",KEEP
GSE212849,"""GSM6557144""",KEEP
GSE212849,"""GSM6557145""",KEEP
GSE212849,"""GSM6557147""",KEEP
GSE212849,"""GSM6557148""",KEEP
GSE212849,"""GSM6557149""",KEEP
GSE212849,"""GSM6557151""",KEEP
GSE212849,"""GSM6557152""",KEEP
GSE212849,"""GSM6557153""",KEEP
GSE21654,"""GSM540374""",KEEP
GSE21654,"""GSM540375""",KEEP
GSE21654,"""GSM540376""",KEEP
GSE21654,"""GSM540377""",KEEP
GSE21654,"""GSM540378""",KEEP
GSE21654,"""GSM540379""",KEEP
GSE21654,"""GSM540380""",KEEP
GSE21654,"""GSM540381""",KEEP
GSE21654,"""GSM540382""",KEEP
GSE21654,"""GSM540383""",KEEP
GSE21654,"""GSM540384""",KEEP
GSE21654,"""GSM540385""",KEEP
GSE21654,"""GSM540386""",KEEP
GSE21654,"""GSM540387""",KEEP
GSE21654,"""GSM540388""",KEEP
GSE21654,"""GSM540389""",KEEP
GSE21654,"""GSM540390""",KEEP
GSE21654,"""GSM540391""",KEEP
GSE21654,"""GSM540392""",KEEP
GSE21654,"""GSM540393""",KEEP
GSE21654,"""GSM540394""",KEEP
GSE21654,"""GSM540395""",KEEP
GSE217758,"""GSM6725829""",KEEP
GSE217758,"""GSM6725830""",KEEP
GSE217758,"""GSM6725831""",KEEP
GSE217758,"""GSM6725832""",KEEP
GSE217758,"""GSM6725833""",KEEP
GSE217758,"""GSM6725834""",KEEP
GSE21826,"""GSM543326""",KEEP
GSE21826,"""GSM543327""",KEEP
GSE21826,"""GSM543328""",KEEP
GSE21826,"""GSM543329""",KEEP
GSE21826,"""GSM543330""",KEEP
GSE21826,"""GSM543331""",KEEP
GSE22061,"""GSM548545""",KEEP
GSE22061,"""GSM548546""",KEEP
GSE22061,"""GSM548547""",KEEP
GSE22061,"""GSM548548""",KEEP
GSE22061,"""GSM548549""",KEEP
GSE22061,"""GSM548550""",KEEP
GSE22061,"""GSM548551""",KEEP
GSE22061,"""GSM548552""",KEEP
GSE22106,"""GSM549595""",KEEP
GSE22106,"""GSM549596""",KEEP
GSE22106,"""GSM549597""",KEEP
GSE22106,"""GSM549598""",KEEP
GSE22106,"""GSM549599""",KEEP
GSE22106,"""GSM549600""",KEEP
GSE23194,"""GSM570810""",KEEP
GSE23194,"""GSM570811""",KEEP
GSE23194,"""GSM570812""",KEEP
GSE23194,"""GSM570813""",KEEP
GSE23194,"""GSM570814""",KEEP
GSE23194,"""GSM570815""",KEEP
GSE23194,"""GSM570816""",KEEP
GSE23194,"""GSM570817""",KEEP
GSE23194,"""GSM570818""",KEEP
GSE23194,"""GSM570819""",KEEP
GSE23194,"""GSM570820""",KEEP
GSE23194,"""GSM570821""",KEEP
GSE23194,"""GSM570822""",KEEP
GSE23194,"""GSM570823""",KEEP
GSE23194,"""GSM570824""",KEEP
GSE23194,"""GSM570825""",KEEP
GSE23194,"""GSM570826""",KEEP
GSE232209,"""GSM7320504""",KEEP
GSE232209,"""GSM7320505""",KEEP
GSE232209,"""GSM7320506""",KEEP
GSE232209,"""GSM7320508""",KEEP
GSE232209,"""GSM7320509""",KEEP
GSE232209,"""GSM7320510""",KEEP
GSE23554,"""GSM577823""",KEEP
GSE23554,"""GSM577824""",KEEP
GSE23554,"""GSM577825""",KEEP
GSE23554,"""GSM577826""",KEEP
GSE23554,"""GSM577827""",KEEP
GSE23554,"""GSM577828""",KEEP
GSE23554,"""GSM577829""",KEEP
GSE23554,"""GSM577830""",KEEP
GSE23554,"""GSM577831""",KEEP
GSE23554,"""GSM577832""",KEEP
GSE23554,"""GSM577833""",KEEP
GSE23554,"""GSM577834""",KEEP
GSE23554,"""GSM577835""",KEEP
GSE23554,"""GSM577836""",KEEP
GSE23554,"""GSM577837""",KEEP
GSE23554,"""GSM577838""",KEEP
GSE23554,"""GSM577839""",KEEP
GSE23554,"""GSM577840""",KEEP
GSE23554,"""GSM577841""",KEEP
GSE23554,"""GSM577842""",KEEP
GSE23554,"""GSM577843""",KEEP
GSE23554,"""GSM577844""",KEEP
GSE23554,"""GSM577845""",KEEP
GSE23554,"""GSM577846""",KEEP
GSE23554,"""GSM577847""",KEEP
GSE23554,"""GSM577848""",KEEP
GSE23554,"""GSM577849""",KEEP
GSE23554,"""GSM577850""",KEEP
GSE23597,"""GSM578713""",KEEP
GSE23597,"""GSM578714""",KEEP
GSE23597,"""GSM578715""",REMOVE
GSE23597,"""GSM578716""",KEEP
GSE23597,"""GSM578717""",KEEP
GSE23597,"""GSM578718""",REMOVE
GSE23597,"""GSM578719""",KEEP
GSE23597,"""GSM578720""",KEEP
GSE23597,"""GSM578721""",KEEP
GSE23597,"""GSM578722""",REMOVE
GSE23597,"""GSM578723""",KEEP
GSE23597,"""GSM578724""",KEEP
GSE23597,"""GSM578725""",KEEP
GSE23597,"""GSM578726""",KEEP
GSE23597,"""GSM578727""",KEEP
GSE23597,"""GSM578728""",KEEP
GSE23597,"""GSM578729""",KEEP
GSE23597,"""GSM578730""",KEEP
GSE23597,"""GSM578731""",REMOVE
GSE23597,"""GSM578732""",KEEP
GSE23597,"""GSM578733""",KEEP
GSE23597,"""GSM578734""",REMOVE
GSE23597,"""GSM578735""",KEEP
GSE23597,"""GSM578736""",KEEP
GSE23597,"""GSM578737""",KEEP
GSE23597,"""GSM578738""",KEEP
GSE23597,"""GSM578739""",REMOVE
GSE23597,"""GSM578740""",REMOVE
GSE23597,"""GSM578741""",REMOVE
GSE23597,"""GSM578742""",REMOVE
GSE23597,"""GSM578743""",REMOVE
GSE23597,"""GSM578744""",KEEP
GSE23597,"""GSM578745""",REMOVE
GSE23597,"""GSM578746""",KEEP
GSE23597,"""GSM578747""",KEEP
GSE23597,"""GSM578748""",REMOVE
GSE23597,"""GSM578749""",KEEP
GSE23597,"""GSM578750""",KEEP
GSE23597,"""GSM578751""",REMOVE
GSE23597,"""GSM578752""",KEEP
GSE23597,"""GSM578753""",KEEP
GSE23597,"""GSM578754""",KEEP
GSE23597,"""GSM578755""",KEEP
GSE23597,"""GSM578756""",KEEP
GSE23597,"""GSM578757""",REMOVE
GSE23597,"""GSM578758""",KEEP
GSE23597,"""GSM578759""",KEEP
GSE23597,"""GSM578760""",KEEP
GSE23597,"""GSM578761""",KEEP
GSE23597,"""GSM578762""",KEEP
GSE23597,"""GSM578763""",KEEP
GSE23597,"""GSM578764""",KEEP
GSE23597,"""GSM578765""",KEEP
GSE23597,"""GSM578766""",KEEP
GSE23597,"""GSM578767""",KEEP
GSE23597,"""GSM578768""",REMOVE
GSE23597,"""GSM578769""",KEEP
GSE23597,"""GSM578770""",KEEP
GSE23597,"""GSM578771""",KEEP
GSE23597,"""GSM578772""",KEEP
GSE23597,"""GSM578773""",KEEP
GSE23597,"""GSM578774""",KEEP
GSE23597,"""GSM578775""",KEEP
GSE23597,"""GSM578776""",REMOVE
GSE23597,"""GSM578777""",KEEP
GSE23597,"""GSM578778""",KEEP
GSE23597,"""GSM578779""",REMOVE
GSE23597,"""GSM578780""",KEEP
GSE23597,"""GSM578781""",KEEP
GSE23597,"""GSM578782""",REMOVE
GSE23597,"""GSM578783""",KEEP
GSE23597,"""GSM578784""",KEEP
GSE23597,"""GSM578785""",KEEP
GSE23597,"""GSM578786""",KEEP
GSE23597,"""GSM578787""",KEEP
GSE23597,"""GSM578788""",REMOVE
GSE23597,"""GSM578789""",KEEP
GSE23597,"""GSM578790""",REMOVE
GSE23597,"""GSM578791""",KEEP
GSE23597,"""GSM578792""",REMOVE
GSE23597,"""GSM578793""",KEEP
GSE23597,"""GSM578794""",KEEP
GSE23597,"""GSM578795""",KEEP
GSE23597,"""GSM578796""",KEEP
GSE23597,"""GSM578797""",REMOVE
GSE23597,"""GSM578798""",KEEP
GSE23597,"""GSM578799""",KEEP
GSE23597,"""GSM578800""",KEEP
GSE23597,"""GSM578801""",KEEP
GSE23597,"""GSM578802""",KEEP
GSE23597,"""GSM578803""",KEEP
GSE23597,"""GSM578804""",KEEP
GSE23597,"""GSM578805""",KEEP
GSE23597,"""GSM578806""",KEEP
GSE23597,"""GSM578807""",KEEP
GSE23597,"""GSM578808""",KEEP
GSE23597,"""GSM578809""",KEEP
GSE23597,"""GSM578810""",KEEP
GSE23597,"""GSM578811""",KEEP
GSE23597,"""GSM578812""",KEEP
GSE23597,"""GSM578813""",KEEP
GSE23597,"""GSM578814""",KEEP
GSE23597,"""GSM578815""",REMOVE
GSE23597,"""GSM578816""",KEEP
GSE23597,"""GSM578817""",KEEP
GSE23597,"""GSM578818""",KEEP
GSE23597,"""GSM578819""",KEEP
GSE23597,"""GSM578820""",KEEP
GSE23597,"""GSM578821""",REMOVE
GSE23597,"""GSM578822""",KEEP
GSE23597,"""GSM578823""",KEEP
GSE23597,"""GSM578824""",KEEP
GSE23597,"""GSM578825""",KEEP
GSE2361,"""GSM44671""",KEEP
GSE2361,"""GSM44672""",KEEP
GSE2361,"""GSM44673""",KEEP
GSE2361,"""GSM44674""",KEEP
GSE2361,"""GSM44675""",KEEP
GSE2361,"""GSM44676""",KEEP
GSE2361,"""GSM44677""",KEEP
GSE2361,"""GSM44678""",KEEP
GSE2361,"""GSM44679""",KEEP
GSE2361,"""GSM44680""",KEEP
GSE2361,"""GSM44681""",KEEP
GSE2361,"""GSM44682""",KEEP
GSE2361,"""GSM44683""",KEEP
GSE2361,"""GSM44684""",KEEP
GSE2361,"""GSM44685""",KEEP
GSE2361,"""GSM44686""",KEEP
GSE2361,"""GSM44687""",KEEP
GSE2361,"""GSM44688""",KEEP
GSE2361,"""GSM44689""",KEEP
GSE2361,"""GSM44690""",KEEP
GSE2361,"""GSM44691""",KEEP
GSE2361,"""GSM44692""",KEEP
GSE2361,"""GSM44693""",KEEP
GSE2361,"""GSM44694""",KEEP
GSE2361,"""GSM44695""",KEEP
GSE2361,"""GSM44696""",KEEP
GSE2361,"""GSM44697""",KEEP
GSE2361,"""GSM44698""",KEEP
GSE2361,"""GSM44699""",KEEP
GSE2361,"""GSM44700""",KEEP
GSE2361,"""GSM44701""",KEEP
GSE2361,"""GSM44702""",KEEP
GSE2361,"""GSM44703""",KEEP
GSE2361,"""GSM44704""",KEEP
GSE2361,"""GSM44705""",KEEP
GSE2361,"""GSM44706""",KEEP
GSE23630,"""GSM579381""",KEEP
GSE23630,"""GSM579382""",KEEP
GSE23630,"""GSM579383""",KEEP
GSE23630,"""GSM579384""",KEEP
GSE23630,"""GSM579385""",KEEP
GSE23630,"""GSM579386""",KEEP
GSE23630,"""GSM579387""",KEEP
GSE23630,"""GSM579388""",KEEP
GSE23630,"""GSM579389""",KEEP
GSE23630,"""GSM579390""",KEEP
GSE23630,"""GSM579391""",KEEP
GSE23630,"""GSM579392""",KEEP
GSE23630,"""GSM579393""",KEEP
GSE23630,"""GSM579394""",KEEP
GSE23630,"""GSM579395""",KEEP
GSE23630,"""GSM579396""",KEEP
GSE23630,"""GSM579397""",KEEP
GSE23630,"""GSM579398""",KEEP
GSE236924,"""GSM7585682""",KEEP
GSE236924,"""GSM7585683""",KEEP
GSE236924,"""GSM7585684""",KEEP
GSE236924,"""GSM7585685""",KEEP
GSE236924,"""GSM7585686""",KEEP
GSE236924,"""GSM7585687""",KEEP
GSE236924,"""GSM7585688""",KEEP
GSE236924,"""GSM7585689""",KEEP
GSE236924,"""GSM7585690""",KEEP
GSE236924,"""GSM7585691""",KEEP
GSE236924,"""GSM7585692""",KEEP
GSE236924,"""GSM7585693""",KEEP
GSE236924,"""GSM7585694""",KEEP
GSE236924,"""GSM7585695""",KEEP
GSE236924,"""GSM7585696""",KEEP
GSE236924,"""GSM7585697""",KEEP
GSE236924,"""GSM7585698""",KEEP
GSE236924,"""GSM7585699""",KEEP
GSE236924,"""GSM7585700""",KEEP
GSE236924,"""GSM7585701""",KEEP
GSE236924,"""GSM7585702""",KEEP
GSE236924,"""GSM7585703""",KEEP
GSE236924,"""GSM7585704""",KEEP
GSE236924,"""GSM7585705""",KEEP
GSE236924,"""GSM7585706""",KEEP
GSE236924,"""GSM7585707""",KEEP
GSE236924,"""GSM7585708""",KEEP
GSE236924,"""GSM7585709""",KEEP
GSE236924,"""GSM7585710""",KEEP
GSE236924,"""GSM7585711""",KEEP
GSE236924,"""GSM7585712""",KEEP
GSE236924,"""GSM7585713""",KEEP
GSE236924,"""GSM7585714""",KEEP
GSE236924,"""GSM7585715""",KEEP
GSE236924,"""GSM7585716""",KEEP
GSE236924,"""GSM7585717""",KEEP
GSE236924,"""GSM7585718""",KEEP
GSE236924,"""GSM7585719""",KEEP
GSE236924,"""GSM7585720""",KEEP
GSE236924,"""GSM7585721""",KEEP
GSE236924,"""GSM7585722""",KEEP
GSE236924,"""GSM7585723""",KEEP
GSE236924,"""GSM7585724""",KEEP
GSE236924,"""GSM7585725""",KEEP
GSE236924,"""GSM7585726""",KEEP
GSE236924,"""GSM7585727""",KEEP
GSE236924,"""GSM7585728""",KEEP
GSE236924,"""GSM7585729""",KEEP
GSE236924,"""GSM7585730""",KEEP
GSE236924,"""GSM7585731""",KEEP
GSE236924,"""GSM7585732""",KEEP
GSE236924,"""GSM7585733""",KEEP
GSE236924,"""GSM7585734""",KEEP
GSE236924,"""GSM7585735""",KEEP
GSE236924,"""GSM7585736""",KEEP
GSE236924,"""GSM7585737""",KEEP
GSE236924,"""GSM7585738""",KEEP
GSE236924,"""GSM7585739""",KEEP
GSE236924,"""GSM7585740""",KEEP
GSE236924,"""GSM7585741""",KEEP
GSE236924,"""GSM7585742""",KEEP
GSE236924,"""GSM7585743""",KEEP
GSE236924,"""GSM7585744""",KEEP
GSE236924,"""GSM7585745""",KEEP
GSE236924,"""GSM7585746""",KEEP
GSE236924,"""GSM7585747""",KEEP
GSE236924,"""GSM7585748""",KEEP
GSE236924,"""GSM7585749""",KEEP
GSE236924,"""GSM7585750""",KEEP
GSE236924,"""GSM7585751""",KEEP
GSE236924,"""GSM7585752""",KEEP
GSE236924,"""GSM7585753""",KEEP
GSE236924,"""GSM7585754""",KEEP
GSE236924,"""GSM7585755""",KEEP
GSE236924,"""GSM7585756""",KEEP
GSE236924,"""GSM7585757""",KEEP
GSE236924,"""GSM7585758""",KEEP
GSE236924,"""GSM7585759""",KEEP
GSE236924,"""GSM7585760""",KEEP
GSE236924,"""GSM7585761""",KEEP
GSE236924,"""GSM7585762""",KEEP
GSE236924,"""GSM7585763""",KEEP
GSE236924,"""GSM7585764""",KEEP
GSE236924,"""GSM7585765""",KEEP
GSE236924,"""GSM7585766""",KEEP
GSE236924,"""GSM7585767""",KEEP
GSE236924,"""GSM7585768""",KEEP
GSE236924,"""GSM7585769""",KEEP
GSE236924,"""GSM7585770""",KEEP
GSE236924,"""GSM7585771""",KEEP
GSE236924,"""GSM7585772""",KEEP
GSE236924,"""GSM7585773""",KEEP
GSE236924,"""GSM7585774""",KEEP
GSE236924,"""GSM7585775""",KEEP
GSE236924,"""GSM7585776""",KEEP
GSE236924,"""GSM7585777""",KEEP
GSE236924,"""GSM7585778""",KEEP
GSE236924,"""GSM7585779""",KEEP
GSE236924,"""GSM7585780""",KEEP
GSE236924,"""GSM7585781""",KEEP
GSE236924,"""GSM7585782""",KEEP
GSE236924,"""GSM7585783""",KEEP
GSE236924,"""GSM7585784""",KEEP
GSE236924,"""GSM7585785""",KEEP
GSE236924,"""GSM7585786""",KEEP
GSE236924,"""GSM7585787""",KEEP
GSE236924,"""GSM7585788""",KEEP
GSE236924,"""GSM7585789""",KEEP
GSE236924,"""GSM7585790""",KEEP
GSE236924,"""GSM7585791""",KEEP
GSE236924,"""GSM7585792""",KEEP
GSE236924,"""GSM7585793""",KEEP
GSE236924,"""GSM7585794""",KEEP
GSE236924,"""GSM7585795""",KEEP
GSE236924,"""GSM7585796""",KEEP
GSE236924,"""GSM7585797""",KEEP
GSE236924,"""GSM7585798""",KEEP
GSE236924,"""GSM7585799""",KEEP
GSE236924,"""GSM7585800""",KEEP
GSE236924,"""GSM7585801""",KEEP
GSE236924,"""GSM7585802""",KEEP
GSE236924,"""GSM7585803""",KEEP
GSE236924,"""GSM7585804""",KEEP
GSE236924,"""GSM7585805""",KEEP
GSE236924,"""GSM7585806""",KEEP
GSE236924,"""GSM7585807""",KEEP
GSE236924,"""GSM7585808""",KEEP
GSE236924,"""GSM7585809""",KEEP
GSE236924,"""GSM7585810""",KEEP
GSE236924,"""GSM7585811""",KEEP
GSE236924,"""GSM7585812""",KEEP
GSE236924,"""GSM7585813""",KEEP
GSE23882,"""GSM587817""",KEEP
GSE23882,"""GSM587818""",KEEP
GSE23882,"""GSM587819""",KEEP
GSE23882,"""GSM587820""",KEEP
GSE23882,"""GSM587821""",KEEP
GSE23882,"""GSM587822""",KEEP
GSE23882,"""GSM587823""",KEEP
GSE23882,"""GSM587824""",KEEP
GSE23882,"""GSM587825""",KEEP
GSE2397,"""GSM43955""",KEEP
GSE2397,"""GSM43956""",KEEP
GSE2397,"""GSM43957""",KEEP
GSE2397,"""GSM43958""",KEEP
GSE2397,"""GSM45086""",KEEP
GSE2397,"""GSM45087""",KEEP
GSE2397,"""GSM45088""",KEEP
GSE2397,"""GSM45090""",KEEP
GSE2397,"""GSM45094""",KEEP
GSE2397,"""GSM45097""",KEEP
GSE2397,"""GSM45098""",KEEP
GSE2397,"""GSM45099""",KEEP
GSE2397,"""GSM45100""",KEEP
GSE2397,"""GSM45101""",KEEP
GSE2397,"""GSM45104""",KEEP
GSE2397,"""GSM45106""",KEEP
GSE2397,"""GSM45108""",KEEP
GSE2397,"""GSM45109""",KEEP
GSE2397,"""GSM45110""",KEEP
GSE2397,"""GSM45111""",KEEP
GSE2397,"""GSM45112""",KEEP
GSE2397,"""GSM45113""",KEEP
GSE2397,"""GSM45114""",KEEP
GSE2397,"""GSM45115""",KEEP
GSE245371,"""GSM7841443""",KEEP
GSE245371,"""GSM7841444""",KEEP
GSE245371,"""GSM7841445""",KEEP
GSE245371,"""GSM7841446""",KEEP
GSE245371,"""GSM7841447""",KEEP
GSE245371,"""GSM7841448""",KEEP
GSE24547,"""GSM605093""",KEEP
GSE24547,"""GSM605094""",KEEP
GSE24547,"""GSM605095""",KEEP
GSE24547,"""GSM605096""",KEEP
GSE24547,"""GSM605097""",KEEP
GSE24547,"""GSM605098""",KEEP
GSE24547,"""GSM605099""",KEEP
GSE24547,"""GSM605100""",KEEP
GSE24547,"""GSM605101""",KEEP
GSE24547,"""GSM605102""",KEEP
GSE24547,"""GSM605103""",KEEP
GSE24547,"""GSM605104""",KEEP
GSE24547,"""GSM605105""",KEEP
GSE24547,"""GSM605106""",KEEP
GSE24547,"""GSM605107""",KEEP
GSE24547,"""GSM605108""",KEEP
GSE24547,"""GSM605109""",KEEP
GSE24547,"""GSM605110""",KEEP
GSE24547,"""GSM605111""",KEEP
GSE24547,"""GSM605112""",KEEP
GSE2461,"""GSM46539""",KEEP
GSE2461,"""GSM46540""",KEEP
GSE2461,"""GSM46541""",KEEP
GSE2461,"""GSM46542""",KEEP
GSE2461,"""GSM46543""",KEEP
GSE2461,"""GSM46544""",KEEP
GSE2461,"""GSM46545""",KEEP
GSE2461,"""GSM46546""",KEEP
GSE24747,"""GSM606101""",KEEP
GSE24747,"""GSM606102""",KEEP
GSE24747,"""GSM606103""",KEEP
GSE24747,"""GSM606104""",KEEP
GSE24747,"""GSM606105""",KEEP
GSE24747,"""GSM606106""",KEEP
GSE24795,"""GSM610544""",KEEP
GSE24795,"""GSM610545""",KEEP
GSE24795,"""GSM610546""",KEEP
GSE24795,"""GSM610547""",KEEP
GSE24795,"""GSM610548""",KEEP
GSE24795,"""GSM610549""",KEEP
GSE24795,"""GSM610550""",KEEP
GSE24795,"""GSM610551""",KEEP
GSE24795,"""GSM610552""",KEEP
GSE24795,"""GSM610553""",KEEP
GSE24795,"""GSM610554""",KEEP
GSE24795,"""GSM610555""",KEEP
GSE24795,"""GSM610556""",KEEP
GSE24795,"""GSM610557""",KEEP
GSE24795,"""GSM610558""",KEEP
GSE24795,"""GSM610559""",KEEP
GSE24795,"""GSM610560""",KEEP
GSE24795,"""GSM610561""",KEEP
GSE24795,"""GSM610562""",KEEP
GSE24795,"""GSM610563""",KEEP
GSE24795,"""GSM610564""",KEEP
GSE24795,"""GSM610565""",KEEP
GSE24795,"""GSM610566""",KEEP
GSE24795,"""GSM610567""",KEEP
GSE24795,"""GSM610568""",KEEP
GSE24795,"""GSM610569""",KEEP
GSE24795,"""GSM610570""",KEEP
GSE24795,"""GSM610571""",KEEP
GSE24795,"""GSM610572""",KEEP
GSE24795,"""GSM610573""",KEEP
GSE2509,"""GSM47872""",KEEP
GSE2509,"""GSM47873""",KEEP
GSE2509,"""GSM47874""",KEEP
GSE2509,"""GSM47875""",KEEP
GSE2509,"""GSM47876""",KEEP
GSE2509,"""GSM47877""",KEEP
GSE26027,"""GSM638942""",KEEP
GSE26027,"""GSM638943""",KEEP
GSE26027,"""GSM638944""",KEEP
GSE26027,"""GSM638945""",KEEP
GSE26027,"""GSM638946""",KEEP
GSE26027,"""GSM638947""",KEEP
GSE26027,"""GSM638948""",KEEP
GSE26027,"""GSM638949""",KEEP
GSE26027,"""GSM638950""",KEEP
GSE26027,"""GSM638951""",KEEP
GSE26027,"""GSM638952""",KEEP
GSE26027,"""GSM638953""",KEEP
GSE26906,"""GSM662633""",KEEP
GSE26906,"""GSM662634""",KEEP
GSE26906,"""GSM662635""",KEEP
GSE26906,"""GSM662636""",KEEP
GSE26906,"""GSM662637""",KEEP
GSE26906,"""GSM662638""",KEEP
GSE26906,"""GSM662639""",KEEP
GSE26906,"""GSM662640""",KEEP
GSE26906,"""GSM662641""",KEEP
GSE26906,"""GSM662642""",KEEP
GSE26906,"""GSM662643""",KEEP
GSE26906,"""GSM662644""",KEEP
GSE26906,"""GSM662645""",KEEP
GSE26906,"""GSM662646""",KEEP
GSE26906,"""GSM662647""",KEEP
GSE26906,"""GSM662648""",KEEP
GSE26906,"""GSM662649""",KEEP
GSE26906,"""GSM662650""",KEEP
GSE26906,"""GSM662651""",KEEP
GSE26906,"""GSM662652""",KEEP
GSE26906,"""GSM662653""",KEEP
GSE26906,"""GSM662654""",KEEP
GSE26906,"""GSM662655""",KEEP
GSE26906,"""GSM662656""",KEEP
GSE26906,"""GSM662657""",KEEP
GSE26906,"""GSM662658""",KEEP
GSE26906,"""GSM662659""",KEEP
GSE26906,"""GSM662660""",KEEP
GSE26906,"""GSM662661""",KEEP
GSE26906,"""GSM662662""",KEEP
GSE26906,"""GSM662663""",KEEP
GSE26906,"""GSM662664""",KEEP
GSE26906,"""GSM662665""",KEEP
GSE26906,"""GSM662666""",KEEP
GSE26906,"""GSM662667""",KEEP
GSE26906,"""GSM662668""",KEEP
GSE26906,"""GSM662669""",KEEP
GSE26906,"""GSM662670""",KEEP
GSE26906,"""GSM662671""",KEEP
GSE26906,"""GSM662672""",KEEP
GSE26906,"""GSM662673""",KEEP
GSE26906,"""GSM662674""",KEEP
GSE26906,"""GSM662675""",KEEP
GSE26906,"""GSM662676""",KEEP
GSE26906,"""GSM662677""",KEEP
GSE26906,"""GSM662678""",KEEP
GSE26906,"""GSM662679""",KEEP
GSE26906,"""GSM662680""",KEEP
GSE26906,"""GSM662681""",KEEP
GSE26906,"""GSM662682""",KEEP
GSE26906,"""GSM662683""",KEEP
GSE26906,"""GSM662684""",KEEP
GSE26906,"""GSM662685""",KEEP
GSE26906,"""GSM662686""",KEEP
GSE26906,"""GSM662687""",KEEP
GSE26906,"""GSM662688""",KEEP
GSE26906,"""GSM662689""",KEEP
GSE26906,"""GSM662690""",KEEP
GSE26906,"""GSM662691""",KEEP
GSE26906,"""GSM662692""",KEEP
GSE26906,"""GSM662693""",KEEP
GSE26906,"""GSM662694""",KEEP
GSE26906,"""GSM662695""",KEEP
GSE26906,"""GSM662696""",KEEP
GSE26906,"""GSM662697""",KEEP
GSE26906,"""GSM662698""",KEEP
GSE26906,"""GSM662699""",KEEP
GSE26906,"""GSM662700""",KEEP
GSE26906,"""GSM662701""",KEEP
GSE26906,"""GSM662702""",KEEP
GSE26906,"""GSM662703""",KEEP
GSE26906,"""GSM662704""",KEEP
GSE26906,"""GSM662705""",KEEP
GSE26906,"""GSM662706""",KEEP
GSE26906,"""GSM662707""",KEEP
GSE26906,"""GSM662708""",KEEP
GSE26906,"""GSM662709""",KEEP
GSE26906,"""GSM662710""",KEEP
GSE26906,"""GSM662711""",KEEP
GSE26906,"""GSM662712""",KEEP
GSE26906,"""GSM662713""",KEEP
GSE26906,"""GSM662714""",KEEP
GSE26906,"""GSM662715""",KEEP
GSE26906,"""GSM662716""",KEEP
GSE26906,"""GSM662717""",KEEP
GSE26906,"""GSM662718""",KEEP
GSE26906,"""GSM662719""",KEEP
GSE26906,"""GSM662720""",KEEP
GSE26906,"""GSM662721""",KEEP
GSE26906,"""GSM662722""",KEEP
GSE27157,"""GSM671377""",KEEP
GSE27157,"""GSM671378""",KEEP
GSE27157,"""GSM671379""",KEEP
GSE27157,"""GSM671380""",KEEP
GSE27157,"""GSM671381""",KEEP
GSE27157,"""GSM671382""",KEEP
GSE27157,"""GSM671383""",KEEP
GSE27157,"""GSM671384""",KEEP
GSE27157,"""GSM671385""",KEEP
GSE27157,"""GSM671386""",KEEP
GSE2719,"""GSM52556""",KEEP
GSE2719,"""GSM52557""",KEEP
GSE2719,"""GSM52558""",KEEP
GSE2719,"""GSM52559""",KEEP
GSE2719,"""GSM52560""",KEEP
GSE2719,"""GSM52561""",KEEP
GSE2719,"""GSM52562""",KEEP
GSE2719,"""GSM52563""",KEEP
GSE2719,"""GSM52564""",KEEP
GSE2719,"""GSM52565""",KEEP
GSE2719,"""GSM52566""",KEEP
GSE2719,"""GSM52567""",KEEP
GSE2719,"""GSM52568""",KEEP
GSE2719,"""GSM52569""",KEEP
GSE2719,"""GSM52570""",KEEP
GSE2719,"""GSM52571""",KEEP
GSE2719,"""GSM52572""",KEEP
GSE2719,"""GSM52573""",KEEP
GSE2719,"""GSM52574""",KEEP
GSE2719,"""GSM52575""",KEEP
GSE2719,"""GSM52576""",KEEP
GSE2719,"""GSM52577""",KEEP
GSE2719,"""GSM52578""",KEEP
GSE2719,"""GSM52579""",KEEP
GSE2719,"""GSM52580""",KEEP
GSE2719,"""GSM52581""",KEEP
GSE2719,"""GSM52582""",KEEP
GSE2719,"""GSM52583""",KEEP
GSE2719,"""GSM52584""",KEEP
GSE2719,"""GSM52585""",KEEP
GSE2719,"""GSM52586""",KEEP
GSE2719,"""GSM52587""",KEEP
GSE2719,"""GSM52588""",KEEP
GSE2719,"""GSM52589""",KEEP
GSE2719,"""GSM52590""",KEEP
GSE2719,"""GSM52591""",KEEP
GSE2719,"""GSM52592""",KEEP
GSE2719,"""GSM52593""",KEEP
GSE2719,"""GSM52594""",KEEP
GSE2719,"""GSM52595""",KEEP
GSE2719,"""GSM52596""",KEEP
GSE2719,"""GSM52597""",KEEP
GSE2719,"""GSM52598""",KEEP
GSE2719,"""GSM52599""",KEEP
GSE2719,"""GSM52600""",KEEP
GSE2719,"""GSM52601""",KEEP
GSE2719,"""GSM52602""",KEEP
GSE2719,"""GSM52603""",KEEP
GSE2719,"""GSM52604""",KEEP
GSE2719,"""GSM52605""",KEEP
GSE2719,"""GSM52606""",KEEP
GSE2719,"""GSM52607""",KEEP
GSE2719,"""GSM52608""",KEEP
GSE2719,"""GSM52609""",KEEP
GSE2742,"""GSM60127""",KEEP
GSE2742,"""GSM60128""",KEEP
GSE2742,"""GSM60129""",KEEP
GSE2742,"""GSM60130""",KEEP
GSE2742,"""GSM60131""",KEEP
GSE2742,"""GSM60132""",KEEP
GSE2742,"""GSM60133""",KEEP
GSE2742,"""GSM60134""",KEEP
GSE2742,"""GSM60135""",KEEP
GSE2742,"""GSM60136""",KEEP
GSE2742,"""GSM60137""",KEEP
GSE2742,"""GSM60138""",KEEP
GSE2742,"""GSM60139""",KEEP
GSE2742,"""GSM60140""",KEEP
GSE2742,"""GSM60141""",KEEP
GSE2742,"""GSM60142""",KEEP
GSE2742,"""GSM60143""",KEEP
GSE2742,"""GSM60144""",KEEP
GSE2742,"""GSM92814""",KEEP
GSE2742,"""GSM92815""",KEEP
GSE2742,"""GSM92816""",KEEP
GSE2742,"""GSM92817""",KEEP
GSE2742,"""GSM92818""",KEEP
GSE2742,"""GSM92819""",KEEP
GSE2742,"""GSM92820""",KEEP
GSE2742,"""GSM92821""",KEEP
GSE2742,"""GSM92822""",KEEP
GSE28702,"""GSM710801""",KEEP
GSE28702,"""GSM710802""",KEEP
GSE28702,"""GSM710803""",KEEP
GSE28702,"""GSM710804""",KEEP
GSE28702,"""GSM710805""",KEEP
GSE28702,"""GSM710806""",KEEP
GSE28702,"""GSM710807""",KEEP
GSE28702,"""GSM710808""",KEEP
GSE28702,"""GSM710809""",KEEP
GSE28702,"""GSM710810""",KEEP
GSE28702,"""GSM710811""",KEEP
GSE28702,"""GSM710812""",KEEP
GSE28702,"""GSM710813""",KEEP
GSE28702,"""GSM710814""",KEEP
GSE28702,"""GSM710815""",KEEP
GSE28702,"""GSM710816""",KEEP
GSE28702,"""GSM710817""",KEEP
GSE28702,"""GSM710818""",KEEP
GSE28702,"""GSM710819""",KEEP
GSE28702,"""GSM710820""",KEEP
GSE28702,"""GSM710821""",KEEP
GSE28702,"""GSM710822""",KEEP
GSE28702,"""GSM710823""",KEEP
GSE28702,"""GSM710824""",KEEP
GSE28702,"""GSM710825""",KEEP
GSE28702,"""GSM710826""",KEEP
GSE28702,"""GSM710827""",KEEP
GSE28702,"""GSM710828""",KEEP
GSE28702,"""GSM710829""",KEEP
GSE28702,"""GSM710830""",KEEP
GSE28702,"""GSM710831""",KEEP
GSE28702,"""GSM710832""",KEEP
GSE28702,"""GSM710833""",KEEP
GSE28702,"""GSM710834""",KEEP
GSE28702,"""GSM710835""",KEEP
GSE28702,"""GSM710836""",KEEP
GSE28702,"""GSM710837""",KEEP
GSE28702,"""GSM710839""",KEEP
GSE28702,"""GSM710841""",KEEP
GSE28702,"""GSM710843""",KEEP
GSE28702,"""GSM710845""",KEEP
GSE28702,"""GSM710846""",KEEP
GSE28702,"""GSM710849""",KEEP
GSE28702,"""GSM710853""",KEEP
GSE28702,"""GSM710855""",KEEP
GSE28702,"""GSM710858""",KEEP
GSE28702,"""GSM710860""",KEEP
GSE28702,"""GSM710862""",KEEP
GSE28702,"""GSM710863""",KEEP
GSE28702,"""GSM710865""",KEEP
GSE28702,"""GSM710867""",KEEP
GSE28702,"""GSM710869""",KEEP
GSE28702,"""GSM710871""",KEEP
GSE28702,"""GSM710873""",KEEP
GSE28702,"""GSM710875""",KEEP
GSE28702,"""GSM710877""",KEEP
GSE28702,"""GSM710879""",KEEP
GSE28702,"""GSM710881""",KEEP
GSE28702,"""GSM710883""",KEEP
GSE28702,"""GSM710885""",KEEP
GSE28702,"""GSM710886""",KEEP
GSE28702,"""GSM710888""",KEEP
GSE28702,"""GSM710890""",KEEP
GSE28702,"""GSM710892""",KEEP
GSE28702,"""GSM710894""",KEEP
GSE28702,"""GSM710896""",KEEP
GSE28702,"""GSM710898""",KEEP
GSE28702,"""GSM710900""",KEEP
GSE28702,"""GSM710902""",KEEP
GSE28702,"""GSM710905""",KEEP
GSE28702,"""GSM710906""",KEEP
GSE28702,"""GSM710908""",KEEP
GSE28702,"""GSM710911""",KEEP
GSE28702,"""GSM710913""",KEEP
GSE28702,"""GSM710915""",KEEP
GSE28702,"""GSM710916""",KEEP
GSE28702,"""GSM710918""",KEEP
GSE28702,"""GSM710920""",KEEP
GSE28702,"""GSM710922""",KEEP
GSE28702,"""GSM710924""",KEEP
GSE28702,"""GSM710926""",KEEP
GSE28702,"""GSM710928""",KEEP
GSE28702,"""GSM710930""",KEEP
GSE28792,"""GSM713153""",KEEP
GSE28792,"""GSM713154""",KEEP
GSE28792,"""GSM713155""",KEEP
GSE28792,"""GSM713156""",KEEP
GSE28792,"""GSM713157""",KEEP
GSE28792,"""GSM713158""",KEEP
GSE28792,"""GSM713159""",KEEP
GSE28792,"""GSM713160""",KEEP
GSE28792,"""GSM713161""",KEEP
GSE28792,"""GSM713162""",KEEP
GSE28792,"""GSM713163""",KEEP
GSE28792,"""GSM713164""",KEEP
GSE28792,"""GSM713165""",KEEP
GSE28792,"""GSM713166""",KEEP
GSE28792,"""GSM713167""",KEEP
GSE29008,"""GSM718715""",KEEP
GSE29008,"""GSM718716""",KEEP
GSE29008,"""GSM718717""",KEEP
GSE29008,"""GSM718718""",KEEP
GSE29008,"""GSM718719""",KEEP
GSE29008,"""GSM718720""",KEEP
GSE29008,"""GSM718721""",KEEP
GSE29008,"""GSM718722""",KEEP
GSE29008,"""GSM718723""",KEEP
GSE29008,"""GSM718724""",KEEP
GSE29008,"""GSM718725""",KEEP
GSE29008,"""GSM718726""",KEEP
GSE29008,"""GSM718727""",KEEP
GSE29008,"""GSM718728""",KEEP
GSE29008,"""GSM718729""",KEEP
GSE29008,"""GSM718730""",KEEP
GSE29008,"""GSM718731""",KEEP
GSE29008,"""GSM718732""",KEEP
GSE29008,"""GSM718733""",KEEP
GSE29008,"""GSM718734""",KEEP
GSE29060,"""GSM720199""",KEEP
GSE29060,"""GSM720200""",KEEP
GSE29060,"""GSM720201""",KEEP
GSE29060,"""GSM720202""",KEEP
GSE29060,"""GSM720203""",KEEP
GSE29060,"""GSM720204""",KEEP
GSE29316,"""GSM724521""",KEEP
GSE29316,"""GSM724522""",KEEP
GSE29316,"""GSM724523""",KEEP
GSE29316,"""GSM724524""",KEEP
GSE29316,"""GSM724525""",KEEP
GSE29316,"""GSM724526""",KEEP
GSE294689,"""GSM8916953""",KEEP
GSE294689,"""GSM8916954""",KEEP
GSE294689,"""GSM8916955""",KEEP
GSE294689,"""GSM8916956""",KEEP
GSE294689,"""GSM8916957""",KEEP
GSE294689,"""GSM8916958""",KEEP
GSE294689,"""GSM8916959""",KEEP
GSE294689,"""GSM8916960""",KEEP
GSE294689,"""GSM8916961""",KEEP
GSE294689,"""GSM8916962""",KEEP
GSE294689,"""GSM8916963""",KEEP
GSE294689,"""GSM8916964""",KEEP
GSE294689,"""GSM8916965""",KEEP
GSE294689,"""GSM8916966""",KEEP
GSE294689,"""GSM8916967""",KEEP
GSE294689,"""GSM8916968""",KEEP
GSE294689,"""GSM8916969""",KEEP
GSE294689,"""GSM8916970""",KEEP
GSE294689,"""GSM8916971""",KEEP
GSE294689,"""GSM8916972""",KEEP
GSE294689,"""GSM8916973""",KEEP
GSE294689,"""GSM8916974""",KEEP
GSE294689,"""GSM8916975""",KEEP
GSE294689,"""GSM8916976""",KEEP
GSE294689,"""GSM8916977""",KEEP
GSE294689,"""GSM8916978""",KEEP
GSE294689,"""GSM8916979""",KEEP
GSE294689,"""GSM8916980""",KEEP
GSE294689,"""GSM8916981""",KEEP
GSE294689,"""GSM8916982""",KEEP
GSE294689,"""GSM8916983""",KEEP
GSE294689,"""GSM8916984""",KEEP
GSE294689,"""GSM8916985""",KEEP
GSE294689,"""GSM8916986""",KEEP
GSE294689,"""GSM8916987""",KEEP
GSE294689,"""GSM8916988""",KEEP
GSE294953,"""GSM8931940""",KEEP
GSE294953,"""GSM8931941""",KEEP
GSE294953,"""GSM8931942""",KEEP
GSE294953,"""GSM8931943""",KEEP
GSE294953,"""GSM8931944""",KEEP
GSE294953,"""GSM8931945""",KEEP
GSE294953,"""GSM8931946""",KEEP
GSE294953,"""GSM8931947""",KEEP
GSE294953,"""GSM8931948""",KEEP
GSE294953,"""GSM8931949""",KEEP
GSE294953,"""GSM8931950""",KEEP
GSE294953,"""GSM8931951""",KEEP
GSE294953,"""GSM8931952""",KEEP
GSE294953,"""GSM8931953""",KEEP
GSE294953,"""GSM8931954""",KEEP
GSE294953,"""GSM8931955""",KEEP
GSE294953,"""GSM8931956""",KEEP
GSE294953,"""GSM8931957""",KEEP
GSE294953,"""GSM8931958""",KEEP
GSE294953,"""GSM8931959""",KEEP
GSE294953,"""GSM8931960""",KEEP
GSE294953,"""GSM8931961""",KEEP
GSE294953,"""GSM8931962""",KEEP
GSE294953,"""GSM8931963""",KEEP
GSE294953,"""GSM8931964""",KEEP
GSE294953,"""GSM8931965""",KEEP
GSE294953,"""GSM8931966""",KEEP
GSE294953,"""GSM8931967""",KEEP
GSE30292,"""GSM750842""",KEEP
GSE30292,"""GSM750843""",KEEP
GSE30292,"""GSM750844""",KEEP
GSE30292,"""GSM750845""",KEEP
GSE30292,"""GSM750846""",KEEP
GSE30292,"""GSM750847""",KEEP
GSE30292,"""GSM750848""",KEEP
GSE30292,"""GSM750849""",KEEP
GSE30292,"""GSM750850""",KEEP
GSE30292,"""GSM750851""",KEEP
GSE30292,"""GSM750852""",KEEP
GSE30292,"""GSM750853""",KEEP
GSE30292,"""GSM750854""",KEEP
GSE30292,"""GSM750855""",KEEP
GSE30292,"""GSM750856""",KEEP
GSE30292,"""GSM750857""",KEEP
GSE30292,"""GSM750858""",KEEP
GSE30292,"""GSM750859""",KEEP
GSE30292,"""GSM750860""",KEEP
GSE30292,"""GSM750861""",KEEP
GSE30292,"""GSM750862""",KEEP
GSE30292,"""GSM750863""",KEEP
GSE30292,"""GSM750864""",KEEP
GSE30292,"""GSM750865""",KEEP
GSE30292,"""GSM750866""",KEEP
GSE30292,"""GSM750867""",KEEP
GSE30292,"""GSM750868""",KEEP
GSE30292,"""GSM750869""",KEEP
GSE30292,"""GSM750870""",KEEP
GSE30292,"""GSM750879""",KEEP
GSE30292,"""GSM750880""",KEEP
GSE30292,"""GSM750881""",KEEP
GSE30292,"""GSM750882""",KEEP
GSE30292,"""GSM750883""",KEEP
GSE30292,"""GSM750884""",KEEP
GSE30292,"""GSM750885""",KEEP
GSE30292,"""GSM750886""",KEEP
GSE30292,"""GSM750887""",KEEP
GSE30292,"""GSM750888""",KEEP
GSE30292,"""GSM750889""",KEEP
GSE30292,"""GSM750890""",KEEP
GSE30292,"""GSM750891""",KEEP
GSE30292,"""GSM750892""",KEEP
GSE30540,"""GSM757713""",KEEP
GSE30540,"""GSM757714""",KEEP
GSE30540,"""GSM757715""",KEEP
GSE30540,"""GSM757716""",KEEP
GSE30540,"""GSM757717""",KEEP
GSE30540,"""GSM757718""",KEEP
GSE30540,"""GSM757719""",KEEP
GSE30540,"""GSM757720""",KEEP
GSE30540,"""GSM757721""",KEEP
GSE30540,"""GSM757722""",KEEP
GSE30540,"""GSM757723""",KEEP
GSE30540,"""GSM757724""",KEEP
GSE30540,"""GSM757725""",KEEP
GSE30540,"""GSM757726""",KEEP
GSE30540,"""GSM757727""",KEEP
GSE30540,"""GSM757728""",KEEP
GSE30540,"""GSM757729""",KEEP
GSE30540,"""GSM757730""",KEEP
GSE30540,"""GSM757731""",KEEP
GSE30540,"""GSM757732""",KEEP
GSE30540,"""GSM757733""",KEEP
GSE30540,"""GSM757734""",KEEP
GSE30540,"""GSM757735""",KEEP
GSE30540,"""GSM757736""",KEEP
GSE30540,"""GSM757737""",KEEP
GSE30540,"""GSM757738""",KEEP
GSE30540,"""GSM757739""",KEEP
GSE30540,"""GSM757740""",KEEP
GSE30540,"""GSM757741""",KEEP
GSE30540,"""GSM757742""",KEEP
GSE30540,"""GSM757743""",KEEP
GSE30540,"""GSM757744""",KEEP
GSE30540,"""GSM757745""",KEEP
GSE30540,"""GSM757746""",KEEP
GSE30540,"""GSM757747""",KEEP
GSE30803,"""GSM764167""",KEEP
GSE30803,"""GSM764168""",KEEP
GSE30803,"""GSM764169""",KEEP
GSE30803,"""GSM764170""",KEEP
GSE30803,"""GSM764171""",KEEP
GSE30803,"""GSM774041""",KEEP
GSE30803,"""GSM774042""",KEEP
GSE30803,"""GSM774043""",KEEP
GSE30803,"""GSM774044""",KEEP
GSE30803,"""GSM774045""",KEEP
GSE30803,"""GSM774046""",KEEP
GSE30803,"""GSM774047""",KEEP
GSE30803,"""GSM774048""",KEEP
GSE30803,"""GSM774049""",KEEP
GSE30803,"""GSM774050""",KEEP
GSE30803,"""GSM774051""",KEEP
GSE30803,"""GSM774052""",KEEP
GSE30803,"""GSM774053""",KEEP
GSE30803,"""GSM774054""",KEEP
GSE30803,"""GSM774055""",KEEP
GSE30803,"""GSM774056""",KEEP
GSE30803,"""GSM774057""",KEEP
GSE30803,"""GSM774058""",KEEP
GSE30803,"""GSM774059""",KEEP
GSE30803,"""GSM774060""",KEEP
GSE30803,"""GSM774061""",KEEP
GSE30803,"""GSM774062""",KEEP
GSE30803,"""GSM774063""",KEEP
GSE30803,"""GSM774064""",KEEP
GSE30803,"""GSM774065""",KEEP
GSE30803,"""GSM774066""",KEEP
GSE30803,"""GSM774067""",KEEP
GSE30803,"""GSM774068""",KEEP
GSE31084,"""GSM769801""",KEEP
GSE31084,"""GSM769802""",KEEP
GSE31084,"""GSM769803""",KEEP
GSE31084,"""GSM769804""",KEEP
GSE31084,"""GSM769805""",KEEP
GSE31084,"""GSM769806""",KEEP
GSE31084,"""GSM769807""",KEEP
GSE31084,"""GSM769808""",KEEP
GSE3113,"""GSM69661""",KEEP
GSE3113,"""GSM69662""",KEEP
GSE3113,"""GSM69663""",KEEP
GSE3113,"""GSM69664""",KEEP
GSE3113,"""GSM69665""",KEEP
GSE3113,"""GSM69666""",KEEP
GSE3113,"""GSM69667""",KEEP
GSE3113,"""GSM69668""",KEEP
GSE3113,"""GSM69669""",KEEP
GSE3113,"""GSM69670""",KEEP
GSE3113,"""GSM69671""",KEEP
GSE3113,"""GSM69672""",KEEP
GSE3113,"""GSM69673""",KEEP
GSE3113,"""GSM69674""",KEEP
GSE3113,"""GSM69675""",KEEP
GSE31255,"""GSM774695""",KEEP
GSE31255,"""GSM774696""",KEEP
GSE31255,"""GSM774697""",KEEP
GSE31255,"""GSM774698""",KEEP
GSE31255,"""GSM774699""",KEEP
GSE31255,"""GSM774700""",KEEP
GSE31255,"""GSM774701""",KEEP
GSE31255,"""GSM774702""",KEEP
GSE31255,"""GSM774703""",KEEP
GSE31255,"""GSM774704""",KEEP
GSE31255,"""GSM774705""",KEEP
GSE31595,"""GSM782671""",KEEP
GSE31595,"""GSM782674""",KEEP
GSE31595,"""GSM784850""",KEEP
GSE31595,"""GSM784851""",KEEP
GSE31595,"""GSM784852""",KEEP
GSE31595,"""GSM784853""",KEEP
GSE31595,"""GSM784854""",KEEP
GSE31595,"""GSM784855""",KEEP
GSE31595,"""GSM784856""",KEEP
GSE31595,"""GSM784857""",KEEP
GSE31595,"""GSM784858""",KEEP
GSE31595,"""GSM784860""",KEEP
GSE31595,"""GSM784862""",KEEP
GSE31595,"""GSM784865""",KEEP
GSE31595,"""GSM784867""",KEEP
GSE31595,"""GSM784871""",KEEP
GSE31595,"""GSM784873""",KEEP
GSE31595,"""GSM784875""",KEEP
GSE31595,"""GSM784878""",KEEP
GSE31595,"""GSM784881""",KEEP
GSE31595,"""GSM784884""",KEEP
GSE31595,"""GSM784885""",KEEP
GSE31595,"""GSM784886""",KEEP
GSE31595,"""GSM784887""",KEEP
GSE31595,"""GSM784888""",KEEP
GSE31595,"""GSM784889""",KEEP
GSE31595,"""GSM784890""",KEEP
GSE31595,"""GSM784891""",KEEP
GSE31595,"""GSM784892""",KEEP
GSE31595,"""GSM784893""",KEEP
GSE31595,"""GSM784894""",KEEP
GSE31595,"""GSM784901""",KEEP
GSE31595,"""GSM784902""",KEEP
GSE31595,"""GSM784903""",KEEP
GSE31595,"""GSM784904""",KEEP
GSE31595,"""GSM784905""",KEEP
GSE31595,"""GSM784906""",KEEP
GSE32474,"""GSM803615""",KEEP
GSE32474,"""GSM803616""",KEEP
GSE32474,"""GSM803617""",KEEP
GSE32474,"""GSM803618""",KEEP
GSE32474,"""GSM803619""",KEEP
GSE32474,"""GSM803620""",KEEP
GSE32474,"""GSM803621""",KEEP
GSE32474,"""GSM803622""",KEEP
GSE32474,"""GSM803623""",KEEP
GSE32474,"""GSM803624""",KEEP
GSE32474,"""GSM803625""",KEEP
GSE32474,"""GSM803626""",KEEP
GSE32474,"""GSM803627""",KEEP
GSE32474,"""GSM803628""",KEEP
GSE32474,"""GSM803629""",KEEP
GSE32474,"""GSM803630""",KEEP
GSE32474,"""GSM803631""",KEEP
GSE32474,"""GSM803632""",KEEP
GSE32474,"""GSM803633""",KEEP
GSE32474,"""GSM803634""",KEEP
GSE32474,"""GSM803635""",KEEP
GSE32474,"""GSM803636""",KEEP
GSE32474,"""GSM803637""",KEEP
GSE32474,"""GSM803638""",KEEP
GSE32474,"""GSM803639""",KEEP
GSE32474,"""GSM803640""",KEEP
GSE32474,"""GSM803641""",KEEP
GSE32474,"""GSM803642""",KEEP
GSE32474,"""GSM803643""",KEEP
GSE32474,"""GSM803644""",KEEP
GSE32474,"""GSM803645""",KEEP
GSE32474,"""GSM803646""",KEEP
GSE32474,"""GSM803647""",KEEP
GSE32474,"""GSM803648""",KEEP
GSE32474,"""GSM803649""",KEEP
GSE32474,"""GSM803650""",KEEP
GSE32474,"""GSM803651""",KEEP
GSE32474,"""GSM803652""",KEEP
GSE32474,"""GSM803653""",KEEP
GSE32474,"""GSM803654""",KEEP
GSE32474,"""GSM803655""",KEEP
GSE32474,"""GSM803656""",KEEP
GSE32474,"""GSM803657""",KEEP
GSE32474,"""GSM803658""",KEEP
GSE32474,"""GSM803659""",KEEP
GSE32474,"""GSM803660""",KEEP
GSE32474,"""GSM803661""",KEEP
GSE32474,"""GSM803662""",KEEP
GSE32474,"""GSM803663""",KEEP
GSE32474,"""GSM803664""",KEEP
GSE32474,"""GSM803665""",KEEP
GSE32474,"""GSM803666""",KEEP
GSE32474,"""GSM803667""",KEEP
GSE32474,"""GSM803668""",KEEP
GSE32474,"""GSM803669""",KEEP
GSE32474,"""GSM803670""",KEEP
GSE32474,"""GSM803671""",KEEP
GSE32474,"""GSM803672""",KEEP
GSE32474,"""GSM803673""",KEEP
GSE32474,"""GSM803674""",KEEP
GSE32474,"""GSM803675""",KEEP
GSE32474,"""GSM803676""",KEEP
GSE32474,"""GSM803677""",KEEP
GSE32474,"""GSM803678""",KEEP
GSE32474,"""GSM803679""",KEEP
GSE32474,"""GSM803680""",KEEP
GSE32474,"""GSM803681""",KEEP
GSE32474,"""GSM803682""",KEEP
GSE32474,"""GSM803683""",KEEP
GSE32474,"""GSM803684""",KEEP
GSE32474,"""GSM803685""",KEEP
GSE32474,"""GSM803686""",KEEP
GSE32474,"""GSM803687""",KEEP
GSE32474,"""GSM803688""",KEEP
GSE32474,"""GSM803689""",KEEP
GSE32474,"""GSM803690""",KEEP
GSE32474,"""GSM803691""",KEEP
GSE32474,"""GSM803692""",KEEP
GSE32474,"""GSM803693""",KEEP
GSE32474,"""GSM803694""",KEEP
GSE32474,"""GSM803695""",KEEP
GSE32474,"""GSM803696""",KEEP
GSE32474,"""GSM803697""",KEEP
GSE32474,"""GSM803698""",KEEP
GSE32474,"""GSM803699""",KEEP
GSE32474,"""GSM803700""",KEEP
GSE32474,"""GSM803701""",KEEP
GSE32474,"""GSM803702""",KEEP
GSE32474,"""GSM803703""",KEEP
GSE32474,"""GSM803704""",KEEP
GSE32474,"""GSM803705""",KEEP
GSE32474,"""GSM803706""",KEEP
GSE32474,"""GSM803707""",KEEP
GSE32474,"""GSM803708""",KEEP
GSE32474,"""GSM803709""",KEEP
GSE32474,"""GSM803710""",KEEP
GSE32474,"""GSM803711""",KEEP
GSE32474,"""GSM803712""",KEEP
GSE32474,"""GSM803713""",KEEP
GSE32474,"""GSM803714""",KEEP
GSE32474,"""GSM803715""",KEEP
GSE32474,"""GSM803716""",KEEP
GSE32474,"""GSM803717""",KEEP
GSE32474,"""GSM803718""",KEEP
GSE32474,"""GSM803719""",KEEP
GSE32474,"""GSM803720""",KEEP
GSE32474,"""GSM803721""",KEEP
GSE32474,"""GSM803722""",KEEP
GSE32474,"""GSM803723""",KEEP
GSE32474,"""GSM803724""",KEEP
GSE32474,"""GSM803725""",KEEP
GSE32474,"""GSM803726""",KEEP
GSE32474,"""GSM803727""",KEEP
GSE32474,"""GSM803728""",KEEP
GSE32474,"""GSM803729""",KEEP
GSE32474,"""GSM803730""",KEEP
GSE32474,"""GSM803731""",KEEP
GSE32474,"""GSM803732""",KEEP
GSE32474,"""GSM803733""",KEEP
GSE32474,"""GSM803734""",KEEP
GSE32474,"""GSM803735""",KEEP
GSE32474,"""GSM803736""",KEEP
GSE32474,"""GSM803737""",KEEP
GSE32474,"""GSM803738""",KEEP
GSE32474,"""GSM803739""",KEEP
GSE32474,"""GSM803740""",KEEP
GSE32474,"""GSM803741""",KEEP
GSE32474,"""GSM803742""",KEEP
GSE32474,"""GSM803743""",KEEP
GSE32474,"""GSM803744""",KEEP
GSE32474,"""GSM803745""",KEEP
GSE32474,"""GSM803746""",KEEP
GSE32474,"""GSM803747""",KEEP
GSE32474,"""GSM803748""",KEEP
GSE32474,"""GSM803749""",KEEP
GSE32474,"""GSM803750""",KEEP
GSE32474,"""GSM803751""",KEEP
GSE32474,"""GSM803752""",KEEP
GSE32474,"""GSM803753""",KEEP
GSE32474,"""GSM803754""",KEEP
GSE32474,"""GSM803755""",KEEP
GSE32474,"""GSM803756""",KEEP
GSE32474,"""GSM803757""",KEEP
GSE32474,"""GSM803758""",KEEP
GSE32474,"""GSM803759""",KEEP
GSE32474,"""GSM803760""",KEEP
GSE32474,"""GSM803761""",KEEP
GSE32474,"""GSM803762""",KEEP
GSE32474,"""GSM803763""",KEEP
GSE32474,"""GSM803764""",KEEP
GSE32474,"""GSM803765""",KEEP
GSE32474,"""GSM803766""",KEEP
GSE32474,"""GSM803767""",KEEP
GSE32474,"""GSM803768""",KEEP
GSE32474,"""GSM803769""",KEEP
GSE32474,"""GSM803770""",KEEP
GSE32474,"""GSM803771""",KEEP
GSE32474,"""GSM803772""",KEEP
GSE32474,"""GSM803773""",KEEP
GSE32474,"""GSM803774""",KEEP
GSE32474,"""GSM803775""",KEEP
GSE32474,"""GSM803776""",KEEP
GSE32474,"""GSM803777""",KEEP
GSE32474,"""GSM803778""",KEEP
GSE32474,"""GSM803779""",KEEP
GSE32474,"""GSM803780""",KEEP
GSE32474,"""GSM803781""",KEEP
GSE32474,"""GSM803782""",KEEP
GSE32474,"""GSM803783""",KEEP
GSE32474,"""GSM803784""",KEEP
GSE32474,"""GSM803785""",KEEP
GSE32474,"""GSM803786""",KEEP
GSE32474,"""GSM803787""",KEEP
GSE32474,"""GSM803788""",KEEP
GSE33112,"""GSM820036""",KEEP
GSE33112,"""GSM820037""",KEEP
GSE33112,"""GSM820038""",KEEP
GSE33112,"""GSM820039""",KEEP
GSE33112,"""GSM820040""",KEEP
GSE33112,"""GSM820041""",KEEP
GSE33112,"""GSM820042""",KEEP
GSE33112,"""GSM820043""",REMOVE
GSE33112,"""GSM820044""",KEEP
GSE33112,"""GSM820045""",KEEP
GSE33112,"""GSM820046""",KEEP
GSE33112,"""GSM820047""",KEEP
GSE33114,"""GSM820036""",REMOVE
GSE33114,"""GSM820037""",REMOVE
GSE33114,"""GSM820038""",REMOVE
GSE33114,"""GSM820039""",REMOVE
GSE33114,"""GSM820040""",REMOVE
GSE33114,"""GSM820041""",REMOVE
GSE33114,"""GSM820042""",REMOVE
GSE33114,"""GSM820043""",REMOVE
GSE33114,"""GSM820044""",REMOVE
GSE33114,"""GSM820045""",REMOVE
GSE33114,"""GSM820046""",REMOVE
GSE33114,"""GSM820047""",REMOVE
GSE33114,"""GSM820048""",REMOVE
GSE33114,"""GSM820049""",REMOVE
GSE33114,"""GSM820050""",REMOVE
GSE33114,"""GSM820051""",REMOVE
GSE33114,"""GSM820052""",REMOVE
GSE33114,"""GSM820053""",REMOVE
GSE33114,"""GSM820054""",REMOVE
GSE33114,"""GSM820055""",REMOVE
GSE33114,"""GSM820056""",REMOVE
GSE33114,"""GSM820057""",REMOVE
GSE33114,"""GSM820058""",REMOVE
GSE33114,"""GSM820059""",REMOVE
GSE33114,"""GSM820060""",REMOVE
GSE33114,"""GSM820061""",REMOVE
GSE33114,"""GSM820062""",REMOVE
GSE33114,"""GSM820063""",REMOVE
GSE33114,"""GSM820064""",REMOVE
GSE33114,"""GSM820065""",REMOVE
GSE33114,"""GSM820066""",REMOVE
GSE33114,"""GSM820067""",REMOVE
GSE33114,"""GSM820068""",REMOVE
GSE33114,"""GSM820069""",REMOVE
GSE33114,"""GSM820070""",REMOVE
GSE33114,"""GSM820071""",REMOVE
GSE33114,"""GSM820072""",REMOVE
GSE33114,"""GSM820073""",REMOVE
GSE33114,"""GSM820074""",REMOVE
GSE33114,"""GSM820075""",REMOVE
GSE33114,"""GSM820076""",REMOVE
GSE33114,"""GSM820077""",REMOVE
GSE33114,"""GSM820078""",REMOVE
GSE33114,"""GSM820079""",REMOVE
GSE33114,"""GSM820080""",REMOVE
GSE33114,"""GSM820081""",REMOVE
GSE33114,"""GSM820082""",REMOVE
GSE33114,"""GSM820083""",REMOVE
GSE33114,"""GSM820084""",REMOVE
GSE33114,"""GSM820085""",REMOVE
GSE33114,"""GSM820086""",REMOVE
GSE33114,"""GSM820087""",REMOVE
GSE33114,"""GSM820088""",REMOVE
GSE33114,"""GSM820089""",REMOVE
GSE33114,"""GSM820090""",REMOVE
GSE33114,"""GSM820091""",REMOVE
GSE33114,"""GSM820092""",REMOVE
GSE33114,"""GSM820093""",REMOVE
GSE33114,"""GSM820094""",REMOVE
GSE33114,"""GSM820095""",REMOVE
GSE33114,"""GSM820096""",REMOVE
GSE33114,"""GSM820097""",REMOVE
GSE33114,"""GSM820098""",REMOVE
GSE33114,"""GSM820099""",REMOVE
GSE33114,"""GSM820100""",REMOVE
GSE33114,"""GSM820101""",REMOVE
GSE33114,"""GSM820102""",REMOVE
GSE33114,"""GSM820103""",REMOVE
GSE33114,"""GSM820104""",REMOVE
GSE33114,"""GSM820105""",REMOVE
GSE33114,"""GSM820106""",REMOVE
GSE33114,"""GSM820107""",REMOVE
GSE33114,"""GSM820108""",REMOVE
GSE33114,"""GSM820109""",REMOVE
GSE33114,"""GSM820110""",REMOVE
GSE33114,"""GSM820111""",REMOVE
GSE33114,"""GSM820112""",REMOVE
GSE33114,"""GSM820113""",REMOVE
GSE33114,"""GSM820114""",REMOVE
GSE33114,"""GSM820115""",REMOVE
GSE33114,"""GSM820116""",REMOVE
GSE33114,"""GSM820117""",REMOVE
GSE33114,"""GSM820118""",REMOVE
GSE33114,"""GSM820119""",REMOVE
GSE33114,"""GSM820120""",REMOVE
GSE33114,"""GSM820121""",REMOVE
GSE33114,"""GSM820122""",REMOVE
GSE33114,"""GSM820123""",REMOVE
GSE33114,"""GSM820124""",REMOVE
GSE33114,"""GSM820125""",REMOVE
GSE33114,"""GSM820126""",REMOVE
GSE33114,"""GSM820127""",REMOVE
GSE33114,"""GSM820128""",REMOVE
GSE33114,"""GSM820129""",REMOVE
GSE33114,"""GSM820130""",REMOVE
GSE33114,"""GSM820131""",REMOVE
GSE33114,"""GSM820132""",REMOVE
GSE33114,"""GSM820133""",REMOVE
GSE33114,"""GSM820134""",REMOVE
GSE33114,"""GSM820135""",REMOVE
GSE33114,"""GSM820136""",REMOVE
GSE33114,"""GSM820137""",REMOVE
GSE33114,"""GSM1100477""",REMOVE
GSE33114,"""GSM1100478""",REMOVE
GSE33114,"""GSM1100479""",REMOVE
GSE33114,"""GSM1100480""",REMOVE
GSE33114,"""GSM1100481""",REMOVE
GSE33114,"""GSM1100482""",REMOVE
GSE33143,"""GSM820796""",KEEP
GSE33143,"""GSM820797""",KEEP
GSE33143,"""GSM820798""",KEEP
GSE33143,"""GSM820799""",KEEP
GSE33143,"""GSM820800""",KEEP
GSE33143,"""GSM820801""",KEEP
GSE33420,"""GSM826709""",KEEP
GSE33420,"""GSM826710""",KEEP
GSE33420,"""GSM826711""",KEEP
GSE33420,"""GSM826712""",KEEP
GSE33420,"""GSM826713""",REMOVE
GSE33420,"""GSM826714""",REMOVE
GSE33420,"""GSM826715""",REMOVE
GSE33420,"""GSM826716""",KEEP
GSE33846,"""GSM837740""",KEEP
GSE33846,"""GSM837741""",KEEP
GSE33846,"""GSM837742""",KEEP
GSE33846,"""GSM837743""",KEEP
GSE33846,"""GSM837744""",KEEP
GSE33846,"""GSM837745""",KEEP
GSE33846,"""GSM837746""",KEEP
GSE33846,"""GSM837747""",KEEP
GSE33846,"""GSM837748""",KEEP
GSE33846,"""GSM837749""",KEEP
GSE33846,"""GSM837750""",REMOVE
GSE33846,"""GSM837751""",REMOVE
GSE33846,"""GSM837752""",REMOVE
GSE33846,"""GSM837753""",REMOVE
GSE33846,"""GSM837754""",REMOVE
GSE33846,"""GSM837755""",REMOVE
GSE33846,"""GSM837756""",REMOVE
GSE33846,"""GSM837757""",REMOVE
GSE33846,"""GSM837758""",REMOVE
GSE33846,"""GSM837759""",REMOVE
GSE33846,"""GSM837760""",REMOVE
GSE33846,"""GSM837761""",REMOVE
GSE33846,"""GSM837762""",REMOVE
GSE33846,"""GSM837763""",REMOVE
GSE33846,"""GSM837764""",REMOVE
GSE33846,"""GSM837765""",REMOVE
GSE33846,"""GSM837766""",REMOVE
GSE33846,"""GSM837767""",REMOVE
GSE33846,"""GSM837768""",REMOVE
GSE33846,"""GSM837769""",REMOVE
GSE33846,"""GSM837770""",REMOVE
GSE33846,"""GSM837771""",REMOVE
GSE34053,"""GSM841020""",KEEP
GSE34053,"""GSM841021""",KEEP
GSE34053,"""GSM841022""",KEEP
GSE34053,"""GSM841023""",KEEP
GSE34053,"""GSM841024""",KEEP
GSE34053,"""GSM841025""",KEEP
GSE34053,"""GSM841026""",KEEP
GSE34053,"""GSM841027""",KEEP
GSE34053,"""GSM841028""",KEEP
GSE34489,"""GSM850023""",KEEP
GSE34489,"""GSM850024""",KEEP
GSE34489,"""GSM850025""",KEEP
GSE34489,"""GSM850026""",KEEP
GSE34489,"""GSM850027""",KEEP
GSE34489,"""GSM850028""",KEEP
GSE34489,"""GSM850029""",KEEP
GSE34489,"""GSM850030""",KEEP
GSE34489,"""GSM850031""",KEEP
GSE34489,"""GSM850032""",KEEP
GSE34489,"""GSM850033""",KEEP
GSE34489,"""GSM850034""",KEEP
GSE34489,"""GSM850035""",KEEP
GSE34489,"""GSM850036""",KEEP
GSE34489,"""GSM850037""",KEEP
GSE34489,"""GSM850038""",KEEP
GSE34489,"""GSM850039""",KEEP
GSE34489,"""GSM850040""",KEEP
GSE34489,"""GSM850041""",KEEP
GSE34489,"""GSM850042""",KEEP
GSE34489,"""GSM850043""",KEEP
GSE34489,"""GSM850044""",KEEP
GSE34489,"""GSM850045""",KEEP
GSE34489,"""GSM850046""",KEEP
GSE34489,"""GSM850047""",KEEP
GSE34489,"""GSM850048""",KEEP
GSE34489,"""GSM850049""",KEEP
GSE34489,"""GSM850050""",KEEP
GSE34489,"""GSM850051""",KEEP
GSE34489,"""GSM850052""",KEEP
GSE34489,"""GSM850053""",KEEP
GSE34489,"""GSM850054""",KEEP
GSE34489,"""GSM850055""",KEEP
GSE3526,"""GSM80561""",KEEP
GSE3526,"""GSM80562""",KEEP
GSE3526,"""GSM80563""",KEEP
GSE3526,"""GSM80564""",KEEP
GSE3526,"""GSM80565""",KEEP
GSE3526,"""GSM80566""",KEEP
GSE3526,"""GSM80567""",KEEP
GSE3526,"""GSM80568""",KEEP
GSE3526,"""GSM80569""",KEEP
GSE3526,"""GSM80570""",KEEP
GSE3526,"""GSM80571""",KEEP
GSE3526,"""GSM80572""",KEEP
GSE3526,"""GSM80573""",KEEP
GSE3526,"""GSM80574""",KEEP
GSE3526,"""GSM80575""",KEEP
GSE3526,"""GSM80576""",KEEP
GSE3526,"""GSM80577""",KEEP
GSE3526,"""GSM80578""",KEEP
GSE3526,"""GSM80579""",KEEP
GSE3526,"""GSM80580""",KEEP
GSE3526,"""GSM80581""",KEEP
GSE3526,"""GSM80582""",KEEP
GSE3526,"""GSM80583""",KEEP
GSE3526,"""GSM80584""",KEEP
GSE3526,"""GSM80585""",KEEP
GSE3526,"""GSM80586""",KEEP
GSE3526,"""GSM80587""",KEEP
GSE3526,"""GSM80588""",KEEP
GSE3526,"""GSM80589""",KEEP
GSE3526,"""GSM80590""",KEEP
GSE3526,"""GSM80591""",KEEP
GSE3526,"""GSM80592""",KEEP
GSE3526,"""GSM80593""",KEEP
GSE3526,"""GSM80594""",KEEP
GSE3526,"""GSM80595""",KEEP
GSE3526,"""GSM80596""",KEEP
GSE3526,"""GSM80597""",KEEP
GSE3526,"""GSM80598""",KEEP
GSE3526,"""GSM80599""",KEEP
GSE3526,"""GSM80600""",KEEP
GSE3526,"""GSM80601""",KEEP
GSE3526,"""GSM80602""",KEEP
GSE3526,"""GSM80603""",KEEP
GSE3526,"""GSM80604""",KEEP
GSE3526,"""GSM80605""",KEEP
GSE3526,"""GSM80606""",KEEP
GSE3526,"""GSM80607""",KEEP
GSE3526,"""GSM80608""",KEEP
GSE3526,"""GSM80609""",KEEP
GSE3526,"""GSM80610""",KEEP
GSE3526,"""GSM80611""",KEEP
GSE3526,"""GSM80612""",KEEP
GSE3526,"""GSM80613""",KEEP
GSE3526,"""GSM80614""",KEEP
GSE3526,"""GSM80615""",KEEP
GSE3526,"""GSM80616""",KEEP
GSE3526,"""GSM80617""",KEEP
GSE3526,"""GSM80618""",KEEP
GSE3526,"""GSM80619""",KEEP
GSE3526,"""GSM80620""",KEEP
GSE3526,"""GSM80621""",KEEP
GSE3526,"""GSM80622""",KEEP
GSE3526,"""GSM80623""",KEEP
GSE3526,"""GSM80624""",KEEP
GSE3526,"""GSM80625""",KEEP
GSE3526,"""GSM80626""",KEEP
GSE3526,"""GSM80627""",KEEP
GSE3526,"""GSM80628""",KEEP
GSE3526,"""GSM80629""",KEEP
GSE3526,"""GSM80630""",KEEP
GSE3526,"""GSM80631""",KEEP
GSE3526,"""GSM80632""",KEEP
GSE3526,"""GSM80633""",KEEP
GSE3526,"""GSM80634""",KEEP
GSE3526,"""GSM80635""",KEEP
GSE3526,"""GSM80636""",KEEP
GSE3526,"""GSM80637""",KEEP
GSE3526,"""GSM80638""",KEEP
GSE3526,"""GSM80639""",KEEP
GSE3526,"""GSM80640""",KEEP
GSE3526,"""GSM80641""",KEEP
GSE3526,"""GSM80642""",KEEP
GSE3526,"""GSM80643""",KEEP
GSE3526,"""GSM80644""",KEEP
GSE3526,"""GSM80645""",KEEP
GSE3526,"""GSM80646""",KEEP
GSE3526,"""GSM80647""",KEEP
GSE3526,"""GSM80648""",KEEP
GSE3526,"""GSM80649""",KEEP
GSE3526,"""GSM80650""",KEEP
GSE3526,"""GSM80651""",KEEP
GSE3526,"""GSM80652""",KEEP
GSE3526,"""GSM80653""",KEEP
GSE3526,"""GSM80654""",KEEP
GSE3526,"""GSM80655""",KEEP
GSE3526,"""GSM80656""",KEEP
GSE3526,"""GSM80657""",KEEP
GSE3526,"""GSM80658""",KEEP
GSE3526,"""GSM80659""",KEEP
GSE3526,"""GSM80660""",KEEP
GSE3526,"""GSM80661""",KEEP
GSE3526,"""GSM80662""",KEEP
GSE3526,"""GSM80663""",KEEP
GSE3526,"""GSM80664""",KEEP
GSE3526,"""GSM80665""",KEEP
GSE3526,"""GSM80666""",KEEP
GSE3526,"""GSM80667""",KEEP
GSE3526,"""GSM80668""",KEEP
GSE3526,"""GSM80669""",KEEP
GSE3526,"""GSM80670""",KEEP
GSE3526,"""GSM80671""",KEEP
GSE3526,"""GSM80672""",KEEP
GSE3526,"""GSM80673""",KEEP
GSE3526,"""GSM80674""",KEEP
GSE3526,"""GSM80675""",KEEP
GSE3526,"""GSM80676""",KEEP
GSE3526,"""GSM80677""",KEEP
GSE3526,"""GSM80678""",KEEP
GSE3526,"""GSM80679""",KEEP
GSE3526,"""GSM80680""",KEEP
GSE3526,"""GSM80681""",KEEP
GSE3526,"""GSM80682""",KEEP
GSE3526,"""GSM80683""",KEEP
GSE3526,"""GSM80684""",KEEP
GSE3526,"""GSM80685""",KEEP
GSE3526,"""GSM80686""",KEEP
GSE3526,"""GSM80687""",KEEP
GSE3526,"""GSM80688""",KEEP
GSE3526,"""GSM80689""",KEEP
GSE3526,"""GSM80690""",KEEP
GSE3526,"""GSM80691""",KEEP
GSE3526,"""GSM80692""",KEEP
GSE3526,"""GSM80693""",KEEP
GSE3526,"""GSM80694""",KEEP
GSE3526,"""GSM80695""",KEEP
GSE3526,"""GSM80696""",KEEP
GSE3526,"""GSM80697""",KEEP
GSE3526,"""GSM80698""",KEEP
GSE3526,"""GSM80699""",KEEP
GSE3526,"""GSM80700""",KEEP
GSE3526,"""GSM80701""",KEEP
GSE3526,"""GSM80702""",KEEP
GSE3526,"""GSM80703""",KEEP
GSE3526,"""GSM80704""",KEEP
GSE3526,"""GSM80705""",KEEP
GSE3526,"""GSM80706""",KEEP
GSE3526,"""GSM80707""",KEEP
GSE3526,"""GSM80708""",KEEP
GSE3526,"""GSM80709""",KEEP
GSE3526,"""GSM80710""",KEEP
GSE3526,"""GSM80711""",KEEP
GSE3526,"""GSM80712""",KEEP
GSE3526,"""GSM80713""",KEEP
GSE3526,"""GSM80714""",KEEP
GSE3526,"""GSM80715""",KEEP
GSE3526,"""GSM80716""",KEEP
GSE3526,"""GSM80717""",KEEP
GSE3526,"""GSM80718""",KEEP
GSE3526,"""GSM80719""",KEEP
GSE3526,"""GSM80720""",KEEP
GSE3526,"""GSM80721""",KEEP
GSE3526,"""GSM80722""",KEEP
GSE3526,"""GSM80723""",KEEP
GSE3526,"""GSM80724""",KEEP
GSE3526,"""GSM80725""",KEEP
GSE3526,"""GSM80726""",KEEP
GSE3526,"""GSM80727""",KEEP
GSE3526,"""GSM80728""",KEEP
GSE3526,"""GSM80729""",KEEP
GSE3526,"""GSM80730""",KEEP
GSE3526,"""GSM80731""",KEEP
GSE3526,"""GSM80732""",KEEP
GSE3526,"""GSM80733""",KEEP
GSE3526,"""GSM80734""",KEEP
GSE3526,"""GSM80735""",KEEP
GSE3526,"""GSM80736""",KEEP
GSE3526,"""GSM80737""",KEEP
GSE3526,"""GSM80738""",KEEP
GSE3526,"""GSM80739""",KEEP
GSE3526,"""GSM80740""",KEEP
GSE3526,"""GSM80741""",KEEP
GSE3526,"""GSM80742""",KEEP
GSE3526,"""GSM80743""",KEEP
GSE3526,"""GSM80744""",KEEP
GSE3526,"""GSM80745""",KEEP
GSE3526,"""GSM80746""",KEEP
GSE3526,"""GSM80747""",KEEP
GSE3526,"""GSM80748""",KEEP
GSE3526,"""GSM80749""",KEEP
GSE3526,"""GSM80750""",KEEP
GSE3526,"""GSM80751""",KEEP
GSE3526,"""GSM80752""",KEEP
GSE3526,"""GSM80753""",KEEP
GSE3526,"""GSM80754""",KEEP
GSE3526,"""GSM80755""",KEEP
GSE3526,"""GSM80756""",KEEP
GSE3526,"""GSM80757""",KEEP
GSE3526,"""GSM80758""",KEEP
GSE3526,"""GSM80759""",KEEP
GSE3526,"""GSM80760""",KEEP
GSE3526,"""GSM80761""",KEEP
GSE3526,"""GSM80762""",KEEP
GSE3526,"""GSM80763""",KEEP
GSE3526,"""GSM80764""",KEEP
GSE3526,"""GSM80765""",KEEP
GSE3526,"""GSM80766""",KEEP
GSE3526,"""GSM80767""",KEEP
GSE3526,"""GSM80768""",KEEP
GSE3526,"""GSM80769""",KEEP
GSE3526,"""GSM80770""",KEEP
GSE3526,"""GSM80771""",KEEP
GSE3526,"""GSM80772""",KEEP
GSE3526,"""GSM80773""",KEEP
GSE3526,"""GSM80774""",KEEP
GSE3526,"""GSM80775""",KEEP
GSE3526,"""GSM80776""",KEEP
GSE3526,"""GSM80777""",KEEP
GSE3526,"""GSM80778""",KEEP
GSE3526,"""GSM80779""",KEEP
GSE3526,"""GSM80780""",KEEP
GSE3526,"""GSM80781""",KEEP
GSE3526,"""GSM80782""",KEEP
GSE3526,"""GSM80783""",KEEP
GSE3526,"""GSM80784""",KEEP
GSE3526,"""GSM80785""",KEEP
GSE3526,"""GSM80786""",KEEP
GSE3526,"""GSM80787""",KEEP
GSE3526,"""GSM80788""",KEEP
GSE3526,"""GSM80789""",KEEP
GSE3526,"""GSM80790""",KEEP
GSE3526,"""GSM80791""",KEEP
GSE3526,"""GSM80792""",KEEP
GSE3526,"""GSM80793""",KEEP
GSE3526,"""GSM80794""",KEEP
GSE3526,"""GSM80795""",KEEP
GSE3526,"""GSM80796""",KEEP
GSE3526,"""GSM80797""",KEEP
GSE3526,"""GSM80798""",KEEP
GSE3526,"""GSM80799""",KEEP
GSE3526,"""GSM80800""",KEEP
GSE3526,"""GSM80801""",KEEP
GSE3526,"""GSM80802""",KEEP
GSE3526,"""GSM80803""",KEEP
GSE3526,"""GSM80804""",KEEP
GSE3526,"""GSM80805""",KEEP
GSE3526,"""GSM80806""",KEEP
GSE3526,"""GSM80807""",KEEP
GSE3526,"""GSM80808""",KEEP
GSE3526,"""GSM80809""",KEEP
GSE3526,"""GSM80810""",KEEP
GSE3526,"""GSM80811""",KEEP
GSE3526,"""GSM80812""",KEEP
GSE3526,"""GSM80813""",KEEP
GSE3526,"""GSM80814""",KEEP
GSE3526,"""GSM80815""",KEEP
GSE3526,"""GSM80816""",KEEP
GSE3526,"""GSM80817""",KEEP
GSE3526,"""GSM80818""",KEEP
GSE3526,"""GSM80819""",KEEP
GSE3526,"""GSM80820""",KEEP
GSE3526,"""GSM80821""",KEEP
GSE3526,"""GSM80822""",KEEP
GSE3526,"""GSM80823""",KEEP
GSE3526,"""GSM80824""",KEEP
GSE3526,"""GSM80825""",KEEP
GSE3526,"""GSM80826""",KEEP
GSE3526,"""GSM80827""",KEEP
GSE3526,"""GSM80828""",KEEP
GSE3526,"""GSM80829""",KEEP
GSE3526,"""GSM80830""",KEEP
GSE3526,"""GSM80831""",KEEP
GSE3526,"""GSM80832""",KEEP
GSE3526,"""GSM80833""",KEEP
GSE3526,"""GSM80834""",KEEP
GSE3526,"""GSM80835""",KEEP
GSE3526,"""GSM80836""",KEEP
GSE3526,"""GSM80837""",KEEP
GSE3526,"""GSM80838""",KEEP
GSE3526,"""GSM80839""",KEEP
GSE3526,"""GSM80840""",KEEP
GSE3526,"""GSM80841""",KEEP
GSE3526,"""GSM80842""",KEEP
GSE3526,"""GSM80843""",KEEP
GSE3526,"""GSM80844""",KEEP
GSE3526,"""GSM80845""",KEEP
GSE3526,"""GSM80846""",KEEP
GSE3526,"""GSM80847""",KEEP
GSE3526,"""GSM80848""",KEEP
GSE3526,"""GSM80849""",KEEP
GSE3526,"""GSM80850""",KEEP
GSE3526,"""GSM80851""",KEEP
GSE3526,"""GSM80852""",KEEP
GSE3526,"""GSM80853""",KEEP
GSE3526,"""GSM80854""",KEEP
GSE3526,"""GSM80855""",KEEP
GSE3526,"""GSM80856""",KEEP
GSE3526,"""GSM80857""",KEEP
GSE3526,"""GSM80858""",KEEP
GSE3526,"""GSM80859""",KEEP
GSE3526,"""GSM80860""",KEEP
GSE3526,"""GSM80861""",KEEP
GSE3526,"""GSM80862""",KEEP
GSE3526,"""GSM80863""",KEEP
GSE3526,"""GSM80864""",KEEP
GSE3526,"""GSM80865""",KEEP
GSE3526,"""GSM80866""",KEEP
GSE3526,"""GSM80867""",KEEP
GSE3526,"""GSM80868""",KEEP
GSE3526,"""GSM80869""",KEEP
GSE3526,"""GSM80870""",KEEP
GSE3526,"""GSM80871""",KEEP
GSE3526,"""GSM80872""",KEEP
GSE3526,"""GSM80873""",KEEP
GSE3526,"""GSM80874""",KEEP
GSE3526,"""GSM80875""",KEEP
GSE3526,"""GSM80876""",KEEP
GSE3526,"""GSM80877""",KEEP
GSE3526,"""GSM80878""",KEEP
GSE3526,"""GSM80879""",KEEP
GSE3526,"""GSM80880""",KEEP
GSE3526,"""GSM80881""",KEEP
GSE3526,"""GSM80882""",KEEP
GSE3526,"""GSM80883""",KEEP
GSE3526,"""GSM80884""",KEEP
GSE3526,"""GSM80885""",KEEP
GSE3526,"""GSM80886""",KEEP
GSE3526,"""GSM80887""",KEEP
GSE3526,"""GSM80888""",KEEP
GSE3526,"""GSM80889""",KEEP
GSE3526,"""GSM80890""",KEEP
GSE3526,"""GSM80891""",KEEP
GSE3526,"""GSM80892""",KEEP
GSE3526,"""GSM80893""",KEEP
GSE3526,"""GSM80894""",KEEP
GSE3526,"""GSM80895""",KEEP
GSE3526,"""GSM80896""",KEEP
GSE3526,"""GSM80897""",KEEP
GSE3526,"""GSM80898""",KEEP
GSE3526,"""GSM80899""",KEEP
GSE3526,"""GSM80900""",KEEP
GSE3526,"""GSM80901""",KEEP
GSE3526,"""GSM80902""",KEEP
GSE3526,"""GSM80903""",KEEP
GSE3526,"""GSM80904""",KEEP
GSE3526,"""GSM80905""",KEEP
GSE3526,"""GSM80906""",KEEP
GSE3526,"""GSM80907""",KEEP
GSE3526,"""GSM80908""",KEEP
GSE3526,"""GSM80909""",KEEP
GSE3526,"""GSM80910""",KEEP
GSE3526,"""GSM80911""",KEEP
GSE3526,"""GSM80912""",KEEP
GSE3526,"""GSM80913""",KEEP
GSE35382,"""GSM867162""",KEEP
GSE35382,"""GSM867173""",KEEP
GSE35382,"""GSM867174""",KEEP
GSE35382,"""GSM867175""",KEEP
GSE35382,"""GSM867176""",KEEP
GSE35382,"""GSM867177""",KEEP
GSE35382,"""GSM867179""",KEEP
GSE35382,"""GSM867180""",KEEP
GSE35382,"""GSM867181""",KEEP
GSE35452,"""GSM868548""",KEEP
GSE35452,"""GSM868549""",KEEP
GSE35452,"""GSM868550""",KEEP
GSE35452,"""GSM868551""",KEEP
GSE35452,"""GSM868552""",KEEP
GSE35452,"""GSM868553""",KEEP
GSE35452,"""GSM868554""",KEEP
GSE35452,"""GSM868555""",KEEP
GSE35452,"""GSM868556""",KEEP
GSE35452,"""GSM868557""",KEEP
GSE35452,"""GSM868558""",KEEP
GSE35452,"""GSM868559""",KEEP
GSE35452,"""GSM868560""",KEEP
GSE35452,"""GSM868561""",KEEP
GSE35452,"""GSM868562""",KEEP
GSE35452,"""GSM868563""",KEEP
GSE35452,"""GSM868564""",KEEP
GSE35452,"""GSM868565""",KEEP
GSE35452,"""GSM868566""",KEEP
GSE35452,"""GSM868567""",KEEP
GSE35452,"""GSM868568""",KEEP
GSE35452,"""GSM868569""",KEEP
GSE35452,"""GSM868570""",KEEP
GSE35452,"""GSM868571""",KEEP
GSE35452,"""GSM868572""",KEEP
GSE35452,"""GSM868573""",KEEP
GSE35452,"""GSM868574""",KEEP
GSE35452,"""GSM868575""",KEEP
GSE35452,"""GSM868576""",KEEP
GSE35452,"""GSM868577""",KEEP
GSE35452,"""GSM868578""",KEEP
GSE35452,"""GSM868579""",KEEP
GSE35452,"""GSM868580""",KEEP
GSE35452,"""GSM868581""",KEEP
GSE35452,"""GSM868582""",KEEP
GSE35452,"""GSM868583""",KEEP
GSE35452,"""GSM868584""",KEEP
GSE35452,"""GSM868585""",KEEP
GSE35452,"""GSM868586""",KEEP
GSE35452,"""GSM868587""",KEEP
GSE35452,"""GSM868588""",KEEP
GSE35452,"""GSM868589""",KEEP
GSE35452,"""GSM868590""",KEEP
GSE35452,"""GSM868591""",KEEP
GSE35452,"""GSM868592""",KEEP
GSE35452,"""GSM868593""",KEEP
GSE35478,"""GSM869232""",KEEP
GSE35478,"""GSM869233""",KEEP
GSE35478,"""GSM869234""",KEEP
GSE35478,"""GSM869235""",KEEP
GSE35478,"""GSM869236""",KEEP
GSE35478,"""GSM869237""",KEEP
GSE35478,"""GSM869238""",KEEP
GSE35478,"""GSM869239""",KEEP
GSE35478,"""GSM869240""",KEEP
GSE35478,"""GSM869241""",KEEP
GSE35478,"""GSM869242""",KEEP
GSE35478,"""GSM869243""",KEEP
GSE35478,"""GSM869244""",KEEP
GSE35478,"""GSM869245""",KEEP
GSE35478,"""GSM869246""",KEEP
GSE35566,"""GSM870721""",KEEP
GSE35566,"""GSM870722""",KEEP
GSE35566,"""GSM870723""",KEEP
GSE35566,"""GSM870724""",KEEP
GSE35566,"""GSM870725""",KEEP
GSE35566,"""GSM870726""",KEEP
GSE35566,"""GSM870727""",KEEP
GSE35566,"""GSM870728""",KEEP
GSE35566,"""GSM870729""",KEEP
GSE35566,"""GSM870730""",KEEP
GSE35566,"""GSM870731""",KEEP
GSE35566,"""GSM870732""",KEEP
GSE35566,"""GSM870733""",KEEP
GSE35566,"""GSM870734""",KEEP
GSE35566,"""GSM870735""",KEEP
GSE35566,"""GSM870736""",KEEP
GSE35566,"""GSM870737""",KEEP
GSE35566,"""GSM870738""",KEEP
GSE35566,"""GSM870739""",KEEP
GSE35603,"""GSM871443""",KEEP
GSE35603,"""GSM871444""",KEEP
GSE35603,"""GSM871445""",KEEP
GSE35603,"""GSM871446""",KEEP
GSE35603,"""GSM871447""",KEEP
GSE35603,"""GSM871448""",KEEP
GSE35603,"""GSM871449""",KEEP
GSE35603,"""GSM871450""",KEEP
GSE35603,"""GSM871451""",KEEP
GSE35603,"""GSM871452""",KEEP
GSE35603,"""GSM871453""",KEEP
GSE35603,"""GSM871454""",KEEP
GSE35603,"""GSM871455""",KEEP
GSE35603,"""GSM871456""",KEEP
GSE35603,"""GSM871457""",KEEP
GSE35603,"""GSM871458""",KEEP
GSE35603,"""GSM871459""",KEEP
GSE35603,"""GSM871460""",KEEP
GSE35603,"""GSM871462""",KEEP
GSE35603,"""GSM871463""",KEEP
GSE35603,"""GSM871464""",KEEP
GSE35603,"""GSM871465""",KEEP
GSE35603,"""GSM871466""",KEEP
GSE35603,"""GSM871467""",KEEP
GSE35603,"""GSM871468""",KEEP
GSE35603,"""GSM871469""",KEEP
GSE35603,"""GSM871470""",KEEP
GSE35603,"""GSM871471""",KEEP
GSE35603,"""GSM871472""",KEEP
GSE35603,"""GSM871473""",KEEP
GSE35603,"""GSM871474""",KEEP
GSE35603,"""GSM871475""",KEEP
GSE35603,"""GSM871476""",KEEP
GSE35603,"""GSM871477""",KEEP
GSE35603,"""GSM871478""",KEEP
GSE35603,"""GSM871479""",KEEP
GSE35603,"""GSM871480""",KEEP
GSE35603,"""GSM871481""",KEEP
GSE35603,"""GSM871482""",KEEP
GSE35603,"""GSM871483""",KEEP
GSE35603,"""GSM871484""",KEEP
GSE35603,"""GSM871485""",KEEP
GSE35603,"""GSM871486""",KEEP
GSE35603,"""GSM871487""",KEEP
GSE35603,"""GSM871488""",KEEP
GSE35603,"""GSM871489""",KEEP
GSE35603,"""GSM871490""",KEEP
GSE35603,"""GSM871491""",KEEP
GSE35603,"""GSM871492""",KEEP
GSE35603,"""GSM871493""",KEEP
GSE35603,"""GSM871494""",KEEP
GSE35603,"""GSM871495""",KEEP
GSE35603,"""GSM871496""",KEEP
GSE35603,"""GSM871497""",KEEP
GSE35603,"""GSM871498""",KEEP
GSE35603,"""GSM871499""",KEEP
GSE35603,"""GSM871500""",KEEP
GSE35603,"""GSM871501""",KEEP
GSE35603,"""GSM871502""",KEEP
GSE35603,"""GSM871503""",KEEP
GSE35603,"""GSM871504""",KEEP
GSE35603,"""GSM871505""",KEEP
GSE35603,"""GSM871506""",KEEP
GSE35603,"""GSM871507""",KEEP
GSE35603,"""GSM871508""",KEEP
GSE35603,"""GSM871509""",KEEP
GSE35603,"""GSM871510""",KEEP
GSE35603,"""GSM871511""",KEEP
GSE35603,"""GSM871512""",KEEP
GSE35603,"""GSM871513""",KEEP
GSE35603,"""GSM871514""",KEEP
GSE35603,"""GSM871515""",KEEP
GSE35603,"""GSM871516""",KEEP
GSE35603,"""GSM871517""",KEEP
GSE35603,"""GSM871518""",KEEP
GSE35603,"""GSM871519""",KEEP
GSE35603,"""GSM871520""",KEEP
GSE35603,"""GSM871521""",KEEP
GSE35973,"""GSM878206""",KEEP
GSE35973,"""GSM878207""",KEEP
GSE35973,"""GSM878208""",KEEP
GSE35973,"""GSM878209""",KEEP
GSE35973,"""GSM878210""",KEEP
GSE35973,"""GSM878211""",KEEP
GSE35973,"""GSM878212""",KEEP
GSE35973,"""GSM878213""",KEEP
GSE3629,"""GSM84002""",KEEP
GSE3629,"""GSM84003""",KEEP
GSE3629,"""GSM84004""",KEEP
GSE3629,"""GSM84005""",KEEP
GSE3629,"""GSM84006""",KEEP
GSE3629,"""GSM84007""",KEEP
GSE3629,"""GSM84008""",KEEP
GSE3629,"""GSM84009""",KEEP
GSE3629,"""GSM84010""",KEEP
GSE3629,"""GSM84011""",KEEP
GSE3629,"""GSM84012""",KEEP
GSE3629,"""GSM84013""",KEEP
GSE3629,"""GSM84014""",KEEP
GSE3629,"""GSM84015""",KEEP
GSE3629,"""GSM84016""",KEEP
GSE3629,"""GSM84017""",KEEP
GSE3629,"""GSM84018""",KEEP
GSE3629,"""GSM84019""",KEEP
GSE3629,"""GSM84020""",KEEP
GSE3629,"""GSM84021""",KEEP
GSE3629,"""GSM84022""",KEEP
GSE3629,"""GSM84023""",KEEP
GSE3629,"""GSM84024""",KEEP
GSE3629,"""GSM84025""",KEEP
GSE3629,"""GSM84026""",KEEP
GSE3629,"""GSM84027""",KEEP
GSE3629,"""GSM84028""",KEEP
GSE3629,"""GSM84029""",KEEP
GSE3629,"""GSM84030""",KEEP
GSE3629,"""GSM84031""",KEEP
GSE3629,"""GSM84032""",KEEP
GSE3629,"""GSM84033""",KEEP
GSE3629,"""GSM84034""",KEEP
GSE3629,"""GSM84035""",KEEP
GSE3629,"""GSM84036""",KEEP
GSE3629,"""GSM84037""",KEEP
GSE3629,"""GSM84038""",KEEP
GSE3629,"""GSM84039""",KEEP
GSE3629,"""GSM84040""",KEEP
GSE3629,"""GSM84041""",KEEP
GSE3629,"""GSM84042""",KEEP
GSE3629,"""GSM84043""",KEEP
GSE3629,"""GSM84044""",KEEP
GSE3629,"""GSM84045""",KEEP
GSE3629,"""GSM84046""",KEEP
GSE3629,"""GSM84047""",KEEP
GSE3629,"""GSM84048""",KEEP
GSE3629,"""GSM84049""",KEEP
GSE3629,"""GSM84050""",KEEP
GSE3629,"""GSM84051""",KEEP
GSE3629,"""GSM84052""",KEEP
GSE3629,"""GSM84053""",KEEP
GSE3629,"""GSM84054""",KEEP
GSE3629,"""GSM84055""",KEEP
GSE3629,"""GSM84056""",KEEP
GSE3629,"""GSM84057""",KEEP
GSE3629,"""GSM84058""",KEEP
GSE3629,"""GSM84059""",KEEP
GSE3629,"""GSM84060""",KEEP
GSE3629,"""GSM84061""",KEEP
GSE3629,"""GSM84062""",KEEP
GSE3629,"""GSM84063""",KEEP
GSE3629,"""GSM84064""",KEEP
GSE3629,"""GSM84065""",KEEP
GSE3629,"""GSM84066""",KEEP
GSE3629,"""GSM84067""",KEEP
GSE3629,"""GSM84068""",KEEP
GSE3629,"""GSM84069""",KEEP
GSE3629,"""GSM84070""",KEEP
GSE3629,"""GSM84071""",KEEP
GSE3629,"""GSM84072""",KEEP
GSE3629,"""GSM84073""",KEEP
GSE3629,"""GSM84074""",KEEP
GSE3629,"""GSM84075""",KEEP
GSE3629,"""GSM84076""",KEEP
GSE3629,"""GSM84077""",KEEP
GSE3629,"""GSM84078""",KEEP
GSE3629,"""GSM84079""",KEEP
GSE3629,"""GSM84080""",KEEP
GSE3629,"""GSM84081""",KEEP
GSE3629,"""GSM84082""",KEEP
GSE3629,"""GSM84083""",KEEP
GSE3629,"""GSM84084""",KEEP
GSE3629,"""GSM84085""",KEEP
GSE3629,"""GSM84086""",KEEP
GSE3629,"""GSM84087""",KEEP
GSE3629,"""GSM84088""",KEEP
GSE3629,"""GSM84089""",KEEP
GSE3629,"""GSM84090""",KEEP
GSE3629,"""GSM84091""",KEEP
GSE3629,"""GSM84092""",KEEP
GSE3629,"""GSM84093""",KEEP
GSE3629,"""GSM84094""",KEEP
GSE3629,"""GSM84095""",KEEP
GSE3629,"""GSM84096""",KEEP
GSE3629,"""GSM84097""",KEEP
GSE3629,"""GSM84098""",KEEP
GSE3629,"""GSM84099""",KEEP
GSE3629,"""GSM84100""",KEEP
GSE3629,"""GSM84101""",KEEP
GSE3629,"""GSM84102""",KEEP
GSE3629,"""GSM84103""",KEEP
GSE3629,"""GSM84104""",KEEP
GSE3629,"""GSM84105""",KEEP
GSE3629,"""GSM84106""",KEEP
GSE3629,"""GSM84107""",KEEP
GSE3629,"""GSM84108""",KEEP
GSE3629,"""GSM84109""",KEEP
GSE3629,"""GSM84110""",KEEP
GSE3629,"""GSM84111""",KEEP
GSE3629,"""GSM84112""",KEEP
GSE3629,"""GSM84113""",KEEP
GSE3629,"""GSM84114""",KEEP
GSE3629,"""GSM84115""",KEEP
GSE3629,"""GSM84116""",KEEP
GSE3629,"""GSM84117""",KEEP
GSE3629,"""GSM84118""",KEEP
GSE3629,"""GSM84119""",KEEP
GSE3629,"""GSM84120""",KEEP
GSE3629,"""GSM84121""",KEEP
GSE3629,"""GSM84122""",KEEP
GSE36701,"""GSM899034""",KEEP
GSE36701,"""GSM899035""",KEEP
GSE36701,"""GSM899036""",KEEP
GSE36701,"""GSM899037""",KEEP
GSE36701,"""GSM899038""",KEEP
GSE36701,"""GSM899039""",KEEP
GSE36701,"""GSM899040""",KEEP
GSE36701,"""GSM899041""",KEEP
GSE36701,"""GSM899042""",KEEP
GSE36701,"""GSM899043""",KEEP
GSE36701,"""GSM899044""",KEEP
GSE36701,"""GSM899045""",KEEP
GSE36701,"""GSM899046""",KEEP
GSE36701,"""GSM899047""",KEEP
GSE36701,"""GSM899048""",KEEP
GSE36701,"""GSM899049""",KEEP
GSE36701,"""GSM899050""",KEEP
GSE36701,"""GSM899051""",KEEP
GSE36701,"""GSM899052""",KEEP
GSE36701,"""GSM899053""",KEEP
GSE36701,"""GSM899054""",KEEP
GSE36701,"""GSM899055""",KEEP
GSE36701,"""GSM899056""",KEEP
GSE36701,"""GSM899057""",KEEP
GSE36701,"""GSM899058""",KEEP
GSE36701,"""GSM899059""",KEEP
GSE36701,"""GSM899060""",KEEP
GSE36701,"""GSM899061""",KEEP
GSE36701,"""GSM899062""",KEEP
GSE36701,"""GSM899063""",KEEP
GSE36701,"""GSM899064""",KEEP
GSE36701,"""GSM899065""",KEEP
GSE36701,"""GSM899066""",KEEP
GSE36701,"""GSM899067""",KEEP
GSE36701,"""GSM899068""",KEEP
GSE36701,"""GSM899069""",KEEP
GSE36701,"""GSM899070""",KEEP
GSE36701,"""GSM899071""",KEEP
GSE36701,"""GSM899072""",KEEP
GSE36701,"""GSM899073""",KEEP
GSE36701,"""GSM899074""",KEEP
GSE36701,"""GSM899075""",KEEP
GSE36701,"""GSM899076""",KEEP
GSE36701,"""GSM899077""",KEEP
GSE36701,"""GSM899078""",KEEP
GSE36701,"""GSM899079""",KEEP
GSE36701,"""GSM899080""",KEEP
GSE36701,"""GSM899081""",KEEP
GSE36701,"""GSM899082""",KEEP
GSE36701,"""GSM899083""",KEEP
GSE36701,"""GSM899084""",KEEP
GSE36701,"""GSM899085""",KEEP
GSE36701,"""GSM899086""",KEEP
GSE36701,"""GSM899087""",KEEP
GSE36701,"""GSM899088""",KEEP
GSE36701,"""GSM899089""",KEEP
GSE36701,"""GSM899090""",KEEP
GSE36701,"""GSM899091""",KEEP
GSE36701,"""GSM899092""",KEEP
GSE36701,"""GSM899093""",KEEP
GSE36701,"""GSM899094""",KEEP
GSE36701,"""GSM899095""",KEEP
GSE36701,"""GSM899096""",KEEP
GSE36701,"""GSM899097""",KEEP
GSE36701,"""GSM899098""",KEEP
GSE36701,"""GSM899099""",KEEP
GSE36701,"""GSM899100""",KEEP
GSE36701,"""GSM899101""",KEEP
GSE36701,"""GSM899102""",KEEP
GSE36701,"""GSM899103""",KEEP
GSE36701,"""GSM899104""",KEEP
GSE36701,"""GSM899105""",KEEP
GSE36701,"""GSM899106""",KEEP
GSE36701,"""GSM899107""",KEEP
GSE36701,"""GSM899108""",KEEP
GSE36701,"""GSM899109""",KEEP
GSE36701,"""GSM899110""",KEEP
GSE36701,"""GSM899111""",KEEP
GSE36701,"""GSM899112""",KEEP
GSE36701,"""GSM899113""",KEEP
GSE36701,"""GSM899114""",KEEP
GSE36701,"""GSM899115""",KEEP
GSE36701,"""GSM899116""",KEEP
GSE36701,"""GSM899117""",KEEP
GSE36701,"""GSM899118""",KEEP
GSE36701,"""GSM899119""",KEEP
GSE36701,"""GSM899120""",KEEP
GSE36701,"""GSM899121""",KEEP
GSE36701,"""GSM899122""",KEEP
GSE36701,"""GSM899123""",KEEP
GSE36701,"""GSM899124""",KEEP
GSE36701,"""GSM899125""",KEEP
GSE36701,"""GSM899126""",KEEP
GSE36701,"""GSM899127""",KEEP
GSE36701,"""GSM899128""",KEEP
GSE36701,"""GSM899129""",KEEP
GSE36701,"""GSM899130""",KEEP
GSE36701,"""GSM899131""",KEEP
GSE36701,"""GSM899132""",KEEP
GSE36701,"""GSM899133""",KEEP
GSE36701,"""GSM899134""",KEEP
GSE36701,"""GSM899135""",KEEP
GSE36701,"""GSM899136""",KEEP
GSE36701,"""GSM899137""",KEEP
GSE36701,"""GSM899138""",KEEP
GSE36701,"""GSM899139""",KEEP
GSE36701,"""GSM899140""",KEEP
GSE36701,"""GSM899141""",KEEP
GSE36701,"""GSM899142""",KEEP
GSE36701,"""GSM899143""",KEEP
GSE36701,"""GSM899144""",KEEP
GSE36701,"""GSM899145""",KEEP
GSE36701,"""GSM899146""",KEEP
GSE36701,"""GSM899147""",KEEP
GSE36701,"""GSM899148""",KEEP
GSE36701,"""GSM899149""",KEEP
GSE36701,"""GSM899150""",KEEP
GSE36701,"""GSM899151""",KEEP
GSE36701,"""GSM899152""",KEEP
GSE36701,"""GSM899153""",KEEP
GSE36701,"""GSM899154""",KEEP
GSE36701,"""GSM899155""",KEEP
GSE36701,"""GSM899156""",KEEP
GSE36701,"""GSM899157""",KEEP
GSE36701,"""GSM899158""",KEEP
GSE36701,"""GSM899159""",KEEP
GSE36701,"""GSM899160""",KEEP
GSE36701,"""GSM899161""",KEEP
GSE36701,"""GSM899162""",KEEP
GSE36701,"""GSM899163""",KEEP
GSE36701,"""GSM899164""",KEEP
GSE36701,"""GSM899165""",KEEP
GSE36701,"""GSM899166""",KEEP
GSE36701,"""GSM899167""",KEEP
GSE36701,"""GSM899168""",KEEP
GSE36701,"""GSM899169""",KEEP
GSE36701,"""GSM899170""",KEEP
GSE36701,"""GSM899171""",KEEP
GSE36701,"""GSM899172""",KEEP
GSE36701,"""GSM899173""",KEEP
GSE36701,"""GSM899174""",KEEP
GSE36701,"""GSM899175""",KEEP
GSE36701,"""GSM899176""",KEEP
GSE36701,"""GSM899177""",KEEP
GSE36701,"""GSM899178""",KEEP
GSE36701,"""GSM899179""",KEEP
GSE36701,"""GSM899180""",KEEP
GSE36701,"""GSM899181""",KEEP
GSE36701,"""GSM899182""",KEEP
GSE36701,"""GSM899183""",KEEP
GSE36701,"""GSM899184""",KEEP
GSE36701,"""GSM899185""",KEEP
GSE36701,"""GSM899186""",KEEP
GSE36701,"""GSM899187""",KEEP
GSE36701,"""GSM899188""",KEEP
GSE36701,"""GSM899189""",KEEP
GSE36701,"""GSM899190""",KEEP
GSE36701,"""GSM899191""",KEEP
GSE36701,"""GSM899192""",KEEP
GSE36701,"""GSM899193""",KEEP
GSE36701,"""GSM899194""",KEEP
GSE36701,"""GSM899195""",KEEP
GSE36701,"""GSM899196""",KEEP
GSE36701,"""GSM899197""",KEEP
GSE36701,"""GSM899198""",KEEP
GSE36701,"""GSM899199""",KEEP
GSE36701,"""GSM899200""",KEEP
GSE36701,"""GSM899201""",KEEP
GSE36701,"""GSM899202""",KEEP
GSE36701,"""GSM899203""",KEEP
GSE36701,"""GSM899204""",KEEP
GSE36701,"""GSM899205""",KEEP
GSE36701,"""GSM899206""",KEEP
GSE36701,"""GSM899207""",KEEP
GSE36701,"""GSM899208""",KEEP
GSE36701,"""GSM899209""",KEEP
GSE36701,"""GSM899210""",KEEP
GSE36701,"""GSM899211""",KEEP
GSE36701,"""GSM899212""",KEEP
GSE36701,"""GSM899213""",KEEP
GSE36701,"""GSM899214""",KEEP
GSE36701,"""GSM899215""",KEEP
GSE36701,"""GSM899216""",KEEP
GSE36701,"""GSM899217""",KEEP
GSE36701,"""GSM899218""",KEEP
GSE36701,"""GSM899219""",KEEP
GSE36701,"""GSM899220""",KEEP
GSE36701,"""GSM899221""",KEEP
GSE36701,"""GSM899222""",KEEP
GSE36701,"""GSM899223""",KEEP
GSE36701,"""GSM899224""",KEEP
GSE36701,"""GSM899225""",KEEP
GSE36701,"""GSM899226""",KEEP
GSE36701,"""GSM899227""",KEEP
GSE36701,"""GSM899228""",KEEP
GSE36701,"""GSM899229""",KEEP
GSE36701,"""GSM899230""",KEEP
GSE36701,"""GSM899231""",KEEP
GSE36701,"""GSM899232""",KEEP
GSE36701,"""GSM899233""",KEEP
GSE36701,"""GSM899234""",KEEP
GSE36701,"""GSM899235""",KEEP
GSE36701,"""GSM899236""",KEEP
GSE36701,"""GSM899237""",KEEP
GSE36701,"""GSM899238""",KEEP
GSE36701,"""GSM899239""",KEEP
GSE36701,"""GSM899240""",KEEP
GSE36701,"""GSM899241""",KEEP
GSE36701,"""GSM899242""",KEEP
GSE36701,"""GSM899243""",KEEP
GSE36701,"""GSM899244""",KEEP
GSE36701,"""GSM899245""",KEEP
GSE36701,"""GSM899246""",KEEP
GSE36701,"""GSM899247""",KEEP
GSE36701,"""GSM899248""",KEEP
GSE36701,"""GSM899249""",KEEP
GSE36701,"""GSM899250""",KEEP
GSE36701,"""GSM899251""",KEEP
GSE36701,"""GSM899252""",KEEP
GSE36701,"""GSM899253""",KEEP
GSE36701,"""GSM899254""",KEEP
GSE3726,"""GSM85863""",KEEP
GSE3726,"""GSM85864""",KEEP
GSE3726,"""GSM85865""",KEEP
GSE3726,"""GSM85866""",KEEP
GSE3726,"""GSM85867""",KEEP
GSE3726,"""GSM85868""",KEEP
GSE3726,"""GSM85869""",KEEP
GSE3726,"""GSM85870""",KEEP
GSE3726,"""GSM85871""",KEEP
GSE3726,"""GSM85872""",KEEP
GSE3726,"""GSM85873""",KEEP
GSE3726,"""GSM85874""",KEEP
GSE3726,"""GSM85875""",KEEP
GSE3726,"""GSM85876""",KEEP
GSE3726,"""GSM85877""",KEEP
GSE3726,"""GSM85878""",KEEP
GSE3726,"""GSM85879""",KEEP
GSE3726,"""GSM85880""",KEEP
GSE3726,"""GSM85881""",KEEP
GSE3726,"""GSM85882""",KEEP
GSE3726,"""GSM85883""",KEEP
GSE3726,"""GSM85884""",KEEP
GSE3726,"""GSM85885""",KEEP
GSE3726,"""GSM85886""",KEEP
GSE3726,"""GSM85887""",KEEP
GSE3726,"""GSM85888""",KEEP
GSE3726,"""GSM85889""",KEEP
GSE3726,"""GSM85890""",KEEP
GSE3726,"""GSM85891""",KEEP
GSE3726,"""GSM85892""",KEEP
GSE3726,"""GSM85893""",KEEP
GSE3726,"""GSM85894""",KEEP
GSE3726,"""GSM85895""",KEEP
GSE3726,"""GSM85896""",KEEP
GSE3726,"""GSM85897""",KEEP
GSE3726,"""GSM85898""",KEEP
GSE3726,"""GSM85899""",KEEP
GSE3726,"""GSM85900""",KEEP
GSE3726,"""GSM85901""",KEEP
GSE3726,"""GSM85902""",KEEP
GSE3726,"""GSM85903""",KEEP
GSE3726,"""GSM85904""",KEEP
GSE3726,"""GSM85905""",KEEP
GSE3726,"""GSM85906""",KEEP
GSE3726,"""GSM85907""",KEEP
GSE3726,"""GSM85908""",KEEP
GSE3726,"""GSM85909""",KEEP
GSE3726,"""GSM85910""",KEEP
GSE3726,"""GSM85911""",KEEP
GSE3726,"""GSM85912""",KEEP
GSE3726,"""GSM85913""",KEEP
GSE3726,"""GSM85914""",KEEP
GSE3726,"""GSM85915""",KEEP
GSE3726,"""GSM85916""",KEEP
GSE3726,"""GSM85917""",KEEP
GSE3726,"""GSM85918""",KEEP
GSE3726,"""GSM85919""",KEEP
GSE3726,"""GSM85920""",KEEP
GSE3726,"""GSM85921""",KEEP
GSE3726,"""GSM85922""",KEEP
GSE3726,"""GSM85923""",KEEP
GSE3726,"""GSM85924""",KEEP
GSE3726,"""GSM85925""",KEEP
GSE3726,"""GSM85926""",KEEP
GSE3726,"""GSM85927""",KEEP
GSE3726,"""GSM85928""",KEEP
GSE3726,"""GSM85929""",KEEP
GSE3726,"""GSM85930""",KEEP
GSE3726,"""GSM85931""",KEEP
GSE3726,"""GSM85932""",KEEP
GSE3726,"""GSM85933""",KEEP
GSE3726,"""GSM85934""",KEEP
GSE3726,"""GSM85935""",KEEP
GSE3726,"""GSM85936""",KEEP
GSE3726,"""GSM85937""",KEEP
GSE3726,"""GSM85938""",KEEP
GSE3726,"""GSM85939""",KEEP
GSE3726,"""GSM85940""",KEEP
GSE3726,"""GSM85941""",KEEP
GSE3726,"""GSM85942""",KEEP
GSE3726,"""GSM85943""",KEEP
GSE3726,"""GSM85944""",KEEP
GSE3726,"""GSM85945""",KEEP
GSE3726,"""GSM85946""",KEEP
GSE3726,"""GSM85947""",KEEP
GSE3726,"""GSM85948""",KEEP
GSE3726,"""GSM85949""",KEEP
GSE3726,"""GSM85950""",KEEP
GSE3726,"""GSM85951""",KEEP
GSE3726,"""GSM85952""",KEEP
GSE3726,"""GSM85953""",KEEP
GSE3726,"""GSM85954""",KEEP
GSE3726,"""GSM85955""",KEEP
GSE3726,"""GSM85956""",KEEP
GSE3726,"""GSM85957""",KEEP
GSE3726,"""GSM85958""",KEEP
GSE3726,"""GSM85959""",KEEP
GSE3726,"""GSM85960""",KEEP
GSE3726,"""GSM85961""",KEEP
GSE3726,"""GSM85962""",KEEP
GSE3726,"""GSM85963""",KEEP
GSE3726,"""GSM85964""",KEEP
GSE3726,"""GSM85965""",KEEP
GSE3726,"""GSM85966""",KEEP
GSE37267,"""GSM915207""",KEEP
GSE37267,"""GSM915208""",KEEP
GSE37267,"""GSM915209""",KEEP
GSE37267,"""GSM915210""",KEEP
GSE37267,"""GSM915211""",KEEP
GSE37267,"""GSM915212""",KEEP
GSE37964,"""GSM931035""",KEEP
GSE37964,"""GSM931036""",KEEP
GSE37964,"""GSM931037""",KEEP
GSE37964,"""GSM931038""",KEEP
GSE37964,"""GSM931039""",KEEP
GSE37964,"""GSM931040""",KEEP
GSE37964,"""GSM931041""",KEEP
GSE37964,"""GSM931042""",KEEP
GSE37964,"""GSM931043""",KEEP
GSE37964,"""GSM931044""",KEEP
GSE37964,"""GSM931045""",KEEP
GSE37964,"""GSM931046""",KEEP
GSE37964,"""GSM931047""",KEEP
GSE37964,"""GSM931048""",KEEP
GSE37964,"""GSM931049""",KEEP
GSE37964,"""GSM931050""",KEEP
GSE37964,"""GSM931051""",KEEP
GSE37964,"""GSM931052""",KEEP
GSE37964,"""GSM931053""",KEEP
GSE37964,"""GSM931054""",KEEP
GSE37964,"""GSM931055""",KEEP
GSE37964,"""GSM931056""",KEEP
GSE37964,"""GSM931057""",KEEP
GSE37964,"""GSM931058""",KEEP
GSE37964,"""GSM931059""",KEEP
GSE37964,"""GSM931060""",KEEP
GSE37964,"""GSM931061""",KEEP
GSE37964,"""GSM931062""",KEEP
GSE37964,"""GSM931063""",KEEP
GSE37964,"""GSM931064""",KEEP
GSE37964,"""GSM931065""",KEEP
GSE37964,"""GSM931066""",KEEP
GSE37964,"""GSM931067""",KEEP
GSE37964,"""GSM931068""",KEEP
GSE37964,"""GSM931069""",KEEP
GSE37964,"""GSM931070""",KEEP
GSE37964,"""GSM931071""",KEEP
GSE37964,"""GSM931072""",KEEP
GSE37964,"""GSM931073""",KEEP
GSE37964,"""GSM931074""",KEEP
GSE37964,"""GSM931075""",KEEP
GSE37964,"""GSM931076""",KEEP
GSE37964,"""GSM931077""",KEEP
GSE37964,"""GSM931078""",KEEP
GSE38713,"""GSM948550""",KEEP
GSE38713,"""GSM948551""",KEEP
GSE38713,"""GSM948552""",KEEP
GSE38713,"""GSM948553""",KEEP
GSE38713,"""GSM948554""",KEEP
GSE38713,"""GSM948555""",KEEP
GSE38713,"""GSM948556""",KEEP
GSE38713,"""GSM948557""",KEEP
GSE38713,"""GSM948558""",KEEP
GSE38713,"""GSM948559""",KEEP
GSE38713,"""GSM948560""",KEEP
GSE38713,"""GSM948561""",KEEP
GSE38713,"""GSM948562""",KEEP
GSE38713,"""GSM948563""",KEEP
GSE38713,"""GSM948564""",KEEP
GSE38713,"""GSM948565""",KEEP
GSE38713,"""GSM948566""",KEEP
GSE38713,"""GSM948567""",KEEP
GSE38713,"""GSM948568""",KEEP
GSE38713,"""GSM948569""",KEEP
GSE38713,"""GSM948570""",KEEP
GSE38713,"""GSM948571""",KEEP
GSE38713,"""GSM948572""",KEEP
GSE38713,"""GSM948573""",KEEP
GSE38713,"""GSM948574""",KEEP
GSE38713,"""GSM948575""",KEEP
GSE38713,"""GSM948576""",KEEP
GSE38713,"""GSM948577""",KEEP
GSE38713,"""GSM948578""",KEEP
GSE38713,"""GSM948579""",KEEP
GSE38713,"""GSM948580""",KEEP
GSE38713,"""GSM948581""",KEEP
GSE38713,"""GSM948582""",KEEP
GSE38713,"""GSM948583""",KEEP
GSE38713,"""GSM948584""",KEEP
GSE38713,"""GSM948585""",KEEP
GSE38713,"""GSM948586""",KEEP
GSE38713,"""GSM948587""",KEEP
GSE38713,"""GSM948588""",KEEP
GSE38713,"""GSM948589""",KEEP
GSE38713,"""GSM948590""",KEEP
GSE38713,"""GSM948591""",KEEP
GSE38713,"""GSM948592""",KEEP
GSE38833,"""GSM950533""",KEEP
GSE38833,"""GSM950534""",KEEP
GSE38833,"""GSM950535""",KEEP
GSE38833,"""GSM950536""",KEEP
GSE38833,"""GSM950537""",KEEP
GSE38833,"""GSM950538""",KEEP
GSE38833,"""GSM950539""",KEEP
GSE38833,"""GSM950540""",KEEP
GSE38833,"""GSM950541""",KEEP
GSE39144,"""GSM956840""",KEEP
GSE39144,"""GSM956841""",KEEP
GSE39144,"""GSM956842""",KEEP
GSE39144,"""GSM956843""",KEEP
GSE39144,"""GSM956844""",KEEP
GSE39144,"""GSM956845""",KEEP
GSE39144,"""GSM956846""",KEEP
GSE39144,"""GSM956847""",KEEP
GSE39144,"""GSM956848""",KEEP
GSE39144,"""GSM956849""",KEEP
GSE39144,"""GSM956850""",KEEP
GSE39144,"""GSM956851""",KEEP
GSE39144,"""GSM956852""",KEEP
GSE39144,"""GSM956853""",KEEP
GSE39144,"""GSM956854""",KEEP
GSE39144,"""GSM956855""",KEEP
GSE39144,"""GSM956856""",KEEP
GSE39144,"""GSM956857""",KEEP
GSE39144,"""GSM956858""",KEEP
GSE39144,"""GSM956859""",KEEP
GSE39144,"""GSM956860""",KEEP
GSE39144,"""GSM956861""",KEEP
GSE39144,"""GSM956862""",KEEP
GSE39144,"""GSM956863""",KEEP
GSE39144,"""GSM956864""",KEEP
GSE39144,"""GSM956865""",KEEP
GSE39144,"""GSM956866""",KEEP
GSE39144,"""GSM956867""",KEEP
GSE39144,"""GSM956868""",KEEP
GSE39144,"""GSM956869""",KEEP
GSE39144,"""GSM956870""",KEEP
GSE39144,"""GSM956871""",KEEP
GSE39144,"""GSM956872""",KEEP
GSE39144,"""GSM956873""",KEEP
GSE39144,"""GSM956874""",KEEP
GSE39144,"""GSM956875""",KEEP
GSE39144,"""GSM956876""",KEEP
GSE39144,"""GSM956877""",KEEP
GSE39144,"""GSM956878""",KEEP
GSE39144,"""GSM956879""",KEEP
GSE39144,"""GSM956880""",KEEP
GSE39144,"""GSM956881""",KEEP
GSE39144,"""GSM956882""",KEEP
GSE39144,"""GSM956883""",KEEP
GSE39144,"""GSM956884""",KEEP
GSE39144,"""GSM956885""",KEEP
GSE39144,"""GSM956886""",KEEP
GSE39144,"""GSM956887""",KEEP
GSE39144,"""GSM956888""",KEEP
GSE39144,"""GSM956889""",KEEP
GSE39144,"""GSM956890""",KEEP
GSE39144,"""GSM956891""",KEEP
GSE39144,"""GSM956892""",KEEP
GSE39144,"""GSM956893""",KEEP
GSE39144,"""GSM956894""",KEEP
GSE39144,"""GSM956895""",REMOVE
GSE39144,"""GSM956896""",REMOVE
GSE39144,"""GSM956897""",REMOVE
GSE39144,"""GSM956898""",REMOVE
GSE39144,"""GSM956899""",REMOVE
GSE39144,"""GSM956900""",REMOVE
GSE39144,"""GSM956901""",REMOVE
GSE39144,"""GSM956902""",REMOVE
GSE39144,"""GSM956903""",REMOVE
GSE39144,"""GSM956904""",REMOVE
GSE39144,"""GSM956905""",REMOVE
GSE39144,"""GSM956906""",REMOVE
GSE39144,"""GSM956907""",REMOVE
GSE39144,"""GSM956908""",REMOVE
GSE39144,"""GSM956909""",REMOVE
GSE39144,"""GSM956910""",REMOVE
GSE39144,"""GSM956911""",REMOVE
GSE39144,"""GSM956912""",REMOVE
GSE39144,"""GSM956913""",REMOVE
GSE39144,"""GSM956914""",REMOVE
GSE39144,"""GSM956915""",REMOVE
GSE39144,"""GSM956916""",REMOVE
GSE3926,"""GSM89659""",REMOVE
GSE3926,"""GSM89660""",KEEP
GSE3926,"""GSM89661""",KEEP
GSE3926,"""GSM89662""",REMOVE
GSE3926,"""GSM89663""",KEEP
GSE3926,"""GSM89664""",KEEP
GSE3926,"""GSM89665""",REMOVE
GSE3926,"""GSM89666""",REMOVE
GSE3926,"""GSM89667""",KEEP
GSE3926,"""GSM89668""",KEEP
GSE3926,"""GSM89669""",KEEP
GSE3926,"""GSM89670""",KEEP
GSE39395,"""GSM967315""",KEEP
GSE39395,"""GSM967316""",KEEP
GSE39395,"""GSM967317""",KEEP
GSE39395,"""GSM967318""",KEEP
GSE39395,"""GSM967319""",KEEP
GSE39395,"""GSM967320""",KEEP
GSE39395,"""GSM967321""",KEEP
GSE39395,"""GSM967322""",KEEP
GSE39395,"""GSM967323""",KEEP
GSE39395,"""GSM967324""",KEEP
GSE39395,"""GSM967325""",KEEP
GSE39395,"""GSM967326""",KEEP
GSE39395,"""GSM967327""",KEEP
GSE39395,"""GSM967328""",KEEP
GSE39395,"""GSM967329""",KEEP
GSE39395,"""GSM967330""",KEEP
GSE39395,"""GSM967331""",KEEP
GSE39395,"""GSM967332""",KEEP
GSE39395,"""GSM967333""",KEEP
GSE39395,"""GSM967334""",KEEP
GSE39395,"""GSM967335""",KEEP
GSE39395,"""GSM967336""",KEEP
GSE39395,"""GSM967337""",KEEP
GSE39395,"""GSM967338""",KEEP
GSE39577,"""GSM971906""",KEEP
GSE39577,"""GSM971907""",KEEP
GSE39577,"""GSM971908""",KEEP
GSE39577,"""GSM971909""",KEEP
GSE39577,"""GSM971910""",KEEP
GSE39577,"""GSM971911""",KEEP
GSE39577,"""GSM971912""",KEEP
GSE39577,"""GSM971913""",KEEP
GSE39577,"""GSM971914""",KEEP
GSE39577,"""GSM971915""",KEEP
GSE39577,"""GSM971916""",KEEP
GSE39577,"""GSM971917""",KEEP
GSE39577,"""GSM971918""",KEEP
GSE39577,"""GSM971919""",KEEP
GSE39577,"""GSM971920""",KEEP
GSE39577,"""GSM971921""",KEEP
GSE39577,"""GSM971922""",KEEP
GSE39577,"""GSM971923""",KEEP
GSE39577,"""GSM971924""",KEEP
GSE39577,"""GSM971925""",KEEP
GSE39577,"""GSM971926""",KEEP
GSE39577,"""GSM971927""",KEEP
GSE39577,"""GSM971928""",KEEP
GSE39577,"""GSM971929""",KEEP
GSE39577,"""GSM971930""",KEEP
GSE39577,"""GSM971931""",KEEP
GSE39577,"""GSM971932""",KEEP
GSE39577,"""GSM971933""",KEEP
GSE39577,"""GSM971934""",KEEP
GSE39577,"""GSM971935""",KEEP
GSE39577,"""GSM971936""",KEEP
GSE39577,"""GSM971937""",KEEP
GSE39904,"""GSM981116""",KEEP
GSE39904,"""GSM981117""",KEEP
GSE39904,"""GSM981118""",KEEP
GSE39904,"""GSM981119""",REMOVE
GSE39904,"""GSM981120""",KEEP
GSE39904,"""GSM981121""",KEEP
GSE39904,"""GSM981122""",KEEP
GSE39904,"""GSM981123""",KEEP
GSE39904,"""GSM981124""",KEEP
GSE39904,"""GSM981125""",KEEP
GSE39904,"""GSM981126""",KEEP
GSE39904,"""GSM981127""",KEEP
GSE39904,"""GSM981128""",KEEP
GSE39904,"""GSM981129""",KEEP
GSE39904,"""GSM981130""",KEEP
GSE39904,"""GSM981131""",KEEP
GSE39907,"""GSM981074""",KEEP
GSE39907,"""GSM981075""",KEEP
GSE39907,"""GSM981076""",KEEP
GSE39907,"""GSM981077""",KEEP
GSE39907,"""GSM981078""",KEEP
GSE39907,"""GSM981079""",KEEP
GSE39907,"""GSM981080""",KEEP
GSE39907,"""GSM981081""",KEEP
GSE39907,"""GSM981082""",KEEP
GSE39907,"""GSM981083""",KEEP
GSE39907,"""GSM981084""",KEEP
GSE39907,"""GSM981085""",KEEP
GSE39907,"""GSM981086""",KEEP
GSE39907,"""GSM981087""",KEEP
GSE39907,"""GSM981088""",KEEP
GSE39907,"""GSM981089""",KEEP
GSE39907,"""GSM981090""",KEEP
GSE39907,"""GSM981091""",KEEP
GSE39907,"""GSM981092""",KEEP
GSE39907,"""GSM981093""",KEEP
GSE39907,"""GSM981116""",REMOVE
GSE39907,"""GSM981117""",REMOVE
GSE39907,"""GSM981118""",REMOVE
GSE39907,"""GSM981119""",REMOVE
GSE39907,"""GSM981120""",REMOVE
GSE39907,"""GSM981121""",REMOVE
GSE39907,"""GSM981122""",REMOVE
GSE39907,"""GSM981123""",REMOVE
GSE39907,"""GSM981124""",REMOVE
GSE39907,"""GSM981125""",REMOVE
GSE39907,"""GSM981126""",REMOVE
GSE39907,"""GSM981127""",REMOVE
GSE39907,"""GSM981128""",REMOVE
GSE39907,"""GSM981129""",REMOVE
GSE39907,"""GSM981130""",REMOVE
GSE39907,"""GSM981131""",REMOVE
GSE39923,"""GSM981360""",KEEP
GSE39923,"""GSM981361""",KEEP
GSE39923,"""GSM981362""",KEEP
GSE39923,"""GSM981363""",KEEP
GSE39923,"""GSM981364""",KEEP
GSE39923,"""GSM981365""",KEEP
GSE39923,"""GSM981366""",KEEP
GSE39923,"""GSM981367""",KEEP
GSE39923,"""GSM981368""",KEEP
GSE39923,"""GSM981369""",KEEP
GSE39923,"""GSM981370""",KEEP
GSE39923,"""GSM981371""",KEEP
GSE39923,"""GSM981372""",KEEP
GSE39923,"""GSM981373""",KEEP
GSE39923,"""GSM981374""",KEEP
GSE39923,"""GSM981375""",KEEP
GSE39923,"""GSM981376""",KEEP
GSE39923,"""GSM981377""",KEEP
GSE39923,"""GSM981378""",KEEP
GSE39923,"""GSM981379""",KEEP
GSE39923,"""GSM981380""",KEEP
GSE39923,"""GSM981381""",KEEP
GSE39923,"""GSM981382""",KEEP
GSE39923,"""GSM981383""",KEEP
GSE39923,"""GSM981384""",KEEP
GSE39923,"""GSM981385""",KEEP
GSE39923,"""GSM981386""",KEEP
GSE39923,"""GSM981387""",KEEP
GSE39923,"""GSM981388""",KEEP
GSE39923,"""GSM981389""",KEEP
GSE39923,"""GSM981390""",KEEP
GSE39923,"""GSM981391""",KEEP
GSE39923,"""GSM981392""",KEEP
GSE39923,"""GSM981393""",KEEP
GSE39923,"""GSM981394""",KEEP
GSE39923,"""GSM981395""",KEEP
GSE39923,"""GSM981396""",KEEP
GSE39923,"""GSM981397""",KEEP
GSE39923,"""GSM981398""",KEEP
GSE39923,"""GSM981399""",KEEP
GSE39923,"""GSM981400""",KEEP
GSE39923,"""GSM981401""",KEEP
GSE39923,"""GSM981402""",KEEP
GSE39923,"""GSM981403""",KEEP
GSE39923,"""GSM981404""",KEEP
GSE39923,"""GSM981405""",KEEP
GSE39923,"""GSM981406""",REMOVE
GSE39923,"""GSM981407""",KEEP
GSE39923,"""GSM981408""",KEEP
GSE39923,"""GSM981409""",KEEP
GSE39923,"""GSM981410""",KEEP
GSE39923,"""GSM981411""",REMOVE
GSE39923,"""GSM981412""",KEEP
GSE39923,"""GSM981413""",REMOVE
GSE39923,"""GSM981414""",KEEP
GSE39923,"""GSM981415""",KEEP
GSE39923,"""GSM981416""",KEEP
GSE39923,"""GSM981417""",KEEP
GSE39923,"""GSM981418""",REMOVE
GSE39923,"""GSM981419""",KEEP
GSE39923,"""GSM981420""",KEEP
GSE39923,"""GSM981421""",KEEP
GSE39923,"""GSM981422""",KEEP
GSE39923,"""GSM981423""",KEEP
GSE39923,"""GSM981424""",KEEP
GSE39923,"""GSM981425""",KEEP
GSE39923,"""GSM981426""",KEEP
GSE39923,"""GSM981427""",KEEP
GSE39923,"""GSM981428""",KEEP
GSE39923,"""GSM981429""",KEEP
GSE39923,"""GSM981430""",KEEP
GSE39923,"""GSM981431""",KEEP
GSE39923,"""GSM981432""",KEEP
GSE39923,"""GSM981433""",KEEP
GSE39923,"""GSM981434""",KEEP
GSE39923,"""GSM981435""",KEEP
GSE39923,"""GSM981436""",KEEP
GSE39923,"""GSM981437""",KEEP
GSE39923,"""GSM981438""",KEEP
GSE39923,"""GSM981439""",KEEP
GSE39923,"""GSM981440""",KEEP
GSE39923,"""GSM981441""",KEEP
GSE39923,"""GSM981442""",KEEP
GSE39923,"""GSM981443""",KEEP
GSE39923,"""GSM981444""",KEEP
GSE39923,"""GSM981445""",KEEP
GSE39923,"""GSM981446""",KEEP
GSE39923,"""GSM981447""",KEEP
GSE39923,"""GSM981448""",KEEP
GSE39923,"""GSM981449""",KEEP
GSE39923,"""GSM981450""",KEEP
GSE39923,"""GSM981451""",KEEP
GSE39923,"""GSM981452""",KEEP
GSE39923,"""GSM981453""",KEEP
GSE39923,"""GSM981454""",KEEP
GSE39923,"""GSM981455""",KEEP
GSE39923,"""GSM981456""",KEEP
GSE39923,"""GSM981457""",KEEP
GSE39923,"""GSM981458""",KEEP
GSE39923,"""GSM981459""",KEEP
GSE39923,"""GSM981460""",KEEP
GSE39999,"""GSM983106""",KEEP
GSE39999,"""GSM983107""",KEEP
GSE39999,"""GSM983108""",KEEP
GSE39999,"""GSM983109""",KEEP
GSE39999,"""GSM983110""",KEEP
GSE39999,"""GSM983111""",KEEP
GSE40220,"""GSM988527""",KEEP
GSE40220,"""GSM988528""",KEEP
GSE40220,"""GSM988529""",KEEP
GSE40220,"""GSM988530""",KEEP
GSE40220,"""GSM988531""",KEEP
GSE40220,"""GSM988532""",KEEP
GSE40220,"""GSM988533""",KEEP
GSE40220,"""GSM988534""",KEEP
GSE40220,"""GSM988535""",KEEP
GSE40367,"""GSM992272""",KEEP
GSE40367,"""GSM992273""",KEEP
GSE40367,"""GSM992274""",KEEP
GSE40367,"""GSM992275""",KEEP
GSE40367,"""GSM992276""",KEEP
GSE40367,"""GSM992277""",KEEP
GSE40367,"""GSM992278""",KEEP
GSE40367,"""GSM992279""",KEEP
GSE40367,"""GSM992280""",KEEP
GSE40367,"""GSM992281""",KEEP
GSE40367,"""GSM992282""",KEEP
GSE40367,"""GSM992283""",KEEP
GSE40367,"""GSM992284""",KEEP
GSE40367,"""GSM992285""",KEEP
GSE40367,"""GSM992286""",KEEP
GSE40367,"""GSM992287""",KEEP
GSE40367,"""GSM992288""",KEEP
GSE40367,"""GSM992289""",KEEP
GSE40367,"""GSM992290""",KEEP
GSE40367,"""GSM992291""",KEEP
GSE40367,"""GSM992292""",KEEP
GSE40367,"""GSM992293""",KEEP
GSE40367,"""GSM992294""",KEEP
GSE40367,"""GSM992295""",KEEP
GSE40367,"""GSM992296""",KEEP
GSE40367,"""GSM992297""",KEEP
GSE40367,"""GSM992298""",KEEP
GSE40367,"""GSM992299""",KEEP
GSE40367,"""GSM992300""",KEEP
GSE40367,"""GSM992301""",KEEP
GSE40367,"""GSM992302""",KEEP
GSE40367,"""GSM992303""",KEEP
GSE40367,"""GSM992304""",KEEP
GSE40367,"""GSM992305""",KEEP
GSE40367,"""GSM992306""",KEEP
GSE40367,"""GSM992307""",KEEP
GSE40367,"""GSM992308""",KEEP
GSE40367,"""GSM992309""",KEEP
GSE40367,"""GSM992310""",KEEP
GSE40367,"""GSM992311""",KEEP
GSE40367,"""GSM992312""",KEEP
GSE40367,"""GSM992313""",KEEP
GSE40367,"""GSM992314""",KEEP
GSE40367,"""GSM992315""",KEEP
GSE40367,"""GSM992316""",KEEP
GSE40367,"""GSM992317""",KEEP
GSE40367,"""GSM992318""",KEEP
GSE40367,"""GSM992319""",KEEP
GSE40367,"""GSM992320""",KEEP
GSE40367,"""GSM992321""",KEEP
GSE40367,"""GSM992322""",KEEP
GSE40367,"""GSM992323""",KEEP
GSE40367,"""GSM992324""",KEEP
GSE40367,"""GSM992325""",KEEP
GSE40367,"""GSM992326""",KEEP
GSE40367,"""GSM992327""",KEEP
GSE40367,"""GSM992328""",KEEP
GSE40367,"""GSM992329""",KEEP
GSE40367,"""GSM992330""",KEEP
GSE40367,"""GSM992331""",KEEP
GSE40367,"""GSM992332""",KEEP
GSE4045,"""GSM92240""",KEEP
GSE4045,"""GSM92241""",KEEP
GSE4045,"""GSM92242""",KEEP
GSE4045,"""GSM92243""",KEEP
GSE4045,"""GSM92244""",KEEP
GSE4045,"""GSM92245""",KEEP
GSE4045,"""GSM92246""",KEEP
GSE4045,"""GSM92247""",KEEP
GSE4045,"""GSM92248""",KEEP
GSE4045,"""GSM92249""",KEEP
GSE4045,"""GSM92250""",KEEP
GSE4045,"""GSM92251""",KEEP
GSE4045,"""GSM92252""",KEEP
GSE4045,"""GSM92253""",KEEP
GSE4045,"""GSM92254""",KEEP
GSE4045,"""GSM92255""",KEEP
GSE4045,"""GSM92256""",KEEP
GSE4045,"""GSM92257""",KEEP
GSE4045,"""GSM92258""",KEEP
GSE4045,"""GSM92259""",KEEP
GSE4045,"""GSM92260""",KEEP
GSE4045,"""GSM92261""",KEEP
GSE4045,"""GSM92262""",KEEP
GSE4045,"""GSM92263""",KEEP
GSE4045,"""GSM92264""",KEEP
GSE4045,"""GSM92265""",KEEP
GSE4045,"""GSM92266""",KEEP
GSE4045,"""GSM92267""",KEEP
GSE4045,"""GSM92268""",KEEP
GSE4045,"""GSM92269""",KEEP
GSE4045,"""GSM92270""",KEEP
GSE4045,"""GSM92271""",KEEP
GSE4045,"""GSM92272""",KEEP
GSE4045,"""GSM92273""",KEEP
GSE4045,"""GSM92274""",KEEP
GSE4045,"""GSM92275""",KEEP
GSE4045,"""GSM92276""",KEEP
GSE40928,"""GSM1005147""",KEEP
GSE40928,"""GSM1005148""",KEEP
GSE40928,"""GSM1005149""",KEEP
GSE40928,"""GSM1005150""",KEEP
GSE40928,"""GSM1005151""",KEEP
GSE40928,"""GSM1005152""",KEEP
GSE40928,"""GSM1005153""",KEEP
GSE40928,"""GSM1005154""",KEEP
GSE40928,"""GSM1005155""",KEEP
GSE40928,"""GSM1005156""",KEEP
GSE40928,"""GSM1005157""",KEEP
GSE40928,"""GSM1005158""",KEEP
GSE40928,"""GSM1005159""",KEEP
GSE40928,"""GSM1005160""",KEEP
GSE40928,"""GSM1005161""",KEEP
GSE40928,"""GSM1005162""",KEEP
GSE40928,"""GSM1005163""",KEEP
GSE40928,"""GSM1005164""",KEEP
GSE40928,"""GSM1005165""",KEEP
GSE40928,"""GSM1005166""",KEEP
GSE40928,"""GSM1005167""",KEEP
GSE40928,"""GSM1005168""",KEEP
GSE40928,"""GSM1005169""",KEEP
GSE40928,"""GSM1005170""",KEEP
GSE40928,"""GSM1005171""",KEEP
GSE40928,"""GSM1005172""",KEEP
GSE40928,"""GSM1005173""",KEEP
GSE40928,"""GSM1005174""",KEEP
GSE41326,"""GSM1014792""",KEEP
GSE41326,"""GSM1014793""",KEEP
GSE41326,"""GSM1014794""",KEEP
GSE41326,"""GSM1014795""",KEEP
GSE41326,"""GSM1014796""",KEEP
GSE41326,"""GSM1014797""",KEEP
GSE41364,"""GSM1015541""",KEEP
GSE41364,"""GSM1015542""",KEEP
GSE41364,"""GSM1015543""",KEEP
GSE41364,"""GSM1015544""",KEEP
GSE41364,"""GSM1015545""",KEEP
GSE41364,"""GSM1015546""",KEEP
GSE41364,"""GSM1015547""",KEEP
GSE41364,"""GSM1015548""",KEEP
GSE41364,"""GSM1015549""",KEEP
GSE41445,"""GSM1017454""",KEEP
GSE41445,"""GSM1017455""",KEEP
GSE41445,"""GSM1017456""",KEEP
GSE41445,"""GSM1017457""",KEEP
GSE41445,"""GSM1017458""",KEEP
GSE41445,"""GSM1017459""",KEEP
GSE41445,"""GSM1017460""",KEEP
GSE41445,"""GSM1017461""",KEEP
GSE41445,"""GSM1017462""",KEEP
GSE41445,"""GSM1017463""",KEEP
GSE41445,"""GSM1017464""",KEEP
GSE41445,"""GSM1017465""",KEEP
GSE41445,"""GSM1017466""",KEEP
GSE41445,"""GSM1017467""",KEEP
GSE41445,"""GSM1017468""",KEEP
GSE41445,"""GSM1017469""",KEEP
GSE41445,"""GSM1017470""",KEEP
GSE41445,"""GSM1017471""",KEEP
GSE41445,"""GSM1017472""",KEEP
GSE41445,"""GSM1017473""",KEEP
GSE41445,"""GSM1017474""",KEEP
GSE41445,"""GSM1017475""",KEEP
GSE41445,"""GSM1017476""",KEEP
GSE41445,"""GSM1017477""",KEEP
GSE41445,"""GSM1017478""",KEEP
GSE41445,"""GSM1017479""",KEEP
GSE41445,"""GSM1017480""",KEEP
GSE41445,"""GSM1017481""",KEEP
GSE41445,"""GSM1017482""",KEEP
GSE41445,"""GSM1017483""",KEEP
GSE41445,"""GSM1017484""",KEEP
GSE41445,"""GSM1017485""",KEEP
GSE41445,"""GSM1017486""",KEEP
GSE41445,"""GSM1017487""",KEEP
GSE41445,"""GSM1017488""",KEEP
GSE41445,"""GSM1017489""",KEEP
GSE41445,"""GSM1017490""",KEEP
GSE41445,"""GSM1017491""",KEEP
GSE41445,"""GSM1017492""",KEEP
GSE41445,"""GSM1017493""",KEEP
GSE41445,"""GSM1017494""",KEEP
GSE41445,"""GSM1017495""",KEEP
GSE41445,"""GSM1017496""",KEEP
GSE41445,"""GSM1017497""",KEEP
GSE41445,"""GSM1017498""",KEEP
GSE41445,"""GSM1017499""",KEEP
GSE41445,"""GSM1017500""",KEEP
GSE41445,"""GSM1017501""",KEEP
GSE41445,"""GSM1017502""",KEEP
GSE41445,"""GSM1017503""",KEEP
GSE41445,"""GSM1017504""",KEEP
GSE41445,"""GSM1017505""",KEEP
GSE41445,"""GSM1017506""",KEEP
GSE41445,"""GSM1017507""",KEEP
GSE41445,"""GSM1017508""",KEEP
GSE41445,"""GSM1017509""",KEEP
GSE41445,"""GSM1017510""",KEEP
GSE41445,"""GSM1017511""",KEEP
GSE41445,"""GSM1017512""",KEEP
GSE41445,"""GSM1017513""",KEEP
GSE41445,"""GSM1017514""",KEEP
GSE41445,"""GSM1017515""",KEEP
GSE41445,"""GSM1017516""",KEEP
GSE43580,"""GSM1065725""",KEEP
GSE43580,"""GSM1065726""",KEEP
GSE43580,"""GSM1065727""",KEEP
GSE43580,"""GSM1065728""",KEEP
GSE43580,"""GSM1065729""",KEEP
GSE43580,"""GSM1065730""",KEEP
GSE43580,"""GSM1065731""",KEEP
GSE43580,"""GSM1065732""",KEEP
GSE43580,"""GSM1065733""",KEEP
GSE43580,"""GSM1065734""",KEEP
GSE43580,"""GSM1065735""",KEEP
GSE43580,"""GSM1065736""",KEEP
GSE43580,"""GSM1065737""",KEEP
GSE43580,"""GSM1065738""",KEEP
GSE43580,"""GSM1065739""",KEEP
GSE43580,"""GSM1065740""",KEEP
GSE43580,"""GSM1065741""",KEEP
GSE43580,"""GSM1065742""",KEEP
GSE43580,"""GSM1065743""",KEEP
GSE43580,"""GSM1065744""",KEEP
GSE43580,"""GSM1065745""",KEEP
GSE43580,"""GSM1065746""",KEEP
GSE43580,"""GSM1065747""",KEEP
GSE43580,"""GSM1065748""",KEEP
GSE43580,"""GSM1065749""",KEEP
GSE43580,"""GSM1065750""",KEEP
GSE43580,"""GSM1065751""",KEEP
GSE43580,"""GSM1065752""",KEEP
GSE43580,"""GSM1065753""",KEEP
GSE43580,"""GSM1065754""",KEEP
GSE43580,"""GSM1065755""",KEEP
GSE43580,"""GSM1065756""",KEEP
GSE43580,"""GSM1065757""",KEEP
GSE43580,"""GSM1065758""",KEEP
GSE43580,"""GSM1065759""",KEEP
GSE43580,"""GSM1065760""",KEEP
GSE43580,"""GSM1065761""",KEEP
GSE43580,"""GSM1065762""",KEEP
GSE43580,"""GSM1065763""",KEEP
GSE43580,"""GSM1065764""",KEEP
GSE43580,"""GSM1065765""",KEEP
GSE43580,"""GSM1065766""",KEEP
GSE43580,"""GSM1065767""",KEEP
GSE43580,"""GSM1065768""",KEEP
GSE43580,"""GSM1065769""",KEEP
GSE43580,"""GSM1065770""",KEEP
GSE43580,"""GSM1065771""",KEEP
GSE43580,"""GSM1065772""",KEEP
GSE43580,"""GSM1065773""",KEEP
GSE43580,"""GSM1065774""",KEEP
GSE43580,"""GSM1065775""",KEEP
GSE43580,"""GSM1065776""",KEEP
GSE43580,"""GSM1065777""",KEEP
GSE43580,"""GSM1065778""",KEEP
GSE43580,"""GSM1065779""",KEEP
GSE43580,"""GSM1065780""",KEEP
GSE43580,"""GSM1065781""",KEEP
GSE43580,"""GSM1065782""",KEEP
GSE43580,"""GSM1065783""",KEEP
GSE43580,"""GSM1065784""",KEEP
GSE43580,"""GSM1065785""",KEEP
GSE43580,"""GSM1065786""",KEEP
GSE43580,"""GSM1065787""",KEEP
GSE43580,"""GSM1065788""",KEEP
GSE43580,"""GSM1065789""",KEEP
GSE43580,"""GSM1065790""",KEEP
GSE43580,"""GSM1065791""",KEEP
GSE43580,"""GSM1065792""",KEEP
GSE43580,"""GSM1065793""",KEEP
GSE43580,"""GSM1065794""",KEEP
GSE43580,"""GSM1065795""",KEEP
GSE43580,"""GSM1065796""",KEEP
GSE43580,"""GSM1065797""",KEEP
GSE43580,"""GSM1065798""",KEEP
GSE43580,"""GSM1065799""",KEEP
GSE43580,"""GSM1065800""",KEEP
GSE43580,"""GSM1065801""",KEEP
GSE43580,"""GSM1065802""",KEEP
GSE43580,"""GSM1065803""",KEEP
GSE43580,"""GSM1065804""",KEEP
GSE43580,"""GSM1065805""",KEEP
GSE43580,"""GSM1065806""",KEEP
GSE43580,"""GSM1065807""",KEEP
GSE43580,"""GSM1065808""",KEEP
GSE43580,"""GSM1065809""",KEEP
GSE43580,"""GSM1065810""",KEEP
GSE43580,"""GSM1065811""",KEEP
GSE43580,"""GSM1065812""",KEEP
GSE43580,"""GSM1065813""",KEEP
GSE43580,"""GSM1065814""",KEEP
GSE43580,"""GSM1065815""",KEEP
GSE43580,"""GSM1065816""",KEEP
GSE43580,"""GSM1065817""",KEEP
GSE43580,"""GSM1065818""",KEEP
GSE43580,"""GSM1065819""",KEEP
GSE43580,"""GSM1065820""",KEEP
GSE43580,"""GSM1065821""",KEEP
GSE43580,"""GSM1065822""",KEEP
GSE43580,"""GSM1065823""",KEEP
GSE43580,"""GSM1065824""",KEEP
GSE43580,"""GSM1065825""",KEEP
GSE43580,"""GSM1065826""",KEEP
GSE43580,"""GSM1065827""",KEEP
GSE43580,"""GSM1065828""",KEEP
GSE43580,"""GSM1065829""",KEEP
GSE43580,"""GSM1065830""",KEEP
GSE43580,"""GSM1065831""",KEEP
GSE43580,"""GSM1065832""",KEEP
GSE43580,"""GSM1065833""",KEEP
GSE43580,"""GSM1065834""",KEEP
GSE43580,"""GSM1065835""",KEEP
GSE43580,"""GSM1065836""",KEEP
GSE43580,"""GSM1065837""",KEEP
GSE43580,"""GSM1065838""",KEEP
GSE43580,"""GSM1065839""",KEEP
GSE43580,"""GSM1065840""",KEEP
GSE43580,"""GSM1065841""",KEEP
GSE43580,"""GSM1065842""",KEEP
GSE43580,"""GSM1065843""",KEEP
GSE43580,"""GSM1065844""",KEEP
GSE43580,"""GSM1065845""",KEEP
GSE43580,"""GSM1065846""",KEEP
GSE43580,"""GSM1065847""",KEEP
GSE43580,"""GSM1065848""",KEEP
GSE43580,"""GSM1065849""",KEEP
GSE43580,"""GSM1065850""",KEEP
GSE43580,"""GSM1065851""",KEEP
GSE43580,"""GSM1065852""",KEEP
GSE43580,"""GSM1065853""",KEEP
GSE43580,"""GSM1065854""",KEEP
GSE43580,"""GSM1065855""",KEEP
GSE43580,"""GSM1065856""",KEEP
GSE43580,"""GSM1065857""",KEEP
GSE43580,"""GSM1065858""",KEEP
GSE43580,"""GSM1065859""",KEEP
GSE43580,"""GSM1065860""",KEEP
GSE43580,"""GSM1065861""",KEEP
GSE43580,"""GSM1065862""",KEEP
GSE43580,"""GSM1065863""",KEEP
GSE43580,"""GSM1065864""",KEEP
GSE43580,"""GSM1065865""",KEEP
GSE43580,"""GSM1065866""",KEEP
GSE43580,"""GSM1065867""",KEEP
GSE43580,"""GSM1065868""",KEEP
GSE43580,"""GSM1065869""",KEEP
GSE43580,"""GSM1065870""",KEEP
GSE43580,"""GSM1065871""",KEEP
GSE43580,"""GSM1065872""",KEEP
GSE43580,"""GSM1065873""",KEEP
GSE43580,"""GSM1065874""",KEEP
GSE44029,"""GSM1077010""",KEEP
GSE44029,"""GSM1077011""",KEEP
GSE44029,"""GSM1077012""",KEEP
GSE44029,"""GSM1077013""",KEEP
GSE44029,"""GSM1077014""",KEEP
GSE44029,"""GSM1077015""",KEEP
GSE44097,"""GSM1078887""",KEEP
GSE44097,"""GSM1078888""",KEEP
GSE44097,"""GSM1078889""",KEEP
GSE44097,"""GSM1078890""",KEEP
GSE44097,"""GSM1078891""",KEEP
GSE44097,"""GSM1078892""",KEEP
GSE44097,"""GSM1078893""",KEEP
GSE44097,"""GSM1078894""",KEEP
GSE44097,"""GSM1078895""",KEEP
GSE44097,"""GSM1078896""",KEEP
GSE44097,"""GSM1078897""",KEEP
GSE44097,"""GSM1078898""",KEEP
GSE4459,"""GSM100200""",REMOVE
GSE4459,"""GSM100203""",REMOVE
GSE4459,"""GSM100212""",REMOVE
GSE4459,"""GSM100240""",REMOVE
GSE4459,"""GSM100242""",REMOVE
GSE4459,"""GSM100245""",REMOVE
GSE4459,"""GSM100248""",REMOVE
GSE4459,"""GSM100249""",REMOVE
GSE4459,"""GSM100262""",REMOVE
GSE4459,"""GSM100263""",REMOVE
GSE4459,"""GSM100268""",REMOVE
GSE4459,"""GSM100281""",REMOVE
GSE4459,"""GSM100282""",REMOVE
GSE4459,"""GSM101781""",REMOVE
GSE4459,"""GSM101782""",REMOVE
GSE4459,"""GSM101783""",REMOVE
GSE4459,"""GSM101784""",REMOVE
GSE4459,"""GSM101785""",REMOVE
GSE4459,"""GSM101786""",REMOVE
GSE4459,"""GSM101787""",REMOVE
GSE4459,"""GSM101788""",REMOVE
GSE4459,"""GSM101789""",REMOVE
GSE4459,"""GSM101790""",REMOVE
GSE4459,"""GSM101792""",REMOVE
GSE4459,"""GSM101793""",REMOVE
GSE4459,"""GSM101794""",REMOVE
GSE4459,"""GSM101795""",REMOVE
GSE4459,"""GSM101796""",REMOVE
GSE4459,"""GSM101797""",REMOVE
GSE4459,"""GSM101798""",REMOVE
GSE4459,"""GSM101799""",REMOVE
GSE4459,"""GSM101800""",REMOVE
GSE4459,"""GSM101801""",REMOVE
GSE4459,"""GSM101802""",REMOVE
GSE4459,"""GSM101803""",REMOVE
GSE4459,"""GSM101804""",REMOVE
GSE4459,"""GSM101805""",REMOVE
GSE4459,"""GSM101806""",REMOVE
GSE4459,"""GSM101807""",REMOVE
GSE4459,"""GSM101808""",REMOVE
GSE4459,"""GSM101809""",REMOVE
GSE4459,"""GSM101810""",REMOVE
GSE4459,"""GSM101811""",REMOVE
GSE4459,"""GSM101812""",REMOVE
GSE4459,"""GSM101813""",REMOVE
GSE4459,"""GSM101814""",REMOVE
GSE4459,"""GSM101815""",REMOVE
GSE4459,"""GSM101816""",REMOVE
GSE4459,"""GSM101817""",REMOVE
GSE4459,"""GSM101818""",REMOVE
GSE4459,"""GSM101819""",REMOVE
GSE4459,"""GSM101820""",REMOVE
GSE4459,"""GSM101821""",REMOVE
GSE4459,"""GSM101822""",REMOVE
GSE4459,"""GSM101823""",REMOVE
GSE4459,"""GSM101824""",REMOVE
GSE4459,"""GSM101827""",REMOVE
GSE4459,"""GSM101828""",REMOVE
GSE4459,"""GSM101829""",REMOVE
GSE4459,"""GSM101830""",REMOVE
GSE4459,"""GSM101836""",REMOVE
GSE4459,"""GSM101837""",REMOVE
GSE4459,"""GSM101838""",REMOVE
GSE4459,"""GSM101839""",REMOVE
GSE4459,"""GSM101840""",REMOVE
GSE4459,"""GSM101841""",REMOVE
GSE4459,"""GSM101842""",REMOVE
GSE4459,"""GSM101843""",REMOVE
GSE4459,"""GSM101844""",REMOVE
GSE4459,"""GSM101845""",REMOVE
GSE4459,"""GSM101846""",REMOVE
GSE4459,"""GSM101847""",REMOVE
GSE4459,"""GSM101848""",REMOVE
GSE4459,"""GSM101849""",REMOVE
GSE4459,"""GSM101850""",REMOVE
GSE4459,"""GSM101851""",REMOVE
GSE4459,"""GSM101852""",REMOVE
GSE4459,"""GSM101853""",REMOVE
GSE4459,"""GSM101854""",REMOVE
GSE4459,"""GSM101855""",REMOVE
GSE4459,"""GSM101856""",REMOVE
GSE4459,"""GSM101857""",REMOVE
GSE4459,"""GSM101858""",REMOVE
GSE4459,"""GSM101859""",REMOVE
GSE4459,"""GSM101860""",REMOVE
GSE4459,"""GSM101861""",REMOVE
GSE4459,"""GSM101862""",REMOVE
GSE4459,"""GSM101863""",REMOVE
GSE4459,"""GSM101864""",REMOVE
GSE4526,"""GSM101482""",KEEP
GSE4526,"""GSM101483""",KEEP
GSE4526,"""GSM101484""",KEEP
GSE4526,"""GSM101485""",KEEP
GSE4526,"""GSM101486""",KEEP
GSE4526,"""GSM101487""",KEEP
GSE4526,"""GSM101488""",KEEP
GSE4526,"""GSM101489""",KEEP
GSE4526,"""GSM101490""",KEEP
GSE4526,"""GSM101491""",KEEP
GSE4526,"""GSM101492""",KEEP
GSE4526,"""GSM101493""",KEEP
GSE4526,"""GSM101494""",KEEP
GSE4526,"""GSM101495""",KEEP
GSE4526,"""GSM101496""",KEEP
GSE4526,"""GSM101497""",KEEP
GSE4526,"""GSM101498""",KEEP
GSE4526,"""GSM101499""",KEEP
GSE4526,"""GSM101500""",KEEP
GSE4526,"""GSM101501""",KEEP
GSE4526,"""GSM101502""",KEEP
GSE4526,"""GSM101503""",KEEP
GSE4526,"""GSM101504""",KEEP
GSE4526,"""GSM101505""",KEEP
GSE4526,"""GSM101506""",KEEP
GSE4526,"""GSM101507""",KEEP
GSE4526,"""GSM101508""",KEEP
GSE4526,"""GSM101509""",KEEP
GSE4526,"""GSM101510""",KEEP
GSE4526,"""GSM101511""",KEEP
GSE4526,"""GSM101512""",KEEP
GSE4526,"""GSM101513""",KEEP
GSE4526,"""GSM101514""",KEEP
GSE4526,"""GSM101515""",KEEP
GSE4526,"""GSM101516""",KEEP
GSE4526,"""GSM101517""",KEEP
GSE45270,"""GSM1100483""",KEEP
GSE45270,"""GSM1100484""",KEEP
GSE45270,"""GSM1100485""",KEEP
GSE45270,"""GSM1100486""",KEEP
GSE45270,"""GSM1100487""",KEEP
GSE45270,"""GSM1100488""",KEEP
GSE45270,"""GSM1100489""",KEEP
GSE45270,"""GSM1100490""",KEEP
GSE45270,"""GSM1100491""",KEEP
GSE45270,"""GSM1100492""",KEEP
GSE45270,"""GSM1100493""",KEEP
GSE45270,"""GSM1100494""",KEEP
GSE45270,"""GSM1100495""",KEEP
GSE4554,"""GSM101781""",REMOVE
GSE4554,"""GSM101782""",REMOVE
GSE4554,"""GSM101783""",REMOVE
GSE4554,"""GSM101784""",REMOVE
GSE4554,"""GSM101785""",REMOVE
GSE4554,"""GSM101786""",REMOVE
GSE4554,"""GSM101787""",REMOVE
GSE4554,"""GSM101788""",REMOVE
GSE4554,"""GSM101789""",REMOVE
GSE4554,"""GSM101790""",REMOVE
GSE4554,"""GSM101791""",REMOVE
GSE4554,"""GSM101792""",REMOVE
GSE4554,"""GSM101793""",REMOVE
GSE4554,"""GSM101794""",REMOVE
GSE4554,"""GSM101795""",REMOVE
GSE4554,"""GSM101796""",REMOVE
GSE4554,"""GSM101797""",REMOVE
GSE4554,"""GSM101798""",REMOVE
GSE4554,"""GSM101799""",REMOVE
GSE4554,"""GSM101800""",REMOVE
GSE4554,"""GSM101801""",REMOVE
GSE4554,"""GSM101802""",REMOVE
GSE4554,"""GSM101803""",REMOVE
GSE4554,"""GSM101804""",REMOVE
GSE4554,"""GSM101805""",REMOVE
GSE4554,"""GSM101806""",REMOVE
GSE4554,"""GSM101807""",REMOVE
GSE4554,"""GSM101808""",REMOVE
GSE4554,"""GSM101809""",REMOVE
GSE4554,"""GSM101810""",REMOVE
GSE4554,"""GSM101811""",REMOVE
GSE4554,"""GSM101812""",REMOVE
GSE4554,"""GSM101813""",REMOVE
GSE4554,"""GSM101814""",REMOVE
GSE4554,"""GSM101815""",REMOVE
GSE4554,"""GSM101816""",REMOVE
GSE4554,"""GSM101817""",REMOVE
GSE4554,"""GSM101818""",REMOVE
GSE4554,"""GSM101819""",REMOVE
GSE4554,"""GSM101820""",REMOVE
GSE4554,"""GSM101821""",REMOVE
GSE4554,"""GSM101822""",REMOVE
GSE4554,"""GSM101823""",REMOVE
GSE4554,"""GSM101824""",REMOVE
GSE4554,"""GSM101825""",REMOVE
GSE4554,"""GSM101826""",REMOVE
GSE4554,"""GSM101827""",REMOVE
GSE4554,"""GSM101828""",REMOVE
GSE4554,"""GSM101829""",REMOVE
GSE4554,"""GSM101830""",REMOVE
GSE4554,"""GSM101831""",REMOVE
GSE4554,"""GSM101832""",REMOVE
GSE4554,"""GSM101833""",REMOVE
GSE4554,"""GSM101834""",REMOVE
GSE4554,"""GSM101835""",REMOVE
GSE4554,"""GSM101836""",REMOVE
GSE4554,"""GSM101837""",REMOVE
GSE4554,"""GSM101838""",REMOVE
GSE4554,"""GSM101839""",REMOVE
GSE4554,"""GSM101840""",REMOVE
GSE4554,"""GSM101841""",REMOVE
GSE4554,"""GSM101842""",REMOVE
GSE4554,"""GSM101843""",REMOVE
GSE4554,"""GSM101844""",REMOVE
GSE4554,"""GSM101845""",REMOVE
GSE4554,"""GSM101846""",REMOVE
GSE4554,"""GSM101847""",REMOVE
GSE4554,"""GSM101848""",REMOVE
GSE4554,"""GSM101849""",REMOVE
GSE4554,"""GSM101850""",REMOVE
GSE4554,"""GSM101851""",REMOVE
GSE4554,"""GSM101852""",REMOVE
GSE4554,"""GSM101853""",REMOVE
GSE4554,"""GSM101854""",REMOVE
GSE4554,"""GSM101855""",REMOVE
GSE4554,"""GSM101856""",REMOVE
GSE4554,"""GSM101857""",REMOVE
GSE4554,"""GSM101858""",REMOVE
GSE4554,"""GSM101859""",REMOVE
GSE4554,"""GSM101860""",REMOVE
GSE4554,"""GSM101861""",REMOVE
GSE4554,"""GSM101862""",REMOVE
GSE4554,"""GSM101863""",REMOVE
GSE4554,"""GSM101864""",REMOVE
GSE46517,"""GSM1131566""",KEEP
GSE46517,"""GSM1131567""",KEEP
GSE46517,"""GSM1131568""",KEEP
GSE46517,"""GSM1131569""",KEEP
GSE46517,"""GSM1131570""",KEEP
GSE46517,"""GSM1131571""",KEEP
GSE46517,"""GSM1131572""",KEEP
GSE46517,"""GSM1131573""",KEEP
GSE46517,"""GSM1131574""",KEEP
GSE46517,"""GSM1131575""",KEEP
GSE46517,"""GSM1131576""",KEEP
GSE46517,"""GSM1131577""",KEEP
GSE46517,"""GSM1131578""",KEEP
GSE46517,"""GSM1131579""",KEEP
GSE46517,"""GSM1131580""",KEEP
GSE46517,"""GSM1131581""",KEEP
GSE46517,"""GSM1131582""",KEEP
GSE46517,"""GSM1131583""",KEEP
GSE46517,"""GSM1131584""",KEEP
GSE46517,"""GSM1131585""",KEEP
GSE46517,"""GSM1131586""",KEEP
GSE46517,"""GSM1131587""",KEEP
GSE46517,"""GSM1131588""",KEEP
GSE46517,"""GSM1131589""",KEEP
GSE46517,"""GSM1131590""",KEEP
GSE46517,"""GSM1131591""",KEEP
GSE46517,"""GSM1131592""",KEEP
GSE46517,"""GSM1131593""",KEEP
GSE46517,"""GSM1131594""",KEEP
GSE46517,"""GSM1131595""",KEEP
GSE46517,"""GSM1131596""",KEEP
GSE46517,"""GSM1131597""",KEEP
GSE46517,"""GSM1131598""",KEEP
GSE46517,"""GSM1131599""",KEEP
GSE46517,"""GSM1131600""",KEEP
GSE46517,"""GSM1131601""",KEEP
GSE46517,"""GSM1131602""",KEEP
GSE46517,"""GSM1131603""",KEEP
GSE46517,"""GSM1131604""",KEEP
GSE46517,"""GSM1131605""",KEEP
GSE46517,"""GSM1131606""",KEEP
GSE46517,"""GSM1131607""",KEEP
GSE46517,"""GSM1131608""",KEEP
GSE46517,"""GSM1131609""",KEEP
GSE46517,"""GSM1131610""",KEEP
GSE46517,"""GSM1131611""",KEEP
GSE46517,"""GSM1131612""",KEEP
GSE46517,"""GSM1131613""",KEEP
GSE46517,"""GSM1131614""",KEEP
GSE46517,"""GSM1131615""",KEEP
GSE46517,"""GSM1131616""",KEEP
GSE46517,"""GSM1131617""",KEEP
GSE46517,"""GSM1131618""",KEEP
GSE46517,"""GSM1131619""",KEEP
GSE46517,"""GSM1131620""",KEEP
GSE46517,"""GSM1131621""",KEEP
GSE46517,"""GSM1131622""",KEEP
GSE46517,"""GSM1131623""",KEEP
GSE46517,"""GSM1131624""",KEEP
GSE46517,"""GSM1131625""",KEEP
GSE46517,"""GSM1131626""",KEEP
GSE46517,"""GSM1131627""",KEEP
GSE46517,"""GSM1131628""",KEEP
GSE46517,"""GSM1131629""",KEEP
GSE46517,"""GSM1131630""",KEEP
GSE46517,"""GSM1131631""",KEEP
GSE46517,"""GSM1131632""",KEEP
GSE46517,"""GSM1131633""",KEEP
GSE46517,"""GSM1131634""",KEEP
GSE46517,"""GSM1131635""",KEEP
GSE46517,"""GSM1131636""",KEEP
GSE46517,"""GSM1131637""",KEEP
GSE46517,"""GSM1131638""",KEEP
GSE46517,"""GSM1131639""",KEEP
GSE46517,"""GSM1131640""",KEEP
GSE46517,"""GSM1131641""",KEEP
GSE46517,"""GSM1131642""",KEEP
GSE46517,"""GSM1131643""",KEEP
GSE46517,"""GSM1131644""",KEEP
GSE46517,"""GSM1131645""",KEEP
GSE46517,"""GSM1131646""",KEEP
GSE46517,"""GSM1131647""",KEEP
GSE46517,"""GSM1131648""",KEEP
GSE46517,"""GSM1131649""",KEEP
GSE46517,"""GSM1131650""",KEEP
GSE46517,"""GSM1131651""",KEEP
GSE46517,"""GSM1131652""",KEEP
GSE46517,"""GSM1131653""",KEEP
GSE46517,"""GSM1131654""",KEEP
GSE46517,"""GSM1131655""",KEEP
GSE46517,"""GSM1131656""",KEEP
GSE46517,"""GSM1131657""",KEEP
GSE46517,"""GSM1131658""",KEEP
GSE46517,"""GSM1131659""",KEEP
GSE46517,"""GSM1131660""",KEEP
GSE46517,"""GSM1131661""",KEEP
GSE46517,"""GSM1131662""",KEEP
GSE46517,"""GSM1131663""",KEEP
GSE46517,"""GSM1131664""",KEEP
GSE46517,"""GSM1131665""",KEEP
GSE46517,"""GSM1131666""",KEEP
GSE46517,"""GSM1131667""",KEEP
GSE46517,"""GSM1131668""",KEEP
GSE46517,"""GSM1131669""",KEEP
GSE46517,"""GSM1131670""",KEEP
GSE46517,"""GSM1131671""",KEEP
GSE46517,"""GSM1131672""",KEEP
GSE46517,"""GSM1131673""",KEEP
GSE46517,"""GSM1131674""",KEEP
GSE46517,"""GSM1131675""",KEEP
GSE46517,"""GSM1131676""",KEEP
GSE46517,"""GSM1131677""",KEEP
GSE46517,"""GSM1131678""",KEEP
GSE46517,"""GSM1131679""",KEEP
GSE46517,"""GSM1131680""",KEEP
GSE46517,"""GSM1131681""",KEEP
GSE46517,"""GSM1131682""",KEEP
GSE46517,"""GSM1131683""",KEEP
GSE46517,"""GSM1131684""",KEEP
GSE46517,"""GSM1131685""",KEEP
GSE46517,"""GSM1131686""",KEEP
GSE48433,"""GSM1177874""",KEEP
GSE48433,"""GSM1177875""",KEEP
GSE48433,"""GSM1177876""",KEEP
GSE48433,"""GSM1177877""",KEEP
GSE48433,"""GSM1177878""",KEEP
GSE48433,"""GSM1177879""",KEEP
GSE48433,"""GSM1177880""",KEEP
GSE48433,"""GSM1177881""",KEEP
GSE48433,"""GSM1177882""",KEEP
GSE48433,"""GSM1177883""",KEEP
GSE48433,"""GSM1177884""",KEEP
GSE48433,"""GSM1177885""",KEEP
GSE48433,"""GSM1177886""",KEEP
GSE48433,"""GSM1177887""",KEEP
GSE48433,"""GSM1177888""",KEEP
GSE48433,"""GSM1177889""",KEEP
GSE48433,"""GSM1177890""",KEEP
GSE48433,"""GSM1177891""",KEEP
GSE48433,"""GSM1177892""",KEEP
GSE48433,"""GSM1177893""",KEEP
GSE48433,"""GSM1177894""",KEEP
GSE48433,"""GSM1177895""",KEEP
GSE48433,"""GSM1177896""",KEEP
GSE48433,"""GSM1177897""",KEEP
GSE48433,"""GSM1177898""",KEEP
GSE48433,"""GSM1177899""",KEEP
GSE48433,"""GSM1177900""",KEEP
GSE48433,"""GSM1177901""",KEEP
GSE48433,"""GSM1177902""",KEEP
GSE48433,"""GSM1177903""",KEEP
GSE48433,"""GSM1177904""",KEEP
GSE48433,"""GSM1177905""",KEEP
GSE48433,"""GSM1177906""",KEEP
GSE48433,"""GSM1177907""",KEEP
GSE48433,"""GSM1177908""",KEEP
GSE48433,"""GSM1177909""",KEEP
GSE48433,"""GSM1177910""",KEEP
GSE48433,"""GSM1177911""",KEEP
GSE48433,"""GSM1177912""",KEEP
GSE48433,"""GSM1177913""",KEEP
GSE48433,"""GSM1177914""",KEEP
GSE48433,"""GSM1177915""",KEEP
GSE48433,"""GSM1177916""",KEEP
GSE48433,"""GSM1177917""",KEEP
GSE48433,"""GSM1177918""",KEEP
GSE48433,"""GSM1177919""",KEEP
GSE48433,"""GSM1177920""",KEEP
GSE48433,"""GSM1177921""",KEEP
GSE48433,"""GSM1177922""",KEEP
GSE48433,"""GSM1177923""",KEEP
GSE48433,"""GSM1177924""",KEEP
GSE48433,"""GSM1177925""",KEEP
GSE48433,"""GSM1177926""",KEEP
GSE48433,"""GSM1177927""",KEEP
GSE48433,"""GSM1177928""",KEEP
GSE48433,"""GSM1177929""",KEEP
GSE48433,"""GSM1177930""",KEEP
GSE48433,"""GSM1177931""",KEEP
GSE48433,"""GSM1177932""",KEEP
GSE48433,"""GSM1177933""",KEEP
GSE48433,"""GSM1177934""",KEEP
GSE48433,"""GSM1177935""",KEEP
GSE48433,"""GSM1177936""",KEEP
GSE48433,"""GSM1177937""",KEEP
GSE48433,"""GSM1177938""",KEEP
GSE48433,"""GSM1177939""",KEEP
GSE48433,"""GSM1177940""",KEEP
GSE48433,"""GSM1177941""",KEEP
GSE48433,"""GSM1177942""",KEEP
GSE48433,"""GSM1177943""",KEEP
GSE48433,"""GSM1177944""",KEEP
GSE48433,"""GSM1177945""",KEEP
GSE48433,"""GSM1177946""",KEEP
GSE48433,"""GSM1177947""",KEEP
GSE48433,"""GSM1177948""",KEEP
GSE48433,"""GSM1177949""",KEEP
GSE48433,"""GSM1177950""",KEEP
GSE48433,"""GSM1177951""",KEEP
GSE48433,"""GSM1177952""",KEEP
GSE48433,"""GSM1177953""",KEEP
GSE48433,"""GSM1177954""",KEEP
GSE48433,"""GSM1177955""",KEEP
GSE48433,"""GSM1177956""",KEEP
GSE48433,"""GSM1177957""",KEEP
GSE48433,"""GSM1177958""",KEEP
GSE48433,"""GSM1177959""",KEEP
GSE48433,"""GSM1177960""",KEEP
GSE48433,"""GSM1177961""",KEEP
GSE48433,"""GSM1177962""",KEEP
GSE48433,"""GSM1177963""",KEEP
GSE48433,"""GSM1177964""",KEEP
GSE48433,"""GSM1177965""",KEEP
GSE48433,"""GSM1177966""",KEEP
GSE48433,"""GSM1177967""",KEEP
GSE48433,"""GSM1177968""",KEEP
GSE48433,"""GSM1177969""",KEEP
GSE48433,"""GSM1177970""",KEEP
GSE48433,"""GSM1177971""",KEEP
GSE48433,"""GSM1177972""",KEEP
GSE48433,"""GSM1177973""",KEEP
GSE48433,"""GSM1177974""",KEEP
GSE48433,"""GSM1177975""",KEEP
GSE48433,"""GSM1177976""",KEEP
GSE48433,"""GSM1177977""",KEEP
GSE48433,"""GSM1177978""",KEEP
GSE48433,"""GSM1177979""",KEEP
GSE48433,"""GSM1177980""",KEEP
GSE48433,"""GSM1177981""",KEEP
GSE48433,"""GSM1177982""",KEEP
GSE48433,"""GSM1177983""",KEEP
GSE48433,"""GSM1177984""",KEEP
GSE48433,"""GSM1177985""",KEEP
GSE48433,"""GSM1177986""",KEEP
GSE48433,"""GSM1177987""",KEEP
GSE48433,"""GSM1177988""",KEEP
GSE48433,"""GSM1177989""",KEEP
GSE48433,"""GSM1177990""",KEEP
GSE48433,"""GSM1177991""",KEEP
GSE48433,"""GSM1177992""",KEEP
GSE48433,"""GSM1177993""",KEEP
GSE48433,"""GSM1177994""",KEEP
GSE48433,"""GSM1177995""",KEEP
GSE48433,"""GSM1177996""",KEEP
GSE48433,"""GSM1177997""",KEEP
GSE48433,"""GSM1177998""",KEEP
GSE48433,"""GSM1177999""",KEEP
GSE48433,"""GSM1178000""",KEEP
GSE48433,"""GSM1178001""",KEEP
GSE48433,"""GSM1178002""",KEEP
GSE48433,"""GSM1178003""",KEEP
GSE48433,"""GSM1178004""",KEEP
GSE48433,"""GSM1178005""",KEEP
GSE48433,"""GSM1178006""",KEEP
GSE48433,"""GSM1178007""",KEEP
GSE48433,"""GSM1178008""",KEEP
GSE48433,"""GSM1178009""",KEEP
GSE48433,"""GSM1178010""",KEEP
GSE48433,"""GSM1178011""",KEEP
GSE48433,"""GSM1178012""",KEEP
GSE48433,"""GSM1178013""",KEEP
GSE48433,"""GSM1178014""",KEEP
GSE48433,"""GSM1178015""",KEEP
GSE48433,"""GSM1178016""",KEEP
GSE48433,"""GSM1178017""",KEEP
GSE48433,"""GSM1178018""",KEEP
GSE48433,"""GSM1178019""",KEEP
GSE48433,"""GSM1178020""",KEEP
GSE48433,"""GSM1178021""",KEEP
GSE48433,"""GSM1178022""",KEEP
GSE48433,"""GSM1178023""",KEEP
GSE48433,"""GSM1178024""",KEEP
GSE48433,"""GSM1178025""",KEEP
GSE48433,"""GSM1178026""",KEEP
GSE48433,"""GSM1178027""",KEEP
GSE48433,"""GSM1178028""",KEEP
GSE48433,"""GSM1178029""",KEEP
GSE48433,"""GSM1178030""",KEEP
GSE48433,"""GSM1178031""",KEEP
GSE48433,"""GSM1178032""",KEEP
GSE48433,"""GSM1178033""",KEEP
GSE48433,"""GSM1178034""",KEEP
GSE48433,"""GSM1178035""",KEEP
GSE48433,"""GSM1178036""",KEEP
GSE48433,"""GSM1178037""",KEEP
GSE48433,"""GSM1178038""",KEEP
GSE48433,"""GSM1178039""",KEEP
GSE48433,"""GSM1178040""",KEEP
GSE48433,"""GSM1178041""",KEEP
GSE48433,"""GSM1178042""",KEEP
GSE48433,"""GSM1178043""",KEEP
GSE48433,"""GSM1178044""",KEEP
GSE48433,"""GSM1178045""",KEEP
GSE48433,"""GSM1178046""",KEEP
GSE48433,"""GSM1178047""",KEEP
GSE48433,"""GSM1178048""",KEEP
GSE48433,"""GSM1178049""",KEEP
GSE48433,"""GSM1178050""",KEEP
GSE48433,"""GSM1178051""",KEEP
GSE48433,"""GSM1178052""",KEEP
GSE48433,"""GSM1178053""",KEEP
GSE48433,"""GSM1178054""",KEEP
GSE48433,"""GSM1178055""",KEEP
GSE48433,"""GSM1178056""",KEEP
GSE48433,"""GSM1178057""",KEEP
GSE48433,"""GSM1178058""",KEEP
GSE48433,"""GSM1178059""",KEEP
GSE48433,"""GSM1178060""",KEEP
GSE48433,"""GSM1178061""",KEEP
GSE48433,"""GSM1178062""",KEEP
GSE48433,"""GSM1178063""",KEEP
GSE48433,"""GSM1178064""",KEEP
GSE48433,"""GSM1178065""",KEEP
GSE48433,"""GSM1178066""",KEEP
GSE48433,"""GSM1178067""",KEEP
GSE48433,"""GSM1178068""",KEEP
GSE48433,"""GSM1178069""",KEEP
GSE48433,"""GSM1178070""",KEEP
GSE48433,"""GSM1178071""",KEEP
GSE48433,"""GSM1178072""",KEEP
GSE48433,"""GSM1178073""",KEEP
GSE48433,"""GSM1178074""",KEEP
GSE48433,"""GSM1178075""",KEEP
GSE48433,"""GSM1178076""",KEEP
GSE48433,"""GSM1178077""",KEEP
GSE48433,"""GSM1178078""",KEEP
GSE48433,"""GSM1178079""",KEEP
GSE48433,"""GSM1178080""",KEEP
GSE48433,"""GSM1178081""",KEEP
GSE48433,"""GSM1178082""",KEEP
GSE48433,"""GSM1178083""",KEEP
GSE48433,"""GSM1178084""",KEEP
GSE48433,"""GSM1178085""",KEEP
GSE48433,"""GSM1178086""",KEEP
GSE48433,"""GSM1178087""",KEEP
GSE48433,"""GSM1178088""",KEEP
GSE48433,"""GSM1178089""",KEEP
GSE48433,"""GSM1178090""",KEEP
GSE48433,"""GSM1178091""",KEEP
GSE48433,"""GSM1178092""",KEEP
GSE48433,"""GSM1178093""",KEEP
GSE48433,"""GSM1178094""",KEEP
GSE48433,"""GSM1178095""",KEEP
GSE48433,"""GSM1178096""",KEEP
GSE48433,"""GSM1178097""",KEEP
GSE48433,"""GSM1178098""",KEEP
GSE48433,"""GSM1178099""",KEEP
GSE48433,"""GSM1178100""",KEEP
GSE48433,"""GSM1178101""",KEEP
GSE48433,"""GSM1178102""",KEEP
GSE48433,"""GSM1178103""",KEEP
GSE48433,"""GSM1178104""",KEEP
GSE48433,"""GSM1178105""",KEEP
GSE48433,"""GSM1178106""",KEEP
GSE48433,"""GSM1178107""",KEEP
GSE48433,"""GSM1178108""",KEEP
GSE48433,"""GSM1178109""",KEEP
GSE48433,"""GSM1178110""",KEEP
GSE48433,"""GSM1178111""",KEEP
GSE48433,"""GSM1178112""",KEEP
GSE48433,"""GSM1178113""",KEEP
GSE48433,"""GSM1178114""",KEEP
GSE48433,"""GSM1178115""",KEEP
GSE48433,"""GSM1178116""",KEEP
GSE48433,"""GSM1178117""",KEEP
GSE48433,"""GSM1178118""",KEEP
GSE48433,"""GSM1178119""",KEEP
GSE48433,"""GSM1178120""",KEEP
GSE48433,"""GSM1178121""",KEEP
GSE48433,"""GSM1178122""",KEEP
GSE48433,"""GSM1178123""",KEEP
GSE48433,"""GSM1178124""",KEEP
GSE48433,"""GSM1178125""",KEEP
GSE48433,"""GSM1178126""",KEEP
GSE48433,"""GSM1178127""",KEEP
GSE48433,"""GSM1178128""",KEEP
GSE48433,"""GSM1178129""",KEEP
GSE48433,"""GSM1178130""",KEEP
GSE48433,"""GSM1178131""",KEEP
GSE48433,"""GSM1178132""",KEEP
GSE48433,"""GSM1178133""",KEEP
GSE48433,"""GSM1178134""",KEEP
GSE48433,"""GSM1178135""",KEEP
GSE48433,"""GSM1178136""",KEEP
GSE48433,"""GSM1178137""",KEEP
GSE48433,"""GSM1178138""",KEEP
GSE48433,"""GSM1178139""",KEEP
GSE48433,"""GSM1178140""",KEEP
GSE48433,"""GSM1178141""",KEEP
GSE48433,"""GSM1178142""",KEEP
GSE48433,"""GSM1178143""",KEEP
GSE48433,"""GSM1178144""",KEEP
GSE48433,"""GSM1178145""",KEEP
GSE48433,"""GSM1178146""",KEEP
GSE48433,"""GSM1178147""",KEEP
GSE48433,"""GSM1178148""",KEEP
GSE48433,"""GSM1178149""",KEEP
GSE48433,"""GSM1178150""",KEEP
GSE48433,"""GSM1178151""",KEEP
GSE48433,"""GSM1178152""",KEEP
GSE48433,"""GSM1178153""",KEEP
GSE48433,"""GSM1178154""",KEEP
GSE48433,"""GSM1178155""",KEEP
GSE48433,"""GSM1178156""",KEEP
GSE48433,"""GSM1178157""",KEEP
GSE48433,"""GSM1178158""",KEEP
GSE48433,"""GSM1178159""",KEEP
GSE48433,"""GSM1178160""",KEEP
GSE48433,"""GSM1178161""",KEEP
GSE48433,"""GSM1178162""",KEEP
GSE48433,"""GSM1178163""",KEEP
GSE48433,"""GSM1178164""",KEEP
GSE48433,"""GSM1178165""",KEEP
GSE48433,"""GSM1178166""",KEEP
GSE48433,"""GSM1178167""",KEEP
GSE48433,"""GSM1178168""",KEEP
GSE48433,"""GSM1178169""",KEEP
GSE48433,"""GSM1178170""",KEEP
GSE48433,"""GSM1178171""",KEEP
GSE48433,"""GSM1178172""",KEEP
GSE48433,"""GSM1178173""",KEEP
GSE48433,"""GSM1178174""",KEEP
GSE48433,"""GSM1178175""",KEEP
GSE48433,"""GSM1178176""",KEEP
GSE48433,"""GSM1178177""",KEEP
GSE48433,"""GSM1178178""",KEEP
GSE48433,"""GSM1178179""",KEEP
GSE48433,"""GSM1178180""",KEEP
GSE48433,"""GSM1178181""",KEEP
GSE48433,"""GSM1178182""",KEEP
GSE48433,"""GSM1178183""",KEEP
GSE48433,"""GSM1178184""",KEEP
GSE48433,"""GSM1178185""",KEEP
GSE48433,"""GSM1178186""",KEEP
GSE48433,"""GSM1178187""",KEEP
GSE48433,"""GSM1178188""",KEEP
GSE48433,"""GSM1178189""",KEEP
GSE48433,"""GSM1178190""",KEEP
GSE48433,"""GSM1178191""",KEEP
GSE48433,"""GSM1178192""",KEEP
GSE48433,"""GSM1178193""",KEEP
GSE48433,"""GSM1178194""",KEEP
GSE48433,"""GSM1178195""",KEEP
GSE48433,"""GSM1178196""",KEEP
GSE48433,"""GSM1178197""",KEEP
GSE48433,"""GSM1178198""",KEEP
GSE48433,"""GSM1178199""",KEEP
GSE48433,"""GSM1178200""",KEEP
GSE48433,"""GSM1178201""",KEEP
GSE48433,"""GSM1178202""",KEEP
GSE48433,"""GSM1178203""",KEEP
GSE48433,"""GSM1178204""",KEEP
GSE48433,"""GSM1178205""",KEEP
GSE48433,"""GSM1178206""",KEEP
GSE48433,"""GSM1178207""",KEEP
GSE48433,"""GSM1178208""",KEEP
GSE48433,"""GSM1178209""",KEEP
GSE48433,"""GSM1178210""",KEEP
GSE48433,"""GSM1178211""",KEEP
GSE48433,"""GSM1178212""",KEEP
GSE48433,"""GSM1178213""",KEEP
GSE48433,"""GSM1178214""",KEEP
GSE48433,"""GSM1178215""",KEEP
GSE48433,"""GSM1178216""",KEEP
GSE48433,"""GSM1178217""",KEEP
GSE48433,"""GSM1178218""",KEEP
GSE48433,"""GSM1178219""",KEEP
GSE48433,"""GSM1178220""",KEEP
GSE48433,"""GSM1178221""",KEEP
GSE48433,"""GSM1178222""",KEEP
GSE48433,"""GSM1178223""",KEEP
GSE48433,"""GSM1178224""",KEEP
GSE48433,"""GSM1178225""",KEEP
GSE48433,"""GSM1178226""",KEEP
GSE48433,"""GSM1178227""",KEEP
GSE48433,"""GSM1178228""",KEEP
GSE48433,"""GSM1178229""",KEEP
GSE48433,"""GSM1178230""",KEEP
GSE48433,"""GSM1178231""",KEEP
GSE48433,"""GSM1178232""",KEEP
GSE48433,"""GSM1178233""",KEEP
GSE48433,"""GSM1178234""",KEEP
GSE48433,"""GSM1178235""",KEEP
GSE48433,"""GSM1178236""",KEEP
GSE48433,"""GSM1178237""",KEEP
GSE48433,"""GSM1178238""",KEEP
GSE48433,"""GSM1178239""",KEEP
GSE48433,"""GSM1178240""",KEEP
GSE48433,"""GSM1178241""",KEEP
GSE48433,"""GSM1178242""",KEEP
GSE48433,"""GSM1178243""",KEEP
GSE48433,"""GSM1178244""",KEEP
GSE48433,"""GSM1178245""",KEEP
GSE48433,"""GSM1178246""",KEEP
GSE48433,"""GSM1178247""",KEEP
GSE48433,"""GSM1178248""",KEEP
GSE48433,"""GSM1178249""",KEEP
GSE48433,"""GSM1178250""",KEEP
GSE48433,"""GSM1178251""",KEEP
GSE48433,"""GSM1178252""",KEEP
GSE48433,"""GSM1178253""",KEEP
GSE48433,"""GSM1178254""",KEEP
GSE48433,"""GSM1178255""",KEEP
GSE48433,"""GSM1178256""",KEEP
GSE48433,"""GSM1178257""",KEEP
GSE48433,"""GSM1178258""",KEEP
GSE48433,"""GSM1178259""",KEEP
GSE48433,"""GSM1178260""",KEEP
GSE48433,"""GSM1178261""",KEEP
GSE48433,"""GSM1178262""",KEEP
GSE48433,"""GSM1178263""",KEEP
GSE48433,"""GSM1178264""",KEEP
GSE48433,"""GSM1178265""",KEEP
GSE48433,"""GSM1178266""",KEEP
GSE48433,"""GSM1178267""",KEEP
GSE48433,"""GSM1178268""",KEEP
GSE48433,"""GSM1178269""",KEEP
GSE48433,"""GSM1178270""",KEEP
GSE48433,"""GSM1178271""",KEEP
GSE48433,"""GSM1178272""",KEEP
GSE48433,"""GSM1178273""",KEEP
GSE48433,"""GSM1178274""",KEEP
GSE48433,"""GSM1178275""",KEEP
GSE48433,"""GSM1178276""",KEEP
GSE48433,"""GSM1178277""",KEEP
GSE48433,"""GSM1178278""",KEEP
GSE48433,"""GSM1178279""",KEEP
GSE48433,"""GSM1178280""",KEEP
GSE48433,"""GSM1178281""",KEEP
GSE48433,"""GSM1178282""",KEEP
GSE48433,"""GSM1178283""",KEEP
GSE48433,"""GSM1178284""",KEEP
GSE48433,"""GSM1178285""",KEEP
GSE48433,"""GSM1178286""",KEEP
GSE48433,"""GSM1178287""",KEEP
GSE48433,"""GSM1178288""",KEEP
GSE48433,"""GSM1178289""",KEEP
GSE48433,"""GSM1178290""",KEEP
GSE48433,"""GSM1178291""",KEEP
GSE48433,"""GSM1178292""",KEEP
GSE48433,"""GSM1178293""",KEEP
GSE48433,"""GSM1178294""",KEEP
GSE48433,"""GSM1178295""",KEEP
GSE48433,"""GSM1178296""",KEEP
GSE48433,"""GSM1178297""",KEEP
GSE48433,"""GSM1178298""",KEEP
GSE48433,"""GSM1178299""",KEEP
GSE48433,"""GSM1178300""",KEEP
GSE48433,"""GSM1178301""",KEEP
GSE48433,"""GSM1178302""",KEEP
GSE48433,"""GSM1178303""",KEEP
GSE48433,"""GSM1178304""",KEEP
GSE48433,"""GSM1178305""",KEEP
GSE48433,"""GSM1178306""",KEEP
GSE48433,"""GSM1178307""",KEEP
GSE48433,"""GSM1178308""",KEEP
GSE48433,"""GSM1178309""",KEEP
GSE48433,"""GSM1178310""",KEEP
GSE48433,"""GSM1178311""",KEEP
GSE48433,"""GSM1178312""",KEEP
GSE48433,"""GSM1178313""",KEEP
GSE48433,"""GSM1178314""",KEEP
GSE48433,"""GSM1178315""",KEEP
GSE48433,"""GSM1178316""",KEEP
GSE48433,"""GSM1178317""",KEEP
GSE48433,"""GSM1178318""",KEEP
GSE48433,"""GSM1178319""",KEEP
GSE48433,"""GSM1178320""",KEEP
GSE48433,"""GSM1178321""",KEEP
GSE48433,"""GSM1178322""",KEEP
GSE48433,"""GSM1178323""",KEEP
GSE48433,"""GSM1178324""",KEEP
GSE48433,"""GSM1178325""",KEEP
GSE48433,"""GSM1178326""",KEEP
GSE48433,"""GSM1178327""",KEEP
GSE48433,"""GSM1178328""",KEEP
GSE48433,"""GSM1178329""",KEEP
GSE48433,"""GSM1178330""",KEEP
GSE48433,"""GSM1178331""",KEEP
GSE48433,"""GSM1178332""",KEEP
GSE48433,"""GSM1178333""",KEEP
GSE48433,"""GSM1178334""",KEEP
GSE48433,"""GSM1178335""",KEEP
GSE48433,"""GSM1178336""",KEEP
GSE48433,"""GSM1178337""",KEEP
GSE48433,"""GSM1178338""",KEEP
GSE48433,"""GSM1178339""",KEEP
GSE48433,"""GSM1178340""",KEEP
GSE48433,"""GSM1178341""",KEEP
GSE48433,"""GSM1178342""",KEEP
GSE48433,"""GSM1178343""",KEEP
GSE48433,"""GSM1178344""",KEEP
GSE48433,"""GSM1178345""",KEEP
GSE48433,"""GSM1178346""",KEEP
GSE48433,"""GSM1178347""",KEEP
GSE48433,"""GSM1178348""",KEEP
GSE48433,"""GSM1178349""",KEEP
GSE48433,"""GSM1178350""",KEEP
GSE48433,"""GSM1178351""",KEEP
GSE48433,"""GSM1178352""",KEEP
GSE48433,"""GSM1178353""",KEEP
GSE48433,"""GSM1178354""",KEEP
GSE48433,"""GSM1178355""",KEEP
GSE48433,"""GSM1178356""",KEEP
GSE48433,"""GSM1178357""",KEEP
GSE48433,"""GSM1178358""",KEEP
GSE48433,"""GSM1178359""",KEEP
GSE48433,"""GSM1178360""",KEEP
GSE48433,"""GSM1178361""",KEEP
GSE48433,"""GSM1178362""",KEEP
GSE48433,"""GSM1178363""",KEEP
GSE48433,"""GSM1178364""",KEEP
GSE48433,"""GSM1178365""",KEEP
GSE48433,"""GSM1178366""",KEEP
GSE48433,"""GSM1178367""",KEEP
GSE48433,"""GSM1178368""",KEEP
GSE48433,"""GSM1178369""",KEEP
GSE48433,"""GSM1178370""",KEEP
GSE48433,"""GSM1178371""",KEEP
GSE48433,"""GSM1178372""",KEEP
GSE48433,"""GSM1178373""",KEEP
GSE48433,"""GSM1178374""",KEEP
GSE48433,"""GSM1178375""",KEEP
GSE48433,"""GSM1178376""",KEEP
GSE48433,"""GSM1178377""",KEEP
GSE48433,"""GSM1178378""",KEEP
GSE48433,"""GSM1178379""",KEEP
GSE48433,"""GSM1178380""",KEEP
GSE48433,"""GSM1178381""",KEEP
GSE48433,"""GSM1178382""",KEEP
GSE48433,"""GSM1178383""",KEEP
GSE48433,"""GSM1178384""",KEEP
GSE48433,"""GSM1178385""",KEEP
GSE48433,"""GSM1178386""",KEEP
GSE48433,"""GSM1178387""",KEEP
GSE48433,"""GSM1178388""",KEEP
GSE48433,"""GSM1178389""",KEEP
GSE48433,"""GSM1178390""",KEEP
GSE48433,"""GSM1178391""",KEEP
GSE48433,"""GSM1178392""",KEEP
GSE48433,"""GSM1178393""",KEEP
GSE48433,"""GSM1178394""",KEEP
GSE48433,"""GSM1178395""",KEEP
GSE48433,"""GSM1178396""",KEEP
GSE48433,"""GSM1178397""",KEEP
GSE48433,"""GSM1178398""",KEEP
GSE48433,"""GSM1178399""",KEEP
GSE48433,"""GSM1178400""",KEEP
GSE48433,"""GSM1178401""",KEEP
GSE48433,"""GSM1178402""",KEEP
GSE48433,"""GSM1178403""",KEEP
GSE48433,"""GSM1178404""",KEEP
GSE48433,"""GSM1178405""",KEEP
GSE48433,"""GSM1178406""",KEEP
GSE48433,"""GSM1178407""",KEEP
GSE48433,"""GSM1178408""",KEEP
GSE48433,"""GSM1178409""",KEEP
GSE48433,"""GSM1178410""",KEEP
GSE48433,"""GSM1178411""",KEEP
GSE48433,"""GSM1178412""",KEEP
GSE48433,"""GSM1178413""",KEEP
GSE48433,"""GSM1178414""",KEEP
GSE48433,"""GSM1178415""",KEEP
GSE48433,"""GSM1178416""",KEEP
GSE48433,"""GSM1178417""",KEEP
GSE48433,"""GSM1178418""",KEEP
GSE48433,"""GSM1178419""",KEEP
GSE48433,"""GSM1178420""",KEEP
GSE48433,"""GSM1178421""",KEEP
GSE48433,"""GSM1178422""",KEEP
GSE48433,"""GSM1178423""",KEEP
GSE48433,"""GSM1178424""",KEEP
GSE48433,"""GSM1178425""",KEEP
GSE48433,"""GSM1178426""",KEEP
GSE48433,"""GSM1178427""",KEEP
GSE48433,"""GSM1178428""",KEEP
GSE48433,"""GSM1178429""",KEEP
GSE48433,"""GSM1178430""",KEEP
GSE48433,"""GSM1178431""",KEEP
GSE48433,"""GSM1178432""",KEEP
GSE48433,"""GSM1178433""",KEEP
GSE48433,"""GSM1178434""",KEEP
GSE48433,"""GSM1178435""",KEEP
GSE48433,"""GSM1178436""",KEEP
GSE48433,"""GSM1178437""",KEEP
GSE48433,"""GSM1178438""",KEEP
GSE48433,"""GSM1178439""",KEEP
GSE48433,"""GSM1178440""",KEEP
GSE48433,"""GSM1178441""",KEEP
GSE48433,"""GSM1178442""",KEEP
GSE48433,"""GSM1178443""",KEEP
GSE48433,"""GSM1178444""",KEEP
GSE48433,"""GSM1178445""",KEEP
GSE48433,"""GSM1178446""",KEEP
GSE48433,"""GSM1178447""",KEEP
GSE48433,"""GSM1178448""",KEEP
GSE48433,"""GSM1178449""",KEEP
GSE48433,"""GSM1178450""",KEEP
GSE48433,"""GSM1178451""",KEEP
GSE48433,"""GSM1178452""",KEEP
GSE48433,"""GSM1178453""",KEEP
GSE48433,"""GSM1178454""",KEEP
GSE48433,"""GSM1178455""",KEEP
GSE48433,"""GSM1178456""",KEEP
GSE48433,"""GSM1178457""",KEEP
GSE48433,"""GSM1178458""",KEEP
GSE48433,"""GSM1178459""",KEEP
GSE48433,"""GSM1178460""",KEEP
GSE48433,"""GSM1178461""",KEEP
GSE48433,"""GSM1178462""",KEEP
GSE48433,"""GSM1178463""",KEEP
GSE48433,"""GSM1178464""",KEEP
GSE48433,"""GSM1178465""",KEEP
GSE48433,"""GSM1178466""",KEEP
GSE48433,"""GSM1178467""",KEEP
GSE48433,"""GSM1178468""",KEEP
GSE48433,"""GSM1178469""",KEEP
GSE48433,"""GSM1178470""",KEEP
GSE48433,"""GSM1178471""",KEEP
GSE48433,"""GSM1178472""",KEEP
GSE48433,"""GSM1178473""",KEEP
GSE48433,"""GSM1178474""",KEEP
GSE48433,"""GSM1178475""",KEEP
GSE48433,"""GSM1178476""",KEEP
GSE48433,"""GSM1178477""",KEEP
GSE48433,"""GSM1178478""",KEEP
GSE48433,"""GSM1178479""",KEEP
GSE48433,"""GSM1178480""",KEEP
GSE48433,"""GSM1178481""",KEEP
GSE48433,"""GSM1178482""",KEEP
GSE48433,"""GSM1178483""",KEEP
GSE48433,"""GSM1178484""",KEEP
GSE48433,"""GSM1178485""",KEEP
GSE48433,"""GSM1178486""",KEEP
GSE48433,"""GSM1178487""",KEEP
GSE48433,"""GSM1178488""",KEEP
GSE48433,"""GSM1178489""",KEEP
GSE48433,"""GSM1178490""",KEEP
GSE48433,"""GSM1178491""",KEEP
GSE48433,"""GSM1178492""",KEEP
GSE48433,"""GSM1178493""",KEEP
GSE48433,"""GSM1178494""",KEEP
GSE48433,"""GSM1178495""",KEEP
GSE48433,"""GSM1178496""",KEEP
GSE48433,"""GSM1178497""",KEEP
GSE48433,"""GSM1178498""",KEEP
GSE48433,"""GSM1178499""",KEEP
GSE48433,"""GSM1178500""",KEEP
GSE48433,"""GSM1178501""",KEEP
GSE48433,"""GSM1178502""",KEEP
GSE48433,"""GSM1178503""",KEEP
GSE48433,"""GSM1178504""",KEEP
GSE48433,"""GSM1178505""",KEEP
GSE48433,"""GSM1178506""",KEEP
GSE48433,"""GSM1178507""",KEEP
GSE48433,"""GSM1178508""",KEEP
GSE48433,"""GSM1178509""",KEEP
GSE48433,"""GSM1178510""",KEEP
GSE48433,"""GSM1178511""",KEEP
GSE48433,"""GSM1178512""",KEEP
GSE48433,"""GSM1178513""",KEEP
GSE48433,"""GSM1178514""",KEEP
GSE48433,"""GSM1178515""",KEEP
GSE48433,"""GSM1178516""",KEEP
GSE48433,"""GSM1178517""",KEEP
GSE48433,"""GSM1178518""",KEEP
GSE48433,"""GSM1178519""",KEEP
GSE48433,"""GSM1178520""",KEEP
GSE48433,"""GSM1178521""",KEEP
GSE48433,"""GSM1178522""",KEEP
GSE48433,"""GSM1178523""",KEEP
GSE48433,"""GSM1178524""",KEEP
GSE48433,"""GSM1178525""",KEEP
GSE48433,"""GSM1178526""",KEEP
GSE48433,"""GSM1178527""",KEEP
GSE48433,"""GSM1178528""",KEEP
GSE48433,"""GSM1178529""",KEEP
GSE48433,"""GSM1178530""",KEEP
GSE48433,"""GSM1178531""",KEEP
GSE48433,"""GSM1178532""",KEEP
GSE48433,"""GSM1178533""",KEEP
GSE48433,"""GSM1178534""",KEEP
GSE48433,"""GSM1178535""",KEEP
GSE48433,"""GSM1178536""",KEEP
GSE48433,"""GSM1178537""",KEEP
GSE48433,"""GSM1178538""",KEEP
GSE48433,"""GSM1178539""",KEEP
GSE48433,"""GSM1178540""",KEEP
GSE48433,"""GSM1178541""",KEEP
GSE48433,"""GSM1178542""",KEEP
GSE48433,"""GSM1178543""",KEEP
GSE48433,"""GSM1178544""",KEEP
GSE48433,"""GSM1178545""",KEEP
GSE48433,"""GSM1178546""",KEEP
GSE48433,"""GSM1178547""",KEEP
GSE48433,"""GSM1178548""",KEEP
GSE48433,"""GSM1178549""",KEEP
GSE48433,"""GSM1178550""",KEEP
GSE48433,"""GSM1178551""",KEEP
GSE48433,"""GSM1178552""",KEEP
GSE48433,"""GSM1178553""",KEEP
GSE48433,"""GSM1178554""",KEEP
GSE48433,"""GSM1178555""",KEEP
GSE48433,"""GSM1178556""",KEEP
GSE48433,"""GSM1178557""",KEEP
GSE48433,"""GSM1178558""",KEEP
GSE48433,"""GSM1178559""",KEEP
GSE48433,"""GSM1178560""",KEEP
GSE48433,"""GSM1178561""",KEEP
GSE48433,"""GSM1178562""",KEEP
GSE48433,"""GSM1178563""",KEEP
GSE48433,"""GSM1178564""",KEEP
GSE48433,"""GSM1178565""",KEEP
GSE48433,"""GSM1178566""",KEEP
GSE48433,"""GSM1178567""",KEEP
GSE48433,"""GSM1178568""",KEEP
GSE48433,"""GSM1178569""",KEEP
GSE48433,"""GSM1178570""",KEEP
GSE48433,"""GSM1178571""",KEEP
GSE48433,"""GSM1178572""",KEEP
GSE48433,"""GSM1178573""",KEEP
GSE48433,"""GSM1178574""",KEEP
GSE48433,"""GSM1178575""",KEEP
GSE48433,"""GSM1178576""",KEEP
GSE48433,"""GSM1178577""",KEEP
GSE48433,"""GSM1178578""",KEEP
GSE48433,"""GSM1178579""",KEEP
GSE48433,"""GSM1178580""",KEEP
GSE48433,"""GSM1178581""",KEEP
GSE48433,"""GSM1178582""",KEEP
GSE48433,"""GSM1178583""",KEEP
GSE48433,"""GSM1178584""",KEEP
GSE48433,"""GSM1178585""",KEEP
GSE48433,"""GSM1178586""",KEEP
GSE48433,"""GSM1178587""",KEEP
GSE48433,"""GSM1178588""",KEEP
GSE48433,"""GSM1178589""",KEEP
GSE48433,"""GSM1178590""",KEEP
GSE48433,"""GSM1178591""",KEEP
GSE48433,"""GSM1178592""",KEEP
GSE48433,"""GSM1178593""",KEEP
GSE48433,"""GSM1178594""",KEEP
GSE48433,"""GSM1178595""",KEEP
GSE48433,"""GSM1178596""",KEEP
GSE48433,"""GSM1178597""",KEEP
GSE48433,"""GSM1178598""",KEEP
GSE48433,"""GSM1178599""",KEEP
GSE48433,"""GSM1178600""",KEEP
GSE48433,"""GSM1178601""",KEEP
GSE48433,"""GSM1178602""",KEEP
GSE48433,"""GSM1178603""",KEEP
GSE48433,"""GSM1178604""",KEEP
GSE48433,"""GSM1178605""",KEEP
GSE48433,"""GSM1178606""",KEEP
GSE48433,"""GSM1178607""",KEEP
GSE48433,"""GSM1178608""",KEEP
GSE48433,"""GSM1178609""",KEEP
GSE48433,"""GSM1178610""",KEEP
GSE48433,"""GSM1178611""",KEEP
GSE48433,"""GSM1178612""",KEEP
GSE48433,"""GSM1178613""",KEEP
GSE48433,"""GSM1178614""",KEEP
GSE48433,"""GSM1178615""",KEEP
GSE48433,"""GSM1178616""",KEEP
GSE48433,"""GSM1178617""",KEEP
GSE48433,"""GSM1178618""",KEEP
GSE48433,"""GSM1178619""",KEEP
GSE48433,"""GSM1178620""",KEEP
GSE48433,"""GSM1178621""",KEEP
GSE48433,"""GSM1178622""",KEEP
GSE48433,"""GSM1178623""",KEEP
GSE48433,"""GSM1178624""",KEEP
GSE48433,"""GSM1178625""",KEEP
GSE48433,"""GSM1178626""",KEEP
GSE48433,"""GSM1178627""",KEEP
GSE48433,"""GSM1178628""",KEEP
GSE48433,"""GSM1178629""",KEEP
GSE48433,"""GSM1178630""",KEEP
GSE48433,"""GSM1178631""",KEEP
GSE48433,"""GSM1178632""",KEEP
GSE48433,"""GSM1178633""",KEEP
GSE48433,"""GSM1178634""",KEEP
GSE48433,"""GSM1178635""",KEEP
GSE48433,"""GSM1178636""",KEEP
GSE48433,"""GSM1178637""",KEEP
GSE48433,"""GSM1178638""",KEEP
GSE48433,"""GSM1178639""",KEEP
GSE48433,"""GSM1178640""",KEEP
GSE48433,"""GSM1178641""",KEEP
GSE48433,"""GSM1178642""",KEEP
GSE48433,"""GSM1178643""",KEEP
GSE48433,"""GSM1178644""",KEEP
GSE48433,"""GSM1178645""",KEEP
GSE48433,"""GSM1178646""",KEEP
GSE48433,"""GSM1178647""",KEEP
GSE48433,"""GSM1178648""",KEEP
GSE48433,"""GSM1178649""",KEEP
GSE48433,"""GSM1178650""",KEEP
GSE48433,"""GSM1178651""",KEEP
GSE48433,"""GSM1178652""",KEEP
GSE48433,"""GSM1178653""",KEEP
GSE48433,"""GSM1178654""",KEEP
GSE48433,"""GSM1178655""",KEEP
GSE48433,"""GSM1178656""",KEEP
GSE48433,"""GSM1178657""",KEEP
GSE48433,"""GSM1178658""",KEEP
GSE48433,"""GSM1178659""",KEEP
GSE48433,"""GSM1178660""",KEEP
GSE48433,"""GSM1178661""",KEEP
GSE48433,"""GSM1178662""",KEEP
GSE48433,"""GSM1178663""",KEEP
GSE48433,"""GSM1178664""",KEEP
GSE48433,"""GSM1178665""",KEEP
GSE48433,"""GSM1178666""",KEEP
GSE48433,"""GSM1178667""",KEEP
GSE48433,"""GSM1178668""",KEEP
GSE48433,"""GSM1178669""",KEEP
GSE48433,"""GSM1178670""",KEEP
GSE48433,"""GSM1178671""",KEEP
GSE48433,"""GSM1178672""",KEEP
GSE48433,"""GSM1178673""",KEEP
GSE48433,"""GSM1178674""",KEEP
GSE48433,"""GSM1178675""",KEEP
GSE48433,"""GSM1178676""",KEEP
GSE48433,"""GSM1178677""",KEEP
GSE48433,"""GSM1178678""",KEEP
GSE48433,"""GSM1178679""",KEEP
GSE48433,"""GSM1178680""",KEEP
GSE48433,"""GSM1178681""",KEEP
GSE48433,"""GSM1178682""",KEEP
GSE48433,"""GSM1178683""",KEEP
GSE48433,"""GSM1178684""",KEEP
GSE48433,"""GSM1178685""",KEEP
GSE48433,"""GSM1178686""",KEEP
GSE48433,"""GSM1178687""",KEEP
GSE48433,"""GSM1178688""",KEEP
GSE48433,"""GSM1178689""",KEEP
GSE48433,"""GSM1178690""",KEEP
GSE48433,"""GSM1178691""",KEEP
GSE48433,"""GSM1178692""",KEEP
GSE48433,"""GSM1178693""",KEEP
GSE48433,"""GSM1178694""",KEEP
GSE48433,"""GSM1178695""",KEEP
GSE48433,"""GSM1178696""",KEEP
GSE48998,"""GSM1191939""",KEEP
GSE48998,"""GSM1191940""",KEEP
GSE48998,"""GSM1191941""",KEEP
GSE48998,"""GSM1191942""",KEEP
GSE48998,"""GSM1191943""",KEEP
GSE48998,"""GSM1191944""",KEEP
GSE49353,"""GSM1197841""",KEEP
GSE49353,"""GSM1197842""",KEEP
GSE49353,"""GSM1197843""",KEEP
GSE49353,"""GSM1197844""",KEEP
GSE49353,"""GSM1197845""",KEEP
GSE49353,"""GSM1197846""",KEEP
GSE49353,"""GSM1197847""",KEEP
GSE49353,"""GSM1197848""",KEEP
GSE49353,"""GSM1197849""",KEEP
GSE49353,"""GSM1197850""",KEEP
GSE49353,"""GSM1197851""",KEEP
GSE49353,"""GSM1197852""",KEEP
GSE49353,"""GSM1197853""",KEEP
GSE49353,"""GSM1197854""",KEEP
GSE49353,"""GSM1197855""",KEEP
GSE49353,"""GSM1197856""",KEEP
GSE49353,"""GSM1197857""",KEEP
GSE49353,"""GSM1197858""",KEEP
GSE49353,"""GSM1197859""",KEEP
GSE49353,"""GSM1197860""",KEEP
GSE49353,"""GSM1197861""",KEEP
GSE49353,"""GSM1197862""",KEEP
GSE49353,"""GSM1197863""",KEEP
GSE49353,"""GSM1197864""",KEEP
GSE49353,"""GSM1197865""",KEEP
GSE49353,"""GSM1197866""",KEEP
GSE49353,"""GSM1197867""",KEEP
GSE49353,"""GSM1197868""",KEEP
GSE49353,"""GSM1197869""",KEEP
GSE49536,"""GSM1201440""",KEEP
GSE49536,"""GSM1201441""",KEEP
GSE49536,"""GSM1201442""",KEEP
GSE49536,"""GSM1201443""",KEEP
GSE49536,"""GSM1201444""",KEEP
GSE49536,"""GSM1201445""",KEEP
GSE50040,"""GSM1213058""",KEEP
GSE50040,"""GSM1213059""",KEEP
GSE50040,"""GSM1213060""",KEEP
GSE50040,"""GSM1213061""",KEEP
GSE50040,"""GSM1213062""",KEEP
GSE50040,"""GSM1213063""",KEEP
GSE50040,"""GSM1213064""",KEEP
GSE50040,"""GSM1213065""",KEEP
GSE50040,"""GSM1213066""",KEEP
GSE50040,"""GSM1213067""",KEEP
GSE50040,"""GSM1213068""",KEEP
GSE50040,"""GSM1213069""",KEEP
GSE50040,"""GSM1213070""",KEEP
GSE50040,"""GSM1213071""",KEEP
GSE50040,"""GSM1213072""",KEEP
GSE50040,"""GSM1213073""",KEEP
GSE50040,"""GSM1213074""",KEEP
GSE50040,"""GSM1213075""",KEEP
GSE50659,"""GSM1225953""",KEEP
GSE50659,"""GSM1225954""",KEEP
GSE50659,"""GSM1225955""",KEEP
GSE50659,"""GSM1225956""",KEEP
GSE50659,"""GSM1225957""",KEEP
GSE50659,"""GSM1225958""",KEEP
GSE50831,"""GSM1230701""",KEEP
GSE50831,"""GSM1230702""",KEEP
GSE50831,"""GSM1230703""",REMOVE
GSE50831,"""GSM1230704""",KEEP
GSE50831,"""GSM1230705""",KEEP
GSE50831,"""GSM1230706""",REMOVE
GSE50831,"""GSM1230707""",REMOVE
GSE50831,"""GSM1230708""",KEEP
GSE50831,"""GSM1230709""",REMOVE
GSE50831,"""GSM1230710""",KEEP
GSE50831,"""GSM1230711""",KEEP
GSE50831,"""GSM1230712""",KEEP
GSE50831,"""GSM1230713""",KEEP
GSE50831,"""GSM1230714""",KEEP
GSE50831,"""GSM1230715""",KEEP
GSE50831,"""GSM1230716""",KEEP
GSE50831,"""GSM1230717""",KEEP
GSE50831,"""GSM1230718""",KEEP
GSE50831,"""GSM1230719""",KEEP
GSE50831,"""GSM1230720""",KEEP
GSE50831,"""GSM1230721""",KEEP
GSE50831,"""GSM1230722""",KEEP
GSE50831,"""GSM1230723""",KEEP
GSE50831,"""GSM1230724""",KEEP
GSE50831,"""GSM1230725""",KEEP
GSE50831,"""GSM1230726""",KEEP
GSE50831,"""GSM1230727""",KEEP
GSE50831,"""GSM1230728""",KEEP
GSE50831,"""GSM1230729""",KEEP
GSE50831,"""GSM1230730""",KEEP
GSE50831,"""GSM1230731""",KEEP
GSE50831,"""GSM1230732""",KEEP
GSE50831,"""GSM1230733""",KEEP
GSE50831,"""GSM1230734""",KEEP
GSE50831,"""GSM1230735""",KEEP
GSE50831,"""GSM1230736""",KEEP
GSE50831,"""GSM1230737""",KEEP
GSE50831,"""GSM1230738""",KEEP
GSE50831,"""GSM1230739""",REMOVE
GSE50831,"""GSM1230740""",KEEP
GSE50831,"""GSM1230741""",KEEP
GSE50831,"""GSM1230742""",KEEP
GSE50831,"""GSM1230743""",KEEP
GSE50831,"""GSM1230744""",KEEP
GSE50831,"""GSM1230745""",REMOVE
GSE50831,"""GSM1230746""",KEEP
GSE50831,"""GSM1230747""",KEEP
GSE50831,"""GSM1230748""",REMOVE
GSE50831,"""GSM1230749""",KEEP
GSE50831,"""GSM1230750""",KEEP
GSE50831,"""GSM1230751""",REMOVE
GSE50831,"""GSM1230752""",REMOVE
GSE50831,"""GSM1230753""",KEEP
GSE50831,"""GSM1230754""",KEEP
GSE50831,"""GSM1230755""",KEEP
GSE50831,"""GSM1230756""",KEEP
GSE50831,"""GSM1230757""",KEEP
GSE50831,"""GSM1230758""",KEEP
GSE50831,"""GSM1230759""",KEEP
GSE50831,"""GSM1230760""",KEEP
GSE50831,"""GSM1230761""",KEEP
GSE50831,"""GSM1230762""",KEEP
GSE50831,"""GSM1230763""",KEEP
GSE50831,"""GSM1230764""",KEEP
GSE50831,"""GSM1230765""",KEEP
GSE50831,"""GSM1230766""",KEEP
GSE50831,"""GSM1230767""",KEEP
GSE50831,"""GSM1230768""",KEEP
GSE50831,"""GSM1230769""",KEEP
GSE50831,"""GSM1230770""",KEEP
GSE50831,"""GSM1230771""",KEEP
GSE50831,"""GSM1230772""",KEEP
GSE50831,"""GSM1230773""",KEEP
GSE50831,"""GSM1230774""",KEEP
GSE50831,"""GSM1230775""",KEEP
GSE50831,"""GSM1230776""",KEEP
GSE50831,"""GSM1230777""",KEEP
GSE50831,"""GSM1230778""",KEEP
GSE50831,"""GSM1230779""",KEEP
GSE50831,"""GSM1230780""",KEEP
GSE50831,"""GSM1230781""",KEEP
GSE50831,"""GSM1230782""",KEEP
GSE50831,"""GSM1230783""",KEEP
GSE50831,"""GSM1230784""",KEEP
GSE50831,"""GSM1230785""",KEEP
GSE50831,"""GSM1230786""",KEEP
GSE50831,"""GSM1230787""",KEEP
GSE50831,"""GSM1230788""",KEEP
GSE50831,"""GSM1230789""",KEEP
GSE50831,"""GSM1230790""",KEEP
GSE50831,"""GSM1230791""",KEEP
GSE50831,"""GSM1230792""",REMOVE
GSE50831,"""GSM1230793""",REMOVE
GSE50831,"""GSM1230794""",KEEP
GSE50831,"""GSM1230795""",KEEP
GSE50831,"""GSM1230796""",KEEP
GSE50831,"""GSM1230797""",KEEP
GSE50831,"""GSM1230798""",KEEP
GSE50831,"""GSM1230799""",KEEP
GSE50831,"""GSM1230800""",KEEP
GSE50831,"""GSM1230801""",KEEP
GSE50831,"""GSM1230802""",KEEP
GSE50831,"""GSM1230803""",KEEP
GSE50831,"""GSM1230804""",KEEP
GSE50831,"""GSM1230805""",KEEP
GSE50831,"""GSM1230806""",REMOVE
GSE50831,"""GSM1230807""",KEEP
GSE50831,"""GSM1230808""",KEEP
GSE50831,"""GSM1230809""",KEEP
GSE50831,"""GSM1230810""",KEEP
GSE50831,"""GSM1230811""",KEEP
GSE50831,"""GSM1230812""",KEEP
GSE50831,"""GSM1230813""",KEEP
GSE50831,"""GSM1230814""",KEEP
GSE50831,"""GSM1230815""",KEEP
GSE50831,"""GSM1230816""",KEEP
GSE50831,"""GSM1230817""",KEEP
GSE50831,"""GSM1230818""",KEEP
GSE50831,"""GSM1230819""",KEEP
GSE50831,"""GSM1230820""",KEEP
GSE50831,"""GSM1230821""",KEEP
GSE50831,"""GSM1230822""",KEEP
GSE50831,"""GSM1230823""",KEEP
GSE50831,"""GSM1230824""",KEEP
GSE50831,"""GSM1230825""",KEEP
GSE50831,"""GSM1230826""",KEEP
GSE50831,"""GSM1230827""",KEEP
GSE50831,"""GSM1230828""",KEEP
GSE50831,"""GSM1230829""",KEEP
GSE50831,"""GSM1230830""",KEEP
GSE50831,"""GSM1230831""",KEEP
GSE50831,"""GSM1230832""",KEEP
GSE50831,"""GSM1230833""",KEEP
GSE50831,"""GSM1230834""",REMOVE
GSE50831,"""GSM1230835""",KEEP
GSE50831,"""GSM1230836""",KEEP
GSE50831,"""GSM1230837""",KEEP
GSE50831,"""GSM1230838""",KEEP
GSE50831,"""GSM1230839""",KEEP
GSE50831,"""GSM1230840""",KEEP
GSE50831,"""GSM1230841""",KEEP
GSE50831,"""GSM1230842""",KEEP
GSE50831,"""GSM1230843""",KEEP
GSE50831,"""GSM1230844""",KEEP
GSE50831,"""GSM1230845""",KEEP
GSE50831,"""GSM1230846""",KEEP
GSE50831,"""GSM1230847""",KEEP
GSE50831,"""GSM1230848""",KEEP
GSE50831,"""GSM1230849""",REMOVE
GSE50831,"""GSM1230850""",REMOVE
GSE50831,"""GSM1230851""",KEEP
GSE50831,"""GSM1230852""",KEEP
GSE50831,"""GSM1230853""",REMOVE
GSE50831,"""GSM1230854""",KEEP
GSE50831,"""GSM1230855""",KEEP
GSE50831,"""GSM1230856""",KEEP
GSE50831,"""GSM1230857""",KEEP
GSE50831,"""GSM1230858""",KEEP
GSE50831,"""GSM1230859""",KEEP
GSE50831,"""GSM1230860""",KEEP
GSE50831,"""GSM1230861""",KEEP
GSE50831,"""GSM1230862""",REMOVE
GSE50831,"""GSM1230863""",KEEP
GSE50831,"""GSM1230864""",KEEP
GSE50831,"""GSM1230865""",KEEP
GSE50831,"""GSM1230866""",KEEP
GSE50831,"""GSM1230867""",KEEP
GSE50831,"""GSM1230868""",KEEP
GSE50831,"""GSM1230869""",KEEP
GSE50831,"""GSM1230870""",KEEP
GSE50831,"""GSM1230871""",KEEP
GSE50831,"""GSM1230872""",KEEP
GSE50831,"""GSM1230873""",KEEP
GSE50831,"""GSM1230874""",KEEP
GSE50831,"""GSM1230875""",KEEP
GSE50831,"""GSM1230876""",KEEP
GSE50831,"""GSM1230877""",KEEP
GSE50831,"""GSM1230878""",KEEP
GSE50831,"""GSM1230879""",KEEP
GSE50831,"""GSM1230880""",KEEP
GSE50831,"""GSM1230881""",KEEP
GSE50831,"""GSM1230882""",KEEP
GSE50831,"""GSM1230883""",KEEP
GSE50831,"""GSM1230884""",KEEP
GSE50831,"""GSM1230885""",KEEP
GSE50831,"""GSM1230886""",REMOVE
GSE50831,"""GSM1230887""",KEEP
GSE50831,"""GSM1230888""",KEEP
GSE50831,"""GSM1230889""",KEEP
GSE50832,"""GSM1229992""",KEEP
GSE50832,"""GSM1229993""",KEEP
GSE50832,"""GSM1229994""",KEEP
GSE50832,"""GSM1229995""",KEEP
GSE50832,"""GSM1229996""",KEEP
GSE50832,"""GSM1229997""",KEEP
GSE50832,"""GSM1229998""",KEEP
GSE50832,"""GSM1229999""",KEEP
GSE50832,"""GSM1230000""",KEEP
GSE50832,"""GSM1230001""",KEEP
GSE50832,"""GSM1230002""",KEEP
GSE50832,"""GSM1230003""",KEEP
GSE50832,"""GSM1230004""",KEEP
GSE50832,"""GSM1230005""",KEEP
GSE50832,"""GSM1230006""",KEEP
GSE50832,"""GSM1230007""",KEEP
GSE50832,"""GSM1230008""",KEEP
GSE50832,"""GSM1230009""",KEEP
GSE50832,"""GSM1230010""",KEEP
GSE50832,"""GSM1230011""",KEEP
GSE50832,"""GSM1230012""",KEEP
GSE50832,"""GSM1230013""",KEEP
GSE50832,"""GSM1230014""",KEEP
GSE50832,"""GSM1230015""",KEEP
GSE50832,"""GSM1230016""",KEEP
GSE50832,"""GSM1230017""",KEEP
GSE50832,"""GSM1230018""",KEEP
GSE50832,"""GSM1230019""",KEEP
GSE50832,"""GSM1230020""",KEEP
GSE50832,"""GSM1230021""",KEEP
GSE50832,"""GSM1230022""",KEEP
GSE50832,"""GSM1230023""",KEEP
GSE50832,"""GSM1230024""",KEEP
GSE50832,"""GSM1230025""",KEEP
GSE50832,"""GSM1230026""",KEEP
GSE50832,"""GSM1230027""",KEEP
GSE50832,"""GSM1230028""",KEEP
GSE50832,"""GSM1230029""",KEEP
GSE50832,"""GSM1230030""",KEEP
GSE50832,"""GSM1230031""",KEEP
GSE50832,"""GSM1230032""",KEEP
GSE50832,"""GSM1230033""",KEEP
GSE50832,"""GSM1230034""",KEEP
GSE50832,"""GSM1230035""",KEEP
GSE50832,"""GSM1230036""",KEEP
GSE50832,"""GSM1230037""",KEEP
GSE50832,"""GSM1230038""",KEEP
GSE50832,"""GSM1230039""",KEEP
GSE50832,"""GSM1230040""",KEEP
GSE50832,"""GSM1230041""",KEEP
GSE50832,"""GSM1230042""",KEEP
GSE50832,"""GSM1230043""",KEEP
GSE50832,"""GSM1230044""",KEEP
GSE50832,"""GSM1230045""",KEEP
GSE50832,"""GSM1230046""",KEEP
GSE50832,"""GSM1230047""",KEEP
GSE50832,"""GSM1230048""",KEEP
GSE50832,"""GSM1230049""",KEEP
GSE50832,"""GSM1230050""",KEEP
GSE50832,"""GSM1230051""",KEEP
GSE50832,"""GSM1230052""",KEEP
GSE50832,"""GSM1230053""",KEEP
GSE50832,"""GSM1230054""",KEEP
GSE50832,"""GSM1230055""",KEEP
GSE50832,"""GSM1230056""",KEEP
GSE50832,"""GSM1230057""",KEEP
GSE50832,"""GSM1230058""",KEEP
GSE50832,"""GSM1230059""",KEEP
GSE50832,"""GSM1230060""",KEEP
GSE50832,"""GSM1230061""",KEEP
GSE50832,"""GSM1230062""",KEEP
GSE50832,"""GSM1230063""",KEEP
GSE50832,"""GSM1230064""",KEEP
GSE50832,"""GSM1230065""",KEEP
GSE50832,"""GSM1230066""",KEEP
GSE50832,"""GSM1230067""",KEEP
GSE50832,"""GSM1230068""",KEEP
GSE50832,"""GSM1230069""",KEEP
GSE50832,"""GSM1230070""",KEEP
GSE50832,"""GSM1230071""",KEEP
GSE50832,"""GSM1230072""",KEEP
GSE50832,"""GSM1230073""",KEEP
GSE50832,"""GSM1230074""",KEEP
GSE50832,"""GSM1230075""",KEEP
GSE50832,"""GSM1230076""",KEEP
GSE50832,"""GSM1230077""",KEEP
GSE50832,"""GSM1230078""",KEEP
GSE50832,"""GSM1230079""",KEEP
GSE50832,"""GSM1230080""",KEEP
GSE50832,"""GSM1230081""",KEEP
GSE50832,"""GSM1230082""",KEEP
GSE50832,"""GSM1230083""",KEEP
GSE50832,"""GSM1230084""",KEEP
GSE50832,"""GSM1230085""",KEEP
GSE50832,"""GSM1230086""",KEEP
GSE50832,"""GSM1230087""",KEEP
GSE50832,"""GSM1230088""",KEEP
GSE50832,"""GSM1230089""",KEEP
GSE50832,"""GSM1230090""",KEEP
GSE50832,"""GSM1230091""",KEEP
GSE50832,"""GSM1230092""",KEEP
GSE50832,"""GSM1230093""",KEEP
GSE50832,"""GSM1230094""",KEEP
GSE50832,"""GSM1230095""",KEEP
GSE50832,"""GSM1230096""",KEEP
GSE50832,"""GSM1230097""",KEEP
GSE50832,"""GSM1230098""",KEEP
GSE50832,"""GSM1230099""",KEEP
GSE50832,"""GSM1230100""",KEEP
GSE50832,"""GSM1230101""",KEEP
GSE50832,"""GSM1230102""",KEEP
GSE50832,"""GSM1230103""",KEEP
GSE50832,"""GSM1230104""",KEEP
GSE50832,"""GSM1230105""",KEEP
GSE50832,"""GSM1230106""",KEEP
GSE50832,"""GSM1230107""",KEEP
GSE50832,"""GSM1230108""",KEEP
GSE50832,"""GSM1230109""",KEEP
GSE50832,"""GSM1230110""",KEEP
GSE50832,"""GSM1230111""",KEEP
GSE50832,"""GSM1230112""",KEEP
GSE50832,"""GSM1230113""",KEEP
GSE50832,"""GSM1230114""",KEEP
GSE50832,"""GSM1230115""",KEEP
GSE50832,"""GSM1230116""",KEEP
GSE50832,"""GSM1230117""",KEEP
GSE50832,"""GSM1230118""",KEEP
GSE50832,"""GSM1230119""",KEEP
GSE50832,"""GSM1230120""",KEEP
GSE50832,"""GSM1230121""",KEEP
GSE50832,"""GSM1230122""",KEEP
GSE50832,"""GSM1230123""",KEEP
GSE50832,"""GSM1230124""",KEEP
GSE50832,"""GSM1230125""",KEEP
GSE50832,"""GSM1230126""",KEEP
GSE50832,"""GSM1230127""",KEEP
GSE50832,"""GSM1230128""",KEEP
GSE50832,"""GSM1230129""",KEEP
GSE50832,"""GSM1230130""",KEEP
GSE50832,"""GSM1230131""",KEEP
GSE50832,"""GSM1230132""",KEEP
GSE50832,"""GSM1230133""",KEEP
GSE50832,"""GSM1230134""",KEEP
GSE50832,"""GSM1230135""",KEEP
GSE50832,"""GSM1230136""",KEEP
GSE50832,"""GSM1230137""",KEEP
GSE50832,"""GSM1230138""",KEEP
GSE50832,"""GSM1230139""",KEEP
GSE50832,"""GSM1230140""",KEEP
GSE50832,"""GSM1230141""",KEEP
GSE50832,"""GSM1230142""",KEEP
GSE50832,"""GSM1230143""",KEEP
GSE50832,"""GSM1230144""",KEEP
GSE50832,"""GSM1230145""",KEEP
GSE50832,"""GSM1230146""",KEEP
GSE50832,"""GSM1230147""",KEEP
GSE50832,"""GSM1230148""",KEEP
GSE50832,"""GSM1230149""",KEEP
GSE50832,"""GSM1230150""",KEEP
GSE50832,"""GSM1230151""",KEEP
GSE50832,"""GSM1230152""",KEEP
GSE50832,"""GSM1230153""",KEEP
GSE50832,"""GSM1230154""",KEEP
GSE50832,"""GSM1230155""",KEEP
GSE50832,"""GSM1230156""",KEEP
GSE50832,"""GSM1230157""",KEEP
GSE50832,"""GSM1230158""",KEEP
GSE50832,"""GSM1230159""",KEEP
GSE50832,"""GSM1230160""",KEEP
GSE50832,"""GSM1230161""",KEEP
GSE50832,"""GSM1230162""",KEEP
GSE50832,"""GSM1230163""",KEEP
GSE50832,"""GSM1230164""",KEEP
GSE50832,"""GSM1230165""",KEEP
GSE50832,"""GSM1230166""",KEEP
GSE50832,"""GSM1230167""",KEEP
GSE50832,"""GSM1230168""",KEEP
GSE50832,"""GSM1230169""",KEEP
GSE50832,"""GSM1230170""",KEEP
GSE50832,"""GSM1230171""",KEEP
GSE50832,"""GSM1230172""",KEEP
GSE50832,"""GSM1230173""",KEEP
GSE50832,"""GSM1230174""",KEEP
GSE50832,"""GSM1230175""",KEEP
GSE50832,"""GSM1230176""",KEEP
GSE50832,"""GSM1230177""",KEEP
GSE50832,"""GSM1230178""",KEEP
GSE50832,"""GSM1230179""",KEEP
GSE50832,"""GSM1230180""",KEEP
GSE50832,"""GSM1230181""",KEEP
GSE50832,"""GSM1230182""",KEEP
GSE50832,"""GSM1230183""",KEEP
GSE50832,"""GSM1230184""",KEEP
GSE50832,"""GSM1230185""",KEEP
GSE50832,"""GSM1230186""",KEEP
GSE50832,"""GSM1230187""",KEEP
GSE50832,"""GSM1230188""",KEEP
GSE50832,"""GSM1230189""",KEEP
GSE50832,"""GSM1230190""",KEEP
GSE50832,"""GSM1230191""",KEEP
GSE50832,"""GSM1230192""",KEEP
GSE50832,"""GSM1230193""",KEEP
GSE50832,"""GSM1230194""",KEEP
GSE50832,"""GSM1230195""",KEEP
GSE50832,"""GSM1230196""",KEEP
GSE50832,"""GSM1230197""",KEEP
GSE50832,"""GSM1230198""",KEEP
GSE50832,"""GSM1230199""",KEEP
GSE50832,"""GSM1230200""",KEEP
GSE50832,"""GSM1230201""",KEEP
GSE50832,"""GSM1230202""",KEEP
GSE50832,"""GSM1230203""",KEEP
GSE50832,"""GSM1230204""",KEEP
GSE50832,"""GSM1230205""",KEEP
GSE50832,"""GSM1230206""",KEEP
GSE50832,"""GSM1230207""",KEEP
GSE50832,"""GSM1230208""",KEEP
GSE50832,"""GSM1230209""",KEEP
GSE50832,"""GSM1230210""",KEEP
GSE50832,"""GSM1230211""",KEEP
GSE50832,"""GSM1230212""",KEEP
GSE50832,"""GSM1230213""",KEEP
GSE50832,"""GSM1230214""",KEEP
GSE50832,"""GSM1230215""",KEEP
GSE50832,"""GSM1230216""",KEEP
GSE50832,"""GSM1230217""",KEEP
GSE50832,"""GSM1230218""",KEEP
GSE50832,"""GSM1230219""",KEEP
GSE50832,"""GSM1230220""",KEEP
GSE50832,"""GSM1230221""",KEEP
GSE50832,"""GSM1230222""",KEEP
GSE50832,"""GSM1230223""",KEEP
GSE50832,"""GSM1230224""",KEEP
GSE50832,"""GSM1230225""",KEEP
GSE50832,"""GSM1230226""",KEEP
GSE50832,"""GSM1230227""",KEEP
GSE50832,"""GSM1230228""",KEEP
GSE50832,"""GSM1230229""",KEEP
GSE50832,"""GSM1230230""",KEEP
GSE50832,"""GSM1230231""",KEEP
GSE50832,"""GSM1230232""",KEEP
GSE50832,"""GSM1230533""",KEEP
GSE50832,"""GSM1230534""",KEEP
GSE50832,"""GSM1230535""",KEEP
GSE50832,"""GSM1230536""",KEEP
GSE50832,"""GSM1230537""",KEEP
GSE50832,"""GSM1230538""",KEEP
GSE50832,"""GSM1230539""",KEEP
GSE50832,"""GSM1230540""",KEEP
GSE50832,"""GSM1230541""",KEEP
GSE50832,"""GSM1230542""",KEEP
GSE50832,"""GSM1230543""",KEEP
GSE50832,"""GSM1230544""",KEEP
GSE50832,"""GSM1230545""",KEEP
GSE50832,"""GSM1230546""",KEEP
GSE50832,"""GSM1230547""",KEEP
GSE50832,"""GSM1230548""",KEEP
GSE50832,"""GSM1230549""",KEEP
GSE50832,"""GSM1230550""",KEEP
GSE50832,"""GSM1230551""",KEEP
GSE50832,"""GSM1230552""",KEEP
GSE50832,"""GSM1230553""",KEEP
GSE50832,"""GSM1230554""",KEEP
GSE50832,"""GSM1230555""",KEEP
GSE50832,"""GSM1230556""",KEEP
GSE50832,"""GSM1230557""",KEEP
GSE50832,"""GSM1230558""",KEEP
GSE50832,"""GSM1230559""",KEEP
GSE50832,"""GSM1230560""",KEEP
GSE50832,"""GSM1230561""",KEEP
GSE50832,"""GSM1230562""",KEEP
GSE50832,"""GSM1230563""",KEEP
GSE50832,"""GSM1230564""",KEEP
GSE50832,"""GSM1230565""",KEEP
GSE50832,"""GSM1230566""",KEEP
GSE50832,"""GSM1230567""",KEEP
GSE50832,"""GSM1230568""",KEEP
GSE50832,"""GSM1230569""",KEEP
GSE50832,"""GSM1230570""",KEEP
GSE50832,"""GSM1230571""",KEEP
GSE50832,"""GSM1230572""",KEEP
GSE50832,"""GSM1230573""",KEEP
GSE50832,"""GSM1230574""",KEEP
GSE50832,"""GSM1230575""",KEEP
GSE50832,"""GSM1230576""",KEEP
GSE50832,"""GSM1230577""",KEEP
GSE50832,"""GSM1230578""",KEEP
GSE50832,"""GSM1230579""",KEEP
GSE50832,"""GSM1230580""",KEEP
GSE50832,"""GSM1230581""",KEEP
GSE50832,"""GSM1230582""",KEEP
GSE50832,"""GSM1230583""",KEEP
GSE50832,"""GSM1230584""",KEEP
GSE50832,"""GSM1230585""",KEEP
GSE50832,"""GSM1230586""",KEEP
GSE50832,"""GSM1230587""",KEEP
GSE50832,"""GSM1230588""",KEEP
GSE50832,"""GSM1230589""",KEEP
GSE50832,"""GSM1230590""",KEEP
GSE50832,"""GSM1230591""",KEEP
GSE50832,"""GSM1230592""",KEEP
GSE50832,"""GSM1230593""",KEEP
GSE50832,"""GSM1230594""",KEEP
GSE50832,"""GSM1230595""",KEEP
GSE50832,"""GSM1230596""",KEEP
GSE50832,"""GSM1230597""",KEEP
GSE50832,"""GSM1230598""",KEEP
GSE50832,"""GSM1230599""",KEEP
GSE50832,"""GSM1230600""",KEEP
GSE50832,"""GSM1230601""",KEEP
GSE50832,"""GSM1230602""",KEEP
GSE50832,"""GSM1230603""",KEEP
GSE50832,"""GSM1230604""",KEEP
GSE50832,"""GSM1230605""",KEEP
GSE50832,"""GSM1230606""",KEEP
GSE50832,"""GSM1230607""",KEEP
GSE50832,"""GSM1230608""",KEEP
GSE50832,"""GSM1230609""",KEEP
GSE50832,"""GSM1230610""",KEEP
GSE50832,"""GSM1230611""",KEEP
GSE50832,"""GSM1230612""",KEEP
GSE50832,"""GSM1230613""",KEEP
GSE50832,"""GSM1230614""",KEEP
GSE50832,"""GSM1230615""",KEEP
GSE50832,"""GSM1230616""",KEEP
GSE50832,"""GSM1230617""",KEEP
GSE50832,"""GSM1230618""",KEEP
GSE50832,"""GSM1230619""",KEEP
GSE50832,"""GSM1230620""",KEEP
GSE50832,"""GSM1230621""",KEEP
GSE50832,"""GSM1230622""",KEEP
GSE50832,"""GSM1230623""",KEEP
GSE50832,"""GSM1230624""",KEEP
GSE50832,"""GSM1230625""",KEEP
GSE50832,"""GSM1230626""",KEEP
GSE50832,"""GSM1230627""",KEEP
GSE50832,"""GSM1230628""",KEEP
GSE50832,"""GSM1230629""",KEEP
GSE50832,"""GSM1230630""",KEEP
GSE50832,"""GSM1230631""",KEEP
GSE50832,"""GSM1230632""",KEEP
GSE50832,"""GSM1230633""",KEEP
GSE50832,"""GSM1230634""",KEEP
GSE50832,"""GSM1230635""",KEEP
GSE50832,"""GSM1230636""",KEEP
GSE50832,"""GSM1230637""",KEEP
GSE50832,"""GSM1230638""",KEEP
GSE50832,"""GSM1230639""",KEEP
GSE50832,"""GSM1230640""",KEEP
GSE50832,"""GSM1230641""",KEEP
GSE50832,"""GSM1230642""",KEEP
GSE50832,"""GSM1230643""",KEEP
GSE50832,"""GSM1230644""",KEEP
GSE50832,"""GSM1230645""",KEEP
GSE50832,"""GSM1230646""",KEEP
GSE50832,"""GSM1230647""",KEEP
GSE50832,"""GSM1230648""",KEEP
GSE50832,"""GSM1230649""",KEEP
GSE50832,"""GSM1230650""",KEEP
GSE50832,"""GSM1230651""",KEEP
GSE50832,"""GSM1230652""",KEEP
GSE50832,"""GSM1230653""",KEEP
GSE50832,"""GSM1230654""",KEEP
GSE50832,"""GSM1230655""",KEEP
GSE50832,"""GSM1230656""",KEEP
GSE50832,"""GSM1230657""",KEEP
GSE50832,"""GSM1230658""",KEEP
GSE50832,"""GSM1230659""",KEEP
GSE50832,"""GSM1230660""",KEEP
GSE50832,"""GSM1230661""",KEEP
GSE50832,"""GSM1230662""",KEEP
GSE50832,"""GSM1230663""",KEEP
GSE50832,"""GSM1230664""",KEEP
GSE50832,"""GSM1230665""",KEEP
GSE50832,"""GSM1230666""",KEEP
GSE50832,"""GSM1230667""",KEEP
GSE50832,"""GSM1230668""",KEEP
GSE50832,"""GSM1230669""",KEEP
GSE50832,"""GSM1230670""",KEEP
GSE50832,"""GSM1230671""",KEEP
GSE50832,"""GSM1230672""",KEEP
GSE50832,"""GSM1230673""",KEEP
GSE50832,"""GSM1230674""",KEEP
GSE50832,"""GSM1230675""",KEEP
GSE50832,"""GSM1230676""",KEEP
GSE50832,"""GSM1230677""",KEEP
GSE50832,"""GSM1230678""",KEEP
GSE50832,"""GSM1230679""",KEEP
GSE50832,"""GSM1230680""",KEEP
GSE50832,"""GSM1230681""",KEEP
GSE50832,"""GSM1230682""",KEEP
GSE50832,"""GSM1230683""",KEEP
GSE50832,"""GSM1230684""",KEEP
GSE50832,"""GSM1230685""",KEEP
GSE50832,"""GSM1230686""",KEEP
GSE50832,"""GSM1230687""",KEEP
GSE50832,"""GSM1230688""",KEEP
GSE50832,"""GSM1230689""",KEEP
GSE50832,"""GSM1230690""",KEEP
GSE50832,"""GSM1230691""",KEEP
GSE50832,"""GSM1230692""",KEEP
GSE50832,"""GSM1230693""",KEEP
GSE50832,"""GSM1230694""",KEEP
GSE50832,"""GSM1230695""",KEEP
GSE50832,"""GSM1230696""",KEEP
GSE50832,"""GSM1230697""",KEEP
GSE50832,"""GSM1230698""",KEEP
GSE50832,"""GSM1230699""",KEEP
GSE50832,"""GSM1230700""",KEEP
GSE50832,"""GSM1230701""",REMOVE
GSE50832,"""GSM1230702""",REMOVE
GSE50832,"""GSM1230703""",REMOVE
GSE50832,"""GSM1230704""",REMOVE
GSE50832,"""GSM1230705""",REMOVE
GSE50832,"""GSM1230706""",REMOVE
GSE50832,"""GSM1230707""",REMOVE
GSE50832,"""GSM1230708""",REMOVE
GSE50832,"""GSM1230709""",REMOVE
GSE50832,"""GSM1230710""",REMOVE
GSE50832,"""GSM1230711""",REMOVE
GSE50832,"""GSM1230712""",REMOVE
GSE50832,"""GSM1230713""",REMOVE
GSE50832,"""GSM1230714""",REMOVE
GSE50832,"""GSM1230715""",REMOVE
GSE50832,"""GSM1230716""",REMOVE
GSE50832,"""GSM1230717""",REMOVE
GSE50832,"""GSM1230718""",REMOVE
GSE50832,"""GSM1230719""",REMOVE
GSE50832,"""GSM1230720""",REMOVE
GSE50832,"""GSM1230721""",REMOVE
GSE50832,"""GSM1230722""",REMOVE
GSE50832,"""GSM1230723""",REMOVE
GSE50832,"""GSM1230724""",REMOVE
GSE50832,"""GSM1230725""",REMOVE
GSE50832,"""GSM1230726""",REMOVE
GSE50832,"""GSM1230727""",REMOVE
GSE50832,"""GSM1230728""",REMOVE
GSE50832,"""GSM1230729""",REMOVE
GSE50832,"""GSM1230730""",REMOVE
GSE50832,"""GSM1230731""",REMOVE
GSE50832,"""GSM1230732""",REMOVE
GSE50832,"""GSM1230733""",REMOVE
GSE50832,"""GSM1230734""",REMOVE
GSE50832,"""GSM1230735""",REMOVE
GSE50832,"""GSM1230736""",REMOVE
GSE50832,"""GSM1230737""",REMOVE
GSE50832,"""GSM1230738""",REMOVE
GSE50832,"""GSM1230739""",REMOVE
GSE50832,"""GSM1230740""",REMOVE
GSE50832,"""GSM1230741""",REMOVE
GSE50832,"""GSM1230742""",REMOVE
GSE50832,"""GSM1230743""",REMOVE
GSE50832,"""GSM1230744""",REMOVE
GSE50832,"""GSM1230745""",REMOVE
GSE50832,"""GSM1230746""",REMOVE
GSE50832,"""GSM1230747""",REMOVE
GSE50832,"""GSM1230748""",REMOVE
GSE50832,"""GSM1230749""",REMOVE
GSE50832,"""GSM1230750""",REMOVE
GSE50832,"""GSM1230751""",REMOVE
GSE50832,"""GSM1230752""",REMOVE
GSE50832,"""GSM1230753""",REMOVE
GSE50832,"""GSM1230754""",REMOVE
GSE50832,"""GSM1230755""",REMOVE
GSE50832,"""GSM1230756""",REMOVE
GSE50832,"""GSM1230757""",REMOVE
GSE50832,"""GSM1230758""",REMOVE
GSE50832,"""GSM1230759""",REMOVE
GSE50832,"""GSM1230760""",REMOVE
GSE50832,"""GSM1230761""",REMOVE
GSE50832,"""GSM1230762""",REMOVE
GSE50832,"""GSM1230763""",REMOVE
GSE50832,"""GSM1230764""",REMOVE
GSE50832,"""GSM1230765""",REMOVE
GSE50832,"""GSM1230766""",REMOVE
GSE50832,"""GSM1230767""",REMOVE
GSE50832,"""GSM1230768""",REMOVE
GSE50832,"""GSM1230769""",REMOVE
GSE50832,"""GSM1230770""",REMOVE
GSE50832,"""GSM1230771""",REMOVE
GSE50832,"""GSM1230772""",REMOVE
GSE50832,"""GSM1230773""",REMOVE
GSE50832,"""GSM1230774""",REMOVE
GSE50832,"""GSM1230775""",REMOVE
GSE50832,"""GSM1230776""",REMOVE
GSE50832,"""GSM1230777""",REMOVE
GSE50832,"""GSM1230778""",REMOVE
GSE50832,"""GSM1230779""",REMOVE
GSE50832,"""GSM1230780""",REMOVE
GSE50832,"""GSM1230781""",REMOVE
GSE50832,"""GSM1230782""",REMOVE
GSE50832,"""GSM1230783""",REMOVE
GSE50832,"""GSM1230784""",REMOVE
GSE50832,"""GSM1230785""",REMOVE
GSE50832,"""GSM1230786""",REMOVE
GSE50832,"""GSM1230787""",REMOVE
GSE50832,"""GSM1230788""",REMOVE
GSE50832,"""GSM1230789""",REMOVE
GSE50832,"""GSM1230790""",REMOVE
GSE50832,"""GSM1230791""",REMOVE
GSE50832,"""GSM1230792""",REMOVE
GSE50832,"""GSM1230793""",REMOVE
GSE50832,"""GSM1230794""",REMOVE
GSE50832,"""GSM1230795""",REMOVE
GSE50832,"""GSM1230796""",REMOVE
GSE50832,"""GSM1230797""",REMOVE
GSE50832,"""GSM1230798""",REMOVE
GSE50832,"""GSM1230799""",REMOVE
GSE50832,"""GSM1230800""",REMOVE
GSE50832,"""GSM1230801""",REMOVE
GSE50832,"""GSM1230802""",REMOVE
GSE50832,"""GSM1230803""",REMOVE
GSE50832,"""GSM1230804""",REMOVE
GSE50832,"""GSM1230805""",REMOVE
GSE50832,"""GSM1230806""",REMOVE
GSE50832,"""GSM1230807""",REMOVE
GSE50832,"""GSM1230808""",REMOVE
GSE50832,"""GSM1230809""",REMOVE
GSE50832,"""GSM1230810""",REMOVE
GSE50832,"""GSM1230811""",REMOVE
GSE50832,"""GSM1230812""",REMOVE
GSE50832,"""GSM1230813""",REMOVE
GSE50832,"""GSM1230814""",REMOVE
GSE50832,"""GSM1230815""",REMOVE
GSE50832,"""GSM1230816""",REMOVE
GSE50832,"""GSM1230817""",REMOVE
GSE50832,"""GSM1230818""",REMOVE
GSE50832,"""GSM1230819""",REMOVE
GSE50832,"""GSM1230820""",REMOVE
GSE50832,"""GSM1230821""",REMOVE
GSE50832,"""GSM1230822""",REMOVE
GSE50832,"""GSM1230823""",REMOVE
GSE50832,"""GSM1230824""",REMOVE
GSE50832,"""GSM1230825""",REMOVE
GSE50832,"""GSM1230826""",REMOVE
GSE50832,"""GSM1230827""",REMOVE
GSE50832,"""GSM1230828""",REMOVE
GSE50832,"""GSM1230829""",REMOVE
GSE50832,"""GSM1230830""",REMOVE
GSE50832,"""GSM1230831""",REMOVE
GSE50832,"""GSM1230832""",REMOVE
GSE50832,"""GSM1230833""",REMOVE
GSE50832,"""GSM1230834""",REMOVE
GSE50832,"""GSM1230835""",REMOVE
GSE50832,"""GSM1230836""",REMOVE
GSE50832,"""GSM1230837""",REMOVE
GSE50832,"""GSM1230838""",REMOVE
GSE50832,"""GSM1230839""",REMOVE
GSE50832,"""GSM1230840""",REMOVE
GSE50832,"""GSM1230841""",REMOVE
GSE50832,"""GSM1230842""",REMOVE
GSE50832,"""GSM1230843""",REMOVE
GSE50832,"""GSM1230844""",REMOVE
GSE50832,"""GSM1230845""",REMOVE
GSE50832,"""GSM1230846""",REMOVE
GSE50832,"""GSM1230847""",REMOVE
GSE50832,"""GSM1230848""",REMOVE
GSE50832,"""GSM1230849""",REMOVE
GSE50832,"""GSM1230850""",REMOVE
GSE50832,"""GSM1230851""",REMOVE
GSE50832,"""GSM1230852""",REMOVE
GSE50832,"""GSM1230853""",REMOVE
GSE50832,"""GSM1230854""",REMOVE
GSE50832,"""GSM1230855""",REMOVE
GSE50832,"""GSM1230856""",REMOVE
GSE50832,"""GSM1230857""",REMOVE
GSE50832,"""GSM1230858""",REMOVE
GSE50832,"""GSM1230859""",REMOVE
GSE50832,"""GSM1230860""",REMOVE
GSE50832,"""GSM1230861""",REMOVE
GSE50832,"""GSM1230862""",REMOVE
GSE50832,"""GSM1230863""",REMOVE
GSE50832,"""GSM1230864""",REMOVE
GSE50832,"""GSM1230865""",REMOVE
GSE50832,"""GSM1230866""",REMOVE
GSE50832,"""GSM1230867""",REMOVE
GSE50832,"""GSM1230868""",REMOVE
GSE50832,"""GSM1230869""",REMOVE
GSE50832,"""GSM1230870""",REMOVE
GSE50832,"""GSM1230871""",REMOVE
GSE50832,"""GSM1230872""",REMOVE
GSE50832,"""GSM1230873""",REMOVE
GSE50832,"""GSM1230874""",REMOVE
GSE50832,"""GSM1230875""",REMOVE
GSE50832,"""GSM1230876""",REMOVE
GSE50832,"""GSM1230877""",REMOVE
GSE50832,"""GSM1230878""",REMOVE
GSE50832,"""GSM1230879""",REMOVE
GSE50832,"""GSM1230880""",REMOVE
GSE50832,"""GSM1230881""",REMOVE
GSE50832,"""GSM1230882""",REMOVE
GSE50832,"""GSM1230883""",REMOVE
GSE50832,"""GSM1230884""",REMOVE
GSE50832,"""GSM1230885""",REMOVE
GSE50832,"""GSM1230886""",REMOVE
GSE50832,"""GSM1230887""",REMOVE
GSE50832,"""GSM1230888""",REMOVE
GSE50832,"""GSM1230889""",REMOVE
GSE5206,"""GSM117881""",REMOVE
GSE5206,"""GSM117882""",REMOVE
GSE5206,"""GSM117883""",REMOVE
GSE5206,"""GSM117884""",KEEP
GSE5206,"""GSM117885""",KEEP
GSE5206,"""GSM117886""",KEEP
GSE5206,"""GSM117887""",REMOVE
GSE5206,"""GSM117888""",REMOVE
GSE5206,"""GSM117889""",REMOVE
GSE5206,"""GSM117890""",REMOVE
GSE5206,"""GSM117891""",REMOVE
GSE5206,"""GSM117892""",REMOVE
GSE5206,"""GSM117893""",REMOVE
GSE5206,"""GSM117894""",REMOVE
GSE5206,"""GSM117895""",REMOVE
GSE5206,"""GSM117896""",REMOVE
GSE5206,"""GSM117897""",REMOVE
GSE5206,"""GSM117898""",KEEP
GSE5206,"""GSM117899""",REMOVE
GSE5206,"""GSM117900""",REMOVE
GSE5206,"""GSM117901""",REMOVE
GSE5206,"""GSM117902""",REMOVE
GSE5206,"""GSM117903""",KEEP
GSE5206,"""GSM117904""",REMOVE
GSE5206,"""GSM117905""",REMOVE
GSE5206,"""GSM117906""",REMOVE
GSE5206,"""GSM117907""",REMOVE
GSE5206,"""GSM117908""",REMOVE
GSE5206,"""GSM117909""",KEEP
GSE5206,"""GSM117910""",REMOVE
GSE5206,"""GSM117911""",KEEP
GSE5206,"""GSM117912""",REMOVE
GSE5206,"""GSM117913""",REMOVE
GSE5206,"""GSM117914""",REMOVE
GSE5206,"""GSM117915""",REMOVE
GSE5206,"""GSM117916""",REMOVE
GSE5206,"""GSM117917""",KEEP
GSE5206,"""GSM117918""",REMOVE
GSE5206,"""GSM117919""",KEEP
GSE5206,"""GSM117920""",REMOVE
GSE5206,"""GSM117921""",REMOVE
GSE5206,"""GSM117922""",REMOVE
GSE5206,"""GSM117923""",REMOVE
GSE5206,"""GSM117924""",REMOVE
GSE5206,"""GSM117925""",REMOVE
GSE5206,"""GSM117926""",REMOVE
GSE5206,"""GSM117927""",REMOVE
GSE5206,"""GSM117928""",KEEP
GSE5206,"""GSM117929""",REMOVE
GSE5206,"""GSM117930""",REMOVE
GSE5206,"""GSM117931""",REMOVE
GSE5206,"""GSM117932""",REMOVE
GSE5206,"""GSM117933""",REMOVE
GSE5206,"""GSM117934""",REMOVE
GSE5206,"""GSM117935""",REMOVE
GSE5206,"""GSM117936""",REMOVE
GSE5206,"""GSM117937""",REMOVE
GSE5206,"""GSM117938""",KEEP
GSE5206,"""GSM117939""",REMOVE
GSE5206,"""GSM117940""",REMOVE
GSE5206,"""GSM117941""",REMOVE
GSE5206,"""GSM117942""",KEEP
GSE5206,"""GSM117943""",REMOVE
GSE5206,"""GSM117944""",REMOVE
GSE5206,"""GSM117945""",REMOVE
GSE5206,"""GSM117946""",REMOVE
GSE5206,"""GSM117947""",KEEP
GSE5206,"""GSM117948""",KEEP
GSE5206,"""GSM117949""",REMOVE
GSE5206,"""GSM117950""",REMOVE
GSE5206,"""GSM117951""",REMOVE
GSE5206,"""GSM117952""",KEEP
GSE5206,"""GSM117953""",REMOVE
GSE5206,"""GSM117954""",REMOVE
GSE5206,"""GSM117955""",REMOVE
GSE5206,"""GSM117956""",KEEP
GSE5206,"""GSM117957""",REMOVE
GSE5206,"""GSM117958""",REMOVE
GSE5206,"""GSM117959""",REMOVE
GSE5206,"""GSM117960""",KEEP
GSE5206,"""GSM117961""",KEEP
GSE5206,"""GSM117962""",REMOVE
GSE5206,"""GSM117963""",REMOVE
GSE5206,"""GSM117964""",KEEP
GSE5206,"""GSM117965""",REMOVE
GSE5206,"""GSM117966""",KEEP
GSE5206,"""GSM117967""",KEEP
GSE5206,"""GSM117968""",REMOVE
GSE5206,"""GSM117969""",REMOVE
GSE5206,"""GSM117970""",KEEP
GSE5206,"""GSM117971""",REMOVE
GSE5206,"""GSM117972""",REMOVE
GSE5206,"""GSM117973""",REMOVE
GSE5206,"""GSM117974""",KEEP
GSE5206,"""GSM117975""",KEEP
GSE5206,"""GSM117976""",REMOVE
GSE5206,"""GSM117977""",REMOVE
GSE5206,"""GSM117978""",REMOVE
GSE5206,"""GSM117979""",REMOVE
GSE5206,"""GSM117980""",REMOVE
GSE5206,"""GSM117981""",KEEP
GSE5206,"""GSM117982""",KEEP
GSE5206,"""GSM117983""",KEEP
GSE5206,"""GSM117984""",KEEP
GSE5206,"""GSM117985""",KEEP
GSE52735,"""GSM1275067""",KEEP
GSE52735,"""GSM1275068""",KEEP
GSE52735,"""GSM1275069""",KEEP
GSE52735,"""GSM1275070""",KEEP
GSE52735,"""GSM1275071""",KEEP
GSE52735,"""GSM1275072""",KEEP
GSE52735,"""GSM1275073""",KEEP
GSE52735,"""GSM1275074""",KEEP
GSE52735,"""GSM1275075""",KEEP
GSE52735,"""GSM1275076""",KEEP
GSE52735,"""GSM1275077""",KEEP
GSE52735,"""GSM1275078""",KEEP
GSE52735,"""GSM1275079""",KEEP
GSE52735,"""GSM1275080""",KEEP
GSE52735,"""GSM1275081""",KEEP
GSE52735,"""GSM1275082""",KEEP
GSE52735,"""GSM1275083""",KEEP
GSE52735,"""GSM1275084""",KEEP
GSE52735,"""GSM1275085""",KEEP
GSE52735,"""GSM1275086""",KEEP
GSE52735,"""GSM1275087""",KEEP
GSE52735,"""GSM1275088""",KEEP
GSE52735,"""GSM1275089""",KEEP
GSE52735,"""GSM1275090""",KEEP
GSE52735,"""GSM1275091""",KEEP
GSE52735,"""GSM1275092""",KEEP
GSE52735,"""GSM1275093""",KEEP
GSE52735,"""GSM1275094""",KEEP
GSE52735,"""GSM1275095""",KEEP
GSE52735,"""GSM1275096""",KEEP
GSE52735,"""GSM1275097""",KEEP
GSE52735,"""GSM1275098""",KEEP
GSE52735,"""GSM1275099""",KEEP
GSE52735,"""GSM1275100""",KEEP
GSE52735,"""GSM1275101""",KEEP
GSE52735,"""GSM1275102""",KEEP
GSE52735,"""GSM1275103""",KEEP
GSE53059,"""GSM1281432""",KEEP
GSE53059,"""GSM1281433""",KEEP
GSE53059,"""GSM1281434""",KEEP
GSE53059,"""GSM1281435""",KEEP
GSE53059,"""GSM1281436""",KEEP
GSE53059,"""GSM1281437""",KEEP
GSE53059,"""GSM1281438""",KEEP
GSE53059,"""GSM1281439""",KEEP
GSE53059,"""GSM1281440""",KEEP
GSE53059,"""GSM1281441""",KEEP
GSE53059,"""GSM1281442""",KEEP
GSE53059,"""GSM1281443""",KEEP
GSE53091,"""GSM1282187""",KEEP
GSE53091,"""GSM1282190""",KEEP
GSE53091,"""GSM1282191""",KEEP
GSE53091,"""GSM1282192""",KEEP
GSE53091,"""GSM1282193""",KEEP
GSE53091,"""GSM1282194""",KEEP
GSE53091,"""GSM1282195""",KEEP
GSE53091,"""GSM1282196""",KEEP
GSE53091,"""GSM1282197""",KEEP
GSE53091,"""GSM1282198""",KEEP
GSE53091,"""GSM1282199""",KEEP
GSE53091,"""GSM1282200""",KEEP
GSE53091,"""GSM1282201""",KEEP
GSE53091,"""GSM1282202""",KEEP
GSE53091,"""GSM1282203""",KEEP
GSE53091,"""GSM1282204""",KEEP
GSE53091,"""GSM1282205""",KEEP
GSE53091,"""GSM1282206""",KEEP
GSE53091,"""GSM1282207""",KEEP
GSE53091,"""GSM1282208""",KEEP
GSE53091,"""GSM1282209""",KEEP
GSE53091,"""GSM1282210""",KEEP
GSE53091,"""GSM1282211""",KEEP
GSE53091,"""GSM1282212""",KEEP
GSE53091,"""GSM1282213""",KEEP
GSE53091,"""GSM1282214""",KEEP
GSE53091,"""GSM1282215""",KEEP
GSE53091,"""GSM1282216""",KEEP
GSE53091,"""GSM1282217""",KEEP
GSE53091,"""GSM1282218""",KEEP
GSE53091,"""GSM1282219""",KEEP
GSE53091,"""GSM1282220""",KEEP
GSE53091,"""GSM1282221""",KEEP
GSE53091,"""GSM1282222""",KEEP
GSE53091,"""GSM1282223""",KEEP
GSE53091,"""GSM1282224""",KEEP
GSE53091,"""GSM1282225""",KEEP
GSE53091,"""GSM1282226""",KEEP
GSE53091,"""GSM1282227""",KEEP
GSE53091,"""GSM1282228""",KEEP
GSE53091,"""GSM1282229""",KEEP
GSE53091,"""GSM1282230""",KEEP
GSE53091,"""GSM1282231""",KEEP
GSE53091,"""GSM1282232""",KEEP
GSE53091,"""GSM1282233""",KEEP
GSE53091,"""GSM1282234""",KEEP
GSE53091,"""GSM1282235""",KEEP
GSE53091,"""GSM1282236""",KEEP
GSE53091,"""GSM1282237""",KEEP
GSE53091,"""GSM1282238""",KEEP
GSE53091,"""GSM1282239""",KEEP
GSE53091,"""GSM1282240""",KEEP
GSE53091,"""GSM1282241""",KEEP
GSE53091,"""GSM1282242""",KEEP
GSE53091,"""GSM1282243""",KEEP
GSE53091,"""GSM1282244""",KEEP
GSE53091,"""GSM1282245""",KEEP
GSE53091,"""GSM1282246""",KEEP
GSE53091,"""GSM1282247""",KEEP
GSE53091,"""GSM1282248""",KEEP
GSE53091,"""GSM1282249""",KEEP
GSE53091,"""GSM1282250""",KEEP
GSE53091,"""GSM1282251""",KEEP
GSE53091,"""GSM1282252""",KEEP
GSE53091,"""GSM1282253""",KEEP
GSE53091,"""GSM1282254""",KEEP
GSE53091,"""GSM1282255""",KEEP
GSE53091,"""GSM1282256""",KEEP
GSE53091,"""GSM1282257""",KEEP
GSE53091,"""GSM1282258""",KEEP
GSE53091,"""GSM1282259""",KEEP
GSE53091,"""GSM1282260""",KEEP
GSE53091,"""GSM1282261""",KEEP
GSE53091,"""GSM1282262""",KEEP
GSE53091,"""GSM1282263""",KEEP
GSE53091,"""GSM1282264""",KEEP
GSE53091,"""GSM1282265""",KEEP
GSE53091,"""GSM1282266""",KEEP
GSE53091,"""GSM1282267""",KEEP
GSE53091,"""GSM1282268""",KEEP
GSE53091,"""GSM1282269""",KEEP
GSE53091,"""GSM1282270""",KEEP
GSE53091,"""GSM1282271""",KEEP
GSE53091,"""GSM1282272""",KEEP
GSE53091,"""GSM1282273""",KEEP
GSE53091,"""GSM1282274""",KEEP
GSE53091,"""GSM1282275""",KEEP
GSE53091,"""GSM1282276""",KEEP
GSE53091,"""GSM1282277""",KEEP
GSE53091,"""GSM1282278""",KEEP
GSE53091,"""GSM1282279""",KEEP
GSE53091,"""GSM1282280""",KEEP
GSE53091,"""GSM1282281""",KEEP
GSE53091,"""GSM1282282""",KEEP
GSE53091,"""GSM1282283""",KEEP
GSE53091,"""GSM1282284""",KEEP
GSE53091,"""GSM1282285""",KEEP
GSE53091,"""GSM1282286""",KEEP
GSE53091,"""GSM1282287""",KEEP
GSE53091,"""GSM1282288""",KEEP
GSE53091,"""GSM1282289""",KEEP
GSE53091,"""GSM1282290""",KEEP
GSE53091,"""GSM1282291""",KEEP
GSE53091,"""GSM1282292""",KEEP
GSE53091,"""GSM1282293""",KEEP
GSE53091,"""GSM1282294""",KEEP
GSE53091,"""GSM1282295""",KEEP
GSE53091,"""GSM1282296""",KEEP
GSE53091,"""GSM1282297""",KEEP
GSE53091,"""GSM1282298""",KEEP
GSE53091,"""GSM1282299""",KEEP
GSE53091,"""GSM1282300""",KEEP
GSE53091,"""GSM1282301""",KEEP
GSE53091,"""GSM1282303""",KEEP
GSE53091,"""GSM1282305""",KEEP
GSE53091,"""GSM1282306""",KEEP
GSE53091,"""GSM1282307""",KEEP
GSE53091,"""GSM1282308""",KEEP
GSE53091,"""GSM1282309""",KEEP
GSE53091,"""GSM1282310""",KEEP
GSE53091,"""GSM1282311""",KEEP
GSE53091,"""GSM1282312""",KEEP
GSE53091,"""GSM1282313""",KEEP
GSE53091,"""GSM1282314""",KEEP
GSE53091,"""GSM1282315""",KEEP
GSE5364,"""GSM121673""",KEEP
GSE5364,"""GSM121674""",KEEP
GSE5364,"""GSM121675""",KEEP
GSE5364,"""GSM121676""",KEEP
GSE5364,"""GSM121677""",KEEP
GSE5364,"""GSM121678""",KEEP
GSE5364,"""GSM121679""",KEEP
GSE5364,"""GSM121680""",KEEP
GSE5364,"""GSM121681""",KEEP
GSE5364,"""GSM121682""",KEEP
GSE5364,"""GSM121683""",KEEP
GSE5364,"""GSM121684""",KEEP
GSE5364,"""GSM121685""",KEEP
GSE5364,"""GSM121686""",KEEP
GSE5364,"""GSM121687""",KEEP
GSE5364,"""GSM121688""",KEEP
GSE5364,"""GSM121689""",KEEP
GSE5364,"""GSM121690""",KEEP
GSE5364,"""GSM121691""",KEEP
GSE5364,"""GSM121692""",KEEP
GSE5364,"""GSM121693""",KEEP
GSE5364,"""GSM121694""",KEEP
GSE5364,"""GSM121695""",KEEP
GSE5364,"""GSM121696""",KEEP
GSE5364,"""GSM121697""",KEEP
GSE5364,"""GSM121698""",KEEP
GSE5364,"""GSM121699""",KEEP
GSE5364,"""GSM121700""",KEEP
GSE5364,"""GSM121701""",KEEP
GSE5364,"""GSM121702""",KEEP
GSE5364,"""GSM121703""",KEEP
GSE5364,"""GSM121704""",KEEP
GSE5364,"""GSM121705""",KEEP
GSE5364,"""GSM121706""",KEEP
GSE5364,"""GSM121707""",KEEP
GSE5364,"""GSM121708""",KEEP
GSE5364,"""GSM121709""",KEEP
GSE5364,"""GSM121710""",KEEP
GSE5364,"""GSM121711""",KEEP
GSE5364,"""GSM121712""",KEEP
GSE5364,"""GSM121713""",KEEP
GSE5364,"""GSM121714""",KEEP
GSE5364,"""GSM121715""",KEEP
GSE5364,"""GSM121716""",KEEP
GSE5364,"""GSM121717""",KEEP
GSE5364,"""GSM121718""",KEEP
GSE5364,"""GSM121719""",KEEP
GSE5364,"""GSM121720""",KEEP
GSE5364,"""GSM121721""",KEEP
GSE5364,"""GSM121722""",KEEP
GSE5364,"""GSM121723""",KEEP
GSE5364,"""GSM121724""",KEEP
GSE5364,"""GSM121725""",KEEP
GSE5364,"""GSM121726""",KEEP
GSE5364,"""GSM121727""",KEEP
GSE5364,"""GSM121728""",KEEP
GSE5364,"""GSM121729""",KEEP
GSE5364,"""GSM121730""",KEEP
GSE5364,"""GSM121731""",KEEP
GSE5364,"""GSM121732""",KEEP
GSE5364,"""GSM121733""",KEEP
GSE5364,"""GSM121734""",KEEP
GSE5364,"""GSM121735""",KEEP
GSE5364,"""GSM121736""",KEEP
GSE5364,"""GSM121737""",KEEP
GSE5364,"""GSM121738""",KEEP
GSE5364,"""GSM121739""",KEEP
GSE5364,"""GSM121740""",KEEP
GSE5364,"""GSM121741""",KEEP
GSE5364,"""GSM121742""",KEEP
GSE5364,"""GSM121743""",KEEP
GSE5364,"""GSM121744""",KEEP
GSE5364,"""GSM121745""",KEEP
GSE5364,"""GSM121746""",KEEP
GSE5364,"""GSM121747""",KEEP
GSE5364,"""GSM121748""",KEEP
GSE5364,"""GSM121749""",KEEP
GSE5364,"""GSM121750""",KEEP
GSE5364,"""GSM121751""",KEEP
GSE5364,"""GSM121752""",KEEP
GSE5364,"""GSM121753""",KEEP
GSE5364,"""GSM121754""",KEEP
GSE5364,"""GSM121755""",KEEP
GSE5364,"""GSM121756""",KEEP
GSE5364,"""GSM121757""",KEEP
GSE5364,"""GSM121758""",KEEP
GSE5364,"""GSM121759""",KEEP
GSE5364,"""GSM121760""",KEEP
GSE5364,"""GSM121761""",KEEP
GSE5364,"""GSM121762""",KEEP
GSE5364,"""GSM121763""",KEEP
GSE5364,"""GSM121764""",KEEP
GSE5364,"""GSM121765""",KEEP
GSE5364,"""GSM121766""",KEEP
GSE5364,"""GSM121767""",KEEP
GSE5364,"""GSM121768""",KEEP
GSE5364,"""GSM121769""",KEEP
GSE5364,"""GSM121770""",KEEP
GSE5364,"""GSM121772""",KEEP
GSE5364,"""GSM121773""",KEEP
GSE5364,"""GSM121774""",KEEP
GSE5364,"""GSM121775""",KEEP
GSE5364,"""GSM121776""",KEEP
GSE5364,"""GSM121777""",KEEP
GSE5364,"""GSM121778""",KEEP
GSE5364,"""GSM121779""",KEEP
GSE5364,"""GSM121780""",KEEP
GSE5364,"""GSM121781""",KEEP
GSE5364,"""GSM121782""",KEEP
GSE5364,"""GSM121783""",KEEP
GSE5364,"""GSM121784""",KEEP
GSE5364,"""GSM121785""",KEEP
GSE5364,"""GSM121786""",KEEP
GSE5364,"""GSM121787""",KEEP
GSE5364,"""GSM121788""",KEEP
GSE5364,"""GSM121789""",KEEP
GSE5364,"""GSM121790""",KEEP
GSE5364,"""GSM121791""",KEEP
GSE5364,"""GSM121792""",KEEP
GSE5364,"""GSM121793""",KEEP
GSE5364,"""GSM121794""",KEEP
GSE5364,"""GSM121795""",KEEP
GSE5364,"""GSM121796""",KEEP
GSE5364,"""GSM121797""",KEEP
GSE5364,"""GSM121798""",KEEP
GSE5364,"""GSM121799""",KEEP
GSE5364,"""GSM121800""",KEEP
GSE5364,"""GSM121801""",KEEP
GSE5364,"""GSM121802""",KEEP
GSE5364,"""GSM121803""",KEEP
GSE5364,"""GSM121804""",KEEP
GSE5364,"""GSM121805""",KEEP
GSE5364,"""GSM121806""",KEEP
GSE5364,"""GSM121807""",KEEP
GSE5364,"""GSM121808""",KEEP
GSE5364,"""GSM121809""",KEEP
GSE5364,"""GSM121810""",KEEP
GSE5364,"""GSM121811""",KEEP
GSE5364,"""GSM121812""",KEEP
GSE5364,"""GSM121813""",KEEP
GSE5364,"""GSM121814""",KEEP
GSE5364,"""GSM121815""",KEEP
GSE5364,"""GSM121816""",KEEP
GSE5364,"""GSM121817""",KEEP
GSE5364,"""GSM121818""",KEEP
GSE5364,"""GSM121819""",KEEP
GSE5364,"""GSM121820""",KEEP
GSE5364,"""GSM121821""",KEEP
GSE5364,"""GSM121822""",KEEP
GSE5364,"""GSM121823""",KEEP
GSE5364,"""GSM121824""",KEEP
GSE5364,"""GSM121825""",KEEP
GSE5364,"""GSM121826""",KEEP
GSE5364,"""GSM121827""",KEEP
GSE5364,"""GSM121828""",KEEP
GSE5364,"""GSM121829""",KEEP
GSE5364,"""GSM121830""",KEEP
GSE5364,"""GSM121831""",KEEP
GSE5364,"""GSM121832""",KEEP
GSE5364,"""GSM121833""",KEEP
GSE5364,"""GSM121834""",KEEP
GSE5364,"""GSM121835""",KEEP
GSE5364,"""GSM121836""",KEEP
GSE5364,"""GSM121837""",KEEP
GSE5364,"""GSM121838""",KEEP
GSE5364,"""GSM121839""",KEEP
GSE5364,"""GSM121840""",KEEP
GSE5364,"""GSM121841""",KEEP
GSE5364,"""GSM121842""",KEEP
GSE5364,"""GSM121843""",KEEP
GSE5364,"""GSM121844""",KEEP
GSE5364,"""GSM121845""",KEEP
GSE5364,"""GSM121846""",KEEP
GSE5364,"""GSM121847""",KEEP
GSE5364,"""GSM121848""",KEEP
GSE5364,"""GSM121849""",KEEP
GSE5364,"""GSM121850""",KEEP
GSE5364,"""GSM121851""",KEEP
GSE5364,"""GSM121852""",KEEP
GSE5364,"""GSM121853""",KEEP
GSE5364,"""GSM121854""",KEEP
GSE5364,"""GSM121855""",KEEP
GSE5364,"""GSM121856""",KEEP
GSE5364,"""GSM121857""",KEEP
GSE5364,"""GSM121858""",KEEP
GSE5364,"""GSM121859""",KEEP
GSE5364,"""GSM121860""",KEEP
GSE5364,"""GSM121861""",KEEP
GSE5364,"""GSM121862""",KEEP
GSE5364,"""GSM121863""",KEEP
GSE5364,"""GSM121864""",KEEP
GSE5364,"""GSM121865""",KEEP
GSE5364,"""GSM121866""",KEEP
GSE5364,"""GSM121867""",KEEP
GSE5364,"""GSM121868""",KEEP
GSE5364,"""GSM121869""",KEEP
GSE5364,"""GSM121872""",KEEP
GSE5364,"""GSM121873""",KEEP
GSE5364,"""GSM121874""",KEEP
GSE5364,"""GSM121875""",KEEP
GSE5364,"""GSM121876""",KEEP
GSE5364,"""GSM121877""",KEEP
GSE5364,"""GSM121878""",KEEP
GSE5364,"""GSM121879""",KEEP
GSE5364,"""GSM121880""",KEEP
GSE5364,"""GSM121881""",KEEP
GSE5364,"""GSM121882""",KEEP
GSE5364,"""GSM121883""",KEEP
GSE5364,"""GSM121884""",KEEP
GSE5364,"""GSM121885""",KEEP
GSE5364,"""GSM121886""",KEEP
GSE5364,"""GSM121887""",KEEP
GSE5364,"""GSM121888""",KEEP
GSE5364,"""GSM121889""",KEEP
GSE5364,"""GSM121892""",KEEP
GSE5364,"""GSM121893""",KEEP
GSE5364,"""GSM121894""",KEEP
GSE5364,"""GSM121895""",KEEP
GSE5364,"""GSM121896""",KEEP
GSE5364,"""GSM121897""",KEEP
GSE5364,"""GSM121898""",KEEP
GSE5364,"""GSM121899""",KEEP
GSE5364,"""GSM121900""",KEEP
GSE5364,"""GSM121901""",KEEP
GSE5364,"""GSM121902""",KEEP
GSE5364,"""GSM121903""",KEEP
GSE5364,"""GSM121904""",KEEP
GSE5364,"""GSM121905""",KEEP
GSE5364,"""GSM121906""",KEEP
GSE5364,"""GSM121907""",KEEP
GSE5364,"""GSM121909""",KEEP
GSE5364,"""GSM121917""",KEEP
GSE5364,"""GSM121918""",KEEP
GSE5364,"""GSM121919""",KEEP
GSE5364,"""GSM121920""",KEEP
GSE5364,"""GSM121921""",KEEP
GSE5364,"""GSM121922""",KEEP
GSE5364,"""GSM121923""",KEEP
GSE5364,"""GSM121924""",KEEP
GSE5364,"""GSM121925""",KEEP
GSE5364,"""GSM121927""",KEEP
GSE5364,"""GSM121928""",KEEP
GSE5364,"""GSM121929""",KEEP
GSE5364,"""GSM121930""",KEEP
GSE5364,"""GSM121931""",KEEP
GSE5364,"""GSM121932""",KEEP
GSE5364,"""GSM121933""",KEEP
GSE5364,"""GSM121934""",KEEP
GSE5364,"""GSM121935""",KEEP
GSE5364,"""GSM121936""",KEEP
GSE5364,"""GSM121937""",KEEP
GSE5364,"""GSM121938""",KEEP
GSE5364,"""GSM121939""",KEEP
GSE5364,"""GSM121940""",KEEP
GSE5364,"""GSM121941""",KEEP
GSE5364,"""GSM121942""",KEEP
GSE5364,"""GSM121943""",KEEP
GSE5364,"""GSM121944""",KEEP
GSE5364,"""GSM121945""",KEEP
GSE5364,"""GSM121946""",KEEP
GSE5364,"""GSM121947""",KEEP
GSE5364,"""GSM121950""",KEEP
GSE5364,"""GSM121951""",KEEP
GSE5364,"""GSM121952""",KEEP
GSE5364,"""GSM121953""",KEEP
GSE5364,"""GSM121954""",KEEP
GSE5364,"""GSM121955""",KEEP
GSE5364,"""GSM121956""",KEEP
GSE5364,"""GSM121957""",KEEP
GSE5364,"""GSM121958""",KEEP
GSE5364,"""GSM121959""",KEEP
GSE5364,"""GSM121960""",KEEP
GSE5364,"""GSM121961""",KEEP
GSE5364,"""GSM121962""",KEEP
GSE5364,"""GSM121963""",KEEP
GSE5364,"""GSM121964""",KEEP
GSE5364,"""GSM121965""",KEEP
GSE5364,"""GSM121966""",KEEP
GSE5364,"""GSM121967""",KEEP
GSE5364,"""GSM121968""",KEEP
GSE5364,"""GSM121969""",KEEP
GSE5364,"""GSM121970""",KEEP
GSE5364,"""GSM121971""",KEEP
GSE5364,"""GSM121972""",KEEP
GSE5364,"""GSM121973""",KEEP
GSE5364,"""GSM121974""",KEEP
GSE5364,"""GSM121975""",KEEP
GSE5364,"""GSM121976""",KEEP
GSE5364,"""GSM121977""",KEEP
GSE5364,"""GSM121978""",KEEP
GSE5364,"""GSM121979""",KEEP
GSE5364,"""GSM121980""",KEEP
GSE5364,"""GSM121981""",KEEP
GSE5364,"""GSM121982""",KEEP
GSE5364,"""GSM121983""",KEEP
GSE5364,"""GSM121984""",KEEP
GSE5364,"""GSM121985""",KEEP
GSE5364,"""GSM121986""",KEEP
GSE5364,"""GSM121987""",KEEP
GSE5364,"""GSM121988""",KEEP
GSE5364,"""GSM121989""",KEEP
GSE5364,"""GSM121990""",KEEP
GSE5364,"""GSM121991""",KEEP
GSE5364,"""GSM121992""",KEEP
GSE5364,"""GSM121993""",KEEP
GSE5364,"""GSM121994""",KEEP
GSE5364,"""GSM121995""",KEEP
GSE5364,"""GSM121996""",KEEP
GSE5364,"""GSM121997""",KEEP
GSE5364,"""GSM121998""",KEEP
GSE5364,"""GSM121999""",KEEP
GSE5364,"""GSM122000""",KEEP
GSE5364,"""GSM122001""",KEEP
GSE5364,"""GSM122002""",KEEP
GSE5364,"""GSM122003""",KEEP
GSE5364,"""GSM122004""",KEEP
GSE5364,"""GSM122005""",KEEP
GSE5364,"""GSM122006""",KEEP
GSE5364,"""GSM122007""",KEEP
GSE5364,"""GSM122008""",KEEP
GSE5364,"""GSM122009""",KEEP
GSE5364,"""GSM122010""",KEEP
GSE5364,"""GSM122011""",KEEP
GSE5364,"""GSM122012""",KEEP
GSE5364,"""GSM122013""",KEEP
GSE5364,"""GSM122014""",KEEP
GSE5364,"""GSM122015""",KEEP
GSE5364,"""GSM122016""",KEEP
GSE5364,"""GSM122017""",KEEP
GSE5364,"""GSM122018""",KEEP
GSE5364,"""GSM122019""",KEEP
GSE5364,"""GSM122020""",KEEP
GSE5364,"""GSM122021""",KEEP
GSE5364,"""GSM122022""",KEEP
GSE5364,"""GSM122023""",KEEP
GSE5364,"""GSM122024""",KEEP
GSE5364,"""GSM122025""",KEEP
GSE5364,"""GSM122026""",KEEP
GSE5364,"""GSM122027""",KEEP
GSE5364,"""GSM122028""",KEEP
GSE5364,"""GSM122029""",KEEP
GSE54483,"""GSM1316659""",KEEP
GSE54483,"""GSM1316660""",KEEP
GSE54483,"""GSM1316661""",KEEP
GSE54483,"""GSM1316662""",KEEP
GSE54483,"""GSM1316663""",KEEP
GSE54483,"""GSM1316664""",KEEP
GSE54483,"""GSM1316665""",KEEP
GSE54483,"""GSM1316666""",KEEP
GSE54483,"""GSM1316667""",KEEP
GSE54483,"""GSM1316668""",KEEP
GSE54483,"""GSM1316669""",KEEP
GSE5486,"""GSM126417""",KEEP
GSE5486,"""GSM126418""",KEEP
GSE5486,"""GSM126419""",KEEP
GSE5486,"""GSM126420""",KEEP
GSE5486,"""GSM126421""",KEEP
GSE5486,"""GSM126422""",KEEP
GSE5486,"""GSM126423""",KEEP
GSE5486,"""GSM126424""",KEEP
GSE55624,"""GSM1340521""",KEEP
GSE55624,"""GSM1340522""",KEEP
GSE55624,"""GSM1340523""",KEEP
GSE55624,"""GSM1340524""",KEEP
GSE55624,"""GSM1340525""",KEEP
GSE55624,"""GSM1340526""",KEEP
GSE55624,"""GSM1340527""",KEEP
GSE55624,"""GSM1340528""",KEEP
GSE55624,"""GSM1340529""",KEEP
GSE55624,"""GSM1340530""",KEEP
GSE55624,"""GSM1340531""",KEEP
GSE55624,"""GSM1340532""",KEEP
GSE55624,"""GSM1340533""",KEEP
GSE55624,"""GSM1340534""",KEEP
GSE55624,"""GSM1340535""",KEEP
GSE55624,"""GSM1340536""",KEEP
GSE55624,"""GSM1340537""",KEEP
GSE55624,"""GSM1340538""",KEEP
GSE55810,"""GSM1346296""",KEEP
GSE55810,"""GSM1346297""",KEEP
GSE55810,"""GSM1346298""",KEEP
GSE55810,"""GSM1346299""",KEEP
GSE55810,"""GSM1346300""",KEEP
GSE55810,"""GSM1346301""",KEEP
GSE55810,"""GSM1346302""",KEEP
GSE55810,"""GSM1346303""",KEEP
GSE55810,"""GSM1346304""",KEEP
GSE55810,"""GSM1346305""",KEEP
GSE56896,"""GSM1370840""",KEEP
GSE56896,"""GSM1370841""",KEEP
GSE56896,"""GSM1370842""",KEEP
GSE56896,"""GSM1370843""",KEEP
GSE56896,"""GSM1370844""",KEEP
GSE56896,"""GSM1370845""",KEEP
GSE57083,"""GSM1374369""",KEEP
GSE57083,"""GSM1374370""",KEEP
GSE57083,"""GSM1374371""",KEEP
GSE57083,"""GSM1374372""",KEEP
GSE57083,"""GSM1374373""",KEEP
GSE57083,"""GSM1374374""",KEEP
GSE57083,"""GSM1374375""",KEEP
GSE57083,"""GSM1374376""",KEEP
GSE57083,"""GSM1374377""",KEEP
GSE57083,"""GSM1374378""",KEEP
GSE57083,"""GSM1374379""",KEEP
GSE57083,"""GSM1374380""",KEEP
GSE57083,"""GSM1374381""",KEEP
GSE57083,"""GSM1374382""",KEEP
GSE57083,"""GSM1374383""",KEEP
GSE57083,"""GSM1374384""",KEEP
GSE57083,"""GSM1374385""",KEEP
GSE57083,"""GSM1374386""",KEEP
GSE57083,"""GSM1374387""",KEEP
GSE57083,"""GSM1374388""",KEEP
GSE57083,"""GSM1374389""",KEEP
GSE57083,"""GSM1374390""",KEEP
GSE57083,"""GSM1374391""",KEEP
GSE57083,"""GSM1374392""",KEEP
GSE57083,"""GSM1374393""",KEEP
GSE57083,"""GSM1374394""",KEEP
GSE57083,"""GSM1374395""",KEEP
GSE57083,"""GSM1374396""",KEEP
GSE57083,"""GSM1374397""",KEEP
GSE57083,"""GSM1374398""",KEEP
GSE57083,"""GSM1374399""",KEEP
GSE57083,"""GSM1374400""",KEEP
GSE57083,"""GSM1374401""",KEEP
GSE57083,"""GSM1374402""",KEEP
GSE57083,"""GSM1374403""",KEEP
GSE57083,"""GSM1374404""",KEEP
GSE57083,"""GSM1374405""",KEEP
GSE57083,"""GSM1374406""",KEEP
GSE57083,"""GSM1374407""",KEEP
GSE57083,"""GSM1374408""",KEEP
GSE57083,"""GSM1374409""",KEEP
GSE57083,"""GSM1374410""",KEEP
GSE57083,"""GSM1374411""",KEEP
GSE57083,"""GSM1374412""",KEEP
GSE57083,"""GSM1374413""",KEEP
GSE57083,"""GSM1374414""",KEEP
GSE57083,"""GSM1374415""",KEEP
GSE57083,"""GSM1374416""",KEEP
GSE57083,"""GSM1374417""",KEEP
GSE57083,"""GSM1374418""",KEEP
GSE57083,"""GSM1374419""",KEEP
GSE57083,"""GSM1374420""",KEEP
GSE57083,"""GSM1374421""",KEEP
GSE57083,"""GSM1374422""",KEEP
GSE57083,"""GSM1374423""",KEEP
GSE57083,"""GSM1374424""",KEEP
GSE57083,"""GSM1374425""",KEEP
GSE57083,"""GSM1374426""",KEEP
GSE57083,"""GSM1374427""",KEEP
GSE57083,"""GSM1374428""",KEEP
GSE57083,"""GSM1374429""",KEEP
GSE57083,"""GSM1374430""",KEEP
GSE57083,"""GSM1374431""",KEEP
GSE57083,"""GSM1374432""",KEEP
GSE57083,"""GSM1374433""",KEEP
GSE57083,"""GSM1374434""",KEEP
GSE57083,"""GSM1374435""",KEEP
GSE57083,"""GSM1374436""",KEEP
GSE57083,"""GSM1374437""",KEEP
GSE57083,"""GSM1374438""",KEEP
GSE57083,"""GSM1374439""",KEEP
GSE57083,"""GSM1374440""",KEEP
GSE57083,"""GSM1374441""",KEEP
GSE57083,"""GSM1374442""",KEEP
GSE57083,"""GSM1374443""",KEEP
GSE57083,"""GSM1374444""",KEEP
GSE57083,"""GSM1374445""",KEEP
GSE57083,"""GSM1374446""",KEEP
GSE57083,"""GSM1374447""",KEEP
GSE57083,"""GSM1374448""",KEEP
GSE57083,"""GSM1374449""",KEEP
GSE57083,"""GSM1374450""",KEEP
GSE57083,"""GSM1374451""",KEEP
GSE57083,"""GSM1374452""",KEEP
GSE57083,"""GSM1374453""",KEEP
GSE57083,"""GSM1374454""",KEEP
GSE57083,"""GSM1374455""",KEEP
GSE57083,"""GSM1374456""",KEEP
GSE57083,"""GSM1374457""",KEEP
GSE57083,"""GSM1374458""",KEEP
GSE57083,"""GSM1374459""",KEEP
GSE57083,"""GSM1374460""",KEEP
GSE57083,"""GSM1374461""",KEEP
GSE57083,"""GSM1374462""",KEEP
GSE57083,"""GSM1374463""",KEEP
GSE57083,"""GSM1374464""",KEEP
GSE57083,"""GSM1374465""",KEEP
GSE57083,"""GSM1374466""",KEEP
GSE57083,"""GSM1374467""",KEEP
GSE57083,"""GSM1374468""",KEEP
GSE57083,"""GSM1374469""",KEEP
GSE57083,"""GSM1374470""",KEEP
GSE57083,"""GSM1374471""",KEEP
GSE57083,"""GSM1374472""",KEEP
GSE57083,"""GSM1374473""",KEEP
GSE57083,"""GSM1374474""",KEEP
GSE57083,"""GSM1374475""",KEEP
GSE57083,"""GSM1374476""",KEEP
GSE57083,"""GSM1374477""",KEEP
GSE57083,"""GSM1374478""",KEEP
GSE57083,"""GSM1374479""",KEEP
GSE57083,"""GSM1374480""",KEEP
GSE57083,"""GSM1374481""",KEEP
GSE57083,"""GSM1374482""",KEEP
GSE57083,"""GSM1374483""",REMOVE
GSE57083,"""GSM1374484""",KEEP
GSE57083,"""GSM1374485""",KEEP
GSE57083,"""GSM1374486""",KEEP
GSE57083,"""GSM1374487""",KEEP
GSE57083,"""GSM1374488""",KEEP
GSE57083,"""GSM1374489""",KEEP
GSE57083,"""GSM1374490""",KEEP
GSE57083,"""GSM1374491""",KEEP
GSE57083,"""GSM1374492""",KEEP
GSE57083,"""GSM1374493""",KEEP
GSE57083,"""GSM1374494""",KEEP
GSE57083,"""GSM1374495""",KEEP
GSE57083,"""GSM1374496""",KEEP
GSE57083,"""GSM1374497""",KEEP
GSE57083,"""GSM1374498""",KEEP
GSE57083,"""GSM1374499""",KEEP
GSE57083,"""GSM1374500""",KEEP
GSE57083,"""GSM1374501""",KEEP
GSE57083,"""GSM1374502""",KEEP
GSE57083,"""GSM1374503""",KEEP
GSE57083,"""GSM1374504""",KEEP
GSE57083,"""GSM1374505""",KEEP
GSE57083,"""GSM1374506""",KEEP
GSE57083,"""GSM1374507""",KEEP
GSE57083,"""GSM1374508""",KEEP
GSE57083,"""GSM1374509""",KEEP
GSE57083,"""GSM1374510""",KEEP
GSE57083,"""GSM1374511""",KEEP
GSE57083,"""GSM1374512""",KEEP
GSE57083,"""GSM1374513""",KEEP
GSE57083,"""GSM1374514""",KEEP
GSE57083,"""GSM1374515""",KEEP
GSE57083,"""GSM1374516""",KEEP
GSE57083,"""GSM1374517""",KEEP
GSE57083,"""GSM1374518""",KEEP
GSE57083,"""GSM1374519""",KEEP
GSE57083,"""GSM1374520""",KEEP
GSE57083,"""GSM1374521""",KEEP
GSE57083,"""GSM1374522""",KEEP
GSE57083,"""GSM1374523""",KEEP
GSE57083,"""GSM1374524""",KEEP
GSE57083,"""GSM1374525""",KEEP
GSE57083,"""GSM1374526""",KEEP
GSE57083,"""GSM1374527""",KEEP
GSE57083,"""GSM1374528""",KEEP
GSE57083,"""GSM1374529""",KEEP
GSE57083,"""GSM1374530""",KEEP
GSE57083,"""GSM1374531""",KEEP
GSE57083,"""GSM1374532""",KEEP
GSE57083,"""GSM1374533""",KEEP
GSE57083,"""GSM1374534""",KEEP
GSE57083,"""GSM1374535""",KEEP
GSE57083,"""GSM1374536""",KEEP
GSE57083,"""GSM1374537""",KEEP
GSE57083,"""GSM1374538""",KEEP
GSE57083,"""GSM1374539""",KEEP
GSE57083,"""GSM1374540""",KEEP
GSE57083,"""GSM1374541""",KEEP
GSE57083,"""GSM1374542""",KEEP
GSE57083,"""GSM1374543""",KEEP
GSE57083,"""GSM1374544""",KEEP
GSE57083,"""GSM1374545""",KEEP
GSE57083,"""GSM1374546""",KEEP
GSE57083,"""GSM1374547""",KEEP
GSE57083,"""GSM1374548""",KEEP
GSE57083,"""GSM1374549""",KEEP
GSE57083,"""GSM1374550""",KEEP
GSE57083,"""GSM1374551""",KEEP
GSE57083,"""GSM1374552""",KEEP
GSE57083,"""GSM1374553""",KEEP
GSE57083,"""GSM1374554""",KEEP
GSE57083,"""GSM1374555""",KEEP
GSE57083,"""GSM1374556""",KEEP
GSE57083,"""GSM1374557""",KEEP
GSE57083,"""GSM1374558""",KEEP
GSE57083,"""GSM1374559""",KEEP
GSE57083,"""GSM1374560""",KEEP
GSE57083,"""GSM1374561""",KEEP
GSE57083,"""GSM1374562""",KEEP
GSE57083,"""GSM1374563""",KEEP
GSE57083,"""GSM1374564""",KEEP
GSE57083,"""GSM1374565""",KEEP
GSE57083,"""GSM1374566""",KEEP
GSE57083,"""GSM1374567""",KEEP
GSE57083,"""GSM1374568""",KEEP
GSE57083,"""GSM1374569""",KEEP
GSE57083,"""GSM1374570""",KEEP
GSE57083,"""GSM1374571""",KEEP
GSE57083,"""GSM1374572""",KEEP
GSE57083,"""GSM1374573""",KEEP
GSE57083,"""GSM1374574""",KEEP
GSE57083,"""GSM1374575""",KEEP
GSE57083,"""GSM1374576""",KEEP
GSE57083,"""GSM1374577""",KEEP
GSE57083,"""GSM1374578""",KEEP
GSE57083,"""GSM1374579""",KEEP
GSE57083,"""GSM1374580""",KEEP
GSE57083,"""GSM1374581""",KEEP
GSE57083,"""GSM1374582""",KEEP
GSE57083,"""GSM1374583""",KEEP
GSE57083,"""GSM1374584""",KEEP
GSE57083,"""GSM1374585""",KEEP
GSE57083,"""GSM1374586""",KEEP
GSE57083,"""GSM1374587""",KEEP
GSE57083,"""GSM1374588""",KEEP
GSE57083,"""GSM1374589""",KEEP
GSE57083,"""GSM1374590""",KEEP
GSE57083,"""GSM1374591""",KEEP
GSE57083,"""GSM1374592""",KEEP
GSE57083,"""GSM1374593""",KEEP
GSE57083,"""GSM1374594""",KEEP
GSE57083,"""GSM1374595""",KEEP
GSE57083,"""GSM1374596""",KEEP
GSE57083,"""GSM1374597""",KEEP
GSE57083,"""GSM1374598""",KEEP
GSE57083,"""GSM1374599""",KEEP
GSE57083,"""GSM1374600""",KEEP
GSE57083,"""GSM1374601""",KEEP
GSE57083,"""GSM1374602""",KEEP
GSE57083,"""GSM1374603""",KEEP
GSE57083,"""GSM1374604""",KEEP
GSE57083,"""GSM1374605""",KEEP
GSE57083,"""GSM1374606""",KEEP
GSE57083,"""GSM1374607""",KEEP
GSE57083,"""GSM1374608""",KEEP
GSE57083,"""GSM1374609""",KEEP
GSE57083,"""GSM1374610""",KEEP
GSE57083,"""GSM1374611""",KEEP
GSE57083,"""GSM1374612""",KEEP
GSE57083,"""GSM1374613""",KEEP
GSE57083,"""GSM1374614""",KEEP
GSE57083,"""GSM1374615""",KEEP
GSE57083,"""GSM1374616""",KEEP
GSE57083,"""GSM1374617""",KEEP
GSE57083,"""GSM1374618""",KEEP
GSE57083,"""GSM1374619""",KEEP
GSE57083,"""GSM1374620""",KEEP
GSE57083,"""GSM1374621""",KEEP
GSE57083,"""GSM1374622""",KEEP
GSE57083,"""GSM1374623""",KEEP
GSE57083,"""GSM1374624""",KEEP
GSE57083,"""GSM1374625""",KEEP
GSE57083,"""GSM1374626""",KEEP
GSE57083,"""GSM1374627""",KEEP
GSE57083,"""GSM1374628""",KEEP
GSE57083,"""GSM1374629""",KEEP
GSE57083,"""GSM1374630""",KEEP
GSE57083,"""GSM1374631""",KEEP
GSE57083,"""GSM1374632""",KEEP
GSE57083,"""GSM1374633""",KEEP
GSE57083,"""GSM1374634""",KEEP
GSE57083,"""GSM1374635""",KEEP
GSE57083,"""GSM1374636""",KEEP
GSE57083,"""GSM1374637""",KEEP
GSE57083,"""GSM1374638""",KEEP
GSE57083,"""GSM1374639""",KEEP
GSE57083,"""GSM1374640""",KEEP
GSE57083,"""GSM1374641""",KEEP
GSE57083,"""GSM1374642""",KEEP
GSE57083,"""GSM1374643""",KEEP
GSE57083,"""GSM1374644""",KEEP
GSE57083,"""GSM1374645""",KEEP
GSE57083,"""GSM1374646""",KEEP
GSE57083,"""GSM1374647""",KEEP
GSE57083,"""GSM1374648""",KEEP
GSE57083,"""GSM1374649""",KEEP
GSE57083,"""GSM1374650""",KEEP
GSE57083,"""GSM1374651""",KEEP
GSE57083,"""GSM1374652""",KEEP
GSE57083,"""GSM1374653""",KEEP
GSE57083,"""GSM1374654""",KEEP
GSE57083,"""GSM1374655""",KEEP
GSE57083,"""GSM1374656""",KEEP
GSE57083,"""GSM1374657""",KEEP
GSE57083,"""GSM1374658""",KEEP
GSE57083,"""GSM1374659""",KEEP
GSE57083,"""GSM1374660""",KEEP
GSE57083,"""GSM1374661""",KEEP
GSE57083,"""GSM1374662""",KEEP
GSE57083,"""GSM1374663""",KEEP
GSE57083,"""GSM1374664""",KEEP
GSE57083,"""GSM1374665""",KEEP
GSE57083,"""GSM1374666""",KEEP
GSE57083,"""GSM1374667""",KEEP
GSE57083,"""GSM1374668""",KEEP
GSE57083,"""GSM1374669""",KEEP
GSE57083,"""GSM1374670""",KEEP
GSE57083,"""GSM1374671""",KEEP
GSE57083,"""GSM1374672""",KEEP
GSE57083,"""GSM1374673""",KEEP
GSE57083,"""GSM1374674""",KEEP
GSE57083,"""GSM1374675""",KEEP
GSE57083,"""GSM1374676""",KEEP
GSE57083,"""GSM1374677""",KEEP
GSE57083,"""GSM1374678""",KEEP
GSE57083,"""GSM1374679""",KEEP
GSE57083,"""GSM1374680""",KEEP
GSE57083,"""GSM1374681""",KEEP
GSE57083,"""GSM1374682""",KEEP
GSE57083,"""GSM1374683""",KEEP
GSE57083,"""GSM1374684""",KEEP
GSE57083,"""GSM1374685""",KEEP
GSE57083,"""GSM1374686""",KEEP
GSE57083,"""GSM1374687""",KEEP
GSE57083,"""GSM1374688""",KEEP
GSE57083,"""GSM1374689""",KEEP
GSE57083,"""GSM1374690""",KEEP
GSE57083,"""GSM1374691""",KEEP
GSE57083,"""GSM1374692""",KEEP
GSE57083,"""GSM1374693""",KEEP
GSE57083,"""GSM1374694""",KEEP
GSE57083,"""GSM1374695""",KEEP
GSE57083,"""GSM1374696""",KEEP
GSE57083,"""GSM1374697""",KEEP
GSE57083,"""GSM1374698""",KEEP
GSE57083,"""GSM1374699""",KEEP
GSE57083,"""GSM1374700""",KEEP
GSE57083,"""GSM1374701""",KEEP
GSE57083,"""GSM1374702""",KEEP
GSE57083,"""GSM1374703""",KEEP
GSE57083,"""GSM1374704""",KEEP
GSE57083,"""GSM1374705""",KEEP
GSE57083,"""GSM1374706""",KEEP
GSE57083,"""GSM1374707""",KEEP
GSE57083,"""GSM1374708""",KEEP
GSE57083,"""GSM1374709""",KEEP
GSE57083,"""GSM1374710""",KEEP
GSE57083,"""GSM1374711""",KEEP
GSE57083,"""GSM1374712""",KEEP
GSE57083,"""GSM1374713""",KEEP
GSE57083,"""GSM1374714""",KEEP
GSE57083,"""GSM1374715""",KEEP
GSE57083,"""GSM1374716""",KEEP
GSE57083,"""GSM1374717""",KEEP
GSE57083,"""GSM1374718""",KEEP
GSE57083,"""GSM1374719""",KEEP
GSE57083,"""GSM1374720""",KEEP
GSE57083,"""GSM1374721""",KEEP
GSE57083,"""GSM1374722""",KEEP
GSE57083,"""GSM1374723""",KEEP
GSE57083,"""GSM1374724""",KEEP
GSE57083,"""GSM1374725""",KEEP
GSE57083,"""GSM1374726""",KEEP
GSE57083,"""GSM1374727""",KEEP
GSE57083,"""GSM1374728""",KEEP
GSE57083,"""GSM1374729""",KEEP
GSE57083,"""GSM1374730""",KEEP
GSE57083,"""GSM1374731""",KEEP
GSE57083,"""GSM1374732""",KEEP
GSE57083,"""GSM1374733""",KEEP
GSE57083,"""GSM1374734""",KEEP
GSE57083,"""GSM1374735""",KEEP
GSE57083,"""GSM1374736""",KEEP
GSE57083,"""GSM1374737""",KEEP
GSE57083,"""GSM1374738""",KEEP
GSE57083,"""GSM1374739""",KEEP
GSE57083,"""GSM1374740""",KEEP
GSE57083,"""GSM1374741""",KEEP
GSE57083,"""GSM1374742""",KEEP
GSE57083,"""GSM1374743""",KEEP
GSE57083,"""GSM1374744""",KEEP
GSE57083,"""GSM1374745""",KEEP
GSE57083,"""GSM1374746""",KEEP
GSE57083,"""GSM1374747""",KEEP
GSE57083,"""GSM1374748""",KEEP
GSE57083,"""GSM1374749""",KEEP
GSE57083,"""GSM1374750""",KEEP
GSE57083,"""GSM1374751""",KEEP
GSE57083,"""GSM1374752""",KEEP
GSE57083,"""GSM1374753""",KEEP
GSE57083,"""GSM1374754""",KEEP
GSE57083,"""GSM1374755""",KEEP
GSE57083,"""GSM1374756""",KEEP
GSE57083,"""GSM1374757""",KEEP
GSE57083,"""GSM1374758""",KEEP
GSE57083,"""GSM1374759""",KEEP
GSE57083,"""GSM1374760""",KEEP
GSE57083,"""GSM1374761""",KEEP
GSE57083,"""GSM1374762""",KEEP
GSE57083,"""GSM1374763""",KEEP
GSE57083,"""GSM1374764""",KEEP
GSE57083,"""GSM1374765""",KEEP
GSE57083,"""GSM1374766""",KEEP
GSE57083,"""GSM1374767""",KEEP
GSE57083,"""GSM1374768""",KEEP
GSE57083,"""GSM1374769""",KEEP
GSE57083,"""GSM1374770""",KEEP
GSE57083,"""GSM1374771""",KEEP
GSE57083,"""GSM1374772""",KEEP
GSE57083,"""GSM1374773""",KEEP
GSE57083,"""GSM1374774""",KEEP
GSE57083,"""GSM1374775""",KEEP
GSE57083,"""GSM1374776""",KEEP
GSE57083,"""GSM1374777""",KEEP
GSE57083,"""GSM1374778""",KEEP
GSE57083,"""GSM1374779""",KEEP
GSE57083,"""GSM1374780""",KEEP
GSE57083,"""GSM1374781""",KEEP
GSE57083,"""GSM1374782""",KEEP
GSE57083,"""GSM1374783""",KEEP
GSE57083,"""GSM1374784""",KEEP
GSE57083,"""GSM1374785""",KEEP
GSE57083,"""GSM1374786""",KEEP
GSE57083,"""GSM1374787""",KEEP
GSE57083,"""GSM1374788""",KEEP
GSE57083,"""GSM1374789""",KEEP
GSE57083,"""GSM1374790""",KEEP
GSE57083,"""GSM1374791""",KEEP
GSE57083,"""GSM1374792""",KEEP
GSE57083,"""GSM1374793""",KEEP
GSE57083,"""GSM1374794""",KEEP
GSE57083,"""GSM1374795""",KEEP
GSE57083,"""GSM1374796""",KEEP
GSE57083,"""GSM1374797""",KEEP
GSE57083,"""GSM1374798""",KEEP
GSE57083,"""GSM1374799""",KEEP
GSE57083,"""GSM1374800""",KEEP
GSE57083,"""GSM1374801""",KEEP
GSE57083,"""GSM1374802""",KEEP
GSE57083,"""GSM1374803""",KEEP
GSE57083,"""GSM1374804""",KEEP
GSE57083,"""GSM1374805""",KEEP
GSE57083,"""GSM1374806""",KEEP
GSE57083,"""GSM1374807""",KEEP
GSE57083,"""GSM1374808""",KEEP
GSE57083,"""GSM1374809""",KEEP
GSE57083,"""GSM1374810""",KEEP
GSE57083,"""GSM1374811""",KEEP
GSE57083,"""GSM1374812""",KEEP
GSE57083,"""GSM1374813""",KEEP
GSE57083,"""GSM1374814""",KEEP
GSE57083,"""GSM1374815""",KEEP
GSE57083,"""GSM1374816""",KEEP
GSE57083,"""GSM1374817""",KEEP
GSE57083,"""GSM1374818""",KEEP
GSE57083,"""GSM1374819""",KEEP
GSE57083,"""GSM1374820""",KEEP
GSE57083,"""GSM1374821""",KEEP
GSE57083,"""GSM1374822""",KEEP
GSE57083,"""GSM1374823""",KEEP
GSE57083,"""GSM1374824""",KEEP
GSE57083,"""GSM1374825""",KEEP
GSE57083,"""GSM1374826""",KEEP
GSE57083,"""GSM1374827""",KEEP
GSE57083,"""GSM1374828""",KEEP
GSE57083,"""GSM1374829""",KEEP
GSE57083,"""GSM1374830""",KEEP
GSE57083,"""GSM1374831""",KEEP
GSE57083,"""GSM1374832""",KEEP
GSE57083,"""GSM1374833""",KEEP
GSE57083,"""GSM1374834""",KEEP
GSE57083,"""GSM1374835""",KEEP
GSE57083,"""GSM1374836""",KEEP
GSE57083,"""GSM1374837""",KEEP
GSE57083,"""GSM1374838""",KEEP
GSE57083,"""GSM1374839""",KEEP
GSE57083,"""GSM1374840""",KEEP
GSE57083,"""GSM1374841""",KEEP
GSE57083,"""GSM1374842""",KEEP
GSE57083,"""GSM1374843""",KEEP
GSE57083,"""GSM1374844""",KEEP
GSE57083,"""GSM1374845""",KEEP
GSE57083,"""GSM1374846""",KEEP
GSE57083,"""GSM1374847""",KEEP
GSE57083,"""GSM1374848""",KEEP
GSE57083,"""GSM1374849""",KEEP
GSE57083,"""GSM1374850""",KEEP
GSE57083,"""GSM1374851""",KEEP
GSE57083,"""GSM1374852""",REMOVE
GSE57083,"""GSM1374853""",KEEP
GSE57083,"""GSM1374854""",KEEP
GSE57083,"""GSM1374855""",KEEP
GSE57083,"""GSM1374856""",KEEP
GSE57083,"""GSM1374857""",KEEP
GSE57083,"""GSM1374858""",KEEP
GSE57083,"""GSM1374859""",KEEP
GSE57083,"""GSM1374860""",KEEP
GSE57083,"""GSM1374861""",KEEP
GSE57083,"""GSM1374862""",KEEP
GSE57083,"""GSM1374863""",KEEP
GSE57083,"""GSM1374864""",KEEP
GSE57083,"""GSM1374865""",KEEP
GSE57083,"""GSM1374866""",KEEP
GSE57083,"""GSM1374867""",KEEP
GSE57083,"""GSM1374868""",KEEP
GSE57083,"""GSM1374869""",KEEP
GSE57083,"""GSM1374870""",KEEP
GSE57083,"""GSM1374871""",KEEP
GSE57083,"""GSM1374872""",KEEP
GSE57083,"""GSM1374873""",KEEP
GSE57083,"""GSM1374874""",KEEP
GSE57083,"""GSM1374875""",KEEP
GSE57083,"""GSM1374876""",KEEP
GSE57083,"""GSM1374877""",KEEP
GSE57083,"""GSM1374878""",KEEP
GSE57083,"""GSM1374879""",KEEP
GSE57083,"""GSM1374880""",KEEP
GSE57083,"""GSM1374881""",KEEP
GSE57083,"""GSM1374882""",KEEP
GSE57083,"""GSM1374883""",KEEP
GSE57083,"""GSM1374884""",KEEP
GSE57083,"""GSM1374885""",KEEP
GSE57083,"""GSM1374886""",KEEP
GSE57083,"""GSM1374887""",KEEP
GSE57083,"""GSM1374888""",KEEP
GSE57083,"""GSM1374889""",KEEP
GSE57083,"""GSM1374890""",KEEP
GSE57083,"""GSM1374891""",KEEP
GSE57083,"""GSM1374892""",KEEP
GSE57083,"""GSM1374893""",KEEP
GSE57083,"""GSM1374894""",KEEP
GSE57083,"""GSM1374895""",KEEP
GSE57083,"""GSM1374896""",KEEP
GSE57083,"""GSM1374897""",KEEP
GSE57083,"""GSM1374898""",KEEP
GSE57083,"""GSM1374899""",KEEP
GSE57083,"""GSM1374900""",KEEP
GSE57083,"""GSM1374901""",KEEP
GSE57083,"""GSM1374902""",KEEP
GSE57083,"""GSM1374903""",KEEP
GSE57083,"""GSM1374904""",KEEP
GSE57083,"""GSM1374905""",KEEP
GSE57083,"""GSM1374906""",KEEP
GSE57083,"""GSM1374907""",KEEP
GSE57083,"""GSM1374908""",KEEP
GSE57083,"""GSM1374909""",KEEP
GSE57083,"""GSM1374910""",KEEP
GSE57083,"""GSM1374911""",KEEP
GSE57083,"""GSM1374912""",KEEP
GSE57083,"""GSM1374913""",KEEP
GSE57083,"""GSM1374914""",KEEP
GSE57083,"""GSM1374915""",KEEP
GSE57083,"""GSM1374916""",KEEP
GSE57083,"""GSM1374917""",KEEP
GSE57083,"""GSM1374918""",KEEP
GSE57083,"""GSM1374919""",KEEP
GSE57083,"""GSM1374920""",KEEP
GSE57083,"""GSM1374921""",KEEP
GSE57083,"""GSM1374922""",KEEP
GSE57083,"""GSM1374923""",KEEP
GSE57083,"""GSM1374924""",KEEP
GSE57083,"""GSM1374925""",KEEP
GSE57083,"""GSM1374926""",KEEP
GSE57083,"""GSM1374927""",KEEP
GSE57083,"""GSM1374928""",KEEP
GSE57083,"""GSM1374929""",KEEP
GSE57083,"""GSM1374930""",KEEP
GSE57083,"""GSM1374931""",KEEP
GSE57083,"""GSM1374932""",KEEP
GSE57083,"""GSM1374933""",KEEP
GSE57083,"""GSM1374934""",KEEP
GSE57083,"""GSM1374935""",KEEP
GSE57083,"""GSM1374936""",KEEP
GSE57083,"""GSM1374937""",KEEP
GSE57083,"""GSM1374938""",KEEP
GSE57083,"""GSM1374939""",KEEP
GSE57083,"""GSM1374940""",KEEP
GSE57083,"""GSM1374941""",KEEP
GSE57083,"""GSM1374942""",KEEP
GSE57083,"""GSM1374943""",KEEP
GSE57083,"""GSM1374944""",KEEP
GSE57083,"""GSM1374945""",KEEP
GSE57083,"""GSM1374946""",KEEP
GSE57083,"""GSM1374947""",KEEP
GSE57083,"""GSM1374948""",KEEP
GSE57083,"""GSM1374949""",KEEP
GSE57083,"""GSM1374950""",KEEP
GSE57083,"""GSM1374951""",KEEP
GSE57083,"""GSM1374952""",KEEP
GSE57083,"""GSM1374953""",KEEP
GSE57083,"""GSM1374954""",KEEP
GSE57083,"""GSM1374955""",KEEP
GSE57083,"""GSM1374956""",KEEP
GSE57083,"""GSM1374957""",KEEP
GSE57083,"""GSM1374958""",KEEP
GSE57083,"""GSM1374959""",KEEP
GSE57083,"""GSM1374960""",KEEP
GSE57083,"""GSM1374961""",KEEP
GSE57083,"""GSM1374962""",KEEP
GSE57083,"""GSM1374963""",KEEP
GSE57083,"""GSM1374964""",KEEP
GSE57083,"""GSM1374965""",KEEP
GSE57083,"""GSM1374966""",KEEP
GSE57083,"""GSM1374967""",KEEP
GSE57083,"""GSM1374968""",KEEP
GSE57083,"""GSM1374969""",KEEP
GSE57083,"""GSM1374970""",KEEP
GSE57083,"""GSM1374971""",KEEP
GSE57083,"""GSM1374972""",KEEP
GSE57083,"""GSM1374973""",KEEP
GSE57083,"""GSM1374974""",KEEP
GSE57083,"""GSM1374975""",KEEP
GSE57083,"""GSM1374976""",KEEP
GSE57083,"""GSM1374977""",KEEP
GSE57083,"""GSM1374978""",KEEP
GSE57083,"""GSM1374979""",KEEP
GSE57083,"""GSM1374980""",KEEP
GSE57083,"""GSM1374981""",KEEP
GSE57083,"""GSM1374982""",KEEP
GSE57083,"""GSM1374983""",KEEP
GSE57083,"""GSM1374984""",KEEP
GSE57083,"""GSM1374985""",KEEP
GSE57083,"""GSM1374986""",KEEP
GSE57083,"""GSM1374987""",KEEP
GSE57083,"""GSM1374988""",KEEP
GSE57083,"""GSM1374989""",KEEP
GSE57083,"""GSM1374990""",KEEP
GSE57083,"""GSM1374991""",KEEP
GSE57083,"""GSM1374992""",KEEP
GSE57083,"""GSM1374993""",KEEP
GSE57083,"""GSM1374994""",KEEP
GSE57083,"""GSM1374995""",KEEP
GSE58049,"""GSM1400088""",KEEP
GSE58049,"""GSM1400089""",KEEP
GSE58049,"""GSM1400090""",KEEP
GSE58049,"""GSM1400091""",KEEP
GSE58049,"""GSM1400092""",KEEP
GSE58049,"""GSM1400093""",KEEP
GSE58049,"""GSM1400094""",KEEP
GSE58049,"""GSM1400095""",KEEP
GSE58049,"""GSM1400096""",KEEP
GSE58058,"""GSM1400236""",KEEP
GSE58058,"""GSM1400237""",KEEP
GSE58058,"""GSM1400238""",KEEP
GSE58058,"""GSM1400239""",KEEP
GSE58058,"""GSM1400240""",KEEP
GSE58058,"""GSM1400241""",KEEP
GSE58058,"""GSM1400242""",KEEP
GSE58058,"""GSM1400243""",KEEP
GSE58058,"""GSM1400244""",KEEP
GSE58058,"""GSM1400245""",KEEP
GSE58058,"""GSM1400246""",KEEP
GSE58058,"""GSM1400247""",KEEP
GSE5816,"""GSM134899""",KEEP
GSE5816,"""GSM134901""",KEEP
GSE5816,"""GSM134902""",KEEP
GSE5816,"""GSM134904""",KEEP
GSE5816,"""GSM134906""",KEEP
GSE5816,"""GSM134908""",KEEP
GSE5816,"""GSM134909""",KEEP
GSE5816,"""GSM134910""",KEEP
GSE5816,"""GSM134911""",KEEP
GSE5816,"""GSM134912""",KEEP
GSE5816,"""GSM134914""",KEEP
GSE5816,"""GSM134916""",KEEP
GSE5816,"""GSM134918""",KEEP
GSE5816,"""GSM134920""",KEEP
GSE5816,"""GSM134924""",KEEP
GSE5816,"""GSM134927""",KEEP
GSE5816,"""GSM134931""",KEEP
GSE5816,"""GSM134933""",KEEP
GSE5816,"""GSM134936""",KEEP
GSE5816,"""GSM134938""",KEEP
GSE5816,"""GSM134942""",KEEP
GSE5816,"""GSM134944""",KEEP
GSE5816,"""GSM134945""",KEEP
GSE5816,"""GSM134946""",KEEP
GSE5816,"""GSM134947""",KEEP
GSE5816,"""GSM134948""",KEEP
GSE5816,"""GSM134949""",KEEP
GSE5816,"""GSM134950""",KEEP
GSE5816,"""GSM134951""",KEEP
GSE5816,"""GSM154492""",KEEP
GSE5816,"""GSM154493""",KEEP
GSE5816,"""GSM154494""",KEEP
GSE5816,"""GSM154495""",KEEP
GSE5816,"""GSM154496""",KEEP
GSE5816,"""GSM154497""",KEEP
GSE5816,"""GSM154498""",KEEP
GSE5816,"""GSM155191""",KEEP
GSE5816,"""GSM155193""",KEEP
GSE5816,"""GSM155194""",KEEP
GSE5816,"""GSM155196""",KEEP
GSE5816,"""GSM155197""",KEEP
GSE5816,"""GSM155198""",KEEP
GSE5846,"""GSM136266""",KEEP
GSE5846,"""GSM136267""",KEEP
GSE5846,"""GSM136268""",KEEP
GSE5846,"""GSM136269""",KEEP
GSE5846,"""GSM136270""",KEEP
GSE5846,"""GSM136271""",KEEP
GSE5846,"""GSM136272""",KEEP
GSE5846,"""GSM136273""",KEEP
GSE5846,"""GSM136274""",KEEP
GSE5846,"""GSM136275""",KEEP
GSE5846,"""GSM136276""",KEEP
GSE5846,"""GSM136277""",KEEP
GSE5846,"""GSM136278""",KEEP
GSE5846,"""GSM136279""",KEEP
GSE5846,"""GSM136280""",KEEP
GSE5846,"""GSM136281""",KEEP
GSE5846,"""GSM136282""",KEEP
GSE5846,"""GSM136283""",KEEP
GSE5846,"""GSM136284""",KEEP
GSE5846,"""GSM136285""",KEEP
GSE5846,"""GSM136286""",KEEP
GSE5846,"""GSM136287""",KEEP
GSE5846,"""GSM136288""",KEEP
GSE5846,"""GSM136289""",KEEP
GSE5846,"""GSM136290""",KEEP
GSE5846,"""GSM136291""",KEEP
GSE5846,"""GSM136292""",KEEP
GSE5846,"""GSM136293""",KEEP
GSE5846,"""GSM136294""",KEEP
GSE5846,"""GSM136295""",KEEP
GSE5846,"""GSM136296""",KEEP
GSE5846,"""GSM136297""",KEEP
GSE5846,"""GSM136298""",KEEP
GSE5846,"""GSM136299""",KEEP
GSE5846,"""GSM136300""",KEEP
GSE5846,"""GSM136301""",KEEP
GSE5846,"""GSM136302""",KEEP
GSE5846,"""GSM136303""",KEEP
GSE5846,"""GSM136304""",KEEP
GSE5846,"""GSM136305""",KEEP
GSE5846,"""GSM136306""",KEEP
GSE5846,"""GSM136307""",KEEP
GSE5846,"""GSM136308""",KEEP
GSE5846,"""GSM136309""",KEEP
GSE5846,"""GSM136310""",KEEP
GSE5846,"""GSM136311""",KEEP
GSE5846,"""GSM136312""",KEEP
GSE5846,"""GSM136313""",KEEP
GSE5846,"""GSM136314""",KEEP
GSE5846,"""GSM136315""",KEEP
GSE5846,"""GSM136316""",KEEP
GSE5846,"""GSM136317""",KEEP
GSE5846,"""GSM136318""",KEEP
GSE5846,"""GSM136319""",KEEP
GSE5846,"""GSM136320""",KEEP
GSE5846,"""GSM136321""",KEEP
GSE5846,"""GSM136322""",KEEP
GSE5846,"""GSM136323""",KEEP
GSE5846,"""GSM136324""",KEEP
GSE5846,"""GSM136325""",KEEP
GSE58750,"""GSM1419071""",KEEP
GSE58750,"""GSM1419072""",KEEP
GSE58750,"""GSM1419073""",KEEP
GSE58750,"""GSM1419074""",KEEP
GSE58750,"""GSM1419075""",KEEP
GSE58750,"""GSM1419076""",KEEP
GSE58751,"""GSM1419077""",KEEP
GSE58751,"""GSM1419078""",KEEP
GSE58751,"""GSM1419079""",KEEP
GSE58751,"""GSM1419080""",KEEP
GSE58751,"""GSM1419081""",KEEP
GSE58751,"""GSM1419082""",KEEP
GSE59196,"""GSM1430151""",KEEP
GSE59196,"""GSM1430152""",KEEP
GSE59196,"""GSM1430153""",KEEP
GSE59196,"""GSM1430154""",KEEP
GSE59196,"""GSM1430155""",KEEP
GSE59196,"""GSM1430156""",KEEP
GSE59196,"""GSM1430157""",KEEP
GSE59196,"""GSM1430158""",KEEP
GSE59196,"""GSM1430159""",KEEP
GSE59196,"""GSM1430160""",KEEP
GSE59196,"""GSM1430161""",KEEP
GSE59196,"""GSM1430162""",KEEP
GSE59196,"""GSM1430163""",KEEP
GSE59196,"""GSM1430164""",KEEP
GSE59196,"""GSM1430165""",KEEP
GSE59196,"""GSM1430166""",KEEP
GSE59196,"""GSM1430167""",KEEP
GSE59196,"""GSM1430168""",KEEP
GSE59196,"""GSM1430169""",KEEP
GSE59196,"""GSM1430170""",KEEP
GSE59196,"""GSM1430171""",KEEP
GSE59196,"""GSM1430172""",KEEP
GSE59196,"""GSM1430173""",KEEP
GSE59196,"""GSM1430174""",KEEP
GSE60697,"""GSM1486028""",KEEP
GSE60697,"""GSM1486029""",KEEP
GSE60697,"""GSM1486030""",KEEP
GSE60697,"""GSM1486031""",KEEP
GSE60697,"""GSM1486032""",KEEP
GSE60697,"""GSM1486033""",KEEP
GSE60697,"""GSM1486034""",KEEP
GSE60697,"""GSM1486035""",KEEP
GSE60697,"""GSM1486036""",KEEP
GSE60697,"""GSM1486037""",KEEP
GSE60697,"""GSM1486038""",KEEP
GSE60697,"""GSM1486039""",KEEP
GSE60697,"""GSM1486040""",KEEP
GSE60697,"""GSM1486041""",KEEP
GSE60697,"""GSM1486042""",KEEP
GSE60697,"""GSM1486043""",KEEP
GSE60697,"""GSM1486044""",KEEP
GSE60697,"""GSM1486045""",KEEP
GSE60697,"""GSM1486046""",KEEP
GSE60697,"""GSM1486047""",KEEP
GSE62080,"""GSM1519418""",KEEP
GSE62080,"""GSM1519419""",KEEP
GSE62080,"""GSM1519420""",KEEP
GSE62080,"""GSM1519421""",KEEP
GSE62080,"""GSM1519422""",KEEP
GSE62080,"""GSM1519423""",KEEP
GSE62080,"""GSM1519424""",KEEP
GSE62080,"""GSM1519425""",KEEP
GSE62080,"""GSM1519426""",KEEP
GSE62080,"""GSM1519427""",KEEP
GSE62080,"""GSM1519428""",KEEP
GSE62080,"""GSM1519429""",KEEP
GSE62080,"""GSM1519430""",KEEP
GSE62080,"""GSM1519431""",KEEP
GSE62080,"""GSM1519432""",KEEP
GSE62080,"""GSM1519433""",KEEP
GSE62080,"""GSM1519434""",KEEP
GSE62080,"""GSM1519435""",KEEP
GSE62080,"""GSM1519436""",KEEP
GSE62080,"""GSM1519437""",KEEP
GSE62080,"""GSM1519438""",KEEP
GSE62253,"""GSM1523715""",KEEP
GSE62253,"""GSM1523716""",KEEP
GSE62253,"""GSM1523717""",KEEP
GSE62253,"""GSM1523718""",KEEP
GSE62253,"""GSM1523719""",KEEP
GSE62253,"""GSM1523720""",KEEP
GSE62253,"""GSM1523721""",KEEP
GSE62253,"""GSM1523722""",KEEP
GSE62253,"""GSM1523723""",KEEP
GSE62253,"""GSM1523724""",KEEP
GSE62253,"""GSM1523725""",KEEP
GSE62253,"""GSM1523726""",KEEP
GSE6272,"""GSM144265""",KEEP
GSE6272,"""GSM144266""",KEEP
GSE6272,"""GSM144267""",KEEP
GSE6272,"""GSM144268""",KEEP
GSE6272,"""GSM144269""",KEEP
GSE6272,"""GSM144270""",KEEP
GSE6272,"""GSM144271""",KEEP
GSE6272,"""GSM144272""",KEEP
GSE6272,"""GSM144273""",KEEP
GSE6272,"""GSM144274""",KEEP
GSE6272,"""GSM144275""",KEEP
GSE6272,"""GSM144276""",KEEP
GSE6272,"""GSM144277""",KEEP
GSE6272,"""GSM144278""",KEEP
GSE6272,"""GSM144279""",KEEP
GSE6272,"""GSM144280""",KEEP
GSE6272,"""GSM144281""",KEEP
GSE6272,"""GSM144282""",KEEP
GSE6272,"""GSM144283""",KEEP
GSE6272,"""GSM144284""",KEEP
GSE6272,"""GSM144285""",KEEP
GSE6272,"""GSM144286""",KEEP
GSE6272,"""GSM144287""",KEEP
GSE6272,"""GSM144288""",KEEP
GSE6272,"""GSM144289""",KEEP
GSE6272,"""GSM144290""",KEEP
GSE6272,"""GSM144291""",KEEP
GSE6272,"""GSM144292""",KEEP
GSE6272,"""GSM144293""",KEEP
GSE6272,"""GSM144294""",KEEP
GSE6272,"""GSM144295""",KEEP
GSE6272,"""GSM144296""",KEEP
GSE6272,"""GSM144297""",KEEP
GSE6272,"""GSM144298""",KEEP
GSE6272,"""GSM144299""",KEEP
GSE6272,"""GSM144300""",KEEP
GSE6274,"""GSM144377""",KEEP
GSE6274,"""GSM144378""",KEEP
GSE6274,"""GSM144379""",KEEP
GSE6274,"""GSM144380""",KEEP
GSE6274,"""GSM144381""",KEEP
GSE6274,"""GSM144382""",KEEP
GSE62932,"""GSM1536549""",KEEP
GSE62932,"""GSM1536550""",KEEP
GSE62932,"""GSM1536551""",KEEP
GSE62932,"""GSM1536552""",KEEP
GSE62932,"""GSM1536553""",KEEP
GSE62932,"""GSM1536554""",KEEP
GSE62932,"""GSM1536555""",KEEP
GSE62932,"""GSM1536556""",KEEP
GSE62932,"""GSM1536557""",KEEP
GSE62932,"""GSM1536558""",KEEP
GSE62932,"""GSM1536559""",KEEP
GSE62932,"""GSM1536560""",KEEP
GSE62932,"""GSM1536561""",KEEP
GSE62932,"""GSM1536562""",KEEP
GSE62932,"""GSM1536563""",KEEP
GSE62932,"""GSM1536564""",KEEP
GSE62932,"""GSM1536565""",KEEP
GSE62932,"""GSM1536566""",KEEP
GSE62932,"""GSM1536567""",KEEP
GSE62932,"""GSM1536568""",KEEP
GSE62932,"""GSM1536569""",KEEP
GSE62932,"""GSM1536570""",KEEP
GSE62932,"""GSM1536571""",KEEP
GSE62932,"""GSM1536572""",KEEP
GSE62932,"""GSM1536573""",KEEP
GSE62932,"""GSM1536574""",KEEP
GSE62932,"""GSM1536575""",KEEP
GSE62932,"""GSM1536576""",KEEP
GSE62932,"""GSM1536577""",KEEP
GSE62932,"""GSM1536578""",KEEP
GSE62932,"""GSM1536579""",KEEP
GSE62932,"""GSM1536580""",KEEP
GSE62932,"""GSM1536581""",KEEP
GSE62932,"""GSM1536582""",KEEP
GSE62932,"""GSM1536583""",KEEP
GSE62932,"""GSM1536584""",KEEP
GSE62932,"""GSM1536585""",KEEP
GSE62932,"""GSM1536586""",KEEP
GSE62932,"""GSM1536587""",KEEP
GSE62932,"""GSM1536588""",KEEP
GSE62932,"""GSM1536589""",KEEP
GSE62932,"""GSM1536590""",KEEP
GSE62932,"""GSM1536591""",KEEP
GSE62932,"""GSM1536592""",KEEP
GSE62932,"""GSM1536593""",KEEP
GSE62932,"""GSM1536594""",KEEP
GSE62932,"""GSM1536595""",KEEP
GSE62932,"""GSM1536596""",KEEP
GSE62932,"""GSM1536597""",KEEP
GSE62932,"""GSM1536598""",KEEP
GSE62932,"""GSM1536599""",KEEP
GSE62932,"""GSM1536600""",KEEP
GSE62932,"""GSM1536601""",KEEP
GSE62932,"""GSM1536602""",KEEP
GSE62932,"""GSM1536603""",KEEP
GSE62932,"""GSM1536604""",KEEP
GSE62932,"""GSM1536605""",KEEP
GSE62932,"""GSM1536606""",KEEP
GSE62932,"""GSM1536607""",KEEP
GSE62932,"""GSM1536608""",KEEP
GSE62932,"""GSM1536609""",KEEP
GSE62932,"""GSM1536610""",KEEP
GSE62932,"""GSM1536611""",KEEP
GSE62932,"""GSM1536612""",KEEP
GSE62932,"""GSM1536613""",KEEP
GSE62932,"""GSM1536614""",KEEP
GSE62932,"""GSM1536615""",KEEP
GSE62932,"""GSM1536616""",KEEP
GSE63252,"""GSM1544474""",KEEP
GSE63252,"""GSM1544475""",KEEP
GSE63252,"""GSM1544476""",KEEP
GSE63252,"""GSM1544477""",KEEP
GSE63252,"""GSM1544478""",KEEP
GSE63252,"""GSM1544479""",KEEP
GSE63252,"""GSM1544480""",KEEP
GSE63252,"""GSM1544481""",KEEP
GSE63252,"""GSM1544482""",KEEP
GSE63252,"""GSM1544483""",KEEP
GSE63252,"""GSM1544484""",KEEP
GSE63252,"""GSM1544485""",KEEP
GSE63252,"""GSM1544486""",KEEP
GSE63252,"""GSM1544487""",KEEP
GSE63252,"""GSM1544488""",KEEP
GSE63252,"""GSM1544489""",KEEP
GSE63252,"""GSM1544490""",KEEP
GSE63252,"""GSM1544491""",KEEP
GSE63252,"""GSM1544492""",KEEP
GSE63252,"""GSM1544493""",KEEP
GSE63252,"""GSM1544494""",KEEP
GSE63252,"""GSM1544495""",KEEP
GSE63252,"""GSM1544496""",KEEP
GSE63252,"""GSM1544497""",KEEP
GSE63252,"""GSM1544498""",KEEP
GSE63252,"""GSM1544499""",KEEP
GSE63252,"""GSM1544500""",KEEP
GSE63626,"""GSM1554131""",KEEP
GSE63626,"""GSM1554132""",REMOVE
GSE63626,"""GSM1554133""",REMOVE
GSE63626,"""GSM1554134""",REMOVE
GSE63626,"""GSM1554135""",KEEP
GSE63626,"""GSM1554136""",REMOVE
GSE63626,"""GSM1554137""",REMOVE
GSE63626,"""GSM1554138""",REMOVE
GSE63626,"""GSM1554139""",KEEP
GSE63626,"""GSM1554140""",KEEP
GSE63626,"""GSM1554141""",KEEP
GSE63626,"""GSM1554142""",KEEP
GSE63626,"""GSM1554143""",KEEP
GSE63626,"""GSM1554144""",KEEP
GSE63626,"""GSM1554145""",KEEP
GSE63626,"""GSM1554146""",KEEP
GSE63626,"""GSM1554147""",KEEP
GSE63626,"""GSM1554148""",KEEP
GSE63626,"""GSM1554149""",KEEP
GSE63626,"""GSM1554150""",KEEP
GSE63626,"""GSM1554151""",KEEP
GSE63626,"""GSM1554152""",KEEP
GSE63626,"""GSM1554153""",KEEP
GSE63626,"""GSM1554154""",KEEP
GSE63626,"""GSM1554155""",KEEP
GSE63626,"""GSM1554156""",KEEP
GSE63626,"""GSM1554157""",KEEP
GSE63626,"""GSM1554158""",KEEP
GSE63626,"""GSM1554159""",KEEP
GSE63626,"""GSM1554160""",KEEP
GSE63626,"""GSM1554161""",KEEP
GSE63626,"""GSM1554162""",KEEP
GSE63626,"""GSM1554163""",KEEP
GSE63626,"""GSM1554164""",KEEP
GSE63626,"""GSM1554165""",KEEP
GSE63626,"""GSM1554166""",KEEP
GSE63626,"""GSM1554167""",KEEP
GSE63626,"""GSM1554168""",KEEP
GSE63626,"""GSM1554169""",KEEP
GSE63626,"""GSM1554170""",KEEP
GSE63626,"""GSM1554171""",KEEP
GSE63626,"""GSM1554172""",KEEP
GSE63626,"""GSM1554173""",KEEP
GSE63626,"""GSM1554174""",KEEP
GSE63626,"""GSM1554175""",KEEP
GSE63626,"""GSM1554176""",KEEP
GSE63626,"""GSM1554177""",KEEP
GSE63626,"""GSM1554178""",KEEP
GSE63626,"""GSM1554179""",KEEP
GSE63626,"""GSM1554180""",KEEP
GSE63626,"""GSM1554181""",KEEP
GSE63626,"""GSM1554182""",KEEP
GSE63626,"""GSM1554183""",KEEP
GSE63626,"""GSM1554184""",KEEP
GSE63626,"""GSM1554185""",KEEP
GSE63626,"""GSM1554186""",KEEP
GSE63626,"""GSM1554187""",KEEP
GSE63626,"""GSM1554188""",KEEP
GSE63626,"""GSM1554189""",KEEP
GSE63626,"""GSM1554190""",KEEP
GSE63626,"""GSM1554191""",KEEP
GSE63626,"""GSM1554192""",KEEP
GSE63626,"""GSM1554193""",KEEP
GSE64256,"""GSM1567092""",REMOVE
GSE64256,"""GSM1567093""",REMOVE
GSE64256,"""GSM1567094""",REMOVE
GSE64256,"""GSM1567095""",REMOVE
GSE64256,"""GSM1567096""",REMOVE
GSE64256,"""GSM1567097""",REMOVE
GSE64256,"""GSM1567098""",REMOVE
GSE64256,"""GSM1567099""",REMOVE
GSE64256,"""GSM1567100""",REMOVE
GSE64256,"""GSM1567101""",REMOVE
GSE64256,"""GSM1567102""",REMOVE
GSE64256,"""GSM1567103""",REMOVE
GSE64256,"""GSM1567104""",REMOVE
GSE64256,"""GSM1567105""",REMOVE
GSE64256,"""GSM1567106""",REMOVE
GSE64256,"""GSM1567107""",REMOVE
GSE64256,"""GSM1567108""",REMOVE
GSE64256,"""GSM1567109""",REMOVE
GSE64256,"""GSM1567110""",REMOVE
GSE64256,"""GSM1567111""",REMOVE
GSE64256,"""GSM1567112""",REMOVE
GSE64256,"""GSM1567113""",REMOVE
GSE64256,"""GSM1567114""",REMOVE
GSE64256,"""GSM1567115""",REMOVE
GSE64256,"""GSM1567116""",REMOVE
GSE64256,"""GSM1567117""",REMOVE
GSE64256,"""GSM1567118""",REMOVE
GSE64256,"""GSM1567119""",REMOVE
GSE64256,"""GSM1567120""",REMOVE
GSE64256,"""GSM1567121""",REMOVE
GSE64256,"""GSM1567122""",REMOVE
GSE64256,"""GSM1567123""",REMOVE
GSE64256,"""GSM1567124""",REMOVE
GSE64256,"""GSM1567125""",REMOVE
GSE64256,"""GSM1567126""",REMOVE
GSE64256,"""GSM1567127""",REMOVE
GSE64256,"""GSM1567128""",KEEP
GSE64256,"""GSM1567129""",KEEP
GSE64256,"""GSM1567130""",KEEP
GSE64256,"""GSM1567131""",KEEP
GSE64256,"""GSM1567132""",KEEP
GSE64256,"""GSM1567133""",KEEP
GSE64256,"""GSM1567134""",KEEP
GSE64256,"""GSM1567135""",KEEP
GSE64256,"""GSM1567136""",KEEP
GSE64256,"""GSM1567137""",REMOVE
GSE64256,"""GSM1567138""",KEEP
GSE64256,"""GSM1567139""",KEEP
GSE64256,"""GSM1567140""",KEEP
GSE64256,"""GSM1567141""",KEEP
GSE64256,"""GSM1567142""",KEEP
GSE64256,"""GSM1567143""",KEEP
GSE64256,"""GSM1567144""",KEEP
GSE64256,"""GSM1567145""",KEEP
GSE64256,"""GSM1567146""",KEEP
GSE64256,"""GSM1567147""",KEEP
GSE64256,"""GSM1567148""",KEEP
GSE64256,"""GSM1567149""",KEEP
GSE64256,"""GSM1567150""",KEEP
GSE64256,"""GSM1567151""",KEEP
GSE64256,"""GSM1567152""",KEEP
GSE64256,"""GSM1567153""",KEEP
GSE64256,"""GSM1567154""",KEEP
GSE64256,"""GSM1567155""",KEEP
GSE64256,"""GSM1567156""",KEEP
GSE64256,"""GSM1567157""",KEEP
GSE64256,"""GSM1567158""",KEEP
GSE64256,"""GSM1567159""",KEEP
GSE64256,"""GSM1567160""",KEEP
GSE64256,"""GSM1567161""",KEEP
GSE64256,"""GSM1567162""",KEEP
GSE64256,"""GSM1567163""",KEEP
GSE64256,"""GSM1567164""",KEEP
GSE64256,"""GSM1567165""",KEEP
GSE64256,"""GSM1567166""",KEEP
GSE64256,"""GSM1567167""",KEEP
GSE64256,"""GSM1567168""",KEEP
GSE64256,"""GSM1567169""",KEEP
GSE64256,"""GSM1567170""",KEEP
GSE64256,"""GSM1567171""",KEEP
GSE64256,"""GSM1567172""",KEEP
GSE64256,"""GSM1567173""",KEEP
GSE64256,"""GSM1567174""",REMOVE
GSE64256,"""GSM1567175""",KEEP
GSE64256,"""GSM1567176""",REMOVE
GSE64256,"""GSM1567177""",KEEP
GSE64256,"""GSM1567178""",KEEP
GSE64256,"""GSM1567179""",KEEP
GSE64256,"""GSM1567180""",REMOVE
GSE64256,"""GSM1567181""",REMOVE
GSE64256,"""GSM1567182""",REMOVE
GSE64256,"""GSM1567183""",REMOVE
GSE64256,"""GSM1567184""",REMOVE
GSE64256,"""GSM1567185""",REMOVE
GSE64256,"""GSM1567186""",REMOVE
GSE64256,"""GSM1567187""",REMOVE
GSE64256,"""GSM1567188""",REMOVE
GSE64256,"""GSM1567189""",REMOVE
GSE64256,"""GSM1567190""",REMOVE
GSE64256,"""GSM1567191""",REMOVE
GSE64256,"""GSM1567192""",REMOVE
GSE64256,"""GSM1567193""",REMOVE
GSE64256,"""GSM1567194""",REMOVE
GSE64256,"""GSM1567195""",REMOVE
GSE64256,"""GSM1567196""",REMOVE
GSE64256,"""GSM1567197""",REMOVE
GSE64256,"""GSM1567198""",REMOVE
GSE64256,"""GSM1567199""",REMOVE
GSE64256,"""GSM1567200""",REMOVE
GSE64256,"""GSM1567201""",REMOVE
GSE64256,"""GSM1567202""",REMOVE
GSE64256,"""GSM1567203""",REMOVE
GSE64256,"""GSM1567204""",REMOVE
GSE64256,"""GSM1567205""",REMOVE
GSE64256,"""GSM1567206""",REMOVE
GSE64256,"""GSM1567207""",REMOVE
GSE64256,"""GSM1567208""",REMOVE
GSE64256,"""GSM1567209""",REMOVE
GSE64256,"""GSM1567210""",REMOVE
GSE64256,"""GSM1567211""",REMOVE
GSE64256,"""GSM1567212""",REMOVE
GSE64256,"""GSM1567213""",REMOVE
GSE64256,"""GSM1567214""",REMOVE
GSE64256,"""GSM1567215""",REMOVE
GSE64256,"""GSM1567216""",REMOVE
GSE64385,"""GSM1570043""",KEEP
GSE64385,"""GSM1570044""",KEEP
GSE64385,"""GSM1570045""",KEEP
GSE64385,"""GSM1570046""",KEEP
GSE64385,"""GSM1570047""",KEEP
GSE64385,"""GSM1570048""",KEEP
GSE64385,"""GSM1570049""",KEEP
GSE64385,"""GSM1570050""",KEEP
GSE64385,"""GSM1570051""",KEEP
GSE64385,"""GSM1570052""",KEEP
GSE64385,"""GSM1570053""",KEEP
GSE64385,"""GSM1570054""",KEEP
GSE64857,"""GSM1581684""",KEEP
GSE64857,"""GSM1581685""",KEEP
GSE64857,"""GSM1581686""",KEEP
GSE64857,"""GSM1581687""",KEEP
GSE64857,"""GSM1581688""",KEEP
GSE64857,"""GSM1581689""",KEEP
GSE64857,"""GSM1581690""",KEEP
GSE64857,"""GSM1581691""",KEEP
GSE64857,"""GSM1581692""",KEEP
GSE64857,"""GSM1581693""",KEEP
GSE64857,"""GSM1581694""",KEEP
GSE64857,"""GSM1581695""",KEEP
GSE64857,"""GSM1581696""",KEEP
GSE64857,"""GSM1581697""",KEEP
GSE64857,"""GSM1581698""",KEEP
GSE64857,"""GSM1581699""",KEEP
GSE64857,"""GSM1581700""",KEEP
GSE64857,"""GSM1581701""",KEEP
GSE64857,"""GSM1581702""",KEEP
GSE64857,"""GSM1581703""",KEEP
GSE64857,"""GSM1581704""",KEEP
GSE64857,"""GSM1581705""",KEEP
GSE64857,"""GSM1581706""",KEEP
GSE64857,"""GSM1581707""",KEEP
GSE64857,"""GSM1581708""",KEEP
GSE64857,"""GSM1581709""",KEEP
GSE64857,"""GSM1581710""",KEEP
GSE64857,"""GSM1581711""",KEEP
GSE64857,"""GSM1581712""",KEEP
GSE64857,"""GSM1581713""",KEEP
GSE64857,"""GSM1581714""",KEEP
GSE64857,"""GSM1581715""",KEEP
GSE64857,"""GSM1581716""",KEEP
GSE64857,"""GSM1581717""",KEEP
GSE64857,"""GSM1581718""",KEEP
GSE64857,"""GSM1581719""",KEEP
GSE64857,"""GSM1581720""",KEEP
GSE64857,"""GSM1581721""",KEEP
GSE64857,"""GSM1581722""",KEEP
GSE64857,"""GSM1581723""",KEEP
GSE64857,"""GSM1581724""",KEEP
GSE64857,"""GSM1581725""",KEEP
GSE64857,"""GSM1581726""",KEEP
GSE64857,"""GSM1581727""",KEEP
GSE64857,"""GSM1581728""",KEEP
GSE64857,"""GSM1581729""",KEEP
GSE64857,"""GSM1581730""",KEEP
GSE64857,"""GSM1581731""",KEEP
GSE64857,"""GSM1581732""",KEEP
GSE64857,"""GSM1581733""",KEEP
GSE64857,"""GSM1581734""",KEEP
GSE64857,"""GSM1581735""",KEEP
GSE64857,"""GSM1581736""",KEEP
GSE64857,"""GSM1581737""",KEEP
GSE64857,"""GSM1581738""",KEEP
GSE64857,"""GSM1581739""",KEEP
GSE64857,"""GSM1581740""",KEEP
GSE64857,"""GSM1581741""",KEEP
GSE64857,"""GSM1581742""",KEEP
GSE64857,"""GSM1581743""",KEEP
GSE64857,"""GSM1581744""",KEEP
GSE64857,"""GSM1581745""",KEEP
GSE64857,"""GSM1581746""",KEEP
GSE64857,"""GSM1581747""",KEEP
GSE64857,"""GSM1581748""",KEEP
GSE64857,"""GSM1581749""",KEEP
GSE64857,"""GSM1581750""",KEEP
GSE64857,"""GSM1581751""",KEEP
GSE64857,"""GSM1581752""",KEEP
GSE64857,"""GSM1581753""",KEEP
GSE64857,"""GSM1581754""",KEEP
GSE64857,"""GSM1581755""",KEEP
GSE64857,"""GSM1581756""",KEEP
GSE64857,"""GSM1581757""",KEEP
GSE64857,"""GSM1581758""",KEEP
GSE64857,"""GSM1581759""",KEEP
GSE64857,"""GSM1581760""",KEEP
GSE64857,"""GSM1581761""",KEEP
GSE64857,"""GSM1581762""",KEEP
GSE64857,"""GSM1581763""",KEEP
GSE64857,"""GSM1581764""",KEEP
GSE6518,"""GSM149849""",KEEP
GSE6518,"""GSM149850""",KEEP
GSE6518,"""GSM149852""",KEEP
GSE6518,"""GSM149853""",KEEP
GSE6518,"""GSM149856""",KEEP
GSE6518,"""GSM149857""",KEEP
GSE6518,"""GSM149858""",KEEP
GSE6518,"""GSM149859""",KEEP
GSE6518,"""GSM149860""",KEEP
GSE65222,"""GSM1590287""",KEEP
GSE65222,"""GSM1590288""",KEEP
GSE65222,"""GSM1590289""",KEEP
GSE65222,"""GSM1590290""",KEEP
GSE65222,"""GSM1590291""",KEEP
GSE65222,"""GSM1590292""",KEEP
GSE6695,"""GSM154492""",REMOVE
GSE6695,"""GSM154493""",REMOVE
GSE6695,"""GSM154494""",REMOVE
GSE6695,"""GSM154495""",REMOVE
GSE6695,"""GSM154496""",REMOVE
GSE6695,"""GSM154497""",REMOVE
GSE6695,"""GSM154498""",REMOVE
GSE66983,"""GSM1635474""",KEEP
GSE66983,"""GSM1635475""",KEEP
GSE66983,"""GSM1635476""",KEEP
GSE66983,"""GSM1635477""",KEEP
GSE66983,"""GSM1635478""",KEEP
GSE66983,"""GSM1635479""",KEEP
GSE66983,"""GSM1635480""",KEEP
GSE66983,"""GSM1635481""",KEEP
GSE67338,"""GSM1645019""",KEEP
GSE67338,"""GSM1645020""",KEEP
GSE67338,"""GSM1645021""",KEEP
GSE67338,"""GSM1645022""",KEEP
GSE67338,"""GSM1645023""",KEEP
GSE67338,"""GSM1645024""",KEEP
GSE67342,"""GSM1645100""",KEEP
GSE67342,"""GSM1645101""",KEEP
GSE67342,"""GSM1645102""",KEEP
GSE67342,"""GSM1645103""",KEEP
GSE67342,"""GSM1645104""",KEEP
GSE67342,"""GSM1645105""",KEEP
GSE67342,"""GSM1645106""",KEEP
GSE67342,"""GSM1645107""",KEEP
GSE67342,"""GSM1645108""",KEEP
GSE67342,"""GSM1645109""",KEEP
GSE67342,"""GSM1645110""",KEEP
GSE67342,"""GSM1645111""",KEEP
GSE69639,"""GSM1705127""",KEEP
GSE69639,"""GSM1705128""",KEEP
GSE69639,"""GSM1705129""",KEEP
GSE69639,"""GSM1705130""",KEEP
GSE69639,"""GSM1705131""",KEEP
GSE69639,"""GSM1705132""",KEEP
GSE69639,"""GSM1705133""",KEEP
GSE69639,"""GSM1705134""",KEEP
GSE69639,"""GSM1705135""",KEEP
GSE69639,"""GSM1705136""",KEEP
GSE69639,"""GSM1705137""",KEEP
GSE69639,"""GSM1705138""",KEEP
GSE69639,"""GSM1705139""",KEEP
GSE69639,"""GSM1705140""",KEEP
GSE69639,"""GSM1705141""",KEEP
GSE69639,"""GSM1705142""",KEEP
GSE69639,"""GSM1705143""",KEEP
GSE69639,"""GSM1705144""",KEEP
GSE69639,"""GSM1705145""",KEEP
GSE69639,"""GSM1705146""",KEEP
GSE69639,"""GSM1705147""",KEEP
GSE69639,"""GSM1705148""",KEEP
GSE69639,"""GSM1705149""",KEEP
GSE69639,"""GSM1705150""",KEEP
GSE69639,"""GSM1705151""",KEEP
GSE69639,"""GSM1705152""",KEEP
GSE69639,"""GSM1705153""",KEEP
GSE69639,"""GSM1705154""",KEEP
GSE69639,"""GSM1705155""",KEEP
GSE69639,"""GSM1705156""",KEEP
GSE69639,"""GSM1705157""",KEEP
GSE69639,"""GSM1705158""",KEEP
GSE69639,"""GSM1705159""",KEEP
GSE69639,"""GSM1705160""",KEEP
GSE69639,"""GSM1705161""",KEEP
GSE69639,"""GSM1705162""",KEEP
GSE69639,"""GSM1705163""",KEEP
GSE69639,"""GSM1705164""",KEEP
GSE69639,"""GSM1705165""",KEEP
GSE69639,"""GSM1705166""",KEEP
GSE69639,"""GSM1705167""",KEEP
GSE69639,"""GSM1705168""",KEEP
GSE69639,"""GSM1705169""",KEEP
GSE69639,"""GSM1705170""",KEEP
GSE69639,"""GSM1705171""",KEEP
GSE69639,"""GSM1705172""",KEEP
GSE69639,"""GSM1705173""",KEEP
GSE69639,"""GSM1705174""",KEEP
GSE69639,"""GSM1705175""",KEEP
GSE69639,"""GSM1705176""",KEEP
GSE69639,"""GSM1705177""",KEEP
GSE69639,"""GSM1705178""",KEEP
GSE69639,"""GSM1705179""",KEEP
GSE69639,"""GSM1705180""",KEEP
GSE69657,"""GSM1705389""",KEEP
GSE69657,"""GSM1705390""",KEEP
GSE69657,"""GSM1705391""",KEEP
GSE69657,"""GSM1705392""",KEEP
GSE69657,"""GSM1705393""",KEEP
GSE69657,"""GSM1705394""",KEEP
GSE69657,"""GSM1705395""",KEEP
GSE69657,"""GSM1705396""",KEEP
GSE69657,"""GSM1705397""",KEEP
GSE69657,"""GSM1705398""",KEEP
GSE69657,"""GSM1705399""",KEEP
GSE69657,"""GSM1705400""",KEEP
GSE69657,"""GSM1705401""",KEEP
GSE69657,"""GSM1705402""",KEEP
GSE69657,"""GSM1705403""",KEEP
GSE69657,"""GSM1705404""",KEEP
GSE69657,"""GSM1705405""",KEEP
GSE69657,"""GSM1705406""",KEEP
GSE69657,"""GSM1705407""",KEEP
GSE69657,"""GSM1705408""",KEEP
GSE69657,"""GSM1705409""",KEEP
GSE69657,"""GSM1705410""",KEEP
GSE69657,"""GSM1705411""",KEEP
GSE69657,"""GSM1705412""",KEEP
GSE69657,"""GSM1705413""",KEEP
GSE69657,"""GSM1705414""",KEEP
GSE69657,"""GSM1705415""",KEEP
GSE69657,"""GSM1705416""",KEEP
GSE69657,"""GSM1705417""",KEEP
GSE69657,"""GSM1705418""",KEEP
GSE70540,"""GSM1808777""",KEEP
GSE70540,"""GSM1808778""",KEEP
GSE70540,"""GSM1808779""",KEEP
GSE70540,"""GSM1808780""",KEEP
GSE70540,"""GSM1808781""",KEEP
GSE70540,"""GSM1808782""",KEEP
GSE70540,"""GSM1808783""",KEEP
GSE70540,"""GSM1808784""",KEEP
GSE70540,"""GSM1808785""",KEEP
GSE70540,"""GSM1808786""",KEEP
GSE70540,"""GSM1808787""",KEEP
GSE70540,"""GSM1808788""",KEEP
GSE70915,"""GSM1821853""",KEEP
GSE70915,"""GSM1821854""",KEEP
GSE70915,"""GSM1821855""",KEEP
GSE70915,"""GSM1821856""",KEEP
GSE70915,"""GSM1821857""",KEEP
GSE70915,"""GSM1821858""",KEEP
GSE70915,"""GSM1821859""",KEEP
GSE70915,"""GSM1821860""",KEEP
GSE70915,"""GSM1821861""",KEEP
GSE70915,"""GSM1821862""",KEEP
GSE70915,"""GSM1821863""",KEEP
GSE70915,"""GSM1821864""",KEEP
GSE70976,"""GSM1824432""",KEEP
GSE70976,"""GSM1824433""",KEEP
GSE70976,"""GSM1824434""",KEEP
GSE70976,"""GSM1824435""",KEEP
GSE70976,"""GSM1824436""",KEEP
GSE70976,"""GSM1824437""",KEEP
GSE70976,"""GSM1824438""",KEEP
GSE70976,"""GSM1824439""",KEEP
GSE70976,"""GSM1824440""",KEEP
GSE70976,"""GSM1824441""",KEEP
GSE71222,"""GSM1830790""",REMOVE
GSE71222,"""GSM1830791""",REMOVE
GSE71222,"""GSM1830792""",REMOVE
GSE71222,"""GSM1830793""",REMOVE
GSE71222,"""GSM1830794""",REMOVE
GSE71222,"""GSM1830795""",REMOVE
GSE71222,"""GSM1830796""",REMOVE
GSE71222,"""GSM1830797""",REMOVE
GSE71222,"""GSM1830798""",REMOVE
GSE71222,"""GSM1830799""",REMOVE
GSE71222,"""GSM1830800""",REMOVE
GSE71222,"""GSM1830801""",REMOVE
GSE71222,"""GSM1830802""",REMOVE
GSE71222,"""GSM1830803""",REMOVE
GSE71222,"""GSM1830804""",REMOVE
GSE71222,"""GSM1830805""",REMOVE
GSE71222,"""GSM1830806""",REMOVE
GSE71222,"""GSM1830807""",REMOVE
GSE71222,"""GSM1830808""",REMOVE
GSE71222,"""GSM1830809""",REMOVE
GSE71222,"""GSM1830810""",REMOVE
GSE71222,"""GSM1830811""",REMOVE
GSE71222,"""GSM1830812""",REMOVE
GSE71222,"""GSM1830813""",REMOVE
GSE71222,"""GSM1830814""",REMOVE
GSE71222,"""GSM1830815""",REMOVE
GSE71222,"""GSM1830816""",REMOVE
GSE71222,"""GSM1830817""",REMOVE
GSE71222,"""GSM1830818""",REMOVE
GSE71222,"""GSM1830819""",REMOVE
GSE71222,"""GSM1830820""",REMOVE
GSE71222,"""GSM1830821""",REMOVE
GSE71222,"""GSM1830822""",REMOVE
GSE71222,"""GSM1830823""",REMOVE
GSE71222,"""GSM1830824""",REMOVE
GSE71222,"""GSM1830825""",REMOVE
GSE71222,"""GSM1830826""",REMOVE
GSE71222,"""GSM1830827""",REMOVE
GSE71222,"""GSM1830828""",REMOVE
GSE71222,"""GSM1830829""",REMOVE
GSE71222,"""GSM1830830""",REMOVE
GSE71222,"""GSM1830831""",REMOVE
GSE71222,"""GSM1830832""",REMOVE
GSE71222,"""GSM1830833""",KEEP
GSE71222,"""GSM1830834""",REMOVE
GSE71222,"""GSM1830835""",REMOVE
GSE71222,"""GSM1830836""",REMOVE
GSE71222,"""GSM1830837""",KEEP
GSE71222,"""GSM1830838""",REMOVE
GSE71222,"""GSM1830839""",REMOVE
GSE71222,"""GSM1830840""",REMOVE
GSE71222,"""GSM1830841""",KEEP
GSE71222,"""GSM1830842""",REMOVE
GSE71222,"""GSM1830843""",REMOVE
GSE71222,"""GSM1830844""",REMOVE
GSE71222,"""GSM1830845""",REMOVE
GSE71222,"""GSM1830846""",REMOVE
GSE71222,"""GSM1830847""",KEEP
GSE71222,"""GSM1830848""",KEEP
GSE71222,"""GSM1830849""",REMOVE
GSE71222,"""GSM1830850""",KEEP
GSE71222,"""GSM1830851""",KEEP
GSE71222,"""GSM1830852""",REMOVE
GSE71222,"""GSM1830853""",REMOVE
GSE71222,"""GSM1830854""",REMOVE
GSE71222,"""GSM1830855""",REMOVE
GSE71222,"""GSM1830856""",KEEP
GSE71222,"""GSM1830857""",REMOVE
GSE71222,"""GSM1830858""",REMOVE
GSE71222,"""GSM1830859""",REMOVE
GSE71222,"""GSM1830860""",REMOVE
GSE71222,"""GSM1830861""",REMOVE
GSE71222,"""GSM1830862""",REMOVE
GSE71222,"""GSM1830863""",REMOVE
GSE71222,"""GSM1830864""",REMOVE
GSE71222,"""GSM1830865""",REMOVE
GSE71222,"""GSM1830866""",REMOVE
GSE71222,"""GSM1830867""",REMOVE
GSE71222,"""GSM1830868""",REMOVE
GSE71222,"""GSM1830869""",REMOVE
GSE71222,"""GSM1830870""",REMOVE
GSE71222,"""GSM1830871""",REMOVE
GSE71222,"""GSM1830872""",REMOVE
GSE71222,"""GSM1830873""",REMOVE
GSE71222,"""GSM1830874""",REMOVE
GSE71222,"""GSM1830875""",REMOVE
GSE71222,"""GSM1830876""",REMOVE
GSE71222,"""GSM1830877""",REMOVE
GSE71222,"""GSM1830878""",REMOVE
GSE71222,"""GSM1830879""",REMOVE
GSE71222,"""GSM1830880""",KEEP
GSE71222,"""GSM1830881""",KEEP
GSE71222,"""GSM1830882""",REMOVE
GSE71222,"""GSM1830883""",REMOVE
GSE71222,"""GSM1830884""",REMOVE
GSE71222,"""GSM1830885""",REMOVE
GSE71222,"""GSM1830886""",REMOVE
GSE71222,"""GSM1830887""",REMOVE
GSE71222,"""GSM1830888""",KEEP
GSE71222,"""GSM1830889""",REMOVE
GSE71222,"""GSM1830890""",REMOVE
GSE71222,"""GSM1830891""",REMOVE
GSE71222,"""GSM1830892""",REMOVE
GSE71222,"""GSM1830893""",REMOVE
GSE71222,"""GSM1830894""",REMOVE
GSE71222,"""GSM1830895""",REMOVE
GSE71222,"""GSM1830896""",REMOVE
GSE71222,"""GSM1830897""",REMOVE
GSE71222,"""GSM1830898""",REMOVE
GSE71222,"""GSM1830899""",REMOVE
GSE71222,"""GSM1830900""",REMOVE
GSE71222,"""GSM1830901""",REMOVE
GSE71222,"""GSM1830902""",REMOVE
GSE71222,"""GSM1830903""",REMOVE
GSE71222,"""GSM1830904""",REMOVE
GSE71222,"""GSM1830905""",REMOVE
GSE71222,"""GSM1830906""",REMOVE
GSE71222,"""GSM1830907""",REMOVE
GSE71222,"""GSM1830908""",REMOVE
GSE71222,"""GSM1830909""",REMOVE
GSE71222,"""GSM1830910""",REMOVE
GSE71222,"""GSM1830911""",REMOVE
GSE71222,"""GSM1830912""",REMOVE
GSE71222,"""GSM1830913""",REMOVE
GSE71222,"""GSM1830914""",REMOVE
GSE71222,"""GSM1830915""",REMOVE
GSE71222,"""GSM1830916""",REMOVE
GSE71222,"""GSM1830917""",REMOVE
GSE71222,"""GSM1830918""",REMOVE
GSE71222,"""GSM1830919""",REMOVE
GSE71222,"""GSM1830920""",REMOVE
GSE71222,"""GSM1830921""",REMOVE
GSE71222,"""GSM1830922""",REMOVE
GSE71222,"""GSM1830923""",REMOVE
GSE71222,"""GSM1830924""",REMOVE
GSE71222,"""GSM1830925""",REMOVE
GSE71222,"""GSM1830926""",REMOVE
GSE71222,"""GSM1830927""",REMOVE
GSE71222,"""GSM1830928""",REMOVE
GSE71222,"""GSM1830929""",REMOVE
GSE71222,"""GSM1830930""",REMOVE
GSE71222,"""GSM1830931""",REMOVE
GSE71222,"""GSM1830932""",REMOVE
GSE71222,"""GSM1830933""",REMOVE
GSE71222,"""GSM1830934""",REMOVE
GSE71222,"""GSM1830935""",REMOVE
GSE71222,"""GSM1830936""",REMOVE
GSE71222,"""GSM1830937""",REMOVE
GSE71222,"""GSM1830938""",REMOVE
GSE71222,"""GSM1830939""",REMOVE
GSE71222,"""GSM1830940""",REMOVE
GSE71222,"""GSM1830941""",REMOVE
GSE71571,"""GSM1838607""",KEEP
GSE71571,"""GSM1838608""",KEEP
GSE71571,"""GSM1838609""",KEEP
GSE71571,"""GSM1838610""",KEEP
GSE71571,"""GSM1838611""",KEEP
GSE71571,"""GSM1838612""",KEEP
GSE71571,"""GSM1838613""",KEEP
GSE71571,"""GSM1838614""",KEEP
GSE71571,"""GSM1838615""",KEEP
GSE71571,"""GSM1838616""",KEEP
GSE71571,"""GSM1838617""",KEEP
GSE71571,"""GSM1838618""",KEEP
GSE71571,"""GSM1838619""",KEEP
GSE71571,"""GSM1838620""",KEEP
GSE71571,"""GSM1838621""",KEEP
GSE71571,"""GSM1838622""",KEEP
GSE71571,"""GSM1838623""",KEEP
GSE71571,"""GSM1838624""",KEEP
GSE71571,"""GSM1838625""",KEEP
GSE71571,"""GSM1838626""",KEEP
GSE71571,"""GSM1838627""",KEEP
GSE71571,"""GSM1838628""",KEEP
GSE71571,"""GSM1838629""",KEEP
GSE71571,"""GSM1838630""",KEEP
GSE71571,"""GSM1838631""",KEEP
GSE71571,"""GSM1838632""",KEEP
GSE71571,"""GSM1838633""",KEEP
GSE71571,"""GSM1838634""",KEEP
GSE71571,"""GSM1838635""",KEEP
GSE71571,"""GSM1838636""",KEEP
GSE71571,"""GSM1838637""",KEEP
GSE71571,"""GSM1838638""",KEEP
GSE71571,"""GSM1838639""",KEEP
GSE71571,"""GSM1838640""",KEEP
GSE71571,"""GSM1838641""",KEEP
GSE71571,"""GSM1838642""",KEEP
GSE71571,"""GSM1838643""",KEEP
GSE71571,"""GSM1838644""",KEEP
GSE71571,"""GSM1838645""",KEEP
GSE71571,"""GSM1838646""",KEEP
GSE71571,"""GSM1838647""",KEEP
GSE71571,"""GSM1838648""",KEEP
GSE71571,"""GSM1838649""",KEEP
GSE71571,"""GSM1838650""",KEEP
GSE71571,"""GSM1838651""",KEEP
GSE71571,"""GSM1838652""",KEEP
GSE71571,"""GSM1838653""",KEEP
GSE71571,"""GSM1838654""",KEEP
GSE71571,"""GSM1838655""",KEEP
GSE71571,"""GSM1838656""",KEEP
GSE71571,"""GSM1838657""",KEEP
GSE71571,"""GSM1838658""",KEEP
GSE71571,"""GSM1838659""",KEEP
GSE71571,"""GSM1838660""",KEEP
GSE71571,"""GSM1838661""",KEEP
GSE71571,"""GSM1838662""",KEEP
GSE71571,"""GSM1838663""",KEEP
GSE71571,"""GSM1838664""",KEEP
GSE71571,"""GSM1838665""",KEEP
GSE71571,"""GSM1838666""",KEEP
GSE71571,"""GSM1838667""",KEEP
GSE71571,"""GSM1838668""",KEEP
GSE71571,"""GSM1838669""",KEEP
GSE71571,"""GSM1838670""",KEEP
GSE71571,"""GSM1838671""",KEEP
GSE71571,"""GSM1838672""",KEEP
GSE71571,"""GSM1838673""",KEEP
GSE71571,"""GSM1838674""",KEEP
GSE71571,"""GSM1838675""",KEEP
GSE71571,"""GSM1838676""",KEEP
GSE71571,"""GSM1838677""",KEEP
GSE71571,"""GSM1838678""",KEEP
GSE71571,"""GSM1838679""",KEEP
GSE71571,"""GSM1838680""",KEEP
GSE71571,"""GSM1838681""",KEEP
GSE71571,"""GSM1838682""",KEEP
GSE71571,"""GSM1838683""",KEEP
GSE71571,"""GSM1838684""",KEEP
GSE71571,"""GSM1838685""",KEEP
GSE71571,"""GSM1838686""",KEEP
GSE71571,"""GSM1838687""",KEEP
GSE71571,"""GSM1838688""",KEEP
GSE71571,"""GSM1838689""",KEEP
GSE71571,"""GSM1838690""",KEEP
GSE71571,"""GSM1838691""",KEEP
GSE71571,"""GSM1838692""",KEEP
GSE71571,"""GSM1838693""",KEEP
GSE71571,"""GSM1838694""",KEEP
GSE71571,"""GSM1838695""",KEEP
GSE71571,"""GSM1838696""",KEEP
GSE71571,"""GSM1838697""",KEEP
GSE71571,"""GSM1838698""",KEEP
GSE71571,"""GSM1838699""",KEEP
GSE71571,"""GSM1838700""",KEEP
GSE71571,"""GSM1838701""",KEEP
GSE71571,"""GSM1838702""",KEEP
GSE71571,"""GSM1838703""",KEEP
GSE71571,"""GSM1838704""",KEEP
GSE71571,"""GSM1838705""",KEEP
GSE71571,"""GSM1838706""",KEEP
GSE71571,"""GSM1838707""",KEEP
GSE71571,"""GSM1838708""",KEEP
GSE71571,"""GSM1838709""",KEEP
GSE71571,"""GSM1838710""",KEEP
GSE71571,"""GSM1838711""",KEEP
GSE71571,"""GSM1838712""",KEEP
GSE71571,"""GSM1838713""",KEEP
GSE71571,"""GSM1838714""",KEEP
GSE71571,"""GSM1838715""",KEEP
GSE71571,"""GSM1838716""",KEEP
GSE71571,"""GSM1838717""",KEEP
GSE71571,"""GSM1838718""",KEEP
GSE71571,"""GSM1838719""",KEEP
GSE71571,"""GSM1838720""",KEEP
GSE71571,"""GSM1838721""",KEEP
GSE71571,"""GSM1838722""",KEEP
GSE71571,"""GSM1838723""",KEEP
GSE71571,"""GSM1838724""",KEEP
GSE71571,"""GSM1838725""",KEEP
GSE71571,"""GSM1838726""",KEEP
GSE71571,"""GSM1838727""",KEEP
GSE71571,"""GSM1838728""",KEEP
GSE71571,"""GSM1838729""",KEEP
GSE71571,"""GSM1838730""",KEEP
GSE71571,"""GSM1838731""",KEEP
GSE71571,"""GSM1838732""",KEEP
GSE71571,"""GSM1838733""",KEEP
GSE71571,"""GSM1838734""",KEEP
GSE71571,"""GSM1838735""",KEEP
GSE71571,"""GSM1838736""",KEEP
GSE71571,"""GSM1838737""",KEEP
GSE71571,"""GSM1838738""",KEEP
GSE71571,"""GSM1838739""",KEEP
GSE71571,"""GSM1838740""",KEEP
GSE71571,"""GSM1838741""",KEEP
GSE71571,"""GSM1838742""",KEEP
GSE71571,"""GSM1838743""",KEEP
GSE71571,"""GSM1838744""",KEEP
GSE71571,"""GSM1838745""",KEEP
GSE71571,"""GSM1838746""",KEEP
GSE71571,"""GSM1838747""",KEEP
GSE71571,"""GSM1838748""",KEEP
GSE71571,"""GSM1838749""",KEEP
GSE71571,"""GSM1838750""",KEEP
GSE71571,"""GSM1838751""",KEEP
GSE71571,"""GSM1838752""",KEEP
GSE71571,"""GSM1838753""",KEEP
GSE71571,"""GSM1838754""",KEEP
GSE71571,"""GSM1838755""",KEEP
GSE71571,"""GSM1838756""",KEEP
GSE71571,"""GSM1838757""",KEEP
GSE71571,"""GSM1838758""",KEEP
GSE71571,"""GSM1838759""",KEEP
GSE71571,"""GSM1838760""",KEEP
GSE71571,"""GSM1838761""",KEEP
GSE71571,"""GSM1838762""",KEEP
GSE71571,"""GSM1838763""",KEEP
GSE71571,"""GSM1838764""",KEEP
GSE71571,"""GSM1838765""",KEEP
GSE71571,"""GSM1838766""",KEEP
GSE71571,"""GSM1838767""",KEEP
GSE71571,"""GSM1838768""",KEEP
GSE71571,"""GSM1838769""",KEEP
GSE71571,"""GSM1838770""",KEEP
GSE71571,"""GSM1838771""",KEEP
GSE71571,"""GSM1838772""",KEEP
GSE71571,"""GSM1838773""",KEEP
GSE71571,"""GSM1838774""",KEEP
GSE71571,"""GSM1838775""",KEEP
GSE71571,"""GSM1838776""",KEEP
GSE71571,"""GSM1838777""",KEEP
GSE71571,"""GSM1838778""",KEEP
GSE71571,"""GSM1838779""",KEEP
GSE71571,"""GSM1838780""",KEEP
GSE71571,"""GSM1838781""",KEEP
GSE71571,"""GSM1838782""",KEEP
GSE7161,"""GSM172451""",KEEP
GSE7161,"""GSM172452""",KEEP
GSE7161,"""GSM172453""",KEEP
GSE7161,"""GSM172454""",KEEP
GSE7161,"""GSM172455""",KEEP
GSE7161,"""GSM172456""",KEEP
GSE7161,"""GSM172457""",KEEP
GSE7161,"""GSM172458""",KEEP
GSE7161,"""GSM172459""",KEEP
GSE7161,"""GSM172460""",KEEP
GSE7161,"""GSM172461""",KEEP
GSE7161,"""GSM172462""",KEEP
GSE7208,"""GSM173320""",KEEP
GSE7208,"""GSM173321""",KEEP
GSE7208,"""GSM173322""",KEEP
GSE7208,"""GSM173323""",KEEP
GSE7208,"""GSM173324""",KEEP
GSE7208,"""GSM173325""",KEEP
GSE7208,"""GSM173326""",KEEP
GSE7208,"""GSM173327""",KEEP
GSE7208,"""GSM173328""",KEEP
GSE7208,"""GSM173329""",KEEP
GSE7208,"""GSM173330""",KEEP
GSE7208,"""GSM173331""",KEEP
GSE7208,"""GSM173332""",KEEP
GSE7208,"""GSM173333""",KEEP
GSE7208,"""GSM173334""",KEEP
GSE7208,"""GSM173335""",KEEP
GSE7208,"""GSM173336""",KEEP
GSE7208,"""GSM173337""",KEEP
GSE7208,"""GSM173338""",KEEP
GSE7208,"""GSM173339""",KEEP
GSE7208,"""GSM173340""",KEEP
GSE7208,"""GSM173341""",KEEP
GSE7208,"""GSM173342""",KEEP
GSE7208,"""GSM173343""",KEEP
GSE7208,"""GSM173344""",KEEP
GSE7208,"""GSM173345""",KEEP
GSE7208,"""GSM173346""",KEEP
GSE7208,"""GSM173347""",KEEP
GSE7208,"""GSM173348""",KEEP
GSE7208,"""GSM173349""",KEEP
GSE7208,"""GSM173350""",KEEP
GSE7208,"""GSM173351""",KEEP
GSE7208,"""GSM173352""",KEEP
GSE7208,"""GSM173353""",KEEP
GSE7208,"""GSM173354""",KEEP
GSE7208,"""GSM173355""",KEEP
GSE7208,"""GSM173356""",KEEP
GSE7208,"""GSM173357""",KEEP
GSE7208,"""GSM173358""",KEEP
GSE7208,"""GSM173359""",KEEP
GSE7208,"""GSM173360""",KEEP
GSE7208,"""GSM173361""",KEEP
GSE7208,"""GSM173362""",KEEP
GSE7208,"""GSM173363""",KEEP
GSE7208,"""GSM173364""",KEEP
GSE7208,"""GSM173365""",KEEP
GSE7208,"""GSM173366""",KEEP
GSE7208,"""GSM173367""",KEEP
GSE7208,"""GSM173368""",KEEP
GSE7208,"""GSM173369""",KEEP
GSE7208,"""GSM173370""",KEEP
GSE7208,"""GSM173371""",KEEP
GSE7208,"""GSM173372""",KEEP
GSE7208,"""GSM173373""",KEEP
GSE7208,"""GSM173374""",KEEP
GSE7208,"""GSM173375""",KEEP
GSE7208,"""GSM173376""",KEEP
GSE7208,"""GSM173377""",KEEP
GSE7208,"""GSM173378""",KEEP
GSE72968,"""GSM1875897""",KEEP
GSE72968,"""GSM1875898""",KEEP
GSE72968,"""GSM1875899""",KEEP
GSE72968,"""GSM1875900""",KEEP
GSE72968,"""GSM1875901""",KEEP
GSE72968,"""GSM1875902""",KEEP
GSE72968,"""GSM1875903""",KEEP
GSE72968,"""GSM1875904""",KEEP
GSE72968,"""GSM1875905""",KEEP
GSE72968,"""GSM1875906""",KEEP
GSE72968,"""GSM1875907""",KEEP
GSE72968,"""GSM1875908""",KEEP
GSE72968,"""GSM1875909""",KEEP
GSE72968,"""GSM1875910""",KEEP
GSE72968,"""GSM1875911""",KEEP
GSE72968,"""GSM1875912""",KEEP
GSE72968,"""GSM1875913""",KEEP
GSE72968,"""GSM1875914""",KEEP
GSE72968,"""GSM1875915""",KEEP
GSE72968,"""GSM1875916""",KEEP
GSE72968,"""GSM1875917""",KEEP
GSE72968,"""GSM1875918""",KEEP
GSE72968,"""GSM1875919""",KEEP
GSE72968,"""GSM1875920""",KEEP
GSE72968,"""GSM1875921""",REMOVE
GSE72968,"""GSM1875922""",KEEP
GSE72968,"""GSM1875923""",KEEP
GSE72968,"""GSM1875924""",KEEP
GSE72968,"""GSM1875925""",KEEP
GSE72968,"""GSM1875926""",KEEP
GSE72968,"""GSM1875927""",KEEP
GSE72968,"""GSM1875928""",KEEP
GSE72968,"""GSM1875929""",KEEP
GSE72968,"""GSM1875930""",KEEP
GSE72968,"""GSM1875931""",KEEP
GSE72968,"""GSM1875932""",KEEP
GSE72968,"""GSM1875933""",KEEP
GSE72968,"""GSM1875934""",KEEP
GSE72968,"""GSM1875935""",KEEP
GSE72968,"""GSM1875936""",KEEP
GSE72968,"""GSM1875937""",KEEP
GSE72968,"""GSM1875938""",REMOVE
GSE72968,"""GSM1875939""",KEEP
GSE72968,"""GSM1875940""",REMOVE
GSE72968,"""GSM1875941""",KEEP
GSE72968,"""GSM1875942""",KEEP
GSE72968,"""GSM1875943""",KEEP
GSE72968,"""GSM1875944""",KEEP
GSE72968,"""GSM1875945""",KEEP
GSE72968,"""GSM1875946""",KEEP
GSE72968,"""GSM1875947""",KEEP
GSE72968,"""GSM1875948""",KEEP
GSE72968,"""GSM1875949""",KEEP
GSE72968,"""GSM1875950""",KEEP
GSE72968,"""GSM1875951""",KEEP
GSE72968,"""GSM1875952""",KEEP
GSE72968,"""GSM1875953""",KEEP
GSE72968,"""GSM1875954""",KEEP
GSE72968,"""GSM1875955""",KEEP
GSE72968,"""GSM1875956""",KEEP
GSE72968,"""GSM1875957""",KEEP
GSE72968,"""GSM1875958""",KEEP
GSE72968,"""GSM1875959""",KEEP
GSE72968,"""GSM1875960""",KEEP
GSE72968,"""GSM1875961""",KEEP
GSE72968,"""GSM1875962""",KEEP
GSE72968,"""GSM1875963""",KEEP
GSE72968,"""GSM1875964""",KEEP
GSE72969,"""GSM1875965""",KEEP
GSE72969,"""GSM1875966""",KEEP
GSE72969,"""GSM1875967""",KEEP
GSE72969,"""GSM1875968""",KEEP
GSE72969,"""GSM1875969""",KEEP
GSE72969,"""GSM1875970""",KEEP
GSE72969,"""GSM1875971""",KEEP
GSE72969,"""GSM1875972""",KEEP
GSE72969,"""GSM1875973""",KEEP
GSE72969,"""GSM1875974""",KEEP
GSE72969,"""GSM1875975""",KEEP
GSE72969,"""GSM1875976""",KEEP
GSE72969,"""GSM1875977""",KEEP
GSE72969,"""GSM1875978""",KEEP
GSE72969,"""GSM1875979""",KEEP
GSE72969,"""GSM1875980""",KEEP
GSE72969,"""GSM1875981""",KEEP
GSE72969,"""GSM1875982""",KEEP
GSE72969,"""GSM1875983""",KEEP
GSE72969,"""GSM1875984""",KEEP
GSE72969,"""GSM1875985""",KEEP
GSE72969,"""GSM1875986""",KEEP
GSE72969,"""GSM1875987""",KEEP
GSE72969,"""GSM1875988""",KEEP
GSE72969,"""GSM1875989""",KEEP
GSE72969,"""GSM1875990""",KEEP
GSE72969,"""GSM1875991""",KEEP
GSE72969,"""GSM1875992""",KEEP
GSE72969,"""GSM1875993""",KEEP
GSE72969,"""GSM1875994""",KEEP
GSE72969,"""GSM1875995""",KEEP
GSE72969,"""GSM1875996""",KEEP
GSE72969,"""GSM1875997""",KEEP
GSE72969,"""GSM1875998""",KEEP
GSE72969,"""GSM1875999""",KEEP
GSE72969,"""GSM1876000""",KEEP
GSE72969,"""GSM1876001""",KEEP
GSE72969,"""GSM1876002""",KEEP
GSE72969,"""GSM1876003""",KEEP
GSE72969,"""GSM1876004""",KEEP
GSE72969,"""GSM1876005""",KEEP
GSE72969,"""GSM1876006""",KEEP
GSE72969,"""GSM1876007""",KEEP
GSE72969,"""GSM1876008""",KEEP
GSE72969,"""GSM1876009""",KEEP
GSE72969,"""GSM1876010""",KEEP
GSE72969,"""GSM1876011""",KEEP
GSE72969,"""GSM1876012""",KEEP
GSE72969,"""GSM1876013""",KEEP
GSE72969,"""GSM1876014""",KEEP
GSE72969,"""GSM1876015""",KEEP
GSE72969,"""GSM1876016""",KEEP
GSE72969,"""GSM1876017""",KEEP
GSE72969,"""GSM1876018""",KEEP
GSE72969,"""GSM1876019""",KEEP
GSE72969,"""GSM1876020""",KEEP
GSE72970,"""GSM1875897""",REMOVE
GSE72970,"""GSM1875898""",REMOVE
GSE72970,"""GSM1875899""",REMOVE
GSE72970,"""GSM1875900""",REMOVE
GSE72970,"""GSM1875901""",REMOVE
GSE72970,"""GSM1875902""",REMOVE
GSE72970,"""GSM1875903""",REMOVE
GSE72970,"""GSM1875904""",REMOVE
GSE72970,"""GSM1875905""",REMOVE
GSE72970,"""GSM1875906""",REMOVE
GSE72970,"""GSM1875907""",REMOVE
GSE72970,"""GSM1875908""",REMOVE
GSE72970,"""GSM1875909""",REMOVE
GSE72970,"""GSM1875910""",REMOVE
GSE72970,"""GSM1875911""",REMOVE
GSE72970,"""GSM1875912""",REMOVE
GSE72970,"""GSM1875913""",REMOVE
GSE72970,"""GSM1875914""",REMOVE
GSE72970,"""GSM1875915""",REMOVE
GSE72970,"""GSM1875916""",REMOVE
GSE72970,"""GSM1875917""",REMOVE
GSE72970,"""GSM1875918""",REMOVE
GSE72970,"""GSM1875919""",REMOVE
GSE72970,"""GSM1875920""",REMOVE
GSE72970,"""GSM1875921""",REMOVE
GSE72970,"""GSM1875922""",REMOVE
GSE72970,"""GSM1875923""",REMOVE
GSE72970,"""GSM1875924""",REMOVE
GSE72970,"""GSM1875925""",REMOVE
GSE72970,"""GSM1875926""",REMOVE
GSE72970,"""GSM1875927""",REMOVE
GSE72970,"""GSM1875928""",REMOVE
GSE72970,"""GSM1875929""",REMOVE
GSE72970,"""GSM1875930""",REMOVE
GSE72970,"""GSM1875931""",REMOVE
GSE72970,"""GSM1875932""",REMOVE
GSE72970,"""GSM1875933""",REMOVE
GSE72970,"""GSM1875934""",REMOVE
GSE72970,"""GSM1875935""",REMOVE
GSE72970,"""GSM1875936""",REMOVE
GSE72970,"""GSM1875937""",REMOVE
GSE72970,"""GSM1875938""",REMOVE
GSE72970,"""GSM1875939""",REMOVE
GSE72970,"""GSM1875940""",REMOVE
GSE72970,"""GSM1875941""",REMOVE
GSE72970,"""GSM1875942""",REMOVE
GSE72970,"""GSM1875943""",REMOVE
GSE72970,"""GSM1875944""",REMOVE
GSE72970,"""GSM1875945""",REMOVE
GSE72970,"""GSM1875946""",REMOVE
GSE72970,"""GSM1875947""",REMOVE
GSE72970,"""GSM1875948""",REMOVE
GSE72970,"""GSM1875949""",REMOVE
GSE72970,"""GSM1875950""",REMOVE
GSE72970,"""GSM1875951""",REMOVE
GSE72970,"""GSM1875952""",REMOVE
GSE72970,"""GSM1875953""",REMOVE
GSE72970,"""GSM1875954""",REMOVE
GSE72970,"""GSM1875955""",REMOVE
GSE72970,"""GSM1875956""",REMOVE
GSE72970,"""GSM1875957""",REMOVE
GSE72970,"""GSM1875958""",REMOVE
GSE72970,"""GSM1875959""",REMOVE
GSE72970,"""GSM1875960""",REMOVE
GSE72970,"""GSM1875961""",REMOVE
GSE72970,"""GSM1875962""",REMOVE
GSE72970,"""GSM1875963""",REMOVE
GSE72970,"""GSM1875964""",REMOVE
GSE72970,"""GSM1875965""",REMOVE
GSE72970,"""GSM1875966""",REMOVE
GSE72970,"""GSM1875967""",REMOVE
GSE72970,"""GSM1875968""",REMOVE
GSE72970,"""GSM1875969""",REMOVE
GSE72970,"""GSM1875970""",REMOVE
GSE72970,"""GSM1875971""",REMOVE
GSE72970,"""GSM1875972""",REMOVE
GSE72970,"""GSM1875973""",REMOVE
GSE72970,"""GSM1875974""",REMOVE
GSE72970,"""GSM1875975""",REMOVE
GSE72970,"""GSM1875976""",REMOVE
GSE72970,"""GSM1875977""",REMOVE
GSE72970,"""GSM1875978""",REMOVE
GSE72970,"""GSM1875979""",REMOVE
GSE72970,"""GSM1875980""",REMOVE
GSE72970,"""GSM1875981""",REMOVE
GSE72970,"""GSM1875982""",REMOVE
GSE72970,"""GSM1875983""",REMOVE
GSE72970,"""GSM1875984""",REMOVE
GSE72970,"""GSM1875985""",REMOVE
GSE72970,"""GSM1875986""",REMOVE
GSE72970,"""GSM1875987""",REMOVE
GSE72970,"""GSM1875988""",REMOVE
GSE72970,"""GSM1875989""",REMOVE
GSE72970,"""GSM1875990""",REMOVE
GSE72970,"""GSM1875991""",REMOVE
GSE72970,"""GSM1875992""",REMOVE
GSE72970,"""GSM1875993""",REMOVE
GSE72970,"""GSM1875994""",REMOVE
GSE72970,"""GSM1875995""",REMOVE
GSE72970,"""GSM1875996""",REMOVE
GSE72970,"""GSM1875997""",REMOVE
GSE72970,"""GSM1875998""",REMOVE
GSE72970,"""GSM1875999""",REMOVE
GSE72970,"""GSM1876000""",REMOVE
GSE72970,"""GSM1876001""",REMOVE
GSE72970,"""GSM1876002""",REMOVE
GSE72970,"""GSM1876003""",REMOVE
GSE72970,"""GSM1876004""",REMOVE
GSE72970,"""GSM1876005""",REMOVE
GSE72970,"""GSM1876006""",REMOVE
GSE72970,"""GSM1876007""",REMOVE
GSE72970,"""GSM1876008""",REMOVE
GSE72970,"""GSM1876009""",REMOVE
GSE72970,"""GSM1876010""",REMOVE
GSE72970,"""GSM1876011""",REMOVE
GSE72970,"""GSM1876012""",REMOVE
GSE72970,"""GSM1876013""",REMOVE
GSE72970,"""GSM1876014""",REMOVE
GSE72970,"""GSM1876015""",REMOVE
GSE72970,"""GSM1876016""",REMOVE
GSE72970,"""GSM1876017""",REMOVE
GSE72970,"""GSM1876018""",REMOVE
GSE72970,"""GSM1876019""",REMOVE
GSE72970,"""GSM1876020""",REMOVE
GSE7307,"""GSM175786""",KEEP
GSE7307,"""GSM175787""",KEEP
GSE7307,"""GSM175788""",KEEP
GSE7307,"""GSM175789""",KEEP
GSE7307,"""GSM175790""",KEEP
GSE7307,"""GSM175791""",KEEP
GSE7307,"""GSM175792""",KEEP
GSE7307,"""GSM175793""",KEEP
GSE7307,"""GSM175794""",KEEP
GSE7307,"""GSM175795""",KEEP
GSE7307,"""GSM175796""",KEEP
GSE7307,"""GSM175797""",KEEP
GSE7307,"""GSM175798""",KEEP
GSE7307,"""GSM175799""",KEEP
GSE7307,"""GSM175800""",KEEP
GSE7307,"""GSM175801""",KEEP
GSE7307,"""GSM175802""",KEEP
GSE7307,"""GSM175803""",KEEP
GSE7307,"""GSM175804""",KEEP
GSE7307,"""GSM175805""",KEEP
GSE7307,"""GSM175806""",KEEP
GSE7307,"""GSM175807""",KEEP
GSE7307,"""GSM175808""",KEEP
GSE7307,"""GSM175809""",KEEP
GSE7307,"""GSM175810""",KEEP
GSE7307,"""GSM175811""",KEEP
GSE7307,"""GSM175812""",KEEP
GSE7307,"""GSM175813""",KEEP
GSE7307,"""GSM175814""",KEEP
GSE7307,"""GSM175815""",KEEP
GSE7307,"""GSM175816""",KEEP
GSE7307,"""GSM175817""",KEEP
GSE7307,"""GSM175818""",KEEP
GSE7307,"""GSM175819""",KEEP
GSE7307,"""GSM175820""",KEEP
GSE7307,"""GSM175821""",KEEP
GSE7307,"""GSM175822""",KEEP
GSE7307,"""GSM175823""",KEEP
GSE7307,"""GSM175824""",KEEP
GSE7307,"""GSM175825""",KEEP
GSE7307,"""GSM175826""",KEEP
GSE7307,"""GSM175827""",KEEP
GSE7307,"""GSM175828""",KEEP
GSE7307,"""GSM175829""",KEEP
GSE7307,"""GSM175830""",KEEP
GSE7307,"""GSM175831""",KEEP
GSE7307,"""GSM175832""",KEEP
GSE7307,"""GSM175833""",KEEP
GSE7307,"""GSM175834""",KEEP
GSE7307,"""GSM175835""",KEEP
GSE7307,"""GSM175836""",KEEP
GSE7307,"""GSM175837""",KEEP
GSE7307,"""GSM175838""",KEEP
GSE7307,"""GSM175839""",KEEP
GSE7307,"""GSM175840""",KEEP
GSE7307,"""GSM175841""",KEEP
GSE7307,"""GSM175842""",KEEP
GSE7307,"""GSM175843""",KEEP
GSE7307,"""GSM175844""",KEEP
GSE7307,"""GSM175845""",KEEP
GSE7307,"""GSM175846""",KEEP
GSE7307,"""GSM175847""",KEEP
GSE7307,"""GSM175848""",KEEP
GSE7307,"""GSM175849""",KEEP
GSE7307,"""GSM175850""",KEEP
GSE7307,"""GSM175851""",KEEP
GSE7307,"""GSM175852""",KEEP
GSE7307,"""GSM175853""",KEEP
GSE7307,"""GSM175854""",KEEP
GSE7307,"""GSM175855""",KEEP
GSE7307,"""GSM175856""",KEEP
GSE7307,"""GSM175857""",KEEP
GSE7307,"""GSM175858""",KEEP
GSE7307,"""GSM175859""",KEEP
GSE7307,"""GSM175860""",KEEP
GSE7307,"""GSM175861""",KEEP
GSE7307,"""GSM175862""",KEEP
GSE7307,"""GSM175863""",KEEP
GSE7307,"""GSM175864""",KEEP
GSE7307,"""GSM175865""",KEEP
GSE7307,"""GSM175866""",KEEP
GSE7307,"""GSM175867""",KEEP
GSE7307,"""GSM175868""",KEEP
GSE7307,"""GSM175869""",KEEP
GSE7307,"""GSM175870""",KEEP
GSE7307,"""GSM175871""",KEEP
GSE7307,"""GSM175872""",KEEP
GSE7307,"""GSM175873""",KEEP
GSE7307,"""GSM175874""",KEEP
GSE7307,"""GSM175875""",KEEP
GSE7307,"""GSM175876""",KEEP
GSE7307,"""GSM175877""",KEEP
GSE7307,"""GSM175878""",KEEP
GSE7307,"""GSM175879""",KEEP
GSE7307,"""GSM175880""",KEEP
GSE7307,"""GSM175881""",KEEP
GSE7307,"""GSM175882""",KEEP
GSE7307,"""GSM175883""",KEEP
GSE7307,"""GSM175884""",KEEP
GSE7307,"""GSM175885""",KEEP
GSE7307,"""GSM175886""",KEEP
GSE7307,"""GSM175887""",KEEP
GSE7307,"""GSM175888""",KEEP
GSE7307,"""GSM175889""",KEEP
GSE7307,"""GSM175890""",KEEP
GSE7307,"""GSM175891""",KEEP
GSE7307,"""GSM175892""",KEEP
GSE7307,"""GSM175893""",KEEP
GSE7307,"""GSM175894""",KEEP
GSE7307,"""GSM175895""",KEEP
GSE7307,"""GSM175896""",KEEP
GSE7307,"""GSM175897""",KEEP
GSE7307,"""GSM175898""",KEEP
GSE7307,"""GSM175899""",KEEP
GSE7307,"""GSM175900""",KEEP
GSE7307,"""GSM175901""",KEEP
GSE7307,"""GSM175902""",KEEP
GSE7307,"""GSM175903""",KEEP
GSE7307,"""GSM175904""",KEEP
GSE7307,"""GSM175905""",KEEP
GSE7307,"""GSM175906""",KEEP
GSE7307,"""GSM175907""",KEEP
GSE7307,"""GSM175908""",KEEP
GSE7307,"""GSM175909""",KEEP
GSE7307,"""GSM175910""",KEEP
GSE7307,"""GSM175911""",KEEP
GSE7307,"""GSM175912""",KEEP
GSE7307,"""GSM175913""",KEEP
GSE7307,"""GSM175914""",KEEP
GSE7307,"""GSM175915""",KEEP
GSE7307,"""GSM175916""",KEEP
GSE7307,"""GSM175917""",KEEP
GSE7307,"""GSM175918""",KEEP
GSE7307,"""GSM175919""",KEEP
GSE7307,"""GSM175920""",KEEP
GSE7307,"""GSM175921""",KEEP
GSE7307,"""GSM175922""",KEEP
GSE7307,"""GSM175923""",KEEP
GSE7307,"""GSM175924""",KEEP
GSE7307,"""GSM175925""",KEEP
GSE7307,"""GSM175926""",KEEP
GSE7307,"""GSM175927""",KEEP
GSE7307,"""GSM175928""",KEEP
GSE7307,"""GSM175929""",KEEP
GSE7307,"""GSM175930""",KEEP
GSE7307,"""GSM175931""",KEEP
GSE7307,"""GSM175932""",KEEP
GSE7307,"""GSM175933""",KEEP
GSE7307,"""GSM175934""",KEEP
GSE7307,"""GSM175935""",KEEP
GSE7307,"""GSM175936""",KEEP
GSE7307,"""GSM175937""",KEEP
GSE7307,"""GSM175938""",KEEP
GSE7307,"""GSM175939""",KEEP
GSE7307,"""GSM175940""",KEEP
GSE7307,"""GSM175941""",KEEP
GSE7307,"""GSM175942""",KEEP
GSE7307,"""GSM175943""",KEEP
GSE7307,"""GSM175944""",KEEP
GSE7307,"""GSM175945""",KEEP
GSE7307,"""GSM175946""",KEEP
GSE7307,"""GSM175947""",KEEP
GSE7307,"""GSM175948""",KEEP
GSE7307,"""GSM175949""",KEEP
GSE7307,"""GSM175950""",KEEP
GSE7307,"""GSM175951""",KEEP
GSE7307,"""GSM175952""",KEEP
GSE7307,"""GSM175953""",KEEP
GSE7307,"""GSM175954""",KEEP
GSE7307,"""GSM175955""",KEEP
GSE7307,"""GSM175956""",KEEP
GSE7307,"""GSM175957""",KEEP
GSE7307,"""GSM175958""",KEEP
GSE7307,"""GSM175959""",KEEP
GSE7307,"""GSM175960""",KEEP
GSE7307,"""GSM175961""",KEEP
GSE7307,"""GSM175962""",KEEP
GSE7307,"""GSM175963""",KEEP
GSE7307,"""GSM175964""",KEEP
GSE7307,"""GSM175965""",KEEP
GSE7307,"""GSM175966""",KEEP
GSE7307,"""GSM175967""",KEEP
GSE7307,"""GSM175968""",KEEP
GSE7307,"""GSM175969""",KEEP
GSE7307,"""GSM175970""",KEEP
GSE7307,"""GSM175971""",KEEP
GSE7307,"""GSM175972""",KEEP
GSE7307,"""GSM175973""",KEEP
GSE7307,"""GSM175974""",KEEP
GSE7307,"""GSM175975""",KEEP
GSE7307,"""GSM175976""",KEEP
GSE7307,"""GSM175977""",KEEP
GSE7307,"""GSM175978""",KEEP
GSE7307,"""GSM175979""",KEEP
GSE7307,"""GSM175980""",KEEP
GSE7307,"""GSM175981""",KEEP
GSE7307,"""GSM175982""",KEEP
GSE7307,"""GSM175983""",KEEP
GSE7307,"""GSM175984""",KEEP
GSE7307,"""GSM175985""",KEEP
GSE7307,"""GSM175987""",KEEP
GSE7307,"""GSM175988""",KEEP
GSE7307,"""GSM175989""",KEEP
GSE7307,"""GSM175990""",KEEP
GSE7307,"""GSM175991""",KEEP
GSE7307,"""GSM175992""",KEEP
GSE7307,"""GSM175993""",KEEP
GSE7307,"""GSM175994""",KEEP
GSE7307,"""GSM175995""",KEEP
GSE7307,"""GSM175996""",KEEP
GSE7307,"""GSM175997""",KEEP
GSE7307,"""GSM175998""",KEEP
GSE7307,"""GSM175999""",KEEP
GSE7307,"""GSM176000""",KEEP
GSE7307,"""GSM176001""",KEEP
GSE7307,"""GSM176002""",KEEP
GSE7307,"""GSM176003""",KEEP
GSE7307,"""GSM176004""",KEEP
GSE7307,"""GSM176005""",KEEP
GSE7307,"""GSM176006""",KEEP
GSE7307,"""GSM176007""",KEEP
GSE7307,"""GSM176008""",KEEP
GSE7307,"""GSM176009""",KEEP
GSE7307,"""GSM176010""",KEEP
GSE7307,"""GSM176011""",KEEP
GSE7307,"""GSM176012""",KEEP
GSE7307,"""GSM176013""",KEEP
GSE7307,"""GSM176014""",KEEP
GSE7307,"""GSM176015""",KEEP
GSE7307,"""GSM176016""",KEEP
GSE7307,"""GSM176017""",KEEP
GSE7307,"""GSM176018""",KEEP
GSE7307,"""GSM176019""",KEEP
GSE7307,"""GSM176020""",KEEP
GSE7307,"""GSM176021""",KEEP
GSE7307,"""GSM176022""",KEEP
GSE7307,"""GSM176023""",KEEP
GSE7307,"""GSM176024""",KEEP
GSE7307,"""GSM176025""",KEEP
GSE7307,"""GSM176026""",KEEP
GSE7307,"""GSM176027""",KEEP
GSE7307,"""GSM176028""",KEEP
GSE7307,"""GSM176029""",KEEP
GSE7307,"""GSM176030""",KEEP
GSE7307,"""GSM176031""",KEEP
GSE7307,"""GSM176032""",KEEP
GSE7307,"""GSM176033""",KEEP
GSE7307,"""GSM176034""",KEEP
GSE7307,"""GSM176035""",KEEP
GSE7307,"""GSM176036""",KEEP
GSE7307,"""GSM176037""",KEEP
GSE7307,"""GSM176038""",KEEP
GSE7307,"""GSM176039""",KEEP
GSE7307,"""GSM176040""",KEEP
GSE7307,"""GSM176041""",KEEP
GSE7307,"""GSM176042""",KEEP
GSE7307,"""GSM176043""",KEEP
GSE7307,"""GSM176044""",KEEP
GSE7307,"""GSM176045""",KEEP
GSE7307,"""GSM176046""",KEEP
GSE7307,"""GSM176047""",KEEP
GSE7307,"""GSM176048""",KEEP
GSE7307,"""GSM176049""",KEEP
GSE7307,"""GSM176050""",KEEP
GSE7307,"""GSM176051""",KEEP
GSE7307,"""GSM176052""",KEEP
GSE7307,"""GSM176053""",KEEP
GSE7307,"""GSM176054""",KEEP
GSE7307,"""GSM176055""",KEEP
GSE7307,"""GSM176056""",KEEP
GSE7307,"""GSM176057""",KEEP
GSE7307,"""GSM176058""",KEEP
GSE7307,"""GSM176059""",KEEP
GSE7307,"""GSM176060""",KEEP
GSE7307,"""GSM176061""",KEEP
GSE7307,"""GSM176062""",KEEP
GSE7307,"""GSM176063""",KEEP
GSE7307,"""GSM176064""",KEEP
GSE7307,"""GSM176065""",KEEP
GSE7307,"""GSM176066""",KEEP
GSE7307,"""GSM176067""",KEEP
GSE7307,"""GSM176068""",KEEP
GSE7307,"""GSM176069""",KEEP
GSE7307,"""GSM176070""",KEEP
GSE7307,"""GSM176071""",KEEP
GSE7307,"""GSM176072""",KEEP
GSE7307,"""GSM176073""",KEEP
GSE7307,"""GSM176074""",KEEP
GSE7307,"""GSM176075""",KEEP
GSE7307,"""GSM176076""",KEEP
GSE7307,"""GSM176077""",KEEP
GSE7307,"""GSM176078""",KEEP
GSE7307,"""GSM176079""",KEEP
GSE7307,"""GSM176080""",KEEP
GSE7307,"""GSM176081""",KEEP
GSE7307,"""GSM176082""",KEEP
GSE7307,"""GSM176083""",KEEP
GSE7307,"""GSM176084""",KEEP
GSE7307,"""GSM176085""",KEEP
GSE7307,"""GSM176086""",KEEP
GSE7307,"""GSM176087""",KEEP
GSE7307,"""GSM176088""",KEEP
GSE7307,"""GSM176089""",KEEP
GSE7307,"""GSM176090""",KEEP
GSE7307,"""GSM176091""",KEEP
GSE7307,"""GSM176092""",KEEP
GSE7307,"""GSM176093""",KEEP
GSE7307,"""GSM176094""",KEEP
GSE7307,"""GSM176095""",KEEP
GSE7307,"""GSM176096""",KEEP
GSE7307,"""GSM176097""",KEEP
GSE7307,"""GSM176098""",KEEP
GSE7307,"""GSM176099""",KEEP
GSE7307,"""GSM176100""",KEEP
GSE7307,"""GSM176101""",KEEP
GSE7307,"""GSM176102""",KEEP
GSE7307,"""GSM176103""",KEEP
GSE7307,"""GSM176104""",KEEP
GSE7307,"""GSM176105""",KEEP
GSE7307,"""GSM176106""",KEEP
GSE7307,"""GSM176107""",KEEP
GSE7307,"""GSM176108""",KEEP
GSE7307,"""GSM176109""",KEEP
GSE7307,"""GSM176110""",KEEP
GSE7307,"""GSM176111""",KEEP
GSE7307,"""GSM176112""",KEEP
GSE7307,"""GSM176113""",KEEP
GSE7307,"""GSM176114""",KEEP
GSE7307,"""GSM176115""",KEEP
GSE7307,"""GSM176116""",KEEP
GSE7307,"""GSM176117""",KEEP
GSE7307,"""GSM176118""",KEEP
GSE7307,"""GSM176119""",KEEP
GSE7307,"""GSM176120""",KEEP
GSE7307,"""GSM176121""",KEEP
GSE7307,"""GSM176122""",KEEP
GSE7307,"""GSM176123""",KEEP
GSE7307,"""GSM176124""",KEEP
GSE7307,"""GSM176125""",KEEP
GSE7307,"""GSM176126""",KEEP
GSE7307,"""GSM176127""",KEEP
GSE7307,"""GSM176128""",KEEP
GSE7307,"""GSM176129""",KEEP
GSE7307,"""GSM176130""",KEEP
GSE7307,"""GSM176131""",KEEP
GSE7307,"""GSM176132""",KEEP
GSE7307,"""GSM176133""",KEEP
GSE7307,"""GSM176134""",KEEP
GSE7307,"""GSM176135""",KEEP
GSE7307,"""GSM176136""",KEEP
GSE7307,"""GSM176137""",KEEP
GSE7307,"""GSM176138""",KEEP
GSE7307,"""GSM176139""",KEEP
GSE7307,"""GSM176140""",KEEP
GSE7307,"""GSM176141""",KEEP
GSE7307,"""GSM176142""",KEEP
GSE7307,"""GSM176143""",KEEP
GSE7307,"""GSM176144""",KEEP
GSE7307,"""GSM176145""",KEEP
GSE7307,"""GSM176146""",KEEP
GSE7307,"""GSM176147""",KEEP
GSE7307,"""GSM176148""",KEEP
GSE7307,"""GSM176149""",KEEP
GSE7307,"""GSM176150""",KEEP
GSE7307,"""GSM176151""",KEEP
GSE7307,"""GSM176152""",KEEP
GSE7307,"""GSM176153""",KEEP
GSE7307,"""GSM176154""",KEEP
GSE7307,"""GSM176155""",KEEP
GSE7307,"""GSM176156""",KEEP
GSE7307,"""GSM176157""",KEEP
GSE7307,"""GSM176158""",KEEP
GSE7307,"""GSM176159""",KEEP
GSE7307,"""GSM176160""",KEEP
GSE7307,"""GSM176161""",KEEP
GSE7307,"""GSM176162""",KEEP
GSE7307,"""GSM176163""",KEEP
GSE7307,"""GSM176164""",KEEP
GSE7307,"""GSM176165""",KEEP
GSE7307,"""GSM176166""",KEEP
GSE7307,"""GSM176167""",KEEP
GSE7307,"""GSM176168""",KEEP
GSE7307,"""GSM176169""",KEEP
GSE7307,"""GSM176170""",KEEP
GSE7307,"""GSM176171""",KEEP
GSE7307,"""GSM176172""",KEEP
GSE7307,"""GSM176173""",KEEP
GSE7307,"""GSM176174""",KEEP
GSE7307,"""GSM176175""",KEEP
GSE7307,"""GSM176176""",KEEP
GSE7307,"""GSM176177""",KEEP
GSE7307,"""GSM176178""",KEEP
GSE7307,"""GSM176179""",KEEP
GSE7307,"""GSM176180""",KEEP
GSE7307,"""GSM176181""",KEEP
GSE7307,"""GSM176182""",KEEP
GSE7307,"""GSM176183""",KEEP
GSE7307,"""GSM176184""",KEEP
GSE7307,"""GSM176185""",KEEP
GSE7307,"""GSM176186""",KEEP
GSE7307,"""GSM176205""",KEEP
GSE7307,"""GSM176206""",KEEP
GSE7307,"""GSM176207""",KEEP
GSE7307,"""GSM176208""",KEEP
GSE7307,"""GSM176209""",KEEP
GSE7307,"""GSM176210""",KEEP
GSE7307,"""GSM176211""",KEEP
GSE7307,"""GSM176212""",KEEP
GSE7307,"""GSM176213""",KEEP
GSE7307,"""GSM176214""",KEEP
GSE7307,"""GSM176215""",KEEP
GSE7307,"""GSM176216""",KEEP
GSE7307,"""GSM176217""",KEEP
GSE7307,"""GSM176218""",KEEP
GSE7307,"""GSM176219""",KEEP
GSE7307,"""GSM176220""",KEEP
GSE7307,"""GSM176221""",KEEP
GSE7307,"""GSM176222""",KEEP
GSE7307,"""GSM176223""",KEEP
GSE7307,"""GSM176224""",KEEP
GSE7307,"""GSM176225""",KEEP
GSE7307,"""GSM176226""",KEEP
GSE7307,"""GSM176227""",KEEP
GSE7307,"""GSM176228""",KEEP
GSE7307,"""GSM176229""",KEEP
GSE7307,"""GSM176230""",KEEP
GSE7307,"""GSM176231""",KEEP
GSE7307,"""GSM176232""",KEEP
GSE7307,"""GSM176233""",KEEP
GSE7307,"""GSM176234""",KEEP
GSE7307,"""GSM176235""",KEEP
GSE7307,"""GSM176236""",KEEP
GSE7307,"""GSM176237""",KEEP
GSE7307,"""GSM176238""",KEEP
GSE7307,"""GSM176239""",KEEP
GSE7307,"""GSM176240""",KEEP
GSE7307,"""GSM176241""",KEEP
GSE7307,"""GSM176242""",KEEP
GSE7307,"""GSM176243""",KEEP
GSE7307,"""GSM176244""",KEEP
GSE7307,"""GSM176245""",KEEP
GSE7307,"""GSM176246""",KEEP
GSE7307,"""GSM176247""",KEEP
GSE7307,"""GSM176248""",KEEP
GSE7307,"""GSM176249""",KEEP
GSE7307,"""GSM176250""",KEEP
GSE7307,"""GSM176251""",KEEP
GSE7307,"""GSM176252""",KEEP
GSE7307,"""GSM176253""",KEEP
GSE7307,"""GSM176254""",KEEP
GSE7307,"""GSM176255""",KEEP
GSE7307,"""GSM176256""",KEEP
GSE7307,"""GSM176257""",KEEP
GSE7307,"""GSM176258""",KEEP
GSE7307,"""GSM176259""",KEEP
GSE7307,"""GSM176260""",KEEP
GSE7307,"""GSM176261""",KEEP
GSE7307,"""GSM176262""",KEEP
GSE7307,"""GSM176263""",KEEP
GSE7307,"""GSM176264""",KEEP
GSE7307,"""GSM176265""",KEEP
GSE7307,"""GSM176266""",KEEP
GSE7307,"""GSM176267""",KEEP
GSE7307,"""GSM176268""",KEEP
GSE7307,"""GSM176269""",KEEP
GSE7307,"""GSM176270""",KEEP
GSE7307,"""GSM176271""",KEEP
GSE7307,"""GSM176272""",KEEP
GSE7307,"""GSM176273""",KEEP
GSE7307,"""GSM176274""",KEEP
GSE7307,"""GSM176275""",KEEP
GSE7307,"""GSM176276""",KEEP
GSE7307,"""GSM176277""",KEEP
GSE7307,"""GSM176278""",KEEP
GSE7307,"""GSM176279""",KEEP
GSE7307,"""GSM176280""",KEEP
GSE7307,"""GSM176281""",KEEP
GSE7307,"""GSM176282""",KEEP
GSE7307,"""GSM176283""",KEEP
GSE7307,"""GSM176284""",KEEP
GSE7307,"""GSM176285""",KEEP
GSE7307,"""GSM176286""",KEEP
GSE7307,"""GSM176287""",KEEP
GSE7307,"""GSM176288""",KEEP
GSE7307,"""GSM176289""",KEEP
GSE7307,"""GSM176290""",KEEP
GSE7307,"""GSM176291""",KEEP
GSE7307,"""GSM176292""",KEEP
GSE7307,"""GSM176293""",KEEP
GSE7307,"""GSM176294""",KEEP
GSE7307,"""GSM176295""",KEEP
GSE7307,"""GSM176296""",KEEP
GSE7307,"""GSM176297""",KEEP
GSE7307,"""GSM176298""",KEEP
GSE7307,"""GSM176299""",KEEP
GSE7307,"""GSM176300""",KEEP
GSE7307,"""GSM176301""",KEEP
GSE7307,"""GSM176302""",KEEP
GSE7307,"""GSM176303""",KEEP
GSE7307,"""GSM176304""",KEEP
GSE7307,"""GSM176305""",KEEP
GSE7307,"""GSM176306""",KEEP
GSE7307,"""GSM176307""",KEEP
GSE7307,"""GSM176308""",KEEP
GSE7307,"""GSM176309""",KEEP
GSE7307,"""GSM176310""",KEEP
GSE7307,"""GSM176311""",KEEP
GSE7307,"""GSM176312""",KEEP
GSE7307,"""GSM176313""",KEEP
GSE7307,"""GSM176314""",KEEP
GSE7307,"""GSM176315""",KEEP
GSE7307,"""GSM176316""",KEEP
GSE7307,"""GSM176317""",KEEP
GSE7307,"""GSM176318""",KEEP
GSE7307,"""GSM176319""",KEEP
GSE7307,"""GSM176320""",KEEP
GSE7307,"""GSM176321""",KEEP
GSE7307,"""GSM176322""",KEEP
GSE7307,"""GSM176323""",KEEP
GSE7307,"""GSM176324""",KEEP
GSE7307,"""GSM176325""",KEEP
GSE7307,"""GSM176326""",KEEP
GSE7307,"""GSM176327""",KEEP
GSE7307,"""GSM176328""",KEEP
GSE7307,"""GSM176329""",KEEP
GSE7307,"""GSM176330""",KEEP
GSE7307,"""GSM176331""",KEEP
GSE7307,"""GSM176332""",KEEP
GSE7307,"""GSM176333""",KEEP
GSE7307,"""GSM176334""",KEEP
GSE7307,"""GSM176335""",KEEP
GSE7307,"""GSM176336""",KEEP
GSE7307,"""GSM176337""",KEEP
GSE7307,"""GSM176338""",KEEP
GSE7307,"""GSM176339""",KEEP
GSE7307,"""GSM176340""",KEEP
GSE7307,"""GSM176341""",KEEP
GSE7307,"""GSM176342""",KEEP
GSE7307,"""GSM176343""",KEEP
GSE7307,"""GSM176344""",KEEP
GSE7307,"""GSM176345""",KEEP
GSE7307,"""GSM176346""",KEEP
GSE7307,"""GSM176347""",KEEP
GSE7307,"""GSM176348""",KEEP
GSE7307,"""GSM176349""",KEEP
GSE7307,"""GSM176350""",KEEP
GSE7307,"""GSM176351""",KEEP
GSE7307,"""GSM176352""",KEEP
GSE7307,"""GSM176353""",KEEP
GSE7307,"""GSM176354""",KEEP
GSE7307,"""GSM176355""",KEEP
GSE7307,"""GSM176356""",KEEP
GSE7307,"""GSM176357""",KEEP
GSE7307,"""GSM176358""",KEEP
GSE7307,"""GSM176359""",KEEP
GSE7307,"""GSM176360""",KEEP
GSE7307,"""GSM176361""",KEEP
GSE7307,"""GSM176362""",KEEP
GSE7307,"""GSM176363""",KEEP
GSE7307,"""GSM176364""",KEEP
GSE7307,"""GSM176365""",KEEP
GSE7307,"""GSM176366""",KEEP
GSE7307,"""GSM176367""",KEEP
GSE7307,"""GSM176368""",KEEP
GSE7307,"""GSM176369""",KEEP
GSE7307,"""GSM176370""",KEEP
GSE7307,"""GSM176371""",KEEP
GSE7307,"""GSM176372""",KEEP
GSE7307,"""GSM176373""",KEEP
GSE7307,"""GSM176374""",KEEP
GSE7307,"""GSM176375""",KEEP
GSE7307,"""GSM176376""",KEEP
GSE7307,"""GSM176377""",KEEP
GSE7307,"""GSM176378""",KEEP
GSE7307,"""GSM176379""",KEEP
GSE7307,"""GSM176380""",KEEP
GSE7307,"""GSM176381""",KEEP
GSE7307,"""GSM176382""",KEEP
GSE7307,"""GSM176383""",KEEP
GSE7307,"""GSM176384""",KEEP
GSE7307,"""GSM176385""",KEEP
GSE7307,"""GSM176386""",KEEP
GSE7307,"""GSM176387""",KEEP
GSE7307,"""GSM176388""",KEEP
GSE7307,"""GSM176389""",KEEP
GSE7307,"""GSM176390""",KEEP
GSE7307,"""GSM176391""",KEEP
GSE7307,"""GSM176392""",KEEP
GSE7307,"""GSM176393""",KEEP
GSE7307,"""GSM176394""",KEEP
GSE7307,"""GSM176395""",KEEP
GSE7307,"""GSM176396""",KEEP
GSE7307,"""GSM176397""",KEEP
GSE7307,"""GSM176398""",KEEP
GSE7307,"""GSM176399""",KEEP
GSE7307,"""GSM176400""",KEEP
GSE7307,"""GSM176401""",KEEP
GSE7307,"""GSM176402""",KEEP
GSE7307,"""GSM176403""",KEEP
GSE7307,"""GSM176404""",KEEP
GSE7307,"""GSM176405""",KEEP
GSE7307,"""GSM176406""",KEEP
GSE7307,"""GSM176407""",KEEP
GSE7307,"""GSM176408""",KEEP
GSE7307,"""GSM176409""",KEEP
GSE7307,"""GSM176410""",KEEP
GSE7307,"""GSM176411""",KEEP
GSE7307,"""GSM176412""",KEEP
GSE7307,"""GSM176413""",KEEP
GSE7307,"""GSM176414""",KEEP
GSE7307,"""GSM176415""",KEEP
GSE7307,"""GSM176416""",KEEP
GSE7307,"""GSM176417""",KEEP
GSE7307,"""GSM176418""",KEEP
GSE7307,"""GSM176419""",KEEP
GSE7307,"""GSM176420""",KEEP
GSE7307,"""GSM176421""",KEEP
GSE7307,"""GSM176422""",KEEP
GSE7307,"""GSM176423""",KEEP
GSE7307,"""GSM176424""",KEEP
GSE7307,"""GSM176425""",KEEP
GSE7307,"""GSM176426""",KEEP
GSE7307,"""GSM176427""",KEEP
GSE7307,"""GSM176428""",KEEP
GSE7307,"""GSM176429""",KEEP
GSE7307,"""GSM176430""",KEEP
GSE7307,"""GSM176431""",KEEP
GSE7307,"""GSM176432""",KEEP
GSE7307,"""GSM176433""",KEEP
GSE7307,"""GSM176434""",KEEP
GSE7307,"""GSM176435""",KEEP
GSE7307,"""GSM176436""",KEEP
GSE7307,"""GSM176437""",KEEP
GSE7307,"""GSM176438""",KEEP
GSE7307,"""GSM176439""",KEEP
GSE7307,"""GSM176440""",KEEP
GSE7307,"""GSM176441""",KEEP
GSE7307,"""GSM176442""",KEEP
GSE7307,"""GSM176443""",KEEP
GSE7307,"""GSM176444""",KEEP
GSE7307,"""GSM176445""",KEEP
GSE7307,"""GSM176446""",KEEP
GSE7307,"""GSM176447""",KEEP
GSE7307,"""GSM176448""",KEEP
GSE7307,"""GSM176449""",KEEP
GSE7307,"""GSM176450""",KEEP
GSE7307,"""GSM176451""",KEEP
GSE7307,"""GSM176452""",KEEP
GSE7307,"""GSM176453""",KEEP
GSE7307,"""GSM176454""",KEEP
GSE7307,"""GSM176455""",KEEP
GSE7307,"""GSM176456""",KEEP
GSE7307,"""GSM176457""",KEEP
GSE7307,"""GSM176458""",KEEP
GSE7307,"""GSM176459""",KEEP
GSE7307,"""GSM176460""",KEEP
GSE7307,"""GSM176461""",KEEP
GSE7307,"""GSM176462""",KEEP
GSE7307,"""GSM176463""",KEEP
GSE7307,"""GSM176464""",KEEP
GSE7307,"""GSM176465""",KEEP
GSE7307,"""GSM176466""",KEEP
GSE7307,"""GSM176467""",KEEP
GSE7307,"""GSM176468""",KEEP
GSE7307,"""GSM176469""",KEEP
GSE7307,"""GSM176470""",KEEP
GSE7307,"""GSM176471""",KEEP
GSE7307,"""GSM176472""",KEEP
GSE7307,"""GSM176473""",KEEP
GSE7307,"""GSM176474""",KEEP
GSE7307,"""GSM176475""",KEEP
GSE7307,"""GSM176476""",KEEP
GSE7307,"""GSM176477""",KEEP
GSE7307,"""GSM176478""",KEEP
GSE7307,"""GSM176479""",KEEP
GSE7307,"""GSM176480""",KEEP
GSE7307,"""GSM176481""",KEEP
GSE73906,"""GSM1905655""",KEEP
GSE73906,"""GSM1905656""",KEEP
GSE73906,"""GSM1905657""",KEEP
GSE73906,"""GSM1905658""",KEEP
GSE73906,"""GSM1905659""",KEEP
GSE73906,"""GSM1905660""",KEEP
GSE73906,"""GSM1905661""",KEEP
GSE73906,"""GSM1905662""",KEEP
GSE73906,"""GSM1905663""",KEEP
GSE73906,"""GSM1905664""",KEEP
GSE73906,"""GSM1905665""",KEEP
GSE73906,"""GSM1905666""",KEEP
GSE73906,"""GSM1905667""",KEEP
GSE73906,"""GSM1905668""",KEEP
GSE73906,"""GSM1905669""",KEEP
GSE73906,"""GSM1905670""",KEEP
GSE73906,"""GSM1905671""",KEEP
GSE73906,"""GSM1905672""",KEEP
GSE73906,"""GSM1905673""",KEEP
GSE73906,"""GSM1905674""",KEEP
GSE73906,"""GSM1905675""",KEEP
GSE73906,"""GSM1905676""",KEEP
GSE73906,"""GSM1905677""",KEEP
GSE73906,"""GSM1905678""",KEEP
GSE73906,"""GSM1905679""",KEEP
GSE73906,"""GSM1905680""",KEEP
GSE73906,"""GSM1905681""",KEEP
GSE73906,"""GSM1905682""",KEEP
GSE73906,"""GSM1905683""",KEEP
GSE73906,"""GSM1905684""",KEEP
GSE73906,"""GSM1905685""",KEEP
GSE73906,"""GSM1905686""",KEEP
GSE73906,"""GSM1905687""",KEEP
GSE73906,"""GSM1905688""",KEEP
GSE73906,"""GSM1905689""",KEEP
GSE73906,"""GSM1905690""",KEEP
GSE74265,"""GSM1915850""",KEEP
GSE74265,"""GSM1915851""",KEEP
GSE74265,"""GSM1915852""",KEEP
GSE74265,"""GSM1915853""",KEEP
GSE74265,"""GSM1915854""",KEEP
GSE74265,"""GSM1915855""",KEEP
GSE74265,"""GSM1915856""",KEEP
GSE74265,"""GSM1915857""",KEEP
GSE74265,"""GSM1915858""",KEEP
GSE74265,"""GSM1915859""",KEEP
GSE74265,"""GSM1915860""",KEEP
GSE74265,"""GSM1915861""",KEEP
GSE74265,"""GSM1915862""",KEEP
GSE74265,"""GSM1915863""",KEEP
GSE74265,"""GSM1915864""",KEEP
GSE74265,"""GSM1915865""",KEEP
GSE74265,"""GSM1915866""",KEEP
GSE74265,"""GSM1915867""",KEEP
GSE74265,"""GSM1915868""",KEEP
GSE74265,"""GSM1915869""",KEEP
GSE74265,"""GSM1915870""",KEEP
GSE74265,"""GSM1915871""",KEEP
GSE74265,"""GSM1915872""",KEEP
GSE74265,"""GSM1915873""",KEEP
GSE74265,"""GSM1915874""",KEEP
GSE74265,"""GSM1915875""",KEEP
GSE74265,"""GSM1915876""",KEEP
GSE74265,"""GSM1915877""",KEEP
GSE74265,"""GSM1915878""",KEEP
GSE74265,"""GSM1915879""",KEEP
GSE74492,"""GSM1921805""",KEEP
GSE74492,"""GSM1921806""",KEEP
GSE74492,"""GSM1921807""",KEEP
GSE74492,"""GSM1921808""",KEEP
GSE74492,"""GSM1921809""",KEEP
GSE74492,"""GSM1921810""",KEEP
GSE75316,"""GSM1949449""",KEEP
GSE75316,"""GSM1949450""",KEEP
GSE75316,"""GSM1949451""",KEEP
GSE75316,"""GSM1949452""",KEEP
GSE75316,"""GSM1949453""",KEEP
GSE75316,"""GSM1949454""",KEEP
GSE75316,"""GSM1949455""",KEEP
GSE75316,"""GSM1949456""",KEEP
GSE75316,"""GSM1949457""",KEEP
GSE75316,"""GSM1949458""",KEEP
GSE75316,"""GSM1949459""",KEEP
GSE75316,"""GSM1949460""",KEEP
GSE75316,"""GSM1949461""",KEEP
GSE75316,"""GSM1949462""",KEEP
GSE75316,"""GSM1949463""",KEEP
GSE75316,"""GSM1949464""",KEEP
GSE75316,"""GSM1949465""",KEEP
GSE75316,"""GSM1949466""",KEEP
GSE75316,"""GSM1949467""",KEEP
GSE75316,"""GSM1949468""",KEEP
GSE75316,"""GSM1949469""",KEEP
GSE75316,"""GSM1949470""",KEEP
GSE75316,"""GSM1949471""",KEEP
GSE75316,"""GSM1949472""",KEEP
GSE75316,"""GSM1949473""",KEEP
GSE75316,"""GSM1949474""",KEEP
GSE75316,"""GSM1949475""",KEEP
GSE75316,"""GSM1949476""",KEEP
GSE75316,"""GSM1949477""",KEEP
GSE75316,"""GSM1949478""",KEEP
GSE75316,"""GSM1949479""",KEEP
GSE75316,"""GSM1949480""",KEEP
GSE75316,"""GSM1949481""",KEEP
GSE75316,"""GSM1949482""",KEEP
GSE75316,"""GSM1949483""",KEEP
GSE75316,"""GSM1949484""",KEEP
GSE75316,"""GSM1949485""",KEEP
GSE75316,"""GSM1949486""",KEEP
GSE75316,"""GSM1949487""",KEEP
GSE75316,"""GSM1949488""",KEEP
GSE75316,"""GSM1949489""",KEEP
GSE75316,"""GSM1949490""",KEEP
GSE75316,"""GSM1949491""",KEEP
GSE75316,"""GSM1949492""",KEEP
GSE75316,"""GSM1949493""",KEEP
GSE75316,"""GSM1949494""",KEEP
GSE75316,"""GSM1949495""",KEEP
GSE75316,"""GSM1949496""",KEEP
GSE75316,"""GSM1949497""",KEEP
GSE75316,"""GSM1949498""",KEEP
GSE75316,"""GSM1949499""",KEEP
GSE75316,"""GSM1949500""",KEEP
GSE75316,"""GSM1949501""",KEEP
GSE75316,"""GSM1949502""",KEEP
GSE75316,"""GSM1949503""",KEEP
GSE75316,"""GSM1949504""",KEEP
GSE75316,"""GSM1949505""",KEEP
GSE75316,"""GSM1949506""",KEEP
GSE75316,"""GSM1949507""",KEEP
GSE76210,"""GSM1976565""",KEEP
GSE76210,"""GSM1976566""",KEEP
GSE76210,"""GSM1976567""",KEEP
GSE76210,"""GSM1976568""",KEEP
GSE76210,"""GSM1976569""",KEEP
GSE76210,"""GSM1976570""",KEEP
GSE7678,"""GSM186024""",KEEP
GSE7678,"""GSM186025""",KEEP
GSE7678,"""GSM186026""",KEEP
GSE7678,"""GSM186027""",KEEP
GSE7678,"""GSM186028""",KEEP
GSE7678,"""GSM186029""",KEEP
GSE7678,"""GSM186030""",KEEP
GSE7678,"""GSM186031""",KEEP
GSE77474,"""GSM2052651""",KEEP
GSE77474,"""GSM2052652""",KEEP
GSE77474,"""GSM2052653""",KEEP
GSE77474,"""GSM2052654""",KEEP
GSE77474,"""GSM2052655""",KEEP
GSE77474,"""GSM2052656""",KEEP
GSE77474,"""GSM2052657""",KEEP
GSE77474,"""GSM2052658""",KEEP
GSE77474,"""GSM2052659""",KEEP
GSE77953,"""GSM2062306""",KEEP
GSE77953,"""GSM2062307""",KEEP
GSE77953,"""GSM2062308""",KEEP
GSE77953,"""GSM2062309""",KEEP
GSE77953,"""GSM2062310""",KEEP
GSE77953,"""GSM2062311""",KEEP
GSE77953,"""GSM2062312""",KEEP
GSE77953,"""GSM2062313""",KEEP
GSE77953,"""GSM2062314""",KEEP
GSE77953,"""GSM2062315""",KEEP
GSE77953,"""GSM2062316""",KEEP
GSE77953,"""GSM2062317""",KEEP
GSE77953,"""GSM2062318""",KEEP
GSE77953,"""GSM2062319""",KEEP
GSE77953,"""GSM2062320""",KEEP
GSE77953,"""GSM2062321""",KEEP
GSE77953,"""GSM2062322""",KEEP
GSE77953,"""GSM2062323""",KEEP
GSE77953,"""GSM2062324""",KEEP
GSE77953,"""GSM2062325""",KEEP
GSE77953,"""GSM2062326""",KEEP
GSE77953,"""GSM2062327""",KEEP
GSE77953,"""GSM2062328""",KEEP
GSE77953,"""GSM2062329""",KEEP
GSE77953,"""GSM2062330""",KEEP
GSE77953,"""GSM2062331""",KEEP
GSE77953,"""GSM2062332""",KEEP
GSE77953,"""GSM2062333""",KEEP
GSE77953,"""GSM2062334""",KEEP
GSE77953,"""GSM2062335""",KEEP
GSE77953,"""GSM2062336""",KEEP
GSE77953,"""GSM2062337""",KEEP
GSE77953,"""GSM2062338""",KEEP
GSE77953,"""GSM2062339""",KEEP
GSE77953,"""GSM2062340""",KEEP
GSE77953,"""GSM2062341""",KEEP
GSE77953,"""GSM2062342""",KEEP
GSE77953,"""GSM2062343""",KEEP
GSE77953,"""GSM2062344""",KEEP
GSE77953,"""GSM2062345""",KEEP
GSE77953,"""GSM2062346""",KEEP
GSE77953,"""GSM2062347""",KEEP
GSE77953,"""GSM2062348""",KEEP
GSE77953,"""GSM2062349""",KEEP
GSE77953,"""GSM2062350""",KEEP
GSE77953,"""GSM2062351""",KEEP
GSE77953,"""GSM2062352""",KEEP
GSE77953,"""GSM2062353""",KEEP
GSE77953,"""GSM2062354""",KEEP
GSE77953,"""GSM2062355""",KEEP
GSE77953,"""GSM2062356""",KEEP
GSE77953,"""GSM2062357""",KEEP
GSE77953,"""GSM2062358""",KEEP
GSE77953,"""GSM2062359""",KEEP
GSE77953,"""GSM2062360""",KEEP
GSE77953,"""GSM2062361""",KEEP
GSE77953,"""GSM2062362""",KEEP
GSE77953,"""GSM2062363""",KEEP
GSE78806,"""GSM2077423""",KEEP
GSE78806,"""GSM2077424""",KEEP
GSE78806,"""GSM2077425""",KEEP
GSE78806,"""GSM2077426""",KEEP
GSE78806,"""GSM2077427""",KEEP
GSE78806,"""GSM2077428""",KEEP
GSE78806,"""GSM2077429""",KEEP
GSE78806,"""GSM2077430""",KEEP
GSE78806,"""GSM2077431""",KEEP
GSE78806,"""GSM2077432""",KEEP
GSE78806,"""GSM2077433""",KEEP
GSE78806,"""GSM2077434""",KEEP
GSE78806,"""GSM2077435""",KEEP
GSE78806,"""GSM2077436""",KEEP
GSE78806,"""GSM2077437""",KEEP
GSE78806,"""GSM2077438""",KEEP
GSE78806,"""GSM2077439""",KEEP
GSE78806,"""GSM2077440""",KEEP
GSE78806,"""GSM2077441""",KEEP
GSE78806,"""GSM2077442""",KEEP
GSE78806,"""GSM2077443""",KEEP
GSE78806,"""GSM2077444""",KEEP
GSE78806,"""GSM2077445""",KEEP
GSE78806,"""GSM2077446""",KEEP
GSE78806,"""GSM2077447""",KEEP
GSE78806,"""GSM2077448""",KEEP
GSE78806,"""GSM2077449""",KEEP
GSE78806,"""GSM2077450""",KEEP
GSE78806,"""GSM2077451""",KEEP
GSE78806,"""GSM2077452""",KEEP
GSE78806,"""GSM2077453""",KEEP
GSE78806,"""GSM2077454""",KEEP
GSE78806,"""GSM2077455""",KEEP
GSE78806,"""GSM2077456""",KEEP
GSE78806,"""GSM2077457""",KEEP
GSE78806,"""GSM2077458""",KEEP
GSE78806,"""GSM2077459""",KEEP
GSE78806,"""GSM2077460""",KEEP
GSE78806,"""GSM2077461""",KEEP
GSE78806,"""GSM2077462""",KEEP
GSE78806,"""GSM2077463""",KEEP
GSE78806,"""GSM2077464""",KEEP
GSE78806,"""GSM2077465""",KEEP
GSE78806,"""GSM2077466""",KEEP
GSE78806,"""GSM2077467""",KEEP
GSE78806,"""GSM2077468""",KEEP
GSE78806,"""GSM2077469""",KEEP
GSE78806,"""GSM2077470""",KEEP
GSE78806,"""GSM2077471""",KEEP
GSE78806,"""GSM2077472""",KEEP
GSE78806,"""GSM2077473""",KEEP
GSE78806,"""GSM2077474""",KEEP
GSE78806,"""GSM2077475""",KEEP
GSE78806,"""GSM2077476""",KEEP
GSE78806,"""GSM2077477""",KEEP
GSE78806,"""GSM2077478""",KEEP
GSE78806,"""GSM2077479""",KEEP
GSE78806,"""GSM2077480""",KEEP
GSE78806,"""GSM2077481""",KEEP
GSE78806,"""GSM2077482""",KEEP
GSE78806,"""GSM2077483""",KEEP
GSE78806,"""GSM2077484""",KEEP
GSE78806,"""GSM2077485""",KEEP
GSE78806,"""GSM2077486""",KEEP
GSE78806,"""GSM2077487""",KEEP
GSE78806,"""GSM2077488""",KEEP
GSE78806,"""GSM2077489""",KEEP
GSE78806,"""GSM2077490""",KEEP
GSE78806,"""GSM2077491""",KEEP
GSE78806,"""GSM2077492""",KEEP
GSE78806,"""GSM2077493""",KEEP
GSE78806,"""GSM2077494""",KEEP
GSE78806,"""GSM2077495""",KEEP
GSE78806,"""GSM2077496""",KEEP
GSE78806,"""GSM2077497""",KEEP
GSE78806,"""GSM2077498""",KEEP
GSE78806,"""GSM2077499""",KEEP
GSE78806,"""GSM2077500""",KEEP
GSE78806,"""GSM2077501""",KEEP
GSE78806,"""GSM2077502""",KEEP
GSE78806,"""GSM2077503""",KEEP
GSE78806,"""GSM2077504""",KEEP
GSE78806,"""GSM2077505""",KEEP
GSE78806,"""GSM2077506""",KEEP
GSE78806,"""GSM2077507""",KEEP
GSE78806,"""GSM2077508""",KEEP
GSE78806,"""GSM2077509""",KEEP
GSE78806,"""GSM2077510""",KEEP
GSE78806,"""GSM2077511""",KEEP
GSE78806,"""GSM2077512""",KEEP
GSE78806,"""GSM2077513""",KEEP
GSE78806,"""GSM2077514""",KEEP
GSE78806,"""GSM2077515""",KEEP
GSE78806,"""GSM2077516""",KEEP
GSE78806,"""GSM2077517""",KEEP
GSE78806,"""GSM2077518""",KEEP
GSE78806,"""GSM2077519""",KEEP
GSE78806,"""GSM2077520""",KEEP
GSE78806,"""GSM2077521""",KEEP
GSE78806,"""GSM2077522""",KEEP
GSE78806,"""GSM2077523""",KEEP
GSE78806,"""GSM2077524""",KEEP
GSE78806,"""GSM2077525""",KEEP
GSE78806,"""GSM2077526""",KEEP
GSE78806,"""GSM2077527""",KEEP
GSE78806,"""GSM2077528""",KEEP
GSE78806,"""GSM2077529""",KEEP
GSE78806,"""GSM2077530""",KEEP
GSE78806,"""GSM2077531""",KEEP
GSE78806,"""GSM2077532""",KEEP
GSE78806,"""GSM2077533""",KEEP
GSE78806,"""GSM2077534""",KEEP
GSE78806,"""GSM2077535""",KEEP
GSE78806,"""GSM2077536""",KEEP
GSE78806,"""GSM2077537""",KEEP
GSE78806,"""GSM2077538""",KEEP
GSE78806,"""GSM2077539""",KEEP
GSE78806,"""GSM2077540""",KEEP
GSE78806,"""GSM2077541""",KEEP
GSE78806,"""GSM2077542""",KEEP
GSE78806,"""GSM2077543""",KEEP
GSE78806,"""GSM2077544""",KEEP
GSE78806,"""GSM2077545""",KEEP
GSE78806,"""GSM2077546""",KEEP
GSE78806,"""GSM2077547""",KEEP
GSE78806,"""GSM2077548""",KEEP
GSE78806,"""GSM2077549""",KEEP
GSE78806,"""GSM2077550""",KEEP
GSE78806,"""GSM2077551""",KEEP
GSE78806,"""GSM2077552""",KEEP
GSE78806,"""GSM2077553""",KEEP
GSE78806,"""GSM2077554""",KEEP
GSE78806,"""GSM2077555""",KEEP
GSE78806,"""GSM2077556""",KEEP
GSE78806,"""GSM2077557""",KEEP
GSE78806,"""GSM2077558""",KEEP
GSE78806,"""GSM2077559""",KEEP
GSE78806,"""GSM2077560""",KEEP
GSE78806,"""GSM2077561""",KEEP
GSE78806,"""GSM2077562""",KEEP
GSE78806,"""GSM2077563""",KEEP
GSE78806,"""GSM2077564""",KEEP
GSE78806,"""GSM2077565""",KEEP
GSE78806,"""GSM2077566""",KEEP
GSE78806,"""GSM2077567""",KEEP
GSE78806,"""GSM2077568""",KEEP
GSE78806,"""GSM2077569""",KEEP
GSE78806,"""GSM2077570""",KEEP
GSE78806,"""GSM2077571""",KEEP
GSE78806,"""GSM2077572""",KEEP
GSE78806,"""GSM2077573""",KEEP
GSE78806,"""GSM2077574""",KEEP
GSE78806,"""GSM2077575""",KEEP
GSE78806,"""GSM2077576""",KEEP
GSE78806,"""GSM2077577""",KEEP
GSE78806,"""GSM2077578""",KEEP
GSE78806,"""GSM2077579""",KEEP
GSE78806,"""GSM2077580""",KEEP
GSE78806,"""GSM2077581""",KEEP
GSE78806,"""GSM2077582""",KEEP
GSE78806,"""GSM2077583""",KEEP
GSE78806,"""GSM2077584""",KEEP
GSE78806,"""GSM2077585""",KEEP
GSE78806,"""GSM2077586""",KEEP
GSE78806,"""GSM2077587""",KEEP
GSE78806,"""GSM2077588""",KEEP
GSE78806,"""GSM2077589""",KEEP
GSE78806,"""GSM2077590""",KEEP
GSE78806,"""GSM2077591""",KEEP
GSE78806,"""GSM2077592""",KEEP
GSE78806,"""GSM2077593""",KEEP
GSE78806,"""GSM2077594""",KEEP
GSE78806,"""GSM2077595""",KEEP
GSE78806,"""GSM2077596""",KEEP
GSE78806,"""GSM2077597""",KEEP
GSE78806,"""GSM2077598""",KEEP
GSE78806,"""GSM2077599""",KEEP
GSE78806,"""GSM2077600""",KEEP
GSE78806,"""GSM2077601""",KEEP
GSE78806,"""GSM2077602""",KEEP
GSE78806,"""GSM2077603""",KEEP
GSE78806,"""GSM2077604""",KEEP
GSE78806,"""GSM2077605""",KEEP
GSE78806,"""GSM2077606""",KEEP
GSE78806,"""GSM2077607""",KEEP
GSE78806,"""GSM2077608""",KEEP
GSE78806,"""GSM2077609""",KEEP
GSE78806,"""GSM2077610""",KEEP
GSE78806,"""GSM2077611""",KEEP
GSE78806,"""GSM2077612""",KEEP
GSE78806,"""GSM2077613""",KEEP
GSE78806,"""GSM2077614""",KEEP
GSE78806,"""GSM2077615""",KEEP
GSE78806,"""GSM2077616""",KEEP
GSE78806,"""GSM2077617""",KEEP
GSE78806,"""GSM2077618""",KEEP
GSE78806,"""GSM2077619""",KEEP
GSE78806,"""GSM2077620""",KEEP
GSE78806,"""GSM2077621""",KEEP
GSE78806,"""GSM2077622""",KEEP
GSE78806,"""GSM2077623""",KEEP
GSE78806,"""GSM2077624""",KEEP
GSE78806,"""GSM2077625""",KEEP
GSE78806,"""GSM2077626""",KEEP
GSE78806,"""GSM2077627""",KEEP
GSE78806,"""GSM2077628""",KEEP
GSE78806,"""GSM2077629""",KEEP
GSE78806,"""GSM2077630""",KEEP
GSE78806,"""GSM2077631""",KEEP
GSE78806,"""GSM2077632""",KEEP
GSE78806,"""GSM2077633""",KEEP
GSE78806,"""GSM2077634""",KEEP
GSE78806,"""GSM2077635""",KEEP
GSE78806,"""GSM2077636""",KEEP
GSE78806,"""GSM2077637""",KEEP
GSE78806,"""GSM2077638""",KEEP
GSE78806,"""GSM2077639""",KEEP
GSE78806,"""GSM2077640""",KEEP
GSE78806,"""GSM2077641""",KEEP
GSE78806,"""GSM2077642""",KEEP
GSE78806,"""GSM2077643""",KEEP
GSE78806,"""GSM2077644""",KEEP
GSE78806,"""GSM2077645""",KEEP
GSE78806,"""GSM2077646""",KEEP
GSE78806,"""GSM2077647""",KEEP
GSE78806,"""GSM2077648""",KEEP
GSE78806,"""GSM2077649""",KEEP
GSE78806,"""GSM2077650""",KEEP
GSE78806,"""GSM2077651""",KEEP
GSE78806,"""GSM2077652""",KEEP
GSE78806,"""GSM2077653""",KEEP
GSE78806,"""GSM2077654""",KEEP
GSE78806,"""GSM2077655""",KEEP
GSE78806,"""GSM2077656""",KEEP
GSE78806,"""GSM2077657""",KEEP
GSE78806,"""GSM2077658""",KEEP
GSE78806,"""GSM2077659""",KEEP
GSE78806,"""GSM2077660""",KEEP
GSE78806,"""GSM2077661""",KEEP
GSE78806,"""GSM2077662""",KEEP
GSE78806,"""GSM2077663""",KEEP
GSE78806,"""GSM2077664""",KEEP
GSE78806,"""GSM2077665""",KEEP
GSE78806,"""GSM2077666""",KEEP
GSE78806,"""GSM2077667""",KEEP
GSE78806,"""GSM2077668""",KEEP
GSE78806,"""GSM2077669""",KEEP
GSE78806,"""GSM2077670""",KEEP
GSE78806,"""GSM2077671""",KEEP
GSE78806,"""GSM2077672""",KEEP
GSE78806,"""GSM2077673""",KEEP
GSE78806,"""GSM2077674""",KEEP
GSE78806,"""GSM2077675""",KEEP
GSE78806,"""GSM2077676""",KEEP
GSE78806,"""GSM2077677""",KEEP
GSE78806,"""GSM2077678""",KEEP
GSE78806,"""GSM2077679""",KEEP
GSE78806,"""GSM2077680""",KEEP
GSE78806,"""GSM2077681""",KEEP
GSE78806,"""GSM2077682""",KEEP
GSE78806,"""GSM2077683""",KEEP
GSE78806,"""GSM2077684""",KEEP
GSE78806,"""GSM2077685""",KEEP
GSE78806,"""GSM2077686""",KEEP
GSE78806,"""GSM2077687""",KEEP
GSE78806,"""GSM2077688""",KEEP
GSE78806,"""GSM2077689""",KEEP
GSE78806,"""GSM2077690""",KEEP
GSE78806,"""GSM2077691""",KEEP
GSE78806,"""GSM2077692""",KEEP
GSE78806,"""GSM2077693""",KEEP
GSE78806,"""GSM2077694""",KEEP
GSE78806,"""GSM2077695""",KEEP
GSE78806,"""GSM2077696""",KEEP
GSE78806,"""GSM2077697""",KEEP
GSE78806,"""GSM2077698""",KEEP
GSE78806,"""GSM2077699""",KEEP
GSE78806,"""GSM2077700""",KEEP
GSE78806,"""GSM2077701""",KEEP
GSE78806,"""GSM2077702""",KEEP
GSE78806,"""GSM2077703""",KEEP
GSE78806,"""GSM2077704""",KEEP
GSE78806,"""GSM2077705""",KEEP
GSE78806,"""GSM2077706""",KEEP
GSE78806,"""GSM2077707""",KEEP
GSE78806,"""GSM2077708""",KEEP
GSE78806,"""GSM2077709""",KEEP
GSE78806,"""GSM2077710""",KEEP
GSE78806,"""GSM2077711""",KEEP
GSE78806,"""GSM2077712""",KEEP
GSE78806,"""GSM2077713""",KEEP
GSE78806,"""GSM2077714""",KEEP
GSE78806,"""GSM2077715""",KEEP
GSE78806,"""GSM2077716""",KEEP
GSE78806,"""GSM2077717""",KEEP
GSE78806,"""GSM2077718""",KEEP
GSE78806,"""GSM2077719""",KEEP
GSE78806,"""GSM2077720""",KEEP
GSE78806,"""GSM2077721""",KEEP
GSE78806,"""GSM2077722""",KEEP
GSE78806,"""GSM2077723""",KEEP
GSE78806,"""GSM2077724""",KEEP
GSE78806,"""GSM2077725""",KEEP
GSE78806,"""GSM2077726""",KEEP
GSE78806,"""GSM2077727""",KEEP
GSE78806,"""GSM2077728""",KEEP
GSE78806,"""GSM2077729""",KEEP
GSE78806,"""GSM2077730""",KEEP
GSE78806,"""GSM2077731""",KEEP
GSE78806,"""GSM2077732""",KEEP
GSE78806,"""GSM2077733""",KEEP
GSE78806,"""GSM2077734""",KEEP
GSE78806,"""GSM2077735""",KEEP
GSE78806,"""GSM2077736""",KEEP
GSE78806,"""GSM2077737""",KEEP
GSE78806,"""GSM2077738""",KEEP
GSE78806,"""GSM2077739""",KEEP
GSE78806,"""GSM2077740""",KEEP
GSE78806,"""GSM2077741""",KEEP
GSE78806,"""GSM2077742""",KEEP
GSE78806,"""GSM2077743""",KEEP
GSE78806,"""GSM2077744""",KEEP
GSE78806,"""GSM2077745""",KEEP
GSE78806,"""GSM2077746""",KEEP
GSE78806,"""GSM2077747""",KEEP
GSE78806,"""GSM2077748""",KEEP
GSE78806,"""GSM2077749""",KEEP
GSE78806,"""GSM2077750""",KEEP
GSE78806,"""GSM2077751""",KEEP
GSE78806,"""GSM2077752""",KEEP
GSE78806,"""GSM2077753""",KEEP
GSE78806,"""GSM2077754""",KEEP
GSE78806,"""GSM2077755""",KEEP
GSE78806,"""GSM2077756""",KEEP
GSE78806,"""GSM2077757""",KEEP
GSE78806,"""GSM2077758""",KEEP
GSE78806,"""GSM2077759""",KEEP
GSE78806,"""GSM2077760""",KEEP
GSE78806,"""GSM2077761""",KEEP
GSE78806,"""GSM2077762""",KEEP
GSE78806,"""GSM2077763""",KEEP
GSE78806,"""GSM2077764""",KEEP
GSE78806,"""GSM2077765""",KEEP
GSE78806,"""GSM2077766""",KEEP
GSE78806,"""GSM2077767""",KEEP
GSE78806,"""GSM2077768""",KEEP
GSE78806,"""GSM2077769""",KEEP
GSE78806,"""GSM2077770""",KEEP
GSE78806,"""GSM2077771""",KEEP
GSE78806,"""GSM2077772""",KEEP
GSE78806,"""GSM2077773""",KEEP
GSE78806,"""GSM2077774""",KEEP
GSE78806,"""GSM2077775""",KEEP
GSE78806,"""GSM2077776""",KEEP
GSE78806,"""GSM2077777""",KEEP
GSE78806,"""GSM2077778""",KEEP
GSE78806,"""GSM2077779""",KEEP
GSE78806,"""GSM2077780""",KEEP
GSE78806,"""GSM2077781""",KEEP
GSE78806,"""GSM2077782""",KEEP
GSE78806,"""GSM2077783""",KEEP
GSE78806,"""GSM2077784""",KEEP
GSE78806,"""GSM2077785""",KEEP
GSE78806,"""GSM2077786""",KEEP
GSE78806,"""GSM2077787""",KEEP
GSE78806,"""GSM2077788""",KEEP
GSE78806,"""GSM2077789""",KEEP
GSE78806,"""GSM2077790""",KEEP
GSE78806,"""GSM2077791""",KEEP
GSE78806,"""GSM2077792""",KEEP
GSE78806,"""GSM2077793""",KEEP
GSE78806,"""GSM2077794""",KEEP
GSE78806,"""GSM2077795""",KEEP
GSE78806,"""GSM2077796""",KEEP
GSE78806,"""GSM2077797""",KEEP
GSE78806,"""GSM2077798""",KEEP
GSE78806,"""GSM2077799""",KEEP
GSE78806,"""GSM2077800""",KEEP
GSE78806,"""GSM2077801""",KEEP
GSE78806,"""GSM2077802""",KEEP
GSE78806,"""GSM2077803""",KEEP
GSE78806,"""GSM2077804""",KEEP
GSE78806,"""GSM2077805""",KEEP
GSE78806,"""GSM2077806""",KEEP
GSE78806,"""GSM2077807""",KEEP
GSE78806,"""GSM2077808""",KEEP
GSE78806,"""GSM2077809""",KEEP
GSE78806,"""GSM2077810""",KEEP
GSE78806,"""GSM2077811""",KEEP
GSE78806,"""GSM2077812""",KEEP
GSE78806,"""GSM2077813""",KEEP
GSE78806,"""GSM2077814""",KEEP
GSE78806,"""GSM2077815""",KEEP
GSE78806,"""GSM2077816""",KEEP
GSE78806,"""GSM2077817""",KEEP
GSE78806,"""GSM2077818""",KEEP
GSE78806,"""GSM2077819""",KEEP
GSE78806,"""GSM2077820""",KEEP
GSE78806,"""GSM2077821""",KEEP
GSE78806,"""GSM2077822""",KEEP
GSE78806,"""GSM2077823""",KEEP
GSE78806,"""GSM2077824""",KEEP
GSE78806,"""GSM2077825""",KEEP
GSE78806,"""GSM2077826""",KEEP
GSE78806,"""GSM2077827""",KEEP
GSE78806,"""GSM2077828""",KEEP
GSE78806,"""GSM2077829""",KEEP
GSE78806,"""GSM2077830""",KEEP
GSE78806,"""GSM2077831""",KEEP
GSE78806,"""GSM2077832""",KEEP
GSE78806,"""GSM2077833""",KEEP
GSE78806,"""GSM2077834""",KEEP
GSE78806,"""GSM2077835""",KEEP
GSE78806,"""GSM2077836""",KEEP
GSE78806,"""GSM2077837""",KEEP
GSE78806,"""GSM2077838""",KEEP
GSE78806,"""GSM2077839""",KEEP
GSE78806,"""GSM2077840""",KEEP
GSE78806,"""GSM2077841""",KEEP
GSE78806,"""GSM2077842""",KEEP
GSE78806,"""GSM2077843""",KEEP
GSE78806,"""GSM2077844""",KEEP
GSE78806,"""GSM2077845""",KEEP
GSE78806,"""GSM2077846""",KEEP
GSE78806,"""GSM2077847""",KEEP
GSE78806,"""GSM2077848""",KEEP
GSE78806,"""GSM2077849""",KEEP
GSE78806,"""GSM2077850""",KEEP
GSE78806,"""GSM2077851""",KEEP
GSE78806,"""GSM2077852""",KEEP
GSE78806,"""GSM2077853""",KEEP
GSE78806,"""GSM2077854""",KEEP
GSE78806,"""GSM2077855""",KEEP
GSE78806,"""GSM2077856""",KEEP
GSE78806,"""GSM2077857""",KEEP
GSE78806,"""GSM2077858""",KEEP
GSE78806,"""GSM2077859""",KEEP
GSE78806,"""GSM2077860""",KEEP
GSE78806,"""GSM2077861""",KEEP
GSE78806,"""GSM2077862""",KEEP
GSE78806,"""GSM2077863""",KEEP
GSE78806,"""GSM2077864""",KEEP
GSE78806,"""GSM2077865""",KEEP
GSE78806,"""GSM2077866""",KEEP
GSE78806,"""GSM2077867""",KEEP
GSE78806,"""GSM2077868""",KEEP
GSE78806,"""GSM2077869""",KEEP
GSE78806,"""GSM2077870""",KEEP
GSE78806,"""GSM2077871""",KEEP
GSE78806,"""GSM2077872""",KEEP
GSE78806,"""GSM2077873""",KEEP
GSE78806,"""GSM2077874""",KEEP
GSE78806,"""GSM2077875""",KEEP
GSE78806,"""GSM2077876""",KEEP
GSE78806,"""GSM2077877""",KEEP
GSE78806,"""GSM2077878""",KEEP
GSE78806,"""GSM2077879""",KEEP
GSE78806,"""GSM2077880""",KEEP
GSE78806,"""GSM2077881""",KEEP
GSE78806,"""GSM2077882""",KEEP
GSE78806,"""GSM2077883""",KEEP
GSE78806,"""GSM2077884""",KEEP
GSE78806,"""GSM2077885""",KEEP
GSE78806,"""GSM2077886""",KEEP
GSE78806,"""GSM2077887""",KEEP
GSE78806,"""GSM2077888""",KEEP
GSE78806,"""GSM2077889""",KEEP
GSE78806,"""GSM2077890""",KEEP
GSE78806,"""GSM2077891""",KEEP
GSE78806,"""GSM2077892""",KEEP
GSE78806,"""GSM2077893""",KEEP
GSE78806,"""GSM2077894""",KEEP
GSE78806,"""GSM2077895""",KEEP
GSE78806,"""GSM2077896""",KEEP
GSE78806,"""GSM2077897""",KEEP
GSE78806,"""GSM2077898""",KEEP
GSE78806,"""GSM2077899""",KEEP
GSE78806,"""GSM2077900""",KEEP
GSE78806,"""GSM2077901""",KEEP
GSE78806,"""GSM2077902""",KEEP
GSE78806,"""GSM2077903""",KEEP
GSE78806,"""GSM2077904""",KEEP
GSE78806,"""GSM2077905""",KEEP
GSE78806,"""GSM2077906""",KEEP
GSE78806,"""GSM2077907""",KEEP
GSE78806,"""GSM2077908""",KEEP
GSE78806,"""GSM2077909""",KEEP
GSE78806,"""GSM2077910""",KEEP
GSE78806,"""GSM2077911""",KEEP
GSE78806,"""GSM2077912""",KEEP
GSE78806,"""GSM2077913""",KEEP
GSE78806,"""GSM2077914""",KEEP
GSE78806,"""GSM2077915""",KEEP
GSE78806,"""GSM2077916""",KEEP
GSE78806,"""GSM2077917""",KEEP
GSE78806,"""GSM2077918""",KEEP
GSE78806,"""GSM2077919""",KEEP
GSE78806,"""GSM2077920""",KEEP
GSE78806,"""GSM2077921""",KEEP
GSE78806,"""GSM2077922""",KEEP
GSE78806,"""GSM2077923""",KEEP
GSE78806,"""GSM2077924""",KEEP
GSE78806,"""GSM2077925""",KEEP
GSE78806,"""GSM2077926""",KEEP
GSE78806,"""GSM2077927""",KEEP
GSE78806,"""GSM2077928""",KEEP
GSE78806,"""GSM2077929""",KEEP
GSE78806,"""GSM2077930""",KEEP
GSE78806,"""GSM2077931""",KEEP
GSE78806,"""GSM2077932""",KEEP
GSE78806,"""GSM2077933""",KEEP
GSE78806,"""GSM2077934""",KEEP
GSE78806,"""GSM2077935""",KEEP
GSE78806,"""GSM2077936""",KEEP
GSE78806,"""GSM2077937""",KEEP
GSE78806,"""GSM2077938""",KEEP
GSE78806,"""GSM2077939""",KEEP
GSE78806,"""GSM2077940""",KEEP
GSE78806,"""GSM2077941""",KEEP
GSE78806,"""GSM2077942""",KEEP
GSE78806,"""GSM2077943""",KEEP
GSE78806,"""GSM2077944""",KEEP
GSE78806,"""GSM2077945""",KEEP
GSE78806,"""GSM2077946""",KEEP
GSE78806,"""GSM2077947""",KEEP
GSE78806,"""GSM2077948""",KEEP
GSE78806,"""GSM2077949""",KEEP
GSE78806,"""GSM2077950""",KEEP
GSE78806,"""GSM2077951""",KEEP
GSE78806,"""GSM2077952""",KEEP
GSE78806,"""GSM2077953""",KEEP
GSE78806,"""GSM2077954""",KEEP
GSE78806,"""GSM2077955""",KEEP
GSE78806,"""GSM2077956""",KEEP
GSE78806,"""GSM2077957""",KEEP
GSE78806,"""GSM2077958""",KEEP
GSE78806,"""GSM2077959""",KEEP
GSE78806,"""GSM2077960""",KEEP
GSE78806,"""GSM2077961""",KEEP
GSE78806,"""GSM2077962""",KEEP
GSE78806,"""GSM2077963""",KEEP
GSE78806,"""GSM2077964""",KEEP
GSE78806,"""GSM2077965""",KEEP
GSE78806,"""GSM2077966""",KEEP
GSE78806,"""GSM2077967""",KEEP
GSE78806,"""GSM2077968""",KEEP
GSE78806,"""GSM2077969""",KEEP
GSE78806,"""GSM2077970""",KEEP
GSE78806,"""GSM2077971""",KEEP
GSE78806,"""GSM2077972""",KEEP
GSE78806,"""GSM2077973""",KEEP
GSE78806,"""GSM2077974""",KEEP
GSE78806,"""GSM2077975""",KEEP
GSE78806,"""GSM2077976""",KEEP
GSE78806,"""GSM2077977""",KEEP
GSE78806,"""GSM2077978""",KEEP
GSE78806,"""GSM2077979""",KEEP
GSE78806,"""GSM2077980""",KEEP
GSE78806,"""GSM2077981""",KEEP
GSE78806,"""GSM2077982""",KEEP
GSE78806,"""GSM2077983""",KEEP
GSE78806,"""GSM2077984""",KEEP
GSE78806,"""GSM2077985""",KEEP
GSE78806,"""GSM2077986""",KEEP
GSE78806,"""GSM2077987""",KEEP
GSE78806,"""GSM2077988""",KEEP
GSE78806,"""GSM2077989""",KEEP
GSE78806,"""GSM2077990""",KEEP
GSE78806,"""GSM2077991""",KEEP
GSE78806,"""GSM2077992""",KEEP
GSE78806,"""GSM2077993""",KEEP
GSE78806,"""GSM2077994""",KEEP
GSE78806,"""GSM2077995""",KEEP
GSE78806,"""GSM2077996""",KEEP
GSE78806,"""GSM2077997""",KEEP
GSE78806,"""GSM2077998""",KEEP
GSE78806,"""GSM2077999""",KEEP
GSE78806,"""GSM2078000""",KEEP
GSE78806,"""GSM2078001""",KEEP
GSE78806,"""GSM2078002""",KEEP
GSE78806,"""GSM2078003""",KEEP
GSE78806,"""GSM2078004""",KEEP
GSE78806,"""GSM2078005""",KEEP
GSE78806,"""GSM2078006""",KEEP
GSE78806,"""GSM2078007""",KEEP
GSE78806,"""GSM2078008""",KEEP
GSE78806,"""GSM2078009""",KEEP
GSE78806,"""GSM2078010""",KEEP
GSE78806,"""GSM2078011""",KEEP
GSE78806,"""GSM2078012""",KEEP
GSE78806,"""GSM2078013""",KEEP
GSE78806,"""GSM2078014""",KEEP
GSE78806,"""GSM2078015""",KEEP
GSE78806,"""GSM2078016""",KEEP
GSE78806,"""GSM2078017""",KEEP
GSE78806,"""GSM2078018""",KEEP
GSE78806,"""GSM2078019""",KEEP
GSE78806,"""GSM2078020""",KEEP
GSE78806,"""GSM2078021""",KEEP
GSE78806,"""GSM2078022""",KEEP
GSE78806,"""GSM2078023""",KEEP
GSE78806,"""GSM2078024""",KEEP
GSE78806,"""GSM2078025""",KEEP
GSE78806,"""GSM2078026""",KEEP
GSE78806,"""GSM2078027""",KEEP
GSE78806,"""GSM2078028""",KEEP
GSE78806,"""GSM2078029""",KEEP
GSE78806,"""GSM2078030""",KEEP
GSE78806,"""GSM2078031""",KEEP
GSE78806,"""GSM2078032""",KEEP
GSE78806,"""GSM2078033""",KEEP
GSE78806,"""GSM2078034""",KEEP
GSE78806,"""GSM2078035""",KEEP
GSE78806,"""GSM2078036""",KEEP
GSE78806,"""GSM2078037""",KEEP
GSE78806,"""GSM2078038""",KEEP
GSE78806,"""GSM2078039""",KEEP
GSE78806,"""GSM2078040""",KEEP
GSE78806,"""GSM2078041""",KEEP
GSE78806,"""GSM2078042""",KEEP
GSE78806,"""GSM2078043""",KEEP
GSE78806,"""GSM2078044""",KEEP
GSE78806,"""GSM2078045""",KEEP
GSE78806,"""GSM2078046""",KEEP
GSE78806,"""GSM2078047""",KEEP
GSE78806,"""GSM2078048""",KEEP
GSE78806,"""GSM2078049""",KEEP
GSE78806,"""GSM2078050""",KEEP
GSE78806,"""GSM2078051""",KEEP
GSE78806,"""GSM2078052""",KEEP
GSE78806,"""GSM2078053""",KEEP
GSE78806,"""GSM2078054""",KEEP
GSE78806,"""GSM2078055""",KEEP
GSE78806,"""GSM2078056""",KEEP
GSE78806,"""GSM2078057""",KEEP
GSE78806,"""GSM2078058""",KEEP
GSE78806,"""GSM2078059""",KEEP
GSE78806,"""GSM2078060""",KEEP
GSE78806,"""GSM2078061""",KEEP
GSE78806,"""GSM2078062""",KEEP
GSE78806,"""GSM2078063""",KEEP
GSE78806,"""GSM2078064""",KEEP
GSE78806,"""GSM2078065""",KEEP
GSE78806,"""GSM2078066""",KEEP
GSE78806,"""GSM2078067""",KEEP
GSE78806,"""GSM2078068""",KEEP
GSE78806,"""GSM2078069""",KEEP
GSE78806,"""GSM2078070""",KEEP
GSE78806,"""GSM2078071""",KEEP
GSE78806,"""GSM2078072""",KEEP
GSE78806,"""GSM2078073""",KEEP
GSE78806,"""GSM2078074""",KEEP
GSE78806,"""GSM2078075""",KEEP
GSE78806,"""GSM2078076""",KEEP
GSE78806,"""GSM2078077""",KEEP
GSE78806,"""GSM2078078""",KEEP
GSE78806,"""GSM2078079""",KEEP
GSE78806,"""GSM2078080""",KEEP
GSE78806,"""GSM2078081""",KEEP
GSE78806,"""GSM2078082""",KEEP
GSE78806,"""GSM2078083""",KEEP
GSE80320,"""GSM2124191""",KEEP
GSE80320,"""GSM2124192""",KEEP
GSE80320,"""GSM2124193""",KEEP
GSE80320,"""GSM2124194""",KEEP
GSE80320,"""GSM2124195""",KEEP
GSE80320,"""GSM2124196""",KEEP
GSE80320,"""GSM2124197""",KEEP
GSE80320,"""GSM2124198""",KEEP
GSE80320,"""GSM2124199""",KEEP
GSE80320,"""GSM2124200""",KEEP
GSE80320,"""GSM2124201""",KEEP
GSE80320,"""GSM2124202""",KEEP
GSE80320,"""GSM2124203""",KEEP
GSE80320,"""GSM2124204""",KEEP
GSE80320,"""GSM2124205""",KEEP
GSE80320,"""GSM2124206""",KEEP
GSE80320,"""GSM2124207""",KEEP
GSE82198,"""GSM2186367""",KEEP
GSE82198,"""GSM2186368""",KEEP
GSE82198,"""GSM2186369""",KEEP
GSE82198,"""GSM2186370""",KEEP
GSE82198,"""GSM2186371""",KEEP
GSE82198,"""GSM2186372""",KEEP
GSE84597,"""GSM2242461""",KEEP
GSE84597,"""GSM2242462""",KEEP
GSE84597,"""GSM2242463""",KEEP
GSE84597,"""GSM2242464""",KEEP
GSE84597,"""GSM2242465""",KEEP
GSE84597,"""GSM2242466""",KEEP
GSE85043,"""GSM2256795""",KEEP
GSE85043,"""GSM2256796""",KEEP
GSE85043,"""GSM2256797""",KEEP
GSE85043,"""GSM2256798""",KEEP
GSE85043,"""GSM2256799""",KEEP
GSE85043,"""GSM2256800""",KEEP
GSE85043,"""GSM2256801""",KEEP
GSE85043,"""GSM2256802""",KEEP
GSE85043,"""GSM2256803""",KEEP
GSE85043,"""GSM2256804""",KEEP
GSE85043,"""GSM2256805""",KEEP
GSE85043,"""GSM2256806""",KEEP
GSE85043,"""GSM2256807""",KEEP
GSE85043,"""GSM2256808""",KEEP
GSE85043,"""GSM2256809""",KEEP
GSE85043,"""GSM2256810""",KEEP
GSE85043,"""GSM2256811""",KEEP
GSE85043,"""GSM2256812""",KEEP
GSE85043,"""GSM2256813""",KEEP
GSE85043,"""GSM2256814""",KEEP
GSE85043,"""GSM2256815""",KEEP
GSE85043,"""GSM2256816""",KEEP
GSE85043,"""GSM2256817""",KEEP
GSE85043,"""GSM2256818""",KEEP
GSE85043,"""GSM2256819""",KEEP
GSE85043,"""GSM2256820""",KEEP
GSE85043,"""GSM2256821""",KEEP
GSE85043,"""GSM2256822""",KEEP
GSE85043,"""GSM2256823""",KEEP
GSE8565,"""GSM212654""",KEEP
GSE8565,"""GSM212655""",KEEP
GSE8565,"""GSM212656""",KEEP
GSE8565,"""GSM212657""",KEEP
GSE8565,"""GSM212658""",KEEP
GSE8565,"""GSM212659""",KEEP
GSE8565,"""GSM212660""",KEEP
GSE8565,"""GSM212661""",KEEP
GSE8565,"""GSM212662""",KEEP
GSE8565,"""GSM212663""",KEEP
GSE8565,"""GSM297801""",KEEP
GSE8565,"""GSM297802""",KEEP
GSE8565,"""GSM297803""",KEEP
GSE8565,"""GSM297804""",KEEP
GSE8565,"""GSM297805""",KEEP
GSE8565,"""GSM297806""",KEEP
GSE8565,"""GSM297807""",KEEP
GSE8742,"""GSM216971""",KEEP
GSE8742,"""GSM216979""",KEEP
GSE8742,"""GSM216999""",KEEP
GSE8742,"""GSM217006""",KEEP
GSE8742,"""GSM217013""",KEEP
GSE8742,"""GSM217027""",KEEP
GSE8742,"""GSM217034""",KEEP
GSE8742,"""GSM217040""",KEEP
GSE8742,"""GSM217047""",KEEP
GSE8742,"""GSM217053""",KEEP
GSE8896,"""GSM224696""",KEEP
GSE8896,"""GSM224697""",KEEP
GSE8896,"""GSM224698""",KEEP
GSE8896,"""GSM224699""",KEEP
GSE8896,"""GSM224701""",KEEP
GSE8896,"""GSM224703""",KEEP
GSE8896,"""GSM224704""",KEEP
GSE8896,"""GSM224705""",KEEP
GSE8896,"""GSM224708""",KEEP
GSE8896,"""GSM224711""",KEEP
GSE8896,"""GSM224714""",KEEP
GSE8896,"""GSM224717""",KEEP
GSE92335,"""GSM2427772""",KEEP
GSE92335,"""GSM2427773""",KEEP
GSE92335,"""GSM2427774""",KEEP
GSE92335,"""GSM2427775""",KEEP
GSE92335,"""GSM2427776""",KEEP
GSE92335,"""GSM2427777""",KEEP
GSE92921,"""GSM2440378""",REMOVE
GSE92921,"""GSM2440379""",REMOVE
GSE92921,"""GSM2440380""",REMOVE
GSE92921,"""GSM2440381""",REMOVE
GSE92921,"""GSM2440382""",REMOVE
GSE92921,"""GSM2440383""",REMOVE
GSE92921,"""GSM2440384""",REMOVE
GSE92921,"""GSM2440385""",REMOVE
GSE92921,"""GSM2440386""",REMOVE
GSE92921,"""GSM2440387""",REMOVE
GSE92921,"""GSM2440388""",REMOVE
GSE92921,"""GSM2440389""",REMOVE
GSE92921,"""GSM2440390""",REMOVE
GSE92921,"""GSM2440391""",REMOVE
GSE92921,"""GSM2440392""",REMOVE
GSE92921,"""GSM2440393""",REMOVE
GSE92921,"""GSM2440394""",REMOVE
GSE92921,"""GSM2440395""",REMOVE
GSE92921,"""GSM2440396""",REMOVE
GSE92921,"""GSM2440397""",REMOVE
GSE92921,"""GSM2440398""",REMOVE
GSE92921,"""GSM2440399""",REMOVE
GSE92921,"""GSM2440400""",REMOVE
GSE92921,"""GSM2440401""",REMOVE
GSE92921,"""GSM2440402""",REMOVE
GSE92921,"""GSM2440403""",REMOVE
GSE92921,"""GSM2440404""",REMOVE
GSE92921,"""GSM2440405""",REMOVE
GSE92921,"""GSM2440406""",REMOVE
GSE92921,"""GSM2440407""",REMOVE
GSE92921,"""GSM2440408""",REMOVE
GSE92921,"""GSM2440409""",REMOVE
GSE92921,"""GSM2440410""",REMOVE
GSE92921,"""GSM2440411""",REMOVE
GSE92921,"""GSM2440412""",REMOVE
GSE92921,"""GSM2440413""",REMOVE
GSE92921,"""GSM2440414""",REMOVE
GSE92921,"""GSM2440415""",REMOVE
GSE92921,"""GSM2440416""",REMOVE
GSE92921,"""GSM2440417""",REMOVE
GSE92921,"""GSM2440418""",REMOVE
GSE92921,"""GSM2440419""",REMOVE
GSE92921,"""GSM2440420""",REMOVE
GSE92921,"""GSM2440421""",REMOVE
GSE92921,"""GSM2440422""",REMOVE
GSE92921,"""GSM2440423""",REMOVE
GSE92921,"""GSM2440424""",REMOVE
GSE92921,"""GSM2440425""",REMOVE
GSE92921,"""GSM2440426""",REMOVE
GSE92921,"""GSM2440427""",REMOVE
GSE92921,"""GSM2440428""",REMOVE
GSE92921,"""GSM2440429""",REMOVE
GSE92921,"""GSM2440430""",REMOVE
GSE92921,"""GSM2440431""",REMOVE
GSE92921,"""GSM2440432""",REMOVE
GSE92921,"""GSM2440433""",REMOVE
GSE92921,"""GSM2440434""",REMOVE
GSE92921,"""GSM2440435""",REMOVE
GSE92921,"""GSM2440436""",REMOVE
GSE94154,"""GSM2471152""",KEEP
GSE94154,"""GSM2471153""",KEEP
GSE94154,"""GSM2471154""",KEEP
GSE94154,"""GSM2471155""",KEEP
GSE94154,"""GSM2471156""",KEEP
GSE94154,"""GSM2471157""",KEEP
GSE97781,"""GSM2577378""",KEEP
GSE97781,"""GSM2577379""",KEEP
GSE97781,"""GSM2577380""",KEEP
GSE97781,"""GSM2577381""",KEEP
GSE97781,"""GSM2577382""",KEEP
GSE97781,"""GSM2577383""",KEEP
GSE97781,"""GSM2577384""",KEEP
GSE97781,"""GSM2577385""",KEEP
GSE97781,"""GSM2577386""",KEEP
GSE97781,"""GSM2577387""",KEEP
GSE97781,"""GSM2577388""",KEEP
GSE97781,"""GSM2577389""",KEEP
GSE97781,"""GSM2577390""",KEEP
GSE97781,"""GSM2577391""",KEEP
GSE97781,"""GSM2577392""",KEEP
GSE97985,"""GSM2584624""",KEEP
GSE97985,"""GSM2584625""",KEEP
GSE97985,"""GSM2584626""",KEEP
GSE97985,"""GSM2584627""",KEEP
GSE97985,"""GSM2584628""",KEEP
GSE97985,"""GSM2584629""",KEEP
GSE97985,"""GSM2584630""",KEEP
GSE97985,"""GSM2584631""",KEEP
GSE97985,"""GSM2584632""",KEEP
GSE97985,"""GSM2584633""",KEEP
GSE97985,"""GSM2584634""",KEEP
GSE97985,"""GSM2584635""",KEEP
GSE97985,"""GSM2584636""",KEEP
GSE97985,"""GSM2584637""",KEEP
GSE97985,"""GSM2584638""",KEEP
GSE97985,"""GSM2584639""",KEEP
GSE97985,"""GSM2584640""",KEEP
GSE99213,"""GSM2629852""",KEEP
GSE99213,"""GSM2629853""",KEEP
GSE99213,"""GSM2633896""",KEEP
GSE99213,"""GSM2633897""",KEEP
GSE99213,"""GSM2850585""",REMOVE
GSE99213,"""GSM2850586""",REMOVE
GSE99213,"""GSM2850587""",REMOVE
GSE99213,"""GSM2850588""",REMOVE
GSE99213,"""GSM2850589""",REMOVE
GSE99213,"""GSM2850590""",REMOVE
GSE99213,"""GSM2913531""",KEEP
GSE99213,"""GSM2913532""",KEEP
GSE99213,"""GSM2913533""",KEEP
GSE99213,"""GSM2913534""",KEEP
GSE99213,"""GSM2913535""",KEEP
GSE99213,"""GSM2913536""",KEEP
GSE17536,"""GSM437093""",REMOVE
GSE17536,"""GSM437094""",REMOVE
GSE17536,"""GSM437095""",REMOVE
GSE17536,"""GSM437096""",REMOVE
GSE17536,"""GSM437097""",REMOVE
GSE17536,"""GSM437098""",REMOVE
GSE17536,"""GSM437099""",REMOVE
GSE17536,"""GSM437100""",REMOVE
GSE17536,"""GSM437101""",REMOVE
GSE17536,"""GSM437102""",REMOVE
GSE17536,"""GSM437103""",REMOVE
GSE17536,"""GSM437104""",REMOVE
GSE17536,"""GSM437105""",REMOVE
GSE17536,"""GSM437106""",REMOVE
GSE17536,"""GSM437107""",REMOVE
GSE17536,"""GSM437108""",REMOVE
GSE17536,"""GSM437109""",REMOVE
GSE17536,"""GSM437110""",REMOVE
GSE17536,"""GSM437111""",KEEP
GSE17536,"""GSM437112""",REMOVE
GSE17536,"""GSM437113""",REMOVE
GSE17536,"""GSM437114""",REMOVE
GSE17536,"""GSM437115""",REMOVE
GSE17536,"""GSM437116""",REMOVE
GSE17536,"""GSM437117""",REMOVE
GSE17536,"""GSM437118""",REMOVE
GSE17536,"""GSM437119""",REMOVE
GSE17536,"""GSM437120""",REMOVE
GSE17536,"""GSM437121""",REMOVE
GSE17536,"""GSM437122""",REMOVE
GSE17536,"""GSM437123""",REMOVE
GSE17536,"""GSM437124""",REMOVE
GSE17536,"""GSM437125""",REMOVE
GSE17536,"""GSM437126""",REMOVE
GSE17536,"""GSM437127""",REMOVE
GSE17536,"""GSM437128""",REMOVE
GSE17536,"""GSM437129""",REMOVE
GSE17536,"""GSM437130""",REMOVE
GSE17536,"""GSM437131""",REMOVE
GSE17536,"""GSM437132""",REMOVE
GSE17536,"""GSM437133""",REMOVE
GSE17536,"""GSM437134""",REMOVE
GSE17536,"""GSM437135""",REMOVE
GSE17536,"""GSM437136""",REMOVE
GSE17536,"""GSM437137""",REMOVE
GSE17536,"""GSM437138""",REMOVE
GSE17536,"""GSM437139""",REMOVE
GSE17536,"""GSM437140""",REMOVE
GSE17536,"""GSM437141""",REMOVE
GSE17536,"""GSM437142""",REMOVE
GSE17536,"""GSM437143""",REMOVE
GSE17536,"""GSM437144""",REMOVE
GSE17536,"""GSM437145""",REMOVE
GSE17536,"""GSM437146""",REMOVE
GSE17536,"""GSM437147""",REMOVE
GSE17536,"""GSM437148""",REMOVE
GSE17536,"""GSM437149""",REMOVE
GSE17536,"""GSM437150""",KEEP
GSE17536,"""GSM437151""",REMOVE
GSE17536,"""GSM437152""",REMOVE
GSE17536,"""GSM437153""",KEEP
GSE17536,"""GSM437154""",REMOVE
GSE17536,"""GSM437155""",REMOVE
GSE17536,"""GSM437156""",REMOVE
GSE17536,"""GSM437157""",REMOVE
GSE17536,"""GSM437158""",REMOVE
GSE17536,"""GSM437159""",REMOVE
GSE17536,"""GSM437160""",REMOVE
GSE17536,"""GSM437161""",REMOVE
GSE17536,"""GSM437162""",REMOVE
GSE17536,"""GSM437163""",REMOVE
GSE17536,"""GSM437164""",REMOVE
GSE17536,"""GSM437165""",REMOVE
GSE17536,"""GSM437166""",REMOVE
GSE17536,"""GSM437167""",REMOVE
GSE17536,"""GSM437168""",REMOVE
GSE17536,"""GSM437169""",REMOVE
GSE17536,"""GSM437170""",REMOVE
GSE17536,"""GSM437171""",REMOVE
GSE17536,"""GSM437172""",REMOVE
GSE17536,"""GSM437173""",REMOVE
GSE17536,"""GSM437174""",REMOVE
GSE17536,"""GSM437175""",REMOVE
GSE17536,"""GSM437176""",REMOVE
GSE17536,"""GSM437177""",REMOVE
GSE17536,"""GSM437178""",REMOVE
GSE17536,"""GSM437179""",REMOVE
GSE17536,"""GSM437180""",REMOVE
GSE17536,"""GSM437181""",REMOVE
GSE17536,"""GSM437182""",REMOVE
GSE17536,"""GSM437183""",REMOVE
GSE17536,"""GSM437184""",REMOVE
GSE17536,"""GSM437185""",REMOVE
GSE17536,"""GSM437186""",REMOVE
GSE17536,"""GSM437187""",REMOVE
GSE17536,"""GSM437188""",REMOVE
GSE17536,"""GSM437189""",REMOVE
GSE17536,"""GSM437190""",REMOVE
GSE17536,"""GSM437191""",REMOVE
GSE17536,"""GSM437192""",REMOVE
GSE17536,"""GSM437193""",REMOVE
GSE17536,"""GSM437194""",REMOVE
GSE17536,"""GSM437195""",REMOVE
GSE17536,"""GSM437196""",REMOVE
GSE17536,"""GSM437197""",REMOVE
GSE17536,"""GSM437198""",REMOVE
GSE17536,"""GSM437199""",REMOVE
GSE17536,"""GSM437200""",REMOVE
GSE17536,"""GSM437201""",REMOVE
GSE17536,"""GSM437202""",REMOVE
GSE17536,"""GSM437203""",REMOVE
GSE17536,"""GSM437204""",REMOVE
GSE17536,"""GSM437205""",REMOVE
GSE17536,"""GSM437206""",REMOVE
GSE17536,"""GSM437207""",REMOVE
GSE17536,"""GSM437208""",REMOVE
GSE17536,"""GSM437209""",REMOVE
GSE17536,"""GSM437210""",REMOVE
GSE17536,"""GSM437211""",REMOVE
GSE17536,"""GSM437212""",REMOVE
GSE17536,"""GSM437213""",REMOVE
GSE17536,"""GSM437214""",REMOVE
GSE17536,"""GSM437215""",REMOVE
GSE17536,"""GSM437216""",REMOVE
GSE17536,"""GSM437217""",REMOVE
GSE17536,"""GSM437218""",REMOVE
GSE17536,"""GSM437219""",REMOVE
GSE17536,"""GSM437220""",REMOVE
GSE17536,"""GSM437221""",REMOVE
GSE17536,"""GSM437222""",REMOVE
GSE17536,"""GSM437223""",REMOVE
GSE17536,"""GSM437224""",REMOVE
GSE17536,"""GSM437225""",REMOVE
GSE17536,"""GSM437226""",REMOVE
GSE17536,"""GSM437227""",REMOVE
GSE17536,"""GSM437228""",REMOVE
GSE17536,"""GSM437229""",REMOVE
GSE17536,"""GSM437230""",REMOVE
GSE17536,"""GSM437231""",REMOVE
GSE17536,"""GSM437232""",REMOVE
GSE17536,"""GSM437233""",REMOVE
GSE17536,"""GSM437234""",REMOVE
GSE17536,"""GSM437235""",REMOVE
GSE17536,"""GSM437236""",REMOVE
GSE17536,"""GSM437237""",REMOVE
GSE17536,"""GSM437238""",REMOVE
GSE17536,"""GSM437239""",REMOVE
GSE17536,"""GSM437240""",REMOVE
GSE17536,"""GSM437241""",REMOVE
GSE17536,"""GSM437242""",REMOVE
GSE17536,"""GSM437243""",REMOVE
GSE17536,"""GSM437244""",REMOVE
GSE17536,"""GSM437245""",REMOVE
GSE17536,"""GSM437246""",REMOVE
GSE17536,"""GSM437247""",REMOVE
GSE17536,"""GSM437248""",REMOVE
GSE17536,"""GSM437249""",REMOVE
GSE17536,"""GSM437250""",REMOVE
GSE17536,"""GSM437251""",REMOVE
GSE17536,"""GSM437252""",REMOVE
GSE17536,"""GSM437253""",REMOVE
GSE17536,"""GSM437254""",REMOVE
GSE17536,"""GSM437255""",REMOVE
GSE17536,"""GSM437256""",REMOVE
GSE17536,"""GSM437257""",REMOVE
GSE17536,"""GSM437258""",REMOVE
GSE17536,"""GSM437259""",REMOVE
GSE17536,"""GSM437260""",REMOVE
GSE17536,"""GSM437261""",REMOVE
GSE17536,"""GSM437262""",REMOVE
GSE17536,"""GSM437263""",REMOVE
GSE17536,"""GSM437264""",REMOVE
GSE17536,"""GSM437265""",REMOVE
GSE17536,"""GSM437266""",REMOVE
GSE17536,"""GSM437267""",REMOVE
GSE17536,"""GSM437268""",REMOVE
GSE17536,"""GSM437269""",REMOVE
GSE17538_GPL1261,"""GSM472198""",KEEP
GSE17538_GPL1261,"""GSM472199""",KEEP
GSE17538_GPL1261,"""GSM472200""",KEEP
GSE17538_GPL1261,"""GSM472201""",KEEP
GSE17538_GPL1261,"""GSM472202""",KEEP
GSE17538_GPL1261,"""GSM472203""",KEEP
GSE33113,"""GSM820048""",KEEP
GSE33113,"""GSM820049""",KEEP
GSE33113,"""GSM820050""",KEEP
GSE33113,"""GSM820051""",KEEP
GSE33113,"""GSM820052""",KEEP
GSE33113,"""GSM820053""",KEEP
GSE33113,"""GSM820054""",KEEP
GSE33113,"""GSM820055""",KEEP
GSE33113,"""GSM820056""",KEEP
GSE33113,"""GSM820057""",KEEP
GSE33113,"""GSM820058""",KEEP
GSE33113,"""GSM820059""",KEEP
GSE33113,"""GSM820060""",KEEP
GSE33113,"""GSM820061""",KEEP
GSE33113,"""GSM820062""",KEEP
GSE33113,"""GSM820063""",KEEP
GSE33113,"""GSM820064""",KEEP
GSE33113,"""GSM820065""",KEEP
GSE33113,"""GSM820066""",KEEP
GSE33113,"""GSM820067""",KEEP
GSE33113,"""GSM820068""",KEEP
GSE33113,"""GSM820069""",KEEP
GSE33113,"""GSM820070""",KEEP
GSE33113,"""GSM820071""",KEEP
GSE33113,"""GSM820072""",KEEP
GSE33113,"""GSM820073""",KEEP
GSE33113,"""GSM820074""",KEEP
GSE33113,"""GSM820075""",KEEP
GSE33113,"""GSM820076""",KEEP
GSE33113,"""GSM820077""",KEEP
GSE33113,"""GSM820078""",KEEP
GSE33113,"""GSM820079""",KEEP
GSE33113,"""GSM820080""",KEEP
GSE33113,"""GSM820081""",KEEP
GSE33113,"""GSM820082""",KEEP
GSE33113,"""GSM820083""",KEEP
GSE33113,"""GSM820084""",KEEP
GSE33113,"""GSM820085""",KEEP
GSE33113,"""GSM820086""",KEEP
GSE33113,"""GSM820087""",KEEP
GSE33113,"""GSM820088""",KEEP
GSE33113,"""GSM820089""",KEEP
GSE33113,"""GSM820090""",KEEP
GSE33113,"""GSM820091""",KEEP
GSE33113,"""GSM820092""",KEEP
GSE33113,"""GSM820093""",KEEP
GSE33113,"""GSM820094""",KEEP
GSE33113,"""GSM820095""",KEEP
GSE33113,"""GSM820096""",KEEP
GSE33113,"""GSM820097""",KEEP
GSE33113,"""GSM820098""",KEEP
GSE33113,"""GSM820099""",KEEP
GSE33113,"""GSM820100""",KEEP
GSE33113,"""GSM820101""",KEEP
GSE33113,"""GSM820102""",KEEP
GSE33113,"""GSM820103""",KEEP
GSE33113,"""GSM820104""",KEEP
GSE33113,"""GSM820105""",KEEP
GSE33113,"""GSM820106""",KEEP
GSE33113,"""GSM820107""",KEEP
GSE33113,"""GSM820108""",KEEP
GSE33113,"""GSM820109""",KEEP
GSE33113,"""GSM820110""",KEEP
GSE33113,"""GSM820111""",KEEP
GSE33113,"""GSM820112""",KEEP
GSE33113,"""GSM820113""",KEEP
GSE33113,"""GSM820114""",KEEP
GSE33113,"""GSM820115""",KEEP
GSE33113,"""GSM820116""",KEEP
GSE33113,"""GSM820117""",KEEP
GSE33113,"""GSM820118""",KEEP
GSE33113,"""GSM820119""",KEEP
GSE33113,"""GSM820120""",KEEP
GSE33113,"""GSM820121""",KEEP
GSE33113,"""GSM820122""",KEEP
GSE33113,"""GSM820123""",KEEP
GSE33113,"""GSM820124""",KEEP
GSE33113,"""GSM820125""",KEEP
GSE33113,"""GSM820126""",KEEP
GSE33113,"""GSM820127""",KEEP
GSE33113,"""GSM820128""",KEEP
GSE33113,"""GSM820129""",KEEP
GSE33113,"""GSM820130""",KEEP
GSE33113,"""GSM820131""",KEEP
GSE33113,"""GSM820132""",KEEP
GSE33113,"""GSM820133""",KEEP
GSE33113,"""GSM820134""",KEEP
GSE33113,"""GSM820135""",KEEP
GSE33113,"""GSM820136""",KEEP
GSE33113,"""GSM820137""",KEEP
GSE33113,"""GSM1100477""",KEEP
GSE33113,"""GSM1100478""",KEEP
GSE33113,"""GSM1100479""",REMOVE
GSE33113,"""GSM1100480""",KEEP
GSE33113,"""GSM1100481""",KEEP
GSE33113,"""GSM1100482""",REMOVE
GSE37364,"""GSM916687""",KEEP
GSE37364,"""GSM916688""",KEEP
GSE37364,"""GSM916689""",KEEP
GSE37364,"""GSM916690""",KEEP
GSE37364,"""GSM916691""",KEEP
GSE37364,"""GSM916692""",KEEP
GSE37364,"""GSM916693""",KEEP
GSE37364,"""GSM916694""",KEEP
GSE37364,"""GSM916695""",KEEP
GSE37364,"""GSM916696""",KEEP
GSE37364,"""GSM916697""",KEEP
GSE37364,"""GSM916698""",KEEP
GSE37364,"""GSM916699""",KEEP
GSE37364,"""GSM916700""",KEEP
GSE37364,"""GSM916701""",KEEP
GSE37364,"""GSM916702""",KEEP
GSE37364,"""GSM916703""",KEEP
GSE37364,"""GSM916704""",KEEP
GSE37364,"""GSM916705""",KEEP
GSE37364,"""GSM916706""",KEEP
GSE37364,"""GSM916707""",KEEP
GSE37364,"""GSM916708""",KEEP
GSE37364,"""GSM916709""",KEEP
GSE37364,"""GSM916710""",KEEP
GSE37364,"""GSM916711""",KEEP
GSE37364,"""GSM916712""",KEEP
GSE37364,"""GSM916713""",KEEP
GSE37364,"""GSM916714""",KEEP
GSE37364,"""GSM916715""",KEEP
GSE37364,"""GSM916716""",KEEP
GSE37364,"""GSM916717""",KEEP
GSE37364,"""GSM916718""",KEEP
GSE37364,"""GSM916719""",KEEP
GSE37364,"""GSM916720""",KEEP
GSE37364,"""GSM916721""",KEEP
GSE37364,"""GSM916722""",KEEP
GSE37364,"""GSM916723""",KEEP
GSE37364,"""GSM916724""",KEEP
GSE37364,"""GSM916725""",KEEP
GSE37364,"""GSM916726""",KEEP
GSE37364,"""GSM916727""",KEEP
GSE37364,"""GSM916728""",KEEP
GSE37364,"""GSM916729""",KEEP
GSE37364,"""GSM916730""",KEEP
GSE37364,"""GSM916731""",KEEP
GSE37364,"""GSM916732""",KEEP
GSE37364,"""GSM916733""",KEEP
GSE37364,"""GSM916734""",KEEP
GSE37364,"""GSM916735""",KEEP
GSE37364,"""GSM916736""",KEEP
GSE37364,"""GSM916737""",KEEP
GSE37364,"""GSM916738""",KEEP
GSE37364,"""GSM916739""",KEEP
GSE37364,"""GSM916740""",KEEP
GSE37364,"""GSM916741""",KEEP
GSE37364,"""GSM916742""",KEEP
GSE37364,"""GSM916743""",KEEP
GSE37364,"""GSM916744""",KEEP
GSE37364,"""GSM916745""",KEEP
GSE37364,"""GSM916746""",KEEP
GSE37364,"""GSM916747""",KEEP
GSE37364,"""GSM916748""",KEEP
GSE37364,"""GSM916749""",KEEP
GSE37364,"""GSM916750""",KEEP
GSE37364,"""GSM916751""",KEEP
GSE37364,"""GSM916752""",KEEP
GSE37364,"""GSM916753""",KEEP
GSE37364,"""GSM916754""",KEEP
GSE37364,"""GSM916755""",KEEP
GSE37364,"""GSM916756""",KEEP
GSE37364,"""GSM916757""",KEEP
GSE37364,"""GSM916758""",KEEP
GSE37364,"""GSM916759""",KEEP
GSE37364,"""GSM916760""",KEEP
GSE37364,"""GSM916761""",KEEP
GSE37364,"""GSM916762""",KEEP
GSE37364,"""GSM916763""",KEEP
GSE37364,"""GSM916764""",KEEP
GSE37364,"""GSM916765""",KEEP
GSE37364,"""GSM916766""",KEEP
GSE37364,"""GSM916767""",KEEP
GSE37364,"""GSM916768""",KEEP
GSE37364,"""GSM916769""",KEEP
GSE37364,"""GSM916770""",KEEP
GSE37364,"""GSM916771""",KEEP
GSE37364,"""GSM916772""",KEEP
GSE37364,"""GSM916773""",KEEP
GSE37364,"""GSM916774""",KEEP
GSE37364,"""GSM916775""",KEEP
GSE37364,"""GSM916776""",KEEP
GSE37364,"""GSM916777""",KEEP
GSE37364,"""GSM916778""",KEEP
GSE37364,"""GSM916779""",KEEP
GSE37364,"""GSM916780""",KEEP
GSE37892,"""GSM929494""",REMOVE
GSE37892,"""GSM929495""",REMOVE
GSE37892,"""GSM929496""",KEEP
GSE37892,"""GSM929497""",KEEP
GSE37892,"""GSM929498""",KEEP
GSE37892,"""GSM929499""",KEEP
GSE37892,"""GSM929500""",KEEP
GSE37892,"""GSM929501""",KEEP
GSE37892,"""GSM929502""",KEEP
GSE37892,"""GSM929503""",KEEP
GSE37892,"""GSM929504""",KEEP
GSE37892,"""GSM929505""",KEEP
GSE37892,"""GSM929506""",REMOVE
GSE37892,"""GSM929507""",REMOVE
GSE37892,"""GSM929508""",REMOVE
GSE37892,"""GSM929509""",REMOVE
GSE37892,"""GSM929510""",KEEP
GSE37892,"""GSM929511""",KEEP
GSE37892,"""GSM929512""",KEEP
GSE37892,"""GSM929513""",KEEP
GSE37892,"""GSM929514""",KEEP
GSE37892,"""GSM929515""",KEEP
GSE37892,"""GSM929516""",REMOVE
GSE37892,"""GSM929517""",REMOVE
GSE37892,"""GSM929518""",KEEP
GSE37892,"""GSM929519""",KEEP
GSE37892,"""GSM929520""",KEEP
GSE37892,"""GSM929521""",KEEP
GSE37892,"""GSM929522""",KEEP
GSE37892,"""GSM929523""",KEEP
GSE37892,"""GSM929524""",KEEP
GSE37892,"""GSM929525""",KEEP
GSE37892,"""GSM929526""",KEEP
GSE37892,"""GSM929527""",KEEP
GSE37892,"""GSM929528""",REMOVE
GSE37892,"""GSM929529""",KEEP
GSE37892,"""GSM929530""",REMOVE
GSE37892,"""GSM929531""",REMOVE
GSE37892,"""GSM929532""",REMOVE
GSE37892,"""GSM929533""",REMOVE
GSE37892,"""GSM929534""",REMOVE
GSE37892,"""GSM929535""",REMOVE
GSE37892,"""GSM929536""",REMOVE
GSE37892,"""GSM929537""",REMOVE
GSE37892,"""GSM929538""",REMOVE
GSE37892,"""GSM929539""",REMOVE
GSE37892,"""GSM929540""",REMOVE
GSE37892,"""GSM929541""",REMOVE
GSE37892,"""GSM929542""",REMOVE
GSE37892,"""GSM929543""",REMOVE
GSE37892,"""GSM929544""",KEEP
GSE37892,"""GSM929545""",REMOVE
GSE37892,"""GSM929546""",REMOVE
GSE37892,"""GSM929547""",REMOVE
GSE37892,"""GSM929548""",KEEP
GSE37892,"""GSM929549""",KEEP
GSE37892,"""GSM929550""",REMOVE
GSE37892,"""GSM929551""",REMOVE
GSE37892,"""GSM929552""",REMOVE
GSE37892,"""GSM929553""",REMOVE
GSE37892,"""GSM929554""",REMOVE
GSE37892,"""GSM929555""",REMOVE
GSE37892,"""GSM929556""",KEEP
GSE37892,"""GSM929557""",KEEP
GSE37892,"""GSM929558""",REMOVE
GSE37892,"""GSM929559""",KEEP
GSE37892,"""GSM929560""",KEEP
GSE37892,"""GSM929561""",KEEP
GSE37892,"""GSM929562""",KEEP
GSE37892,"""GSM929563""",KEEP
GSE37892,"""GSM929564""",KEEP
GSE37892,"""GSM929565""",KEEP
GSE37892,"""GSM929566""",REMOVE
GSE37892,"""GSM929567""",KEEP
GSE37892,"""GSM929568""",KEEP
GSE37892,"""GSM929569""",REMOVE
GSE37892,"""GSM929570""",REMOVE
GSE37892,"""GSM929571""",KEEP
GSE37892,"""GSM929572""",KEEP
GSE37892,"""GSM929573""",KEEP
GSE37892,"""GSM929574""",KEEP
GSE37892,"""GSM929575""",KEEP
GSE37892,"""GSM929576""",KEEP
GSE37892,"""GSM929577""",KEEP
GSE37892,"""GSM929578""",KEEP
GSE37892,"""GSM929579""",KEEP
GSE37892,"""GSM929580""",REMOVE
GSE37892,"""GSM929581""",REMOVE
GSE37892,"""GSM929582""",REMOVE
GSE37892,"""GSM929583""",REMOVE
GSE37892,"""GSM929584""",REMOVE
GSE37892,"""GSM929585""",KEEP
GSE37892,"""GSM929586""",KEEP
GSE37892,"""GSM929587""",REMOVE
GSE37892,"""GSM929588""",REMOVE
GSE37892,"""GSM929589""",KEEP
GSE37892,"""GSM929590""",KEEP
GSE37892,"""GSM929591""",REMOVE
GSE37892,"""GSM929592""",KEEP
GSE37892,"""GSM929593""",KEEP
GSE37892,"""GSM929594""",KEEP
GSE37892,"""GSM929595""",KEEP
GSE37892,"""GSM929596""",KEEP
GSE37892,"""GSM929597""",KEEP
GSE37892,"""GSM929598""",KEEP
GSE37892,"""GSM929599""",KEEP
GSE37892,"""GSM929600""",KEEP
GSE37892,"""GSM929601""",KEEP
GSE37892,"""GSM929602""",REMOVE
GSE37892,"""GSM929603""",KEEP
GSE37892,"""GSM929604""",KEEP
GSE37892,"""GSM929605""",KEEP
GSE37892,"""GSM929606""",KEEP
GSE37892,"""GSM929607""",KEEP
GSE37892,"""GSM929608""",KEEP
GSE37892,"""GSM929609""",KEEP
GSE37892,"""GSM929610""",KEEP
GSE37892,"""GSM929611""",KEEP
GSE37892,"""GSM929612""",KEEP
GSE37892,"""GSM929613""",REMOVE
GSE37892,"""GSM929614""",KEEP
GSE37892,"""GSM929615""",KEEP
GSE37892,"""GSM929616""",KEEP
GSE37892,"""GSM929617""",KEEP
GSE37892,"""GSM929618""",KEEP
GSE37892,"""GSM929619""",REMOVE
GSE37892,"""GSM929620""",REMOVE
GSE37892,"""GSM929621""",REMOVE
GSE37892,"""GSM929622""",KEEP
GSE37892,"""GSM929623""",KEEP
GSE38832,"""GSM950411""",KEEP
GSE38832,"""GSM950412""",KEEP
GSE38832,"""GSM950413""",KEEP
GSE38832,"""GSM950414""",KEEP
GSE38832,"""GSM950415""",KEEP
GSE38832,"""GSM950416""",KEEP
GSE38832,"""GSM950417""",KEEP
GSE38832,"""GSM950418""",KEEP
GSE38832,"""GSM950419""",KEEP
GSE38832,"""GSM950420""",KEEP
GSE38832,"""GSM950421""",KEEP
GSE38832,"""GSM950422""",KEEP
GSE38832,"""GSM950423""",KEEP
GSE38832,"""GSM950424""",KEEP
GSE38832,"""GSM950425""",KEEP
GSE38832,"""GSM950426""",KEEP
GSE38832,"""GSM950427""",KEEP
GSE38832,"""GSM950428""",KEEP
GSE38832,"""GSM950429""",KEEP
GSE38832,"""GSM950430""",KEEP
GSE38832,"""GSM950431""",KEEP
GSE38832,"""GSM950432""",KEEP
GSE38832,"""GSM950433""",KEEP
GSE38832,"""GSM950434""",KEEP
GSE38832,"""GSM950435""",KEEP
GSE38832,"""GSM950436""",KEEP
GSE38832,"""GSM950437""",KEEP
GSE38832,"""GSM950438""",KEEP
GSE38832,"""GSM950439""",KEEP
GSE38832,"""GSM950440""",KEEP
GSE38832,"""GSM950441""",KEEP
GSE38832,"""GSM950442""",KEEP
GSE38832,"""GSM950443""",KEEP
GSE38832,"""GSM950444""",KEEP
GSE38832,"""GSM950445""",KEEP
GSE38832,"""GSM950446""",KEEP
GSE38832,"""GSM950447""",KEEP
GSE38832,"""GSM950448""",KEEP
GSE38832,"""GSM950449""",KEEP
GSE38832,"""GSM950450""",KEEP
GSE38832,"""GSM950451""",KEEP
GSE38832,"""GSM950452""",KEEP
GSE38832,"""GSM950453""",KEEP
GSE38832,"""GSM950454""",KEEP
GSE38832,"""GSM950455""",KEEP
GSE38832,"""GSM950456""",KEEP
GSE38832,"""GSM950457""",KEEP
GSE38832,"""GSM950458""",KEEP
GSE38832,"""GSM950459""",KEEP
GSE38832,"""GSM950460""",KEEP
GSE38832,"""GSM950461""",KEEP
GSE38832,"""GSM950462""",KEEP
GSE38832,"""GSM950463""",KEEP
GSE38832,"""GSM950464""",KEEP
GSE38832,"""GSM950465""",KEEP
GSE38832,"""GSM950466""",KEEP
GSE38832,"""GSM950467""",KEEP
GSE38832,"""GSM950468""",KEEP
GSE38832,"""GSM950469""",KEEP
GSE38832,"""GSM950470""",KEEP
GSE38832,"""GSM950471""",KEEP
GSE38832,"""GSM950472""",KEEP
GSE38832,"""GSM950473""",KEEP
GSE38832,"""GSM950474""",KEEP
GSE38832,"""GSM950475""",KEEP
GSE38832,"""GSM950476""",KEEP
GSE38832,"""GSM950477""",KEEP
GSE38832,"""GSM950478""",KEEP
GSE38832,"""GSM950479""",KEEP
GSE38832,"""GSM950480""",KEEP
GSE38832,"""GSM950481""",KEEP
GSE38832,"""GSM950482""",KEEP
GSE38832,"""GSM950483""",KEEP
GSE38832,"""GSM950484""",KEEP
GSE38832,"""GSM950485""",KEEP
GSE38832,"""GSM950486""",KEEP
GSE38832,"""GSM950487""",KEEP
GSE38832,"""GSM950488""",KEEP
GSE38832,"""GSM950489""",KEEP
GSE38832,"""GSM950490""",KEEP
GSE38832,"""GSM950491""",KEEP
GSE38832,"""GSM950492""",KEEP
GSE38832,"""GSM950493""",KEEP
GSE38832,"""GSM950494""",KEEP
GSE38832,"""GSM950495""",KEEP
GSE38832,"""GSM950496""",KEEP
GSE38832,"""GSM950497""",KEEP
GSE38832,"""GSM950498""",KEEP
GSE38832,"""GSM950499""",KEEP
GSE38832,"""GSM950500""",KEEP
GSE38832,"""GSM950501""",KEEP
GSE38832,"""GSM950502""",KEEP
GSE38832,"""GSM950503""",KEEP
GSE38832,"""GSM950504""",KEEP
GSE38832,"""GSM950505""",KEEP
GSE38832,"""GSM950506""",KEEP
GSE38832,"""GSM950507""",KEEP
GSE38832,"""GSM950508""",KEEP
GSE38832,"""GSM950509""",KEEP
GSE38832,"""GSM950510""",KEEP
GSE38832,"""GSM950511""",KEEP
GSE38832,"""GSM950512""",KEEP
GSE38832,"""GSM950513""",KEEP
GSE38832,"""GSM950514""",KEEP
GSE38832,"""GSM950515""",KEEP
GSE38832,"""GSM950516""",KEEP
GSE38832,"""GSM950517""",KEEP
GSE38832,"""GSM950518""",KEEP
GSE38832,"""GSM950519""",KEEP
GSE38832,"""GSM950520""",KEEP
GSE38832,"""GSM950521""",KEEP
GSE38832,"""GSM950522""",KEEP
GSE38832,"""GSM950523""",KEEP
GSE38832,"""GSM950524""",KEEP
GSE38832,"""GSM950525""",KEEP
GSE38832,"""GSM950526""",KEEP
GSE38832,"""GSM950527""",KEEP
GSE38832,"""GSM950528""",KEEP
GSE38832,"""GSM950529""",KEEP
GSE38832,"""GSM950530""",KEEP
GSE38832,"""GSM950531""",KEEP
GSE38832,"""GSM950532""",KEEP
GSE39582,"""GSM971957""",REMOVE
GSE39582,"""GSM971958""",REMOVE
GSE39582,"""GSM971959""",REMOVE
GSE39582,"""GSM971960""",REMOVE
GSE39582,"""GSM971961""",REMOVE
GSE39582,"""GSM971962""",REMOVE
GSE39582,"""GSM971963""",REMOVE
GSE39582,"""GSM971964""",REMOVE
GSE39582,"""GSM971965""",REMOVE
GSE39582,"""GSM971966""",REMOVE
GSE39582,"""GSM971967""",REMOVE
GSE39582,"""GSM971968""",REMOVE
GSE39582,"""GSM971969""",REMOVE
GSE39582,"""GSM971970""",REMOVE
GSE39582,"""GSM971971""",REMOVE
GSE39582,"""GSM971972""",REMOVE
GSE39582,"""GSM971973""",REMOVE
GSE39582,"""GSM971974""",REMOVE
GSE39582,"""GSM971975""",REMOVE
GSE39582,"""GSM971976""",REMOVE
GSE39582,"""GSM971977""",REMOVE
GSE39582,"""GSM971978""",REMOVE
GSE39582,"""GSM971979""",REMOVE
GSE39582,"""GSM971980""",REMOVE
GSE39582,"""GSM971981""",REMOVE
GSE39582,"""GSM971982""",REMOVE
GSE39582,"""GSM971983""",REMOVE
GSE39582,"""GSM971984""",REMOVE
GSE39582,"""GSM971985""",REMOVE
GSE39582,"""GSM971986""",REMOVE
GSE39582,"""GSM971987""",REMOVE
GSE39582,"""GSM971988""",REMOVE
GSE39582,"""GSM971989""",REMOVE
GSE39582,"""GSM971990""",REMOVE
GSE39582,"""GSM971991""",REMOVE
GSE39582,"""GSM971992""",REMOVE
GSE39582,"""GSM971993""",REMOVE
GSE39582,"""GSM971994""",REMOVE
GSE39582,"""GSM971995""",REMOVE
GSE39582,"""GSM971996""",REMOVE
GSE39582,"""GSM971997""",REMOVE
GSE39582,"""GSM971998""",REMOVE
GSE39582,"""GSM971999""",REMOVE
GSE39582,"""GSM972000""",REMOVE
GSE39582,"""GSM972001""",REMOVE
GSE39582,"""GSM972002""",REMOVE
GSE39582,"""GSM972003""",REMOVE
GSE39582,"""GSM972004""",REMOVE
GSE39582,"""GSM972005""",REMOVE
GSE39582,"""GSM972006""",REMOVE
GSE39582,"""GSM972007""",REMOVE
GSE39582,"""GSM972008""",REMOVE
GSE39582,"""GSM972009""",REMOVE
GSE39582,"""GSM972010""",REMOVE
GSE39582,"""GSM972011""",REMOVE
GSE39582,"""GSM972012""",REMOVE
GSE39582,"""GSM972013""",REMOVE
GSE39582,"""GSM972014""",REMOVE
GSE39582,"""GSM972015""",REMOVE
GSE39582,"""GSM972016""",REMOVE
GSE39582,"""GSM972017""",KEEP
GSE39582,"""GSM972018""",KEEP
GSE39582,"""GSM972019""",KEEP
GSE39582,"""GSM972020""",KEEP
GSE39582,"""GSM972021""",KEEP
GSE39582,"""GSM972022""",KEEP
GSE39582,"""GSM972023""",KEEP
GSE39582,"""GSM972024""",KEEP
GSE39582,"""GSM972025""",KEEP
GSE39582,"""GSM972026""",KEEP
GSE39582,"""GSM972027""",KEEP
GSE39582,"""GSM972028""",KEEP
GSE39582,"""GSM972029""",KEEP
GSE39582,"""GSM972030""",KEEP
GSE39582,"""GSM972031""",KEEP
GSE39582,"""GSM972032""",KEEP
GSE39582,"""GSM972033""",KEEP
GSE39582,"""GSM972034""",KEEP
GSE39582,"""GSM972035""",KEEP
GSE39582,"""GSM972036""",KEEP
GSE39582,"""GSM972037""",KEEP
GSE39582,"""GSM972038""",KEEP
GSE39582,"""GSM972039""",KEEP
GSE39582,"""GSM972040""",KEEP
GSE39582,"""GSM972041""",KEEP
GSE39582,"""GSM972042""",KEEP
GSE39582,"""GSM972043""",KEEP
GSE39582,"""GSM972044""",KEEP
GSE39582,"""GSM972045""",KEEP
GSE39582,"""GSM972046""",KEEP
GSE39582,"""GSM972047""",KEEP
GSE39582,"""GSM972048""",KEEP
GSE39582,"""GSM972049""",KEEP
GSE39582,"""GSM972050""",KEEP
GSE39582,"""GSM972051""",KEEP
GSE39582,"""GSM972052""",KEEP
GSE39582,"""GSM972053""",KEEP
GSE39582,"""GSM972054""",KEEP
GSE39582,"""GSM972055""",KEEP
GSE39582,"""GSM972056""",KEEP
GSE39582,"""GSM972057""",KEEP
GSE39582,"""GSM972058""",KEEP
GSE39582,"""GSM972059""",KEEP
GSE39582,"""GSM972060""",KEEP
GSE39582,"""GSM972061""",KEEP
GSE39582,"""GSM972062""",KEEP
GSE39582,"""GSM972063""",KEEP
GSE39582,"""GSM972064""",KEEP
GSE39582,"""GSM972065""",KEEP
GSE39582,"""GSM972066""",KEEP
GSE39582,"""GSM972067""",KEEP
GSE39582,"""GSM972068""",KEEP
GSE39582,"""GSM972069""",KEEP
GSE39582,"""GSM972070""",KEEP
GSE39582,"""GSM972071""",KEEP
GSE39582,"""GSM972072""",KEEP
GSE39582,"""GSM972073""",KEEP
GSE39582,"""GSM972074""",KEEP
GSE39582,"""GSM972075""",KEEP
GSE39582,"""GSM972076""",KEEP
GSE39582,"""GSM972077""",KEEP
GSE39582,"""GSM972078""",KEEP
GSE39582,"""GSM972079""",KEEP
GSE39582,"""GSM972080""",KEEP
GSE39582,"""GSM972081""",KEEP
GSE39582,"""GSM972082""",KEEP
GSE39582,"""GSM972083""",KEEP
GSE39582,"""GSM972084""",KEEP
GSE39582,"""GSM972085""",KEEP
GSE39582,"""GSM972086""",KEEP
GSE39582,"""GSM972087""",KEEP
GSE39582,"""GSM972088""",KEEP
GSE39582,"""GSM972089""",KEEP
GSE39582,"""GSM972090""",KEEP
GSE39582,"""GSM972091""",KEEP
GSE39582,"""GSM972092""",KEEP
GSE39582,"""GSM972093""",KEEP
GSE39582,"""GSM972094""",KEEP
GSE39582,"""GSM972095""",KEEP
GSE39582,"""GSM972096""",KEEP
GSE39582,"""GSM972097""",KEEP
GSE39582,"""GSM972098""",KEEP
GSE39582,"""GSM972099""",KEEP
GSE39582,"""GSM972100""",KEEP
GSE39582,"""GSM972101""",KEEP
GSE39582,"""GSM972102""",KEEP
GSE39582,"""GSM972103""",KEEP
GSE39582,"""GSM972104""",KEEP
GSE39582,"""GSM972105""",KEEP
GSE39582,"""GSM972106""",KEEP
GSE39582,"""GSM972107""",KEEP
GSE39582,"""GSM972108""",KEEP
GSE39582,"""GSM972109""",KEEP
GSE39582,"""GSM972110""",KEEP
GSE39582,"""GSM972111""",KEEP
GSE39582,"""GSM972112""",KEEP
GSE39582,"""GSM972113""",KEEP
GSE39582,"""GSM972114""",KEEP
GSE39582,"""GSM972115""",KEEP
GSE39582,"""GSM972116""",KEEP
GSE39582,"""GSM972117""",KEEP
GSE39582,"""GSM972118""",KEEP
GSE39582,"""GSM972119""",KEEP
GSE39582,"""GSM972120""",KEEP
GSE39582,"""GSM972121""",KEEP
GSE39582,"""GSM972122""",KEEP
GSE39582,"""GSM972123""",KEEP
GSE39582,"""GSM972124""",KEEP
GSE39582,"""GSM972125""",KEEP
GSE39582,"""GSM972126""",KEEP
GSE39582,"""GSM972127""",KEEP
GSE39582,"""GSM972128""",KEEP
GSE39582,"""GSM972129""",KEEP
GSE39582,"""GSM972130""",KEEP
GSE39582,"""GSM972131""",KEEP
GSE39582,"""GSM972132""",KEEP
GSE39582,"""GSM972133""",KEEP
GSE39582,"""GSM972134""",KEEP
GSE39582,"""GSM972135""",KEEP
GSE39582,"""GSM972136""",KEEP
GSE39582,"""GSM972137""",KEEP
GSE39582,"""GSM972138""",KEEP
GSE39582,"""GSM972139""",KEEP
GSE39582,"""GSM972140""",KEEP
GSE39582,"""GSM972141""",KEEP
GSE39582,"""GSM972142""",KEEP
GSE39582,"""GSM972143""",KEEP
GSE39582,"""GSM972144""",KEEP
GSE39582,"""GSM972145""",KEEP
GSE39582,"""GSM972146""",KEEP
GSE39582,"""GSM972147""",KEEP
GSE39582,"""GSM972148""",KEEP
GSE39582,"""GSM972149""",KEEP
GSE39582,"""GSM972150""",KEEP
GSE39582,"""GSM972151""",KEEP
GSE39582,"""GSM972152""",KEEP
GSE39582,"""GSM972153""",KEEP
GSE39582,"""GSM972154""",KEEP
GSE39582,"""GSM972155""",KEEP
GSE39582,"""GSM972156""",KEEP
GSE39582,"""GSM972157""",KEEP
GSE39582,"""GSM972158""",KEEP
GSE39582,"""GSM972159""",KEEP
GSE39582,"""GSM972160""",KEEP
GSE39582,"""GSM972161""",KEEP
GSE39582,"""GSM972162""",KEEP
GSE39582,"""GSM972163""",KEEP
GSE39582,"""GSM972164""",KEEP
GSE39582,"""GSM972165""",KEEP
GSE39582,"""GSM972166""",KEEP
GSE39582,"""GSM972167""",KEEP
GSE39582,"""GSM972168""",KEEP
GSE39582,"""GSM972169""",KEEP
GSE39582,"""GSM972170""",KEEP
GSE39582,"""GSM972171""",KEEP
GSE39582,"""GSM972172""",KEEP
GSE39582,"""GSM972173""",KEEP
GSE39582,"""GSM972174""",KEEP
GSE39582,"""GSM972175""",KEEP
GSE39582,"""GSM972176""",KEEP
GSE39582,"""GSM972177""",KEEP
GSE39582,"""GSM972178""",KEEP
GSE39582,"""GSM972179""",KEEP
GSE39582,"""GSM972180""",KEEP
GSE39582,"""GSM972181""",KEEP
GSE39582,"""GSM972182""",KEEP
GSE39582,"""GSM972183""",KEEP
GSE39582,"""GSM972184""",KEEP
GSE39582,"""GSM972185""",KEEP
GSE39582,"""GSM972186""",KEEP
GSE39582,"""GSM972187""",KEEP
GSE39582,"""GSM972188""",KEEP
GSE39582,"""GSM972189""",KEEP
GSE39582,"""GSM972190""",KEEP
GSE39582,"""GSM972191""",KEEP
GSE39582,"""GSM972192""",KEEP
GSE39582,"""GSM972193""",KEEP
GSE39582,"""GSM972194""",KEEP
GSE39582,"""GSM972195""",KEEP
GSE39582,"""GSM972196""",KEEP
GSE39582,"""GSM972197""",KEEP
GSE39582,"""GSM972198""",KEEP
GSE39582,"""GSM972199""",KEEP
GSE39582,"""GSM972200""",KEEP
GSE39582,"""GSM972201""",KEEP
GSE39582,"""GSM972202""",KEEP
GSE39582,"""GSM972203""",KEEP
GSE39582,"""GSM972204""",KEEP
GSE39582,"""GSM972205""",KEEP
GSE39582,"""GSM972206""",KEEP
GSE39582,"""GSM972207""",KEEP
GSE39582,"""GSM972208""",KEEP
GSE39582,"""GSM972209""",KEEP
GSE39582,"""GSM972210""",KEEP
GSE39582,"""GSM972211""",KEEP
GSE39582,"""GSM972212""",KEEP
GSE39582,"""GSM972213""",KEEP
GSE39582,"""GSM972214""",KEEP
GSE39582,"""GSM972215""",KEEP
GSE39582,"""GSM972216""",KEEP
GSE39582,"""GSM972217""",KEEP
GSE39582,"""GSM972218""",KEEP
GSE39582,"""GSM972219""",KEEP
GSE39582,"""GSM972220""",KEEP
GSE39582,"""GSM972221""",KEEP
GSE39582,"""GSM972222""",KEEP
GSE39582,"""GSM972223""",KEEP
GSE39582,"""GSM972224""",KEEP
GSE39582,"""GSM972225""",KEEP
GSE39582,"""GSM972226""",KEEP
GSE39582,"""GSM972227""",KEEP
GSE39582,"""GSM972228""",KEEP
GSE39582,"""GSM972229""",KEEP
GSE39582,"""GSM972230""",KEEP
GSE39582,"""GSM972231""",KEEP
GSE39582,"""GSM972232""",KEEP
GSE39582,"""GSM972233""",KEEP
GSE39582,"""GSM972234""",KEEP
GSE39582,"""GSM972235""",KEEP
GSE39582,"""GSM972236""",KEEP
GSE39582,"""GSM972237""",KEEP
GSE39582,"""GSM972238""",KEEP
GSE39582,"""GSM972239""",KEEP
GSE39582,"""GSM972240""",KEEP
GSE39582,"""GSM972241""",KEEP
GSE39582,"""GSM972242""",KEEP
GSE39582,"""GSM972243""",KEEP
GSE39582,"""GSM972244""",KEEP
GSE39582,"""GSM972245""",KEEP
GSE39582,"""GSM972246""",KEEP
GSE39582,"""GSM972247""",KEEP
GSE39582,"""GSM972248""",KEEP
GSE39582,"""GSM972249""",KEEP
GSE39582,"""GSM972250""",KEEP
GSE39582,"""GSM972251""",KEEP
GSE39582,"""GSM972252""",KEEP
GSE39582,"""GSM972253""",KEEP
GSE39582,"""GSM972254""",KEEP
GSE39582,"""GSM972255""",KEEP
GSE39582,"""GSM972256""",KEEP
GSE39582,"""GSM972257""",KEEP
GSE39582,"""GSM972258""",KEEP
GSE39582,"""GSM972259""",KEEP
GSE39582,"""GSM972260""",KEEP
GSE39582,"""GSM972261""",KEEP
GSE39582,"""GSM972262""",KEEP
GSE39582,"""GSM972263""",KEEP
GSE39582,"""GSM972264""",KEEP
GSE39582,"""GSM972265""",KEEP
GSE39582,"""GSM972266""",KEEP
GSE39582,"""GSM972267""",KEEP
GSE39582,"""GSM972268""",KEEP
GSE39582,"""GSM972269""",KEEP
GSE39582,"""GSM972270""",KEEP
GSE39582,"""GSM972271""",KEEP
GSE39582,"""GSM972272""",KEEP
GSE39582,"""GSM972273""",KEEP
GSE39582,"""GSM972274""",KEEP
GSE39582,"""GSM972275""",KEEP
GSE39582,"""GSM972276""",KEEP
GSE39582,"""GSM972277""",KEEP
GSE39582,"""GSM972278""",KEEP
GSE39582,"""GSM972279""",KEEP
GSE39582,"""GSM972280""",KEEP
GSE39582,"""GSM972281""",KEEP
GSE39582,"""GSM972282""",KEEP
GSE39582,"""GSM972283""",KEEP
GSE39582,"""GSM972284""",KEEP
GSE39582,"""GSM972285""",KEEP
GSE39582,"""GSM972286""",KEEP
GSE39582,"""GSM972287""",KEEP
GSE39582,"""GSM972288""",KEEP
GSE39582,"""GSM972289""",KEEP
GSE39582,"""GSM972290""",KEEP
GSE39582,"""GSM972291""",KEEP
GSE39582,"""GSM972292""",KEEP
GSE39582,"""GSM972293""",KEEP
GSE39582,"""GSM972294""",KEEP
GSE39582,"""GSM972295""",KEEP
GSE39582,"""GSM972296""",KEEP
GSE39582,"""GSM972297""",KEEP
GSE39582,"""GSM972298""",KEEP
GSE39582,"""GSM972299""",KEEP
GSE39582,"""GSM972300""",KEEP
GSE39582,"""GSM972301""",KEEP
GSE39582,"""GSM972302""",KEEP
GSE39582,"""GSM972303""",KEEP
GSE39582,"""GSM972304""",KEEP
GSE39582,"""GSM972305""",KEEP
GSE39582,"""GSM972306""",KEEP
GSE39582,"""GSM972307""",KEEP
GSE39582,"""GSM972308""",KEEP
GSE39582,"""GSM972309""",KEEP
GSE39582,"""GSM972310""",KEEP
GSE39582,"""GSM972311""",KEEP
GSE39582,"""GSM972312""",KEEP
GSE39582,"""GSM972313""",KEEP
GSE39582,"""GSM972314""",KEEP
GSE39582,"""GSM972315""",KEEP
GSE39582,"""GSM972316""",KEEP
GSE39582,"""GSM972317""",KEEP
GSE39582,"""GSM972318""",KEEP
GSE39582,"""GSM972319""",KEEP
GSE39582,"""GSM972320""",KEEP
GSE39582,"""GSM972321""",KEEP
GSE39582,"""GSM972322""",KEEP
GSE39582,"""GSM972323""",KEEP
GSE39582,"""GSM972324""",KEEP
GSE39582,"""GSM972325""",KEEP
GSE39582,"""GSM972326""",KEEP
GSE39582,"""GSM972327""",KEEP
GSE39582,"""GSM972328""",KEEP
GSE39582,"""GSM972329""",KEEP
GSE39582,"""GSM972330""",KEEP
GSE39582,"""GSM972331""",KEEP
GSE39582,"""GSM972332""",KEEP
GSE39582,"""GSM972333""",KEEP
GSE39582,"""GSM972334""",KEEP
GSE39582,"""GSM972335""",KEEP
GSE39582,"""GSM972336""",KEEP
GSE39582,"""GSM972337""",KEEP
GSE39582,"""GSM972338""",KEEP
GSE39582,"""GSM972339""",KEEP
GSE39582,"""GSM972340""",KEEP
GSE39582,"""GSM972341""",KEEP
GSE39582,"""GSM972342""",KEEP
GSE39582,"""GSM972343""",KEEP
GSE39582,"""GSM972344""",KEEP
GSE39582,"""GSM972345""",KEEP
GSE39582,"""GSM972346""",KEEP
GSE39582,"""GSM972347""",KEEP
GSE39582,"""GSM972348""",KEEP
GSE39582,"""GSM972349""",KEEP
GSE39582,"""GSM972350""",KEEP
GSE39582,"""GSM972351""",KEEP
GSE39582,"""GSM972352""",KEEP
GSE39582,"""GSM972353""",KEEP
GSE39582,"""GSM972354""",KEEP
GSE39582,"""GSM972355""",KEEP
GSE39582,"""GSM972356""",KEEP
GSE39582,"""GSM972357""",KEEP
GSE39582,"""GSM972358""",KEEP
GSE39582,"""GSM972359""",KEEP
GSE39582,"""GSM972360""",KEEP
GSE39582,"""GSM972361""",KEEP
GSE39582,"""GSM972362""",KEEP
GSE39582,"""GSM972363""",KEEP
GSE39582,"""GSM972364""",KEEP
GSE39582,"""GSM972365""",KEEP
GSE39582,"""GSM972366""",KEEP
GSE39582,"""GSM972367""",KEEP
GSE39582,"""GSM972368""",KEEP
GSE39582,"""GSM972369""",KEEP
GSE39582,"""GSM972370""",KEEP
GSE39582,"""GSM972371""",KEEP
GSE39582,"""GSM972372""",KEEP
GSE39582,"""GSM972373""",KEEP
GSE39582,"""GSM972374""",KEEP
GSE39582,"""GSM972375""",KEEP
GSE39582,"""GSM972376""",KEEP
GSE39582,"""GSM972377""",KEEP
GSE39582,"""GSM972378""",KEEP
GSE39582,"""GSM972379""",KEEP
GSE39582,"""GSM972380""",KEEP
GSE39582,"""GSM972381""",KEEP
GSE39582,"""GSM972382""",KEEP
GSE39582,"""GSM972383""",KEEP
GSE39582,"""GSM972384""",KEEP
GSE39582,"""GSM972385""",KEEP
GSE39582,"""GSM972386""",KEEP
GSE39582,"""GSM972387""",KEEP
GSE39582,"""GSM972388""",KEEP
GSE39582,"""GSM972389""",KEEP
GSE39582,"""GSM972390""",KEEP
GSE39582,"""GSM972391""",KEEP
GSE39582,"""GSM972392""",KEEP
GSE39582,"""GSM972393""",KEEP
GSE39582,"""GSM972394""",KEEP
GSE39582,"""GSM972395""",KEEP
GSE39582,"""GSM972396""",KEEP
GSE39582,"""GSM972397""",KEEP
GSE39582,"""GSM972398""",KEEP
GSE39582,"""GSM972399""",KEEP
GSE39582,"""GSM972400""",REMOVE
GSE39582,"""GSM972401""",KEEP
GSE39582,"""GSM972402""",KEEP
GSE39582,"""GSM972403""",KEEP
GSE39582,"""GSM972404""",KEEP
GSE39582,"""GSM972405""",KEEP
GSE39582,"""GSM972406""",KEEP
GSE39582,"""GSM972407""",KEEP
GSE39582,"""GSM972408""",KEEP
GSE39582,"""GSM972409""",KEEP
GSE39582,"""GSM972410""",KEEP
GSE39582,"""GSM972411""",KEEP
GSE39582,"""GSM972412""",KEEP
GSE39582,"""GSM972413""",KEEP
GSE39582,"""GSM972414""",KEEP
GSE39582,"""GSM972415""",KEEP
GSE39582,"""GSM972416""",KEEP
GSE39582,"""GSM972417""",KEEP
GSE39582,"""GSM972418""",KEEP
GSE39582,"""GSM972419""",KEEP
GSE39582,"""GSM972420""",KEEP
GSE39582,"""GSM972421""",KEEP
GSE39582,"""GSM972422""",KEEP
GSE39582,"""GSM972423""",KEEP
GSE39582,"""GSM972424""",KEEP
GSE39582,"""GSM972425""",KEEP
GSE39582,"""GSM972426""",KEEP
GSE39582,"""GSM972427""",KEEP
GSE39582,"""GSM972428""",KEEP
GSE39582,"""GSM972429""",KEEP
GSE39582,"""GSM972430""",KEEP
GSE39582,"""GSM972431""",KEEP
GSE39582,"""GSM972432""",KEEP
GSE39582,"""GSM972433""",KEEP
GSE39582,"""GSM972434""",KEEP
GSE39582,"""GSM972435""",KEEP
GSE39582,"""GSM972436""",KEEP
GSE39582,"""GSM972437""",KEEP
GSE39582,"""GSM972438""",KEEP
GSE39582,"""GSM972439""",KEEP
GSE39582,"""GSM972440""",KEEP
GSE39582,"""GSM972441""",KEEP
GSE39582,"""GSM972442""",KEEP
GSE39582,"""GSM972443""",KEEP
GSE39582,"""GSM972444""",KEEP
GSE39582,"""GSM972445""",KEEP
GSE39582,"""GSM972446""",KEEP
GSE39582,"""GSM972447""",KEEP
GSE39582,"""GSM972448""",KEEP
GSE39582,"""GSM972449""",KEEP
GSE39582,"""GSM972450""",KEEP
GSE39582,"""GSM972451""",KEEP
GSE39582,"""GSM972452""",KEEP
GSE39582,"""GSM972453""",KEEP
GSE39582,"""GSM972454""",KEEP
GSE39582,"""GSM972455""",KEEP
GSE39582,"""GSM972456""",KEEP
GSE39582,"""GSM972457""",KEEP
GSE39582,"""GSM972458""",KEEP
GSE39582,"""GSM972459""",KEEP
GSE39582,"""GSM972460""",KEEP
GSE39582,"""GSM972461""",KEEP
GSE39582,"""GSM972462""",KEEP
GSE39582,"""GSM972463""",KEEP
GSE39582,"""GSM972464""",KEEP
GSE39582,"""GSM972465""",KEEP
GSE39582,"""GSM972466""",KEEP
GSE39582,"""GSM972467""",KEEP
GSE39582,"""GSM972468""",KEEP
GSE39582,"""GSM972469""",KEEP
GSE39582,"""GSM972470""",KEEP
GSE39582,"""GSM972471""",KEEP
GSE39582,"""GSM972472""",KEEP
GSE39582,"""GSM972473""",KEEP
GSE39582,"""GSM972474""",KEEP
GSE39582,"""GSM972475""",KEEP
GSE39582,"""GSM972476""",KEEP
GSE39582,"""GSM972477""",KEEP
GSE39582,"""GSM972478""",KEEP
GSE39582,"""GSM972479""",KEEP
GSE39582,"""GSM972480""",KEEP
GSE39582,"""GSM972481""",KEEP
GSE39582,"""GSM972482""",KEEP
GSE39582,"""GSM972483""",KEEP
GSE39582,"""GSM972484""",KEEP
GSE39582,"""GSM972485""",KEEP
GSE39582,"""GSM972486""",KEEP
GSE39582,"""GSM972487""",KEEP
GSE39582,"""GSM972488""",KEEP
GSE39582,"""GSM972489""",KEEP
GSE39582,"""GSM972490""",KEEP
GSE39582,"""GSM972491""",KEEP
GSE39582,"""GSM972492""",KEEP
GSE39582,"""GSM972493""",KEEP
GSE39582,"""GSM972494""",KEEP
GSE39582,"""GSM972495""",KEEP
GSE39582,"""GSM972496""",KEEP
GSE39582,"""GSM972497""",KEEP
GSE39582,"""GSM972498""",KEEP
GSE39582,"""GSM972499""",KEEP
GSE39582,"""GSM972500""",KEEP
GSE39582,"""GSM972501""",KEEP
GSE39582,"""GSM972502""",KEEP
GSE39582,"""GSM972503""",KEEP
GSE39582,"""GSM972504""",KEEP
GSE39582,"""GSM972505""",KEEP
GSE39582,"""GSM972506""",KEEP
GSE39582,"""GSM972507""",KEEP
GSE39582,"""GSM972508""",KEEP
GSE39582,"""GSM972509""",KEEP
GSE39582,"""GSM972510""",KEEP
GSE39582,"""GSM972511""",KEEP
GSE39582,"""GSM972512""",KEEP
GSE39582,"""GSM972513""",KEEP
GSE39582,"""GSM972514""",KEEP
GSE39582,"""GSM972515""",KEEP
GSE39582,"""GSM972516""",KEEP
GSE39582,"""GSM972517""",KEEP
GSE39582,"""GSM972518""",KEEP
GSE39582,"""GSM972519""",KEEP
GSE39582,"""GSM972520""",KEEP
GSE39582,"""GSM972521""",KEEP
GSE39582,"""GSM972522""",KEEP
GSE39582,"""GSM1681353""",KEEP
GSE39582,"""GSM1681354""",KEEP
GSE39582,"""GSM1681355""",KEEP
GSE39582,"""GSM1681356""",KEEP
GSE39582,"""GSM1681357""",KEEP
GSE39582,"""GSM1681358""",KEEP
GSE39582,"""GSM1681359""",KEEP
GSE39582,"""GSM1681360""",KEEP
GSE39582,"""GSM1681361""",KEEP
GSE39582,"""GSM1681362""",KEEP
GSE39582,"""GSM1681363""",KEEP
GSE39582,"""GSM1681364""",KEEP
GSE39582,"""GSM1681365""",KEEP
GSE39582,"""GSM1681366""",KEEP
GSE39582,"""GSM1681367""",KEEP
GSE39582,"""GSM1681368""",KEEP
GSE39582,"""GSM1681369""",KEEP
GSE39582,"""GSM1681370""",KEEP
GSE39582,"""GSM1681371""",KEEP
GSE41258,"""GSM1012278""",KEEP
GSE41258,"""GSM1012279""",KEEP
GSE41258,"""GSM1012280""",KEEP
GSE41258,"""GSM1012281""",KEEP
GSE41258,"""GSM1012282""",KEEP
GSE41258,"""GSM1012283""",KEEP
GSE41258,"""GSM1012284""",KEEP
GSE41258,"""GSM1012285""",KEEP
GSE41258,"""GSM1012286""",KEEP
GSE41258,"""GSM1012287""",KEEP
GSE41258,"""GSM1012288""",KEEP
GSE41258,"""GSM1012289""",KEEP
GSE41258,"""GSM1012290""",KEEP
GSE41258,"""GSM1012291""",KEEP
GSE41258,"""GSM1012292""",KEEP
GSE41258,"""GSM1012293""",KEEP
GSE41258,"""GSM1012294""",KEEP
GSE41258,"""GSM1012295""",KEEP
GSE41258,"""GSM1012296""",KEEP
GSE41258,"""GSM1012297""",KEEP
GSE41258,"""GSM1012298""",KEEP
GSE41258,"""GSM1012299""",KEEP
GSE41258,"""GSM1012300""",KEEP
GSE41258,"""GSM1012301""",KEEP
GSE41258,"""GSM1012302""",KEEP
GSE41258,"""GSM1012303""",KEEP
GSE41258,"""GSM1012304""",KEEP
GSE41258,"""GSM1012305""",KEEP
GSE41258,"""GSM1012306""",KEEP
GSE41258,"""GSM1012307""",KEEP
GSE41258,"""GSM1012308""",KEEP
GSE41258,"""GSM1012309""",KEEP
GSE41258,"""GSM1012310""",KEEP
GSE41258,"""GSM1012311""",KEEP
GSE41258,"""GSM1012312""",KEEP
GSE41258,"""GSM1012313""",KEEP
GSE41258,"""GSM1012314""",KEEP
GSE41258,"""GSM1012315""",KEEP
GSE41258,"""GSM1012316""",KEEP
GSE41258,"""GSM1012317""",KEEP
GSE41258,"""GSM1012318""",KEEP
GSE41258,"""GSM1012319""",KEEP
GSE41258,"""GSM1012320""",KEEP
GSE41258,"""GSM1012321""",KEEP
GSE41258,"""GSM1012322""",KEEP
GSE41258,"""GSM1012323""",KEEP
GSE41258,"""GSM1012324""",KEEP
GSE41258,"""GSM1012325""",KEEP
GSE41258,"""GSM1012326""",KEEP
GSE41258,"""GSM1012327""",KEEP
GSE41258,"""GSM1012328""",KEEP
GSE41258,"""GSM1012329""",KEEP
GSE41258,"""GSM1012330""",KEEP
GSE41258,"""GSM1012331""",KEEP
GSE41258,"""GSM1012332""",KEEP
GSE41258,"""GSM1012333""",KEEP
GSE41258,"""GSM1012334""",KEEP
GSE41258,"""GSM1012335""",KEEP
GSE41258,"""GSM1012336""",KEEP
GSE41258,"""GSM1012337""",KEEP
GSE41258,"""GSM1012338""",KEEP
GSE41258,"""GSM1012339""",KEEP
GSE41258,"""GSM1012340""",KEEP
GSE41258,"""GSM1012341""",KEEP
GSE41258,"""GSM1012342""",KEEP
GSE41258,"""GSM1012343""",KEEP
GSE41258,"""GSM1012344""",KEEP
GSE41258,"""GSM1012345""",KEEP
GSE41258,"""GSM1012346""",KEEP
GSE41258,"""GSM1012347""",KEEP
GSE41258,"""GSM1012348""",KEEP
GSE41258,"""GSM1012349""",KEEP
GSE41258,"""GSM1012350""",KEEP
GSE41258,"""GSM1012351""",KEEP
GSE41258,"""GSM1012352""",KEEP
GSE41258,"""GSM1012353""",KEEP
GSE41258,"""GSM1012354""",KEEP
GSE41258,"""GSM1012355""",KEEP
GSE41258,"""GSM1012356""",KEEP
GSE41258,"""GSM1012357""",KEEP
GSE41258,"""GSM1012358""",KEEP
GSE41258,"""GSM1012359""",KEEP
GSE41258,"""GSM1012360""",KEEP
GSE41258,"""GSM1012361""",KEEP
GSE41258,"""GSM1012362""",KEEP
GSE41258,"""GSM1012363""",KEEP
GSE41258,"""GSM1012364""",KEEP
GSE41258,"""GSM1012365""",KEEP
GSE41258,"""GSM1012366""",KEEP
GSE41258,"""GSM1012367""",KEEP
GSE41258,"""GSM1012368""",KEEP
GSE41258,"""GSM1012369""",KEEP
GSE41258,"""GSM1012370""",KEEP
GSE41258,"""GSM1012371""",KEEP
GSE41258,"""GSM1012372""",KEEP
GSE41258,"""GSM1012373""",KEEP
GSE41258,"""GSM1012374""",KEEP
GSE41258,"""GSM1012375""",KEEP
GSE41258,"""GSM1012376""",KEEP
GSE41258,"""GSM1012377""",KEEP
GSE41258,"""GSM1012378""",KEEP
GSE41258,"""GSM1012379""",KEEP
GSE41258,"""GSM1012380""",KEEP
GSE41258,"""GSM1012381""",KEEP
GSE41258,"""GSM1012382""",KEEP
GSE41258,"""GSM1012383""",KEEP
GSE41258,"""GSM1012384""",KEEP
GSE41258,"""GSM1012385""",KEEP
GSE41258,"""GSM1012386""",KEEP
GSE41258,"""GSM1012387""",KEEP
GSE41258,"""GSM1012388""",KEEP
GSE41258,"""GSM1012389""",KEEP
GSE41258,"""GSM1012390""",KEEP
GSE41258,"""GSM1012391""",KEEP
GSE41258,"""GSM1012392""",KEEP
GSE41258,"""GSM1012393""",KEEP
GSE41258,"""GSM1012394""",KEEP
GSE41258,"""GSM1012395""",KEEP
GSE41258,"""GSM1012396""",KEEP
GSE41258,"""GSM1012397""",KEEP
GSE41258,"""GSM1012398""",KEEP
GSE41258,"""GSM1012399""",KEEP
GSE41258,"""GSM1012400""",KEEP
GSE41258,"""GSM1012401""",KEEP
GSE41258,"""GSM1012402""",KEEP
GSE41258,"""GSM1012403""",KEEP
GSE41258,"""GSM1012404""",KEEP
GSE41258,"""GSM1012405""",KEEP
GSE41258,"""GSM1012406""",KEEP
GSE41258,"""GSM1012407""",KEEP
GSE41258,"""GSM1012408""",KEEP
GSE41258,"""GSM1012409""",KEEP
GSE41258,"""GSM1012410""",KEEP
GSE41258,"""GSM1012411""",KEEP
GSE41258,"""GSM1012412""",KEEP
GSE41258,"""GSM1012413""",KEEP
GSE41258,"""GSM1012414""",KEEP
GSE41258,"""GSM1012415""",KEEP
GSE41258,"""GSM1012416""",KEEP
GSE41258,"""GSM1012417""",KEEP
GSE41258,"""GSM1012418""",KEEP
GSE41258,"""GSM1012419""",KEEP
GSE41258,"""GSM1012420""",KEEP
GSE41258,"""GSM1012421""",KEEP
GSE41258,"""GSM1012422""",KEEP
GSE41258,"""GSM1012423""",KEEP
GSE41258,"""GSM1012424""",KEEP
GSE41258,"""GSM1012425""",KEEP
GSE41258,"""GSM1012426""",KEEP
GSE41258,"""GSM1012427""",KEEP
GSE41258,"""GSM1012428""",KEEP
GSE41258,"""GSM1012429""",KEEP
GSE41258,"""GSM1012430""",KEEP
GSE41258,"""GSM1012431""",KEEP
GSE41258,"""GSM1012432""",KEEP
GSE41258,"""GSM1012433""",KEEP
GSE41258,"""GSM1012434""",KEEP
GSE41258,"""GSM1012435""",KEEP
GSE41258,"""GSM1012436""",KEEP
GSE41258,"""GSM1012437""",KEEP
GSE41258,"""GSM1012438""",KEEP
GSE41258,"""GSM1012439""",KEEP
GSE41258,"""GSM1012440""",KEEP
GSE41258,"""GSM1012441""",KEEP
GSE41258,"""GSM1012442""",KEEP
GSE41258,"""GSM1012443""",KEEP
GSE41258,"""GSM1012444""",KEEP
GSE41258,"""GSM1012445""",KEEP
GSE41258,"""GSM1012446""",KEEP
GSE41258,"""GSM1012447""",KEEP
GSE41258,"""GSM1012448""",KEEP
GSE41258,"""GSM1012449""",KEEP
GSE41258,"""GSM1012450""",KEEP
GSE41258,"""GSM1012451""",KEEP
GSE41258,"""GSM1012452""",KEEP
GSE41258,"""GSM1012453""",KEEP
GSE41258,"""GSM1012454""",KEEP
GSE41258,"""GSM1012455""",KEEP
GSE41258,"""GSM1012456""",KEEP
GSE41258,"""GSM1012457""",KEEP
GSE41258,"""GSM1012458""",KEEP
GSE41258,"""GSM1012459""",KEEP
GSE41258,"""GSM1012460""",KEEP
GSE41258,"""GSM1012461""",KEEP
GSE41258,"""GSM1012462""",KEEP
GSE41258,"""GSM1012463""",KEEP
GSE41258,"""GSM1012464""",KEEP
GSE41258,"""GSM1012465""",KEEP
GSE41258,"""GSM1012466""",KEEP
GSE41258,"""GSM1012467""",KEEP
GSE41258,"""GSM1012468""",KEEP
GSE41258,"""GSM1012469""",KEEP
GSE41258,"""GSM1012470""",KEEP
GSE41258,"""GSM1012471""",KEEP
GSE41258,"""GSM1012472""",KEEP
GSE41258,"""GSM1012473""",KEEP
GSE41258,"""GSM1012474""",KEEP
GSE41258,"""GSM1012475""",KEEP
GSE41258,"""GSM1012476""",KEEP
GSE41258,"""GSM1012477""",KEEP
GSE41258,"""GSM1012478""",KEEP
GSE41258,"""GSM1012479""",KEEP
GSE41258,"""GSM1012480""",KEEP
GSE41258,"""GSM1012481""",KEEP
GSE41258,"""GSM1012482""",KEEP
GSE41258,"""GSM1012483""",KEEP
GSE41258,"""GSM1012484""",KEEP
GSE41258,"""GSM1012485""",KEEP
GSE41258,"""GSM1012486""",KEEP
GSE41258,"""GSM1012487""",KEEP
GSE41258,"""GSM1012488""",KEEP
GSE41258,"""GSM1012489""",KEEP
GSE41258,"""GSM1012490""",KEEP
GSE41258,"""GSM1012491""",KEEP
GSE41258,"""GSM1012492""",KEEP
GSE41258,"""GSM1012493""",KEEP
GSE41258,"""GSM1012494""",KEEP
GSE41258,"""GSM1012495""",KEEP
GSE41258,"""GSM1012496""",KEEP
GSE41258,"""GSM1012497""",KEEP
GSE41258,"""GSM1012498""",KEEP
GSE41258,"""GSM1012499""",KEEP
GSE41258,"""GSM1012500""",KEEP
GSE41258,"""GSM1012501""",KEEP
GSE41258,"""GSM1012502""",KEEP
GSE41258,"""GSM1012503""",KEEP
GSE41258,"""GSM1012504""",KEEP
GSE41258,"""GSM1012505""",KEEP
GSE41258,"""GSM1012506""",KEEP
GSE41258,"""GSM1012507""",KEEP
GSE41258,"""GSM1012508""",KEEP
GSE41258,"""GSM1012509""",KEEP
GSE41258,"""GSM1012510""",KEEP
GSE41258,"""GSM1012511""",KEEP
GSE41258,"""GSM1012512""",KEEP
GSE41258,"""GSM1012513""",KEEP
GSE41258,"""GSM1012514""",KEEP
GSE41258,"""GSM1012515""",KEEP
GSE41258,"""GSM1012516""",KEEP
GSE41258,"""GSM1012517""",KEEP
GSE41258,"""GSM1012518""",KEEP
GSE41258,"""GSM1012519""",KEEP
GSE41258,"""GSM1012520""",KEEP
GSE41258,"""GSM1012521""",KEEP
GSE41258,"""GSM1012522""",KEEP
GSE41258,"""GSM1012523""",KEEP
GSE41258,"""GSM1012524""",KEEP
GSE41258,"""GSM1012525""",KEEP
GSE41258,"""GSM1012526""",KEEP
GSE41258,"""GSM1012527""",KEEP
GSE41258,"""GSM1012528""",KEEP
GSE41258,"""GSM1012529""",KEEP
GSE41258,"""GSM1012530""",KEEP
GSE41258,"""GSM1012531""",KEEP
GSE41258,"""GSM1012532""",KEEP
GSE41258,"""GSM1012533""",KEEP
GSE41258,"""GSM1012534""",KEEP
GSE41258,"""GSM1012535""",KEEP
GSE41258,"""GSM1012536""",KEEP
GSE41258,"""GSM1012537""",KEEP
GSE41258,"""GSM1012538""",KEEP
GSE41258,"""GSM1012539""",KEEP
GSE41258,"""GSM1012540""",KEEP
GSE41258,"""GSM1012541""",KEEP
GSE41258,"""GSM1012542""",KEEP
GSE41258,"""GSM1012543""",KEEP
GSE41258,"""GSM1012544""",KEEP
GSE41258,"""GSM1012545""",KEEP
GSE41258,"""GSM1012546""",KEEP
GSE41258,"""GSM1012547""",KEEP
GSE41258,"""GSM1012548""",KEEP
GSE41258,"""GSM1012549""",KEEP
GSE41258,"""GSM1012550""",KEEP
GSE41258,"""GSM1012551""",KEEP
GSE41258,"""GSM1012552""",KEEP
GSE41258,"""GSM1012553""",KEEP
GSE41258,"""GSM1012554""",KEEP
GSE41258,"""GSM1012555""",KEEP
GSE41258,"""GSM1012556""",KEEP
GSE41258,"""GSM1012557""",KEEP
GSE41258,"""GSM1012558""",KEEP
GSE41258,"""GSM1012559""",KEEP
GSE41258,"""GSM1012560""",KEEP
GSE41258,"""GSM1012561""",KEEP
GSE41258,"""GSM1012562""",KEEP
GSE41258,"""GSM1012563""",KEEP
GSE41258,"""GSM1012564""",KEEP
GSE41258,"""GSM1012565""",KEEP
GSE41258,"""GSM1012566""",KEEP
GSE41258,"""GSM1012567""",KEEP
GSE41258,"""GSM1012568""",KEEP
GSE41258,"""GSM1012569""",KEEP
GSE41258,"""GSM1012570""",KEEP
GSE41258,"""GSM1012571""",KEEP
GSE41258,"""GSM1012572""",KEEP
GSE41258,"""GSM1012573""",KEEP
GSE41258,"""GSM1012574""",KEEP
GSE41258,"""GSM1012575""",KEEP
GSE41258,"""GSM1012576""",KEEP
GSE41258,"""GSM1012577""",KEEP
GSE41258,"""GSM1012578""",KEEP
GSE41258,"""GSM1012579""",KEEP
GSE41258,"""GSM1012580""",KEEP
GSE41258,"""GSM1012581""",KEEP
GSE41258,"""GSM1012582""",KEEP
GSE41258,"""GSM1012583""",KEEP
GSE41258,"""GSM1012584""",KEEP
GSE41258,"""GSM1012585""",KEEP
GSE41258,"""GSM1012586""",KEEP
GSE41258,"""GSM1012587""",KEEP
GSE41258,"""GSM1012588""",KEEP
GSE41258,"""GSM1012589""",KEEP
GSE41258,"""GSM1012590""",KEEP
GSE41258,"""GSM1012591""",KEEP
GSE41258,"""GSM1012592""",KEEP
GSE41258,"""GSM1012593""",KEEP
GSE41258,"""GSM1012594""",KEEP
GSE41258,"""GSM1012595""",KEEP
GSE41258,"""GSM1012596""",KEEP
GSE41258,"""GSM1012597""",KEEP
GSE41258,"""GSM1012598""",KEEP
GSE41258,"""GSM1012599""",KEEP
GSE41258,"""GSM1012600""",KEEP
GSE41258,"""GSM1012601""",KEEP
GSE41258,"""GSM1012602""",KEEP
GSE41258,"""GSM1012603""",KEEP
GSE41258,"""GSM1012604""",KEEP
GSE41258,"""GSM1012605""",KEEP
GSE41258,"""GSM1012606""",KEEP
GSE41258,"""GSM1012607""",KEEP
GSE41258,"""GSM1012608""",KEEP
GSE41258,"""GSM1012609""",KEEP
GSE41258,"""GSM1012610""",KEEP
GSE41258,"""GSM1012611""",KEEP
GSE41258,"""GSM1012612""",KEEP
GSE41258,"""GSM1012613""",KEEP
GSE41258,"""GSM1012614""",KEEP
GSE41258,"""GSM1012615""",KEEP
GSE41258,"""GSM1012616""",KEEP
GSE41258,"""GSM1012617""",KEEP
GSE41258,"""GSM1012618""",KEEP
GSE41258,"""GSM1012619""",KEEP
GSE41258,"""GSM1012620""",KEEP
GSE41258,"""GSM1012621""",KEEP
GSE41258,"""GSM1012622""",KEEP
GSE41258,"""GSM1012623""",KEEP
GSE41258,"""GSM1012624""",KEEP
GSE41258,"""GSM1012625""",KEEP
GSE41258,"""GSM1012626""",KEEP
GSE41258,"""GSM1012627""",KEEP
GSE41258,"""GSM1012628""",KEEP
GSE41258,"""GSM1012629""",KEEP
GSE41258,"""GSM1012630""",KEEP
GSE41258,"""GSM1012631""",KEEP
GSE41258,"""GSM1012632""",KEEP
GSE41258,"""GSM1012633""",KEEP
GSE41258,"""GSM1012634""",KEEP
GSE41258,"""GSM1012635""",KEEP
GSE41258,"""GSM1012636""",KEEP
GSE41258,"""GSM1012637""",KEEP
GSE41258,"""GSM1012638""",KEEP
GSE41258,"""GSM1012639""",KEEP
GSE41258,"""GSM1012640""",KEEP
GSE41258,"""GSM1012641""",KEEP
GSE41258,"""GSM1012642""",KEEP
GSE41258,"""GSM1012643""",KEEP
GSE41258,"""GSM1012644""",KEEP
GSE41258,"""GSM1012645""",KEEP
GSE41258,"""GSM1012646""",KEEP
GSE41258,"""GSM1012647""",KEEP
GSE41258,"""GSM1012648""",KEEP
GSE41258,"""GSM1012649""",KEEP
GSE41258,"""GSM1012650""",KEEP
GSE41258,"""GSM1012651""",KEEP
GSE41258,"""GSM1012652""",KEEP
GSE41258,"""GSM1012653""",KEEP
GSE41258,"""GSM1012654""",KEEP
GSE41258,"""GSM1012655""",KEEP
GSE41258,"""GSM1012656""",KEEP
GSE41258,"""GSM1012657""",KEEP
GSE41258,"""GSM1012658""",KEEP
GSE41258,"""GSM1012659""",KEEP
GSE41258,"""GSM1012660""",KEEP
GSE41258,"""GSM1012661""",KEEP
GSE41258,"""GSM1012662""",KEEP
GSE41258,"""GSM1012663""",KEEP
GSE41258,"""GSM1012664""",KEEP
GSE41258,"""GSM1012665""",KEEP
GSE41258,"""GSM1012666""",KEEP
GSE41258,"""GSM1012667""",KEEP
GSE41657,"""GSM1021121""",KEEP
GSE41657,"""GSM1021122""",KEEP
GSE41657,"""GSM1021123""",KEEP
GSE41657,"""GSM1021124""",KEEP
GSE41657,"""GSM1021125""",KEEP
GSE41657,"""GSM1021126""",KEEP
GSE41657,"""GSM1021127""",KEEP
GSE41657,"""GSM1021128""",KEEP
GSE41657,"""GSM1021129""",KEEP
GSE41657,"""GSM1021130""",KEEP
GSE41657,"""GSM1021131""",KEEP
GSE41657,"""GSM1021132""",KEEP
GSE41657,"""GSM1021133""",KEEP
GSE41657,"""GSM1021134""",KEEP
GSE41657,"""GSM1021135""",KEEP
GSE41657,"""GSM1021136""",KEEP
GSE41657,"""GSM1021137""",KEEP
GSE41657,"""GSM1021138""",KEEP
GSE41657,"""GSM1021139""",KEEP
GSE41657,"""GSM1021140""",KEEP
GSE41657,"""GSM1021141""",KEEP
GSE41657,"""GSM1021142""",KEEP
GSE41657,"""GSM1021143""",KEEP
GSE41657,"""GSM1021144""",KEEP
GSE41657,"""GSM1021145""",KEEP
GSE41657,"""GSM1021146""",KEEP
GSE41657,"""GSM1021147""",KEEP
GSE41657,"""GSM1021148""",KEEP
GSE41657,"""GSM1021149""",KEEP
GSE41657,"""GSM1021150""",KEEP
GSE41657,"""GSM1021151""",KEEP
GSE41657,"""GSM1021152""",KEEP
GSE41657,"""GSM1021153""",KEEP
GSE41657,"""GSM1021154""",KEEP
GSE41657,"""GSM1021155""",KEEP
GSE41657,"""GSM1021156""",KEEP
GSE41657,"""GSM1021157""",KEEP
GSE41657,"""GSM1021158""",KEEP
GSE41657,"""GSM1021159""",KEEP
GSE41657,"""GSM1021160""",KEEP
GSE41657,"""GSM1021161""",KEEP
GSE41657,"""GSM1021162""",KEEP
GSE41657,"""GSM1021163""",KEEP
GSE41657,"""GSM1021164""",KEEP
GSE41657,"""GSM1021165""",KEEP
GSE41657,"""GSM1021166""",KEEP
GSE41657,"""GSM1021167""",KEEP
GSE41657,"""GSM1021168""",KEEP
GSE41657,"""GSM1021169""",KEEP
GSE41657,"""GSM1021170""",KEEP
GSE41657,"""GSM1021171""",KEEP
GSE41657,"""GSM1021172""",KEEP
GSE41657,"""GSM1021173""",KEEP
GSE41657,"""GSM1021174""",KEEP
GSE41657,"""GSM1021175""",KEEP
GSE41657,"""GSM1021176""",KEEP
GSE41657,"""GSM1021177""",KEEP
GSE41657,"""GSM1021178""",KEEP
GSE41657,"""GSM1021179""",KEEP
GSE41657,"""GSM1021180""",KEEP
GSE41657,"""GSM1021181""",KEEP
GSE41657,"""GSM1021182""",KEEP
GSE41657,"""GSM1021183""",KEEP
GSE41657,"""GSM1021184""",KEEP
GSE41657,"""GSM1021185""",KEEP
GSE41657,"""GSM1021186""",KEEP
GSE41657,"""GSM1021187""",KEEP
GSE41657,"""GSM1021188""",KEEP
GSE41657,"""GSM1021189""",KEEP
GSE41657,"""GSM1021190""",KEEP
GSE41657,"""GSM1021191""",KEEP
GSE41657,"""GSM1021192""",KEEP
GSE41657,"""GSM1021193""",KEEP
GSE41657,"""GSM1021194""",KEEP
GSE41657,"""GSM1021195""",KEEP
GSE41657,"""GSM1021196""",KEEP
GSE41657,"""GSM1021197""",KEEP
GSE41657,"""GSM1021198""",KEEP
GSE41657,"""GSM1021199""",KEEP
GSE41657,"""GSM1021200""",KEEP
GSE41657,"""GSM1021201""",KEEP
GSE41657,"""GSM1021202""",KEEP
GSE41657,"""GSM1021203""",KEEP
GSE41657,"""GSM1021204""",KEEP
GSE41657,"""GSM1021205""",KEEP
GSE41657,"""GSM1021206""",KEEP
GSE41657,"""GSM1021207""",KEEP
GSE41657,"""GSM1021208""",KEEP
GSE44076,"""GSM1077598""",KEEP
GSE44076,"""GSM1077599""",KEEP
GSE44076,"""GSM1077600""",KEEP
GSE44076,"""GSM1077601""",KEEP
GSE44076,"""GSM1077602""",KEEP
GSE44076,"""GSM1077603""",KEEP
GSE44076,"""GSM1077604""",KEEP
GSE44076,"""GSM1077605""",KEEP
GSE44076,"""GSM1077606""",KEEP
GSE44076,"""GSM1077607""",KEEP
GSE44076,"""GSM1077608""",KEEP
GSE44076,"""GSM1077609""",KEEP
GSE44076,"""GSM1077610""",KEEP
GSE44076,"""GSM1077611""",KEEP
GSE44076,"""GSM1077612""",KEEP
GSE44076,"""GSM1077613""",KEEP
GSE44076,"""GSM1077614""",KEEP
GSE44076,"""GSM1077615""",KEEP
GSE44076,"""GSM1077616""",KEEP
GSE44076,"""GSM1077617""",KEEP
GSE44076,"""GSM1077618""",KEEP
GSE44076,"""GSM1077619""",KEEP
GSE44076,"""GSM1077620""",KEEP
GSE44076,"""GSM1077621""",KEEP
GSE44076,"""GSM1077622""",KEEP
GSE44076,"""GSM1077623""",KEEP
GSE44076,"""GSM1077624""",KEEP
GSE44076,"""GSM1077625""",KEEP
GSE44076,"""GSM1077626""",KEEP
GSE44076,"""GSM1077627""",KEEP
GSE44076,"""GSM1077628""",KEEP
GSE44076,"""GSM1077629""",KEEP
GSE44076,"""GSM1077630""",KEEP
GSE44076,"""GSM1077631""",KEEP
GSE44076,"""GSM1077632""",KEEP
GSE44076,"""GSM1077633""",KEEP
GSE44076,"""GSM1077634""",KEEP
GSE44076,"""GSM1077635""",KEEP
GSE44076,"""GSM1077636""",KEEP
GSE44076,"""GSM1077637""",KEEP
GSE44076,"""GSM1077638""",KEEP
GSE44076,"""GSM1077639""",KEEP
GSE44076,"""GSM1077640""",KEEP
GSE44076,"""GSM1077641""",KEEP
GSE44076,"""GSM1077642""",KEEP
GSE44076,"""GSM1077643""",KEEP
GSE44076,"""GSM1077644""",KEEP
GSE44076,"""GSM1077645""",KEEP
GSE44076,"""GSM1077646""",KEEP
GSE44076,"""GSM1077647""",KEEP
GSE44076,"""GSM1077648""",KEEP
GSE44076,"""GSM1077649""",KEEP
GSE44076,"""GSM1077650""",KEEP
GSE44076,"""GSM1077651""",KEEP
GSE44076,"""GSM1077652""",KEEP
GSE44076,"""GSM1077653""",KEEP
GSE44076,"""GSM1077654""",KEEP
GSE44076,"""GSM1077655""",KEEP
GSE44076,"""GSM1077656""",KEEP
GSE44076,"""GSM1077657""",KEEP
GSE44076,"""GSM1077658""",KEEP
GSE44076,"""GSM1077659""",KEEP
GSE44076,"""GSM1077660""",KEEP
GSE44076,"""GSM1077661""",KEEP
GSE44076,"""GSM1077662""",KEEP
GSE44076,"""GSM1077663""",KEEP
GSE44076,"""GSM1077664""",KEEP
GSE44076,"""GSM1077665""",KEEP
GSE44076,"""GSM1077666""",KEEP
GSE44076,"""GSM1077667""",KEEP
GSE44076,"""GSM1077668""",KEEP
GSE44076,"""GSM1077669""",KEEP
GSE44076,"""GSM1077670""",KEEP
GSE44076,"""GSM1077671""",KEEP
GSE44076,"""GSM1077672""",KEEP
GSE44076,"""GSM1077673""",KEEP
GSE44076,"""GSM1077674""",KEEP
GSE44076,"""GSM1077675""",KEEP
GSE44076,"""GSM1077676""",KEEP
GSE44076,"""GSM1077677""",KEEP
GSE44076,"""GSM1077678""",KEEP
GSE44076,"""GSM1077679""",KEEP
GSE44076,"""GSM1077680""",KEEP
GSE44076,"""GSM1077681""",KEEP
GSE44076,"""GSM1077682""",KEEP
GSE44076,"""GSM1077683""",KEEP
GSE44076,"""GSM1077684""",KEEP
GSE44076,"""GSM1077685""",KEEP
GSE44076,"""GSM1077686""",KEEP
GSE44076,"""GSM1077687""",KEEP
GSE44076,"""GSM1077688""",KEEP
GSE44076,"""GSM1077689""",KEEP
GSE44076,"""GSM1077690""",KEEP
GSE44076,"""GSM1077691""",KEEP
GSE44076,"""GSM1077692""",KEEP
GSE44076,"""GSM1077693""",KEEP
GSE44076,"""GSM1077694""",KEEP
GSE44076,"""GSM1077695""",KEEP
GSE44076,"""GSM1077696""",KEEP
GSE44076,"""GSM1077697""",KEEP
GSE44076,"""GSM1077698""",KEEP
GSE44076,"""GSM1077699""",KEEP
GSE44076,"""GSM1077700""",KEEP
GSE44076,"""GSM1077701""",KEEP
GSE44076,"""GSM1077702""",KEEP
GSE44076,"""GSM1077703""",KEEP
GSE44076,"""GSM1077704""",KEEP
GSE44076,"""GSM1077705""",KEEP
GSE44076,"""GSM1077706""",KEEP
GSE44076,"""GSM1077707""",KEEP
GSE44076,"""GSM1077708""",KEEP
GSE44076,"""GSM1077709""",KEEP
GSE44076,"""GSM1077710""",KEEP
GSE44076,"""GSM1077711""",KEEP
GSE44076,"""GSM1077712""",KEEP
GSE44076,"""GSM1077713""",KEEP
GSE44076,"""GSM1077714""",KEEP
GSE44076,"""GSM1077715""",KEEP
GSE44076,"""GSM1077716""",KEEP
GSE44076,"""GSM1077717""",KEEP
GSE44076,"""GSM1077718""",KEEP
GSE44076,"""GSM1077719""",KEEP
GSE44076,"""GSM1077720""",KEEP
GSE44076,"""GSM1077721""",KEEP
GSE44076,"""GSM1077722""",KEEP
GSE44076,"""GSM1077723""",KEEP
GSE44076,"""GSM1077724""",KEEP
GSE44076,"""GSM1077725""",KEEP
GSE44076,"""GSM1077726""",KEEP
GSE44076,"""GSM1077727""",KEEP
GSE44076,"""GSM1077728""",KEEP
GSE44076,"""GSM1077729""",KEEP
GSE44076,"""GSM1077730""",KEEP
GSE44076,"""GSM1077731""",KEEP
GSE44076,"""GSM1077732""",KEEP
GSE44076,"""GSM1077733""",KEEP
GSE44076,"""GSM1077734""",KEEP
GSE44076,"""GSM1077735""",KEEP
GSE44076,"""GSM1077736""",KEEP
GSE44076,"""GSM1077737""",KEEP
GSE44076,"""GSM1077738""",KEEP
GSE44076,"""GSM1077739""",KEEP
GSE44076,"""GSM1077740""",KEEP
GSE44076,"""GSM1077741""",KEEP
GSE44076,"""GSM1077742""",KEEP
GSE44076,"""GSM1077743""",KEEP
GSE44076,"""GSM1077744""",KEEP
GSE44076,"""GSM1077745""",KEEP
GSE44076,"""GSM1077746""",KEEP
GSE44076,"""GSM1077747""",KEEP
GSE44076,"""GSM1077748""",KEEP
GSE44076,"""GSM1077749""",KEEP
GSE44076,"""GSM1077750""",KEEP
GSE44076,"""GSM1077751""",KEEP
GSE44076,"""GSM1077752""",KEEP
GSE44076,"""GSM1077753""",KEEP
GSE44076,"""GSM1077754""",KEEP
GSE44076,"""GSM1077755""",KEEP
GSE44076,"""GSM1077756""",KEEP
GSE44076,"""GSM1077757""",KEEP
GSE44076,"""GSM1077758""",KEEP
GSE44076,"""GSM1077759""",KEEP
GSE44076,"""GSM1077760""",KEEP
GSE44076,"""GSM1077761""",KEEP
GSE44076,"""GSM1077762""",KEEP
GSE44076,"""GSM1077763""",KEEP
GSE44076,"""GSM1077764""",KEEP
GSE44076,"""GSM1077765""",KEEP
GSE44076,"""GSM1077766""",KEEP
GSE44076,"""GSM1077767""",KEEP
GSE44076,"""GSM1077768""",KEEP
GSE44076,"""GSM1077769""",KEEP
GSE44076,"""GSM1077770""",KEEP
GSE44076,"""GSM1077771""",KEEP
GSE44076,"""GSM1077772""",KEEP
GSE44076,"""GSM1077773""",KEEP
GSE44076,"""GSM1077774""",KEEP
GSE44076,"""GSM1077775""",KEEP
GSE44076,"""GSM1077776""",KEEP
GSE44076,"""GSM1077777""",KEEP
GSE44076,"""GSM1077778""",KEEP
GSE44076,"""GSM1077779""",KEEP
GSE44076,"""GSM1077780""",KEEP
GSE44076,"""GSM1077781""",KEEP
GSE44076,"""GSM1077782""",KEEP
GSE44076,"""GSM1077783""",KEEP
GSE44076,"""GSM1077784""",KEEP
GSE44076,"""GSM1077785""",KEEP
GSE44076,"""GSM1077786""",KEEP
GSE44076,"""GSM1077787""",KEEP
GSE44076,"""GSM1077788""",KEEP
GSE44076,"""GSM1077789""",KEEP
GSE44076,"""GSM1077790""",KEEP
GSE44076,"""GSM1077791""",KEEP
GSE44076,"""GSM1077792""",KEEP
GSE44076,"""GSM1077793""",KEEP
GSE44076,"""GSM1077794""",KEEP
GSE44076,"""GSM1077795""",KEEP
GSE44076,"""GSM1077796""",KEEP
GSE44076,"""GSM1077797""",KEEP
GSE44076,"""GSM1077798""",KEEP
GSE44076,"""GSM1077799""",KEEP
GSE44076,"""GSM1077800""",KEEP
GSE44076,"""GSM1077801""",KEEP
GSE44076,"""GSM1077802""",KEEP
GSE44076,"""GSM1077803""",KEEP
GSE44076,"""GSM1077804""",KEEP
GSE44076,"""GSM1077805""",KEEP
GSE44076,"""GSM1077806""",KEEP
GSE44076,"""GSM1077807""",KEEP
GSE44076,"""GSM1077808""",KEEP
GSE44076,"""GSM1077809""",KEEP
GSE44076,"""GSM1077810""",KEEP
GSE44076,"""GSM1077811""",KEEP
GSE44076,"""GSM1077812""",KEEP
GSE44076,"""GSM1077813""",KEEP
GSE44076,"""GSM1077814""",KEEP
GSE44076,"""GSM1077815""",KEEP
GSE44076,"""GSM1077816""",KEEP
GSE44076,"""GSM1077817""",KEEP
GSE44076,"""GSM1077818""",KEEP
GSE44076,"""GSM1077819""",KEEP
GSE44076,"""GSM1077820""",KEEP
GSE44076,"""GSM1077821""",KEEP
GSE44076,"""GSM1077822""",KEEP
GSE44076,"""GSM1077823""",KEEP
GSE44076,"""GSM1077824""",KEEP
GSE44076,"""GSM1077825""",KEEP
GSE44076,"""GSM1077826""",KEEP
GSE44076,"""GSM1077827""",KEEP
GSE44076,"""GSM1077828""",KEEP
GSE44076,"""GSM1077829""",KEEP
GSE44076,"""GSM1077830""",KEEP
GSE44076,"""GSM1077831""",KEEP
GSE44076,"""GSM1077832""",KEEP
GSE44076,"""GSM1077833""",KEEP
GSE44076,"""GSM1077834""",KEEP
GSE44076,"""GSM1077835""",KEEP
GSE44076,"""GSM1077836""",KEEP
GSE44076,"""GSM1077837""",KEEP
GSE44076,"""GSM1077838""",KEEP
GSE44076,"""GSM1077839""",KEEP
GSE44076,"""GSM1077840""",KEEP
GSE44076,"""GSM1077841""",KEEP
GSE44076,"""GSM1077842""",KEEP
GSE44076,"""GSM1077843""",KEEP
GSE68468,"""GSM1672961""",KEEP
GSE68468,"""GSM1672962""",KEEP
GSE68468,"""GSM1672963""",REMOVE
GSE68468,"""GSM1672964""",KEEP
GSE68468,"""GSM1672965""",KEEP
GSE68468,"""GSM1672966""",KEEP
GSE68468,"""GSM1672967""",KEEP
GSE68468,"""GSM1672968""",KEEP
GSE68468,"""GSM1672969""",KEEP
GSE68468,"""GSM1672970""",KEEP
GSE68468,"""GSM1672971""",KEEP
GSE68468,"""GSM1672972""",KEEP
GSE68468,"""GSM1672973""",KEEP
GSE68468,"""GSM1672974""",KEEP
GSE68468,"""GSM1672975""",KEEP
GSE68468,"""GSM1672976""",KEEP
GSE68468,"""GSM1672977""",KEEP
GSE68468,"""GSM1672978""",KEEP
GSE68468,"""GSM1672979""",KEEP
GSE68468,"""GSM1672980""",KEEP
GSE68468,"""GSM1672981""",KEEP
GSE68468,"""GSM1672982""",REMOVE
GSE68468,"""GSM1672983""",KEEP
GSE68468,"""GSM1672984""",KEEP
GSE68468,"""GSM1672985""",KEEP
GSE68468,"""GSM1672986""",KEEP
GSE68468,"""GSM1672987""",KEEP
GSE68468,"""GSM1672988""",KEEP
GSE68468,"""GSM1672989""",KEEP
GSE68468,"""GSM1672990""",KEEP
GSE68468,"""GSM1672991""",KEEP
GSE68468,"""GSM1672992""",KEEP
GSE68468,"""GSM1672993""",KEEP
GSE68468,"""GSM1672994""",KEEP
GSE68468,"""GSM1672995""",KEEP
GSE68468,"""GSM1672996""",KEEP
GSE68468,"""GSM1672997""",KEEP
GSE68468,"""GSM1672998""",KEEP
GSE68468,"""GSM1672999""",KEEP
GSE68468,"""GSM1673000""",KEEP
GSE68468,"""GSM1673001""",KEEP
GSE68468,"""GSM1673002""",KEEP
GSE68468,"""GSM1673003""",REMOVE
GSE68468,"""GSM1673004""",KEEP
GSE68468,"""GSM1673005""",KEEP
GSE68468,"""GSM1673006""",REMOVE
GSE68468,"""GSM1673007""",KEEP
GSE68468,"""GSM1673008""",KEEP
GSE68468,"""GSM1673009""",KEEP
GSE68468,"""GSM1673010""",KEEP
GSE68468,"""GSM1673011""",KEEP
GSE68468,"""GSM1673012""",KEEP
GSE68468,"""GSM1673013""",KEEP
GSE68468,"""GSM1673014""",KEEP
GSE68468,"""GSM1673015""",KEEP
GSE68468,"""GSM1673016""",KEEP
GSE68468,"""GSM1673017""",REMOVE
GSE68468,"""GSM1673018""",KEEP
GSE68468,"""GSM1673019""",KEEP
GSE68468,"""GSM1673020""",KEEP
GSE68468,"""GSM1673021""",KEEP
GSE68468,"""GSM1673022""",KEEP
GSE68468,"""GSM1673023""",KEEP
GSE68468,"""GSM1673024""",KEEP
GSE68468,"""GSM1673025""",KEEP
GSE68468,"""GSM1673026""",KEEP
GSE68468,"""GSM1673027""",KEEP
GSE68468,"""GSM1673028""",REMOVE
GSE68468,"""GSM1673029""",KEEP
GSE68468,"""GSM1673030""",KEEP
GSE68468,"""GSM1673031""",KEEP
GSE68468,"""GSM1673032""",KEEP
GSE68468,"""GSM1673033""",KEEP
GSE68468,"""GSM1673034""",KEEP
GSE68468,"""GSM1673035""",KEEP
GSE68468,"""GSM1673036""",KEEP
GSE68468,"""GSM1673037""",KEEP
GSE68468,"""GSM1673038""",KEEP
GSE68468,"""GSM1673039""",KEEP
GSE68468,"""GSM1673040""",KEEP
GSE68468,"""GSM1673041""",KEEP
GSE68468,"""GSM1673042""",KEEP
GSE68468,"""GSM1673043""",KEEP
GSE68468,"""GSM1673044""",REMOVE
GSE68468,"""GSM1673045""",KEEP
GSE68468,"""GSM1673046""",KEEP
GSE68468,"""GSM1673047""",KEEP
GSE68468,"""GSM1673048""",KEEP
GSE68468,"""GSM1673049""",KEEP
GSE68468,"""GSM1673050""",KEEP
GSE68468,"""GSM1673051""",KEEP
GSE68468,"""GSM1673052""",KEEP
GSE68468,"""GSM1673053""",KEEP
GSE68468,"""GSM1673054""",KEEP
GSE68468,"""GSM1673055""",KEEP
GSE68468,"""GSM1673056""",KEEP
GSE68468,"""GSM1673057""",KEEP
GSE68468,"""GSM1673058""",KEEP
GSE68468,"""GSM1673059""",KEEP
GSE68468,"""GSM1673060""",KEEP
GSE68468,"""GSM1673061""",KEEP
GSE68468,"""GSM1673062""",KEEP
GSE68468,"""GSM1673063""",REMOVE
GSE68468,"""GSM1673064""",KEEP
GSE68468,"""GSM1673065""",KEEP
GSE68468,"""GSM1673066""",KEEP
GSE68468,"""GSM1673067""",KEEP
GSE68468,"""GSM1673068""",REMOVE
GSE68468,"""GSM1673069""",KEEP
GSE68468,"""GSM1673070""",KEEP
GSE68468,"""GSM1673071""",KEEP
GSE68468,"""GSM1673072""",KEEP
GSE68468,"""GSM1673073""",KEEP
GSE68468,"""GSM1673074""",KEEP
GSE68468,"""GSM1673075""",KEEP
GSE68468,"""GSM1673076""",KEEP
GSE68468,"""GSM1673077""",KEEP
GSE68468,"""GSM1673078""",KEEP
GSE68468,"""GSM1673079""",KEEP
GSE68468,"""GSM1673080""",KEEP
GSE68468,"""GSM1673081""",KEEP
GSE68468,"""GSM1673082""",KEEP
GSE68468,"""GSM1673083""",KEEP
GSE68468,"""GSM1673084""",KEEP
GSE68468,"""GSM1673085""",KEEP
GSE68468,"""GSM1673086""",KEEP
GSE68468,"""GSM1673087""",KEEP
GSE68468,"""GSM1673088""",KEEP
GSE68468,"""GSM1673089""",KEEP
GSE68468,"""GSM1673090""",KEEP
GSE68468,"""GSM1673091""",KEEP
GSE68468,"""GSM1673092""",KEEP
GSE68468,"""GSM1673093""",KEEP
GSE68468,"""GSM1673094""",KEEP
GSE68468,"""GSM1673095""",KEEP
GSE68468,"""GSM1673096""",KEEP
GSE68468,"""GSM1673097""",KEEP
GSE68468,"""GSM1673098""",KEEP
GSE68468,"""GSM1673099""",KEEP
GSE68468,"""GSM1673100""",KEEP
GSE68468,"""GSM1673101""",REMOVE
GSE68468,"""GSM1673102""",KEEP
GSE68468,"""GSM1673103""",REMOVE
GSE68468,"""GSM1673104""",KEEP
GSE68468,"""GSM1673105""",KEEP
GSE68468,"""GSM1673106""",KEEP
GSE68468,"""GSM1673107""",KEEP
GSE68468,"""GSM1673108""",KEEP
GSE68468,"""GSM1673109""",KEEP
GSE68468,"""GSM1673110""",KEEP
GSE68468,"""GSM1673111""",KEEP
GSE68468,"""GSM1673112""",KEEP
GSE68468,"""GSM1673113""",KEEP
GSE68468,"""GSM1673114""",KEEP
GSE68468,"""GSM1673115""",KEEP
GSE68468,"""GSM1673116""",KEEP
GSE68468,"""GSM1673117""",KEEP
GSE68468,"""GSM1673118""",KEEP
GSE68468,"""GSM1673119""",KEEP
GSE68468,"""GSM1673120""",KEEP
GSE68468,"""GSM1673121""",KEEP
GSE68468,"""GSM1673122""",KEEP
GSE68468,"""GSM1673123""",KEEP
GSE68468,"""GSM1673124""",KEEP
GSE68468,"""GSM1673125""",REMOVE
GSE68468,"""GSM1673126""",KEEP
GSE68468,"""GSM1673127""",REMOVE
GSE68468,"""GSM1673128""",KEEP
GSE68468,"""GSM1673129""",KEEP
GSE68468,"""GSM1673130""",KEEP
GSE68468,"""GSM1673131""",KEEP
GSE68468,"""GSM1673132""",KEEP
GSE68468,"""GSM1673133""",KEEP
GSE68468,"""GSM1673134""",KEEP
GSE68468,"""GSM1673135""",KEEP
GSE68468,"""GSM1673136""",KEEP
GSE68468,"""GSM1673137""",KEEP
GSE68468,"""GSM1673138""",KEEP
GSE68468,"""GSM1673139""",KEEP
GSE68468,"""GSM1673140""",KEEP
GSE68468,"""GSM1673141""",KEEP
GSE68468,"""GSM1673142""",KEEP
GSE68468,"""GSM1673143""",KEEP
GSE68468,"""GSM1673144""",KEEP
GSE68468,"""GSM1673145""",KEEP
GSE68468,"""GSM1673146""",KEEP
GSE68468,"""GSM1673147""",KEEP
GSE68468,"""GSM1673148""",KEEP
GSE68468,"""GSM1673149""",KEEP
GSE68468,"""GSM1673150""",KEEP
GSE68468,"""GSM1673151""",KEEP
GSE68468,"""GSM1673152""",KEEP
GSE68468,"""GSM1673153""",KEEP
GSE68468,"""GSM1673154""",KEEP
GSE68468,"""GSM1673155""",KEEP
GSE68468,"""GSM1673156""",KEEP
GSE68468,"""GSM1673157""",KEEP
GSE68468,"""GSM1673158""",KEEP
GSE68468,"""GSM1673159""",KEEP
GSE68468,"""GSM1673160""",KEEP
GSE68468,"""GSM1673161""",KEEP
GSE68468,"""GSM1673162""",REMOVE
GSE68468,"""GSM1673163""",KEEP
GSE68468,"""GSM1673164""",KEEP
GSE68468,"""GSM1673165""",KEEP
GSE68468,"""GSM1673166""",KEEP
GSE68468,"""GSM1673167""",KEEP
GSE68468,"""GSM1673168""",KEEP
GSE68468,"""GSM1673169""",KEEP
GSE68468,"""GSM1673170""",KEEP
GSE68468,"""GSM1673171""",KEEP
GSE68468,"""GSM1673172""",KEEP
GSE68468,"""GSM1673173""",REMOVE
GSE68468,"""GSM1673174""",KEEP
GSE68468,"""GSM1673175""",KEEP
GSE68468,"""GSM1673176""",KEEP
GSE68468,"""GSM1673177""",REMOVE
GSE68468,"""GSM1673178""",KEEP
GSE68468,"""GSM1673179""",KEEP
GSE68468,"""GSM1673180""",KEEP
GSE68468,"""GSM1673181""",KEEP
GSE68468,"""GSM1673182""",KEEP
GSE68468,"""GSM1673183""",KEEP
GSE68468,"""GSM1673184""",KEEP
GSE68468,"""GSM1673185""",KEEP
GSE68468,"""GSM1673186""",KEEP
GSE68468,"""GSM1673187""",KEEP
GSE68468,"""GSM1673188""",KEEP
GSE68468,"""GSM1673189""",KEEP
GSE68468,"""GSM1673190""",KEEP
GSE68468,"""GSM1673191""",KEEP
GSE68468,"""GSM1673192""",KEEP
GSE68468,"""GSM1673193""",KEEP
GSE68468,"""GSM1673194""",KEEP
GSE68468,"""GSM1673195""",KEEP
GSE68468,"""GSM1673196""",KEEP
GSE68468,"""GSM1673197""",KEEP
GSE68468,"""GSM1673198""",KEEP
GSE68468,"""GSM1673199""",KEEP
GSE68468,"""GSM1673200""",KEEP
GSE68468,"""GSM1673201""",KEEP
GSE68468,"""GSM1673202""",KEEP
GSE68468,"""GSM1673203""",KEEP
GSE68468,"""GSM1673204""",KEEP
GSE68468,"""GSM1673205""",KEEP
GSE68468,"""GSM1673206""",KEEP
GSE68468,"""GSM1673207""",KEEP
GSE68468,"""GSM1673208""",KEEP
GSE68468,"""GSM1673209""",KEEP
GSE68468,"""GSM1673210""",KEEP
GSE68468,"""GSM1673211""",KEEP
GSE68468,"""GSM1673212""",KEEP
GSE68468,"""GSM1673213""",REMOVE
GSE68468,"""GSM1673214""",KEEP
GSE68468,"""GSM1673215""",KEEP
GSE68468,"""GSM1673216""",KEEP
GSE68468,"""GSM1673217""",KEEP
GSE68468,"""GSM1673218""",KEEP
GSE68468,"""GSM1673219""",KEEP
GSE68468,"""GSM1673220""",KEEP
GSE68468,"""GSM1673221""",KEEP
GSE68468,"""GSM1673222""",KEEP
GSE68468,"""GSM1673223""",KEEP
GSE68468,"""GSM1673224""",KEEP
GSE68468,"""GSM1673225""",KEEP
GSE68468,"""GSM1673226""",KEEP
GSE68468,"""GSM1673227""",KEEP
GSE68468,"""GSM1673228""",KEEP
GSE68468,"""GSM1673229""",KEEP
GSE68468,"""GSM1673230""",KEEP
GSE68468,"""GSM1673231""",KEEP
GSE68468,"""GSM1673232""",KEEP
GSE68468,"""GSM1673233""",KEEP
GSE68468,"""GSM1673234""",REMOVE
GSE68468,"""GSM1673235""",KEEP
GSE68468,"""GSM1673236""",KEEP
GSE68468,"""GSM1673237""",KEEP
GSE68468,"""GSM1673238""",KEEP
GSE68468,"""GSM1673239""",KEEP
GSE68468,"""GSM1673240""",KEEP
GSE68468,"""GSM1673241""",KEEP
GSE68468,"""GSM1673242""",KEEP
GSE68468,"""GSM1673243""",KEEP
GSE68468,"""GSM1673244""",KEEP
GSE68468,"""GSM1673245""",KEEP
GSE68468,"""GSM1673246""",KEEP
GSE68468,"""GSM1673247""",KEEP
GSE68468,"""GSM1673248""",KEEP
GSE68468,"""GSM1673249""",KEEP
GSE68468,"""GSM1673250""",KEEP
GSE68468,"""GSM1673251""",KEEP
GSE68468,"""GSM1673252""",KEEP
GSE68468,"""GSM1673253""",KEEP
GSE68468,"""GSM1673254""",KEEP
GSE68468,"""GSM1673255""",KEEP
GSE68468,"""GSM1673256""",KEEP
GSE68468,"""GSM1673257""",KEEP
GSE68468,"""GSM1673258""",KEEP
GSE68468,"""GSM1673259""",KEEP
GSE68468,"""GSM1673260""",KEEP
GSE68468,"""GSM1673261""",KEEP
GSE68468,"""GSM1673262""",KEEP
GSE68468,"""GSM1673263""",KEEP
GSE68468,"""GSM1673264""",KEEP
GSE68468,"""GSM1673265""",KEEP
GSE68468,"""GSM1673266""",KEEP
GSE68468,"""GSM1673267""",KEEP
GSE68468,"""GSM1673268""",KEEP
GSE68468,"""GSM1673269""",KEEP
GSE68468,"""GSM1673270""",KEEP
GSE68468,"""GSM1673271""",KEEP
GSE68468,"""GSM1673272""",KEEP
GSE68468,"""GSM1673273""",KEEP
GSE68468,"""GSM1673274""",KEEP
GSE68468,"""GSM1673275""",KEEP
GSE68468,"""GSM1673276""",KEEP
GSE68468,"""GSM1673277""",KEEP
GSE68468,"""GSM1673278""",KEEP
GSE68468,"""GSM1673279""",KEEP
GSE68468,"""GSM1673280""",KEEP
GSE68468,"""GSM1673281""",KEEP
GSE68468,"""GSM1673282""",KEEP
GSE68468,"""GSM1673283""",KEEP
GSE68468,"""GSM1673284""",KEEP
GSE68468,"""GSM1673285""",KEEP
GSE68468,"""GSM1673286""",KEEP
GSE68468,"""GSM1673287""",KEEP
GSE68468,"""GSM1673288""",KEEP
GSE68468,"""GSM1673289""",KEEP
GSE68468,"""GSM1673290""",KEEP
GSE68468,"""GSM1673291""",KEEP
GSE68468,"""GSM1673292""",KEEP
GSE68468,"""GSM1673293""",KEEP
GSE68468,"""GSM1673294""",KEEP
GSE68468,"""GSM1673295""",KEEP
GSE68468,"""GSM1673296""",REMOVE
GSE68468,"""GSM1673297""",KEEP
GSE68468,"""GSM1673298""",KEEP
GSE68468,"""GSM1673299""",KEEP
GSE68468,"""GSM1673300""",KEEP
GSE68468,"""GSM1673301""",KEEP
GSE68468,"""GSM1673302""",KEEP
GSE68468,"""GSM1673303""",KEEP
GSE68468,"""GSM1673304""",KEEP
GSE68468,"""GSM1673305""",KEEP
GSE68468,"""GSM1673306""",KEEP
GSE68468,"""GSM1673307""",KEEP
GSE68468,"""GSM1673308""",KEEP
GSE68468,"""GSM1673309""",KEEP
GSE68468,"""GSM1673310""",KEEP
GSE68468,"""GSM1673311""",KEEP
GSE68468,"""GSM1673312""",KEEP
GSE68468,"""GSM1673313""",REMOVE
GSE68468,"""GSM1673314""",KEEP
GSE68468,"""GSM1673315""",KEEP
GSE68468,"""GSM1673316""",KEEP
GSE68468,"""GSM1673317""",KEEP
GSE68468,"""GSM1673318""",KEEP
GSE68468,"""GSM1673319""",KEEP
GSE68468,"""GSM1673320""",KEEP
GSE68468,"""GSM1673321""",KEEP
GSE68468,"""GSM1673322""",KEEP
GSE68468,"""GSM1673323""",KEEP
GSE68468,"""GSM1673324""",KEEP
GSE68468,"""GSM1673325""",KEEP
GSE68468,"""GSM1673326""",KEEP
GSE68468,"""GSM1673327""",KEEP
GSE68468,"""GSM1673328""",KEEP
GSE68468,"""GSM1673329""",KEEP
GSE68468,"""GSM1673330""",KEEP
GSE68468,"""GSM1673331""",KEEP
GSE68468,"""GSM1673332""",KEEP
GSE68468,"""GSM1673333""",REMOVE
GSE68468,"""GSM1673334""",KEEP
GSE68468,"""GSM1673335""",KEEP
GSE68468,"""GSM1673336""",KEEP
GSE68468,"""GSM1673337""",KEEP
GSE68468,"""GSM1673338""",KEEP
GSE68468,"""GSM1673339""",KEEP
GSE68468,"""GSM1673340""",KEEP
GSE68468,"""GSM1673341""",KEEP
GSE68468,"""GSM1673342""",REMOVE
GSE68468,"""GSM1673343""",KEEP
GSE68468,"""GSM1673344""",KEEP
GSE68468,"""GSM1673345""",KEEP
GSE68468,"""GSM1673346""",KEEP
GSE68468,"""GSM1673347""",KEEP
GSE68468,"""GSM1673348""",KEEP
GSE68468,"""GSM1673349""",KEEP
GSE68468,"""GSM1673350""",REMOVE
GSE110224,"""GSM2982932""",KEEP
GSE110224,"""GSM2982933""",KEEP
GSE110224,"""GSM2982934""",KEEP
GSE110224,"""GSM2982935""",KEEP
GSE110224,"""GSM2982936""",KEEP
GSE110224,"""GSM2982937""",KEEP
GSE110224,"""GSM2982938""",KEEP
GSE110224,"""GSM2982939""",KEEP
GSE110224,"""GSM2982940""",KEEP
GSE110224,"""GSM2982941""",KEEP
GSE110224,"""GSM2982942""",KEEP
GSE110224,"""GSM2982943""",KEEP
GSE110224,"""GSM2982944""",KEEP
GSE110224,"""GSM2982945""",KEEP
GSE110224,"""GSM2982946""",KEEP
GSE110224,"""GSM2982947""",KEEP
GSE110224,"""GSM2982948""",KEEP
GSE110224,"""GSM2982949""",KEEP
GSE110224,"""GSM2982950""",KEEP
GSE110224,"""GSM2982951""",KEEP
GSE110224,"""GSM2982952""",KEEP
GSE110224,"""GSM2982953""",KEEP
GSE110224,"""GSM2982954""",KEEP
GSE110224,"""GSM2982955""",KEEP
GSE110224,"""GSM2982956""",KEEP
GSE110224,"""GSM2982957""",KEEP
GSE110224,"""GSM2982958""",KEEP
GSE110224,"""GSM2982959""",KEEP
GSE110224,"""GSM2982960""",KEEP
GSE110224,"""GSM2982961""",KEEP
GSE110224,"""GSM2982962""",KEEP
GSE110224,"""GSM2982963""",KEEP
GSE110224,"""GSM2982964""",KEEP
GSE110224,"""GSM2982965""",KEEP
GSE115261,"""GSM3172790""",KEEP
GSE115261,"""GSM3172791""",KEEP
GSE115261,"""GSM3172792""",KEEP
GSE115261,"""GSM3172793""",KEEP
GSE115261,"""GSM3172794""",KEEP
GSE115261,"""GSM3172795""",KEEP
GSE115261,"""GSM3172796""",KEEP
GSE115261,"""GSM3172797""",KEEP
GSE115261,"""GSM3172798""",KEEP
GSE115261,"""GSM3172799""",KEEP
GSE115261,"""GSM3172800""",KEEP
GSE115261,"""GSM3172801""",KEEP
GSE115261,"""GSM3172802""",KEEP
GSE115261,"""GSM3172803""",KEEP
GSE115261,"""GSM3172804""",KEEP
GSE115261,"""GSM3172805""",KEEP
GSE115261,"""GSM3172806""",KEEP
GSE115261,"""GSM3172807""",KEEP
GSE115261,"""GSM3172808""",KEEP
GSE115261,"""GSM3172809""",KEEP
GSE14297,"""GSM357551""",KEEP
GSE14297,"""GSM357552""",KEEP
GSE14297,"""GSM357553""",KEEP
GSE14297,"""GSM357554""",KEEP
GSE14297,"""GSM357555""",KEEP
GSE14297,"""GSM357556""",KEEP
GSE14297,"""GSM357557""",KEEP
GSE14297,"""GSM357558""",KEEP
GSE14297,"""GSM357559""",KEEP
GSE14297,"""GSM357560""",KEEP
GSE14297,"""GSM357561""",KEEP
GSE14297,"""GSM357562""",KEEP
GSE14297,"""GSM357563""",KEEP
GSE14297,"""GSM357564""",KEEP
GSE14297,"""GSM357565""",KEEP
GSE14297,"""GSM357566""",KEEP
GSE14297,"""GSM357567""",KEEP
GSE14297,"""GSM357568""",KEEP
GSE14297,"""GSM357569""",KEEP
GSE14297,"""GSM357570""",KEEP
GSE14297,"""GSM357571""",KEEP
GSE14297,"""GSM357572""",KEEP
GSE14297,"""GSM357573""",KEEP
GSE14297,"""GSM357574""",KEEP
GSE14297,"""GSM357575""",KEEP
GSE14297,"""GSM357576""",KEEP
GSE14297,"""GSM357577""",KEEP
GSE14297,"""GSM357578""",KEEP
GSE14297,"""GSM357579""",KEEP
GSE14297,"""GSM357580""",KEEP
GSE14297,"""GSM357581""",KEEP
GSE14297,"""GSM357582""",KEEP
GSE14297,"""GSM357583""",KEEP
GSE14297,"""GSM357584""",KEEP
GSE14297,"""GSM357585""",KEEP
GSE14297,"""GSM357586""",KEEP
GSE14297,"""GSM357587""",KEEP
GSE14297,"""GSM357588""",KEEP
GSE14297,"""GSM357589""",KEEP
GSE14297,"""GSM357590""",KEEP
GSE14297,"""GSM357591""",KEEP
GSE14297,"""GSM357592""",KEEP
GSE14297,"""GSM357593""",KEEP
GSE14297,"""GSM357594""",KEEP
GSE14297,"""GSM357595""",KEEP
GSE14297,"""GSM357596""",KEEP
GSE14297,"""GSM357597""",KEEP
GSE14297,"""GSM357598""",KEEP
GSE18392,"""GSM458618""",KEEP
GSE18392,"""GSM458619""",KEEP
GSE18392,"""GSM458620""",KEEP
GSE18392,"""GSM458621""",KEEP
GSE18392,"""GSM458622""",KEEP
GSE18392,"""GSM458623""",KEEP
GSE18392,"""GSM458624""",KEEP
GSE18392,"""GSM458625""",KEEP
GSE18392,"""GSM458626""",KEEP
GSE18392,"""GSM458627""",KEEP
GSE18392,"""GSM458628""",KEEP
GSE18392,"""GSM458629""",KEEP
GSE18392,"""GSM458630""",KEEP
GSE18392,"""GSM458631""",KEEP
GSE18392,"""GSM458632""",KEEP
GSE18392,"""GSM458633""",KEEP
GSE18392,"""GSM458634""",KEEP
GSE18392,"""GSM458635""",KEEP
GSE18392,"""GSM458636""",KEEP
GSE18392,"""GSM458637""",KEEP
GSE18392,"""GSM458638""",KEEP
GSE18392,"""GSM458639""",KEEP
GSE18392,"""GSM458640""",KEEP
GSE18392,"""GSM458641""",KEEP
GSE18392,"""GSM458642""",KEEP
GSE18392,"""GSM458643""",KEEP
GSE18392,"""GSM458644""",KEEP
GSE18392,"""GSM458645""",KEEP
GSE18392,"""GSM458646""",KEEP
GSE18392,"""GSM458647""",KEEP
GSE18392,"""GSM458648""",KEEP
GSE18392,"""GSM458649""",KEEP
GSE18392,"""GSM458650""",KEEP
GSE18392,"""GSM458651""",KEEP
GSE18392,"""GSM458652""",KEEP
GSE18392,"""GSM458653""",KEEP
GSE18392,"""GSM458654""",KEEP
GSE18392,"""GSM458655""",KEEP
GSE18392,"""GSM458656""",KEEP
GSE18392,"""GSM458657""",KEEP
GSE18392,"""GSM458658""",KEEP
GSE18392,"""GSM458659""",KEEP
GSE18392,"""GSM458660""",KEEP
GSE18392,"""GSM458661""",KEEP
GSE18392,"""GSM458662""",KEEP
GSE18392,"""GSM458663""",KEEP
GSE18392,"""GSM458664""",KEEP
GSE18392,"""GSM458665""",KEEP
GSE18392,"""GSM458666""",KEEP
GSE18392,"""GSM458667""",KEEP
GSE18392,"""GSM458668""",KEEP
GSE18392,"""GSM458669""",KEEP
GSE18392,"""GSM458670""",KEEP
GSE18392,"""GSM458671""",KEEP
GSE18392,"""GSM458672""",KEEP
GSE18392,"""GSM458673""",KEEP
GSE18392,"""GSM458674""",KEEP
GSE18392,"""GSM458675""",KEEP
GSE18392,"""GSM458676""",KEEP
GSE18392,"""GSM458677""",KEEP
GSE18392,"""GSM458678""",KEEP
GSE18392,"""GSM458679""",KEEP
GSE18392,"""GSM458680""",KEEP
GSE18392,"""GSM458681""",KEEP
GSE18392,"""GSM458682""",KEEP
GSE18392,"""GSM458683""",KEEP
GSE18392,"""GSM458684""",KEEP
GSE18392,"""GSM458685""",KEEP
GSE18392,"""GSM458686""",KEEP
GSE18392,"""GSM458687""",KEEP
GSE18392,"""GSM458688""",KEEP
GSE18392,"""GSM458689""",KEEP
GSE18392,"""GSM458690""",KEEP
GSE18392,"""GSM458691""",KEEP
GSE18392,"""GSM458692""",KEEP
GSE18392,"""GSM458693""",KEEP
GSE18392,"""GSM458694""",KEEP
GSE18392,"""GSM458695""",KEEP
GSE18392,"""GSM458696""",KEEP
GSE18392,"""GSM458697""",KEEP
GSE18392,"""GSM458698""",KEEP
GSE18392,"""GSM458699""",KEEP
GSE18392,"""GSM458700""",KEEP
GSE18392,"""GSM458701""",KEEP
GSE18392,"""GSM458702""",KEEP
GSE18392,"""GSM458703""",KEEP
GSE18392,"""GSM458704""",KEEP
GSE18392,"""GSM458705""",KEEP
GSE18392,"""GSM458706""",KEEP
GSE18392,"""GSM458707""",KEEP
GSE18392,"""GSM458708""",KEEP
GSE18392,"""GSM458709""",KEEP
GSE18392,"""GSM458710""",KEEP
GSE18392,"""GSM458711""",KEEP
GSE18392,"""GSM458712""",KEEP
GSE18392,"""GSM458713""",KEEP
GSE18392,"""GSM458714""",KEEP
GSE18392,"""GSM458715""",KEEP
GSE18392,"""GSM458716""",KEEP
GSE18392,"""GSM458717""",KEEP
GSE18392,"""GSM458718""",KEEP
GSE18392,"""GSM458719""",KEEP
GSE18392,"""GSM458720""",KEEP
GSE18392,"""GSM458721""",KEEP
GSE18392,"""GSM458722""",KEEP
GSE18392,"""GSM458723""",KEEP
GSE18392,"""GSM458724""",KEEP
GSE18392,"""GSM458725""",KEEP
GSE18392,"""GSM458726""",KEEP
GSE18392,"""GSM458727""",KEEP
GSE18392,"""GSM458728""",KEEP
GSE18392,"""GSM458729""",KEEP
GSE18392,"""GSM458730""",KEEP
GSE18392,"""GSM458731""",KEEP
GSE18392,"""GSM458732""",KEEP
GSE18392,"""GSM458733""",KEEP
GSE18392,"""GSM458734""",KEEP
GSE18392,"""GSM458735""",KEEP
GSE18392,"""GSM458736""",KEEP
GSE18392,"""GSM458737""",KEEP
GSE18392,"""GSM458738""",KEEP
GSE18392,"""GSM458739""",KEEP
GSE18392,"""GSM458740""",KEEP
GSE18392,"""GSM458741""",KEEP
GSE18392,"""GSM458742""",KEEP
GSE18392,"""GSM458743""",KEEP
GSE18392,"""GSM458744""",KEEP
GSE18392,"""GSM458745""",KEEP
GSE18392,"""GSM458746""",KEEP
GSE18392,"""GSM458747""",KEEP
GSE18392,"""GSM458748""",KEEP
GSE18392,"""GSM458749""",KEEP
GSE18392,"""GSM458750""",KEEP
GSE18392,"""GSM458751""",KEEP
GSE18392,"""GSM458752""",KEEP
GSE18392,"""GSM458753""",KEEP
GSE18392,"""GSM458754""",KEEP
GSE18392,"""GSM458755""",KEEP
GSE18392,"""GSM458756""",KEEP
GSE18392,"""GSM458757""",KEEP
GSE18392,"""GSM458758""",KEEP
GSE18392,"""GSM458759""",KEEP
GSE18392,"""GSM458760""",KEEP
GSE18392,"""GSM458761""",KEEP
GSE18392,"""GSM458762""",KEEP
GSE35982_GPL14767,"""GSM878566""",KEEP
GSE35982_GPL14767,"""GSM878567""",KEEP
GSE35982_GPL14767,"""GSM878568""",KEEP
GSE35982_GPL14767,"""GSM878569""",KEEP
GSE35982_GPL14767,"""GSM878570""",KEEP
GSE35982_GPL14767,"""GSM878571""",KEEP
GSE35982_GPL14767,"""GSM878572""",KEEP
GSE35982_GPL14767,"""GSM878573""",KEEP
GSE35982_GPL14767,"""GSM878574""",KEEP
GSE35982_GPL14767,"""GSM878575""",KEEP
GSE35982_GPL14767,"""GSM878576""",KEEP
GSE35982_GPL14767,"""GSM878577""",KEEP
GSE35982_GPL14767,"""GSM878578""",KEEP
GSE35982_GPL14767,"""GSM878579""",KEEP
GSE35982_GPL14767,"""GSM878580""",KEEP
GSE35982_GPL14767,"""GSM878581""",KEEP
GSE35982_GPL4133,"""GSM878680""",KEEP
GSE35982_GPL4133,"""GSM878681""",KEEP
GSE35982_GPL4133,"""GSM878682""",KEEP
GSE35982_GPL4133,"""GSM878683""",KEEP
GSE35982_GPL4133,"""GSM878684""",KEEP
GSE35982_GPL4133,"""GSM878685""",KEEP
GSE35982_GPL4133,"""GSM878686""",KEEP
GSE35982_GPL4133,"""GSM878687""",KEEP
GSE35982_GPL4133,"""GSM878688""",KEEP
GSE35982_GPL4133,"""GSM878689""",KEEP
GSE35982_GPL4133,"""GSM878690""",KEEP
GSE35982_GPL4133,"""GSM878691""",KEEP
GSE35982_GPL4133,"""GSM878692""",KEEP
GSE35982_GPL4133,"""GSM878693""",KEEP
GSE35982_GPL4133,"""GSM878694""",KEEP
GSE35982_GPL4133,"""GSM878695""",KEEP
GSE41568,"""GSM1019390""",KEEP
GSE41568,"""GSM1019391""",KEEP
GSE41568,"""GSM1019392""",KEEP
GSE41568,"""GSM1019393""",KEEP
GSE41568,"""GSM1019394""",KEEP
GSE41568,"""GSM1019395""",KEEP
GSE41568,"""GSM1019396""",KEEP
GSE41568,"""GSM1019397""",KEEP
GSE41568,"""GSM1019398""",KEEP
GSE41568,"""GSM1019399""",REMOVE
GSE41568,"""GSM1019400""",REMOVE
GSE41568,"""GSM1019401""",KEEP
GSE41568,"""GSM1019402""",KEEP
GSE41568,"""GSM1019403""",REMOVE
GSE41568,"""GSM1019404""",REMOVE
GSE41568,"""GSM1019405""",KEEP
GSE41568,"""GSM1019406""",REMOVE
GSE41568,"""GSM1019407""",KEEP
GSE41568,"""GSM1019408""",KEEP
GSE41568,"""GSM1019409""",KEEP
GSE41568,"""GSM1019410""",KEEP
GSE41568,"""GSM1019411""",KEEP
GSE41568,"""GSM1019412""",KEEP
GSE41568,"""GSM1019413""",REMOVE
GSE41568,"""GSM1019414""",KEEP
GSE41568,"""GSM1019415""",REMOVE
GSE41568,"""GSM1019416""",KEEP
GSE41568,"""GSM1019417""",KEEP
GSE41568,"""GSM1019418""",KEEP
GSE41568,"""GSM1019419""",KEEP
GSE41568,"""GSM1019420""",KEEP
GSE41568,"""GSM1019421""",REMOVE
GSE41568,"""GSM1019422""",KEEP
GSE41568,"""GSM1019423""",KEEP
GSE41568,"""GSM1019424""",REMOVE
GSE41568,"""GSM1019425""",KEEP
GSE41568,"""GSM1019426""",KEEP
GSE41568,"""GSM1019427""",REMOVE
GSE41568,"""GSM1019428""",KEEP
GSE41568,"""GSM1019429""",KEEP
GSE41568,"""GSM1019430""",KEEP
GSE41568,"""GSM1019431""",KEEP
GSE41568,"""GSM1019432""",REMOVE
GSE41568,"""GSM1019433""",KEEP
GSE41568,"""GSM1019434""",KEEP
GSE41568,"""GSM1019435""",REMOVE
GSE41568,"""GSM1019436""",KEEP
GSE41568,"""GSM1019437""",KEEP
GSE41568,"""GSM1019438""",REMOVE
GSE41568,"""GSM1019439""",REMOVE
GSE41568,"""GSM1019440""",KEEP
GSE41568,"""GSM1019441""",REMOVE
GSE41568,"""GSM1019442""",KEEP
GSE41568,"""GSM1019443""",REMOVE
GSE41568,"""GSM1019444""",KEEP
GSE41568,"""GSM1019445""",KEEP
GSE41568,"""GSM1019446""",KEEP
GSE41568,"""GSM1019447""",KEEP
GSE41568,"""GSM1019448""",REMOVE
GSE41568,"""GSM1019449""",REMOVE
GSE41568,"""GSM1019450""",KEEP
GSE41568,"""GSM1019451""",KEEP
GSE41568,"""GSM1019452""",KEEP
GSE41568,"""GSM1019453""",KEEP
GSE41568,"""GSM1019454""",REMOVE
GSE41568,"""GSM1019455""",KEEP
GSE41568,"""GSM1019456""",KEEP
GSE41568,"""GSM1019457""",KEEP
GSE41568,"""GSM1019458""",KEEP
GSE41568,"""GSM1019459""",KEEP
GSE41568,"""GSM1019460""",REMOVE
GSE41568,"""GSM1019461""",KEEP
GSE41568,"""GSM1019462""",REMOVE
GSE41568,"""GSM1019463""",KEEP
GSE41568,"""GSM1019464""",REMOVE
GSE41568,"""GSM1019465""",KEEP
GSE41568,"""GSM1019466""",REMOVE
GSE41568,"""GSM1019467""",REMOVE
GSE41568,"""GSM1019468""",KEEP
GSE41568,"""GSM1019469""",KEEP
GSE41568,"""GSM1019470""",KEEP
GSE41568,"""GSM1019471""",KEEP
GSE41568,"""GSM1019472""",KEEP
GSE41568,"""GSM1019473""",KEEP
GSE41568,"""GSM1019474""",KEEP
GSE41568,"""GSM1019475""",KEEP
GSE41568,"""GSM1019476""",KEEP
GSE41568,"""GSM1019477""",KEEP
GSE41568,"""GSM1019478""",KEEP
GSE41568,"""GSM1019479""",KEEP
GSE41568,"""GSM1019480""",KEEP
GSE41568,"""GSM1019481""",KEEP
GSE41568,"""GSM1019482""",KEEP
GSE41568,"""GSM1019483""",KEEP
GSE41568,"""GSM1019484""",KEEP
GSE41568,"""GSM1019485""",KEEP
GSE41568,"""GSM1019486""",KEEP
GSE41568,"""GSM1019487""",REMOVE
GSE41568,"""GSM1019488""",REMOVE
GSE41568,"""GSM1019489""",REMOVE
GSE41568,"""GSM1019490""",KEEP
GSE41568,"""GSM1019491""",KEEP
GSE41568,"""GSM1019492""",KEEP
GSE41568,"""GSM1019493""",KEEP
GSE41568,"""GSM1019494""",KEEP
GSE41568,"""GSM1019495""",KEEP
GSE41568,"""GSM1019496""",KEEP
GSE41568,"""GSM1019497""",KEEP
GSE41568,"""GSM1019498""",KEEP
GSE41568,"""GSM1019499""",KEEP
GSE41568,"""GSM1019500""",KEEP
GSE41568,"""GSM1019501""",KEEP
GSE41568,"""GSM1019502""",KEEP
GSE41568,"""GSM1019503""",KEEP
GSE41568,"""GSM1019504""",KEEP
GSE41568,"""GSM1019505""",KEEP
GSE41568,"""GSM1019506""",KEEP
GSE41568,"""GSM1019507""",KEEP
GSE41568,"""GSM1019508""",KEEP
GSE41568,"""GSM1019509""",KEEP
GSE41568,"""GSM1019510""",KEEP
GSE41568,"""GSM1019511""",KEEP
GSE41568,"""GSM1019512""",KEEP
GSE41568,"""GSM1019513""",KEEP
GSE41568,"""GSM1019514""",KEEP
GSE41568,"""GSM1019515""",KEEP
GSE41568,"""GSM1019516""",KEEP
GSE41568,"""GSM1019517""",KEEP
GSE41568,"""GSM1019518""",KEEP
GSE41568,"""GSM1019519""",KEEP
GSE41568,"""GSM1019520""",KEEP
GSE41568,"""GSM1019521""",KEEP
GSE41568,"""GSM1019522""",KEEP
GSE41655,"""GSM1021014""",KEEP
GSE41655,"""GSM1021015""",KEEP
GSE41655,"""GSM1021016""",KEEP
GSE41655,"""GSM1021017""",KEEP
GSE41655,"""GSM1021018""",KEEP
GSE41655,"""GSM1021019""",KEEP
GSE41655,"""GSM1021020""",KEEP
GSE41655,"""GSM1021021""",KEEP
GSE41655,"""GSM1021022""",KEEP
GSE41655,"""GSM1021023""",KEEP
GSE41655,"""GSM1021024""",KEEP
GSE41655,"""GSM1021025""",KEEP
GSE41655,"""GSM1021026""",KEEP
GSE41655,"""GSM1021027""",KEEP
GSE41655,"""GSM1021028""",KEEP
GSE41655,"""GSM1021029""",KEEP
GSE41655,"""GSM1021030""",KEEP
GSE41655,"""GSM1021031""",KEEP
GSE41655,"""GSM1021032""",KEEP
GSE41655,"""GSM1021033""",KEEP
GSE41655,"""GSM1021034""",KEEP
GSE41655,"""GSM1021035""",KEEP
GSE41655,"""GSM1021036""",KEEP
GSE41655,"""GSM1021037""",KEEP
GSE41655,"""GSM1021038""",KEEP
GSE41655,"""GSM1021039""",KEEP
GSE41655,"""GSM1021040""",KEEP
GSE41655,"""GSM1021041""",KEEP
GSE41655,"""GSM1021042""",KEEP
GSE41655,"""GSM1021043""",KEEP
GSE41655,"""GSM1021044""",KEEP
GSE41655,"""GSM1021045""",KEEP
GSE41655,"""GSM1021046""",KEEP
GSE41655,"""GSM1021047""",KEEP
GSE41655,"""GSM1021048""",KEEP
GSE41655,"""GSM1021049""",KEEP
GSE41655,"""GSM1021050""",KEEP
GSE41655,"""GSM1021051""",KEEP
GSE41655,"""GSM1021052""",KEEP
GSE41655,"""GSM1021053""",KEEP
GSE41655,"""GSM1021054""",KEEP
GSE41655,"""GSM1021055""",KEEP
GSE41655,"""GSM1021056""",KEEP
GSE41655,"""GSM1021057""",KEEP
GSE41655,"""GSM1021058""",KEEP
GSE41655,"""GSM1021059""",KEEP
GSE41655,"""GSM1021060""",KEEP
GSE41655,"""GSM1021061""",KEEP
GSE41655,"""GSM1021062""",KEEP
GSE41655,"""GSM1021063""",KEEP
GSE41655,"""GSM1021064""",KEEP
GSE41655,"""GSM1021065""",KEEP
GSE41655,"""GSM1021066""",KEEP
GSE41655,"""GSM1021067""",KEEP
GSE41655,"""GSM1021068""",KEEP
GSE41655,"""GSM1021069""",KEEP
GSE41655,"""GSM1021070""",KEEP
GSE41655,"""GSM1021071""",KEEP
GSE41655,"""GSM1021072""",KEEP
GSE41655,"""GSM1021073""",KEEP
GSE41655,"""GSM1021074""",KEEP
GSE41655,"""GSM1021075""",KEEP
GSE41655,"""GSM1021076""",KEEP
GSE41655,"""GSM1021077""",KEEP
GSE41655,"""GSM1021078""",KEEP
GSE41655,"""GSM1021079""",KEEP
GSE41655,"""GSM1021080""",KEEP
GSE41655,"""GSM1021081""",KEEP
GSE41655,"""GSM1021082""",KEEP
GSE41655,"""GSM1021083""",KEEP
GSE41655,"""GSM1021084""",KEEP
GSE41655,"""GSM1021085""",KEEP
GSE41655,"""GSM1021086""",KEEP
GSE41655,"""GSM1021087""",KEEP
GSE41655,"""GSM1021088""",KEEP
GSE41655,"""GSM1021089""",KEEP
GSE41655,"""GSM1021090""",KEEP
GSE41655,"""GSM1021091""",KEEP
GSE41655,"""GSM1021092""",KEEP
GSE41655,"""GSM1021093""",KEEP
GSE41655,"""GSM1021094""",KEEP
GSE41655,"""GSM1021095""",KEEP
GSE41655,"""GSM1021096""",KEEP
GSE41655,"""GSM1021097""",KEEP
GSE41655,"""GSM1021098""",KEEP
GSE41655,"""GSM1021099""",KEEP
GSE41655,"""GSM1021100""",KEEP
GSE41655,"""GSM1021101""",KEEP
GSE41655,"""GSM1021102""",KEEP
GSE41655,"""GSM1021103""",KEEP
GSE41655,"""GSM1021104""",KEEP
GSE41655,"""GSM1021105""",KEEP
GSE41655,"""GSM1021106""",KEEP
GSE41655,"""GSM1021107""",KEEP
GSE41655,"""GSM1021108""",KEEP
GSE41655,"""GSM1021109""",KEEP
GSE41655,"""GSM1021110""",KEEP
GSE41655,"""GSM1021111""",KEEP
GSE41655,"""GSM1021112""",KEEP
GSE41655,"""GSM1021113""",KEEP
GSE41655,"""GSM1021114""",KEEP
GSE41655,"""GSM1021115""",KEEP
GSE41655,"""GSM1021116""",KEEP
GSE41655,"""GSM1021117""",KEEP
GSE41655,"""GSM1021118""",KEEP
GSE41655,"""GSM1021119""",KEEP
GSE41655,"""GSM1021120""",KEEP
GSE49355,"""GSM1197996""",KEEP
GSE49355,"""GSM1197997""",KEEP
GSE49355,"""GSM1197998""",KEEP
GSE49355,"""GSM1197999""",KEEP
GSE49355,"""GSM1198000""",KEEP
GSE49355,"""GSM1198001""",KEEP
GSE49355,"""GSM1198002""",KEEP
GSE49355,"""GSM1198003""",KEEP
GSE49355,"""GSM1198004""",KEEP
GSE49355,"""GSM1198005""",KEEP
GSE49355,"""GSM1198006""",KEEP
GSE49355,"""GSM1198007""",KEEP
GSE49355,"""GSM1198008""",KEEP
GSE49355,"""GSM1198009""",KEEP
GSE49355,"""GSM1198010""",KEEP
GSE49355,"""GSM1198011""",KEEP
GSE49355,"""GSM1198012""",KEEP
GSE49355,"""GSM1198013""",KEEP
GSE49355,"""GSM1198014""",KEEP
GSE49355,"""GSM1198015""",KEEP
GSE49355,"""GSM1198016""",KEEP
GSE49355,"""GSM1198017""",KEEP
GSE49355,"""GSM1198018""",KEEP
GSE49355,"""GSM1198019""",KEEP
GSE49355,"""GSM1198020""",KEEP
GSE49355,"""GSM1198021""",KEEP
GSE49355,"""GSM1198022""",KEEP
GSE49355,"""GSM1198023""",KEEP
GSE49355,"""GSM1198024""",KEEP
GSE49355,"""GSM1198025""",KEEP
GSE49355,"""GSM1198026""",KEEP
GSE49355,"""GSM1198027""",KEEP
GSE49355,"""GSM1198028""",KEEP
GSE49355,"""GSM1198029""",KEEP
GSE49355,"""GSM1198030""",KEEP
GSE49355,"""GSM1198031""",KEEP
GSE49355,"""GSM1198032""",KEEP
GSE49355,"""GSM1198033""",KEEP
GSE49355,"""GSM1198034""",KEEP
GSE49355,"""GSM1198035""",KEEP
GSE49355,"""GSM1198036""",KEEP
GSE49355,"""GSM1198037""",KEEP
GSE49355,"""GSM1198038""",KEEP
GSE49355,"""GSM1198039""",KEEP
GSE49355,"""GSM1198040""",KEEP
GSE49355,"""GSM1198041""",KEEP
GSE49355,"""GSM1198042""",KEEP
GSE49355,"""GSM1198043""",KEEP
GSE49355,"""GSM1198044""",KEEP
GSE49355,"""GSM1198045""",KEEP
GSE49355,"""GSM1198046""",KEEP
GSE49355,"""GSM1198047""",KEEP
GSE49355,"""GSM1198048""",KEEP
GSE49355,"""GSM1198049""",KEEP
GSE49355,"""GSM1198050""",KEEP
GSE49355,"""GSM1198051""",KEEP
GSE49355,"""GSM1198052""",KEEP
