gse,sample,action
GSE101526,S1756_HCT116wt_normDMSO,KEEP
GSE101526,S1757_HCT116cdk8as_normDMSO,KEEP
GSE101526,S1759_HCT116wt_norm3MB,KEEP
GSE101526,S1760_HCT116cdk8as_norm3MB,KEEP
GSE101526,S1762_HCT116wt_hypoxDMSO,KEEP
GSE101526,S1763_HCT116cdk8as_hypoxDMSO,KEEP
GSE101526,S1765_HCT116wt_hypox3MB,KEEP
GSE101526,S1766_HCT116cdk8as_hypox3MB,KEEP
GSE101526,S1768_HCT116wt_normDMSO,KEEP
GSE101526,S1769_HCT116cdk8as_normDMSO,KEEP
GSE101526,S1771_HCT116wt_norm3MB,KEEP
GSE101526,S1772_HCT116cdk8as_norm3MB,KEEP
GSE101526,S1774_HCT116wt_hypoxDMSO,KEEP
GSE101526,S1775_HCT116cdk8as_hypoxDMSO,KEEP
GSE101526,S1777_HCT116wt_hypox3MB,KEEP
GSE101526,S1778_HCT116cdk8as_hypox3MB,KEEP
GSE101540,Sample_1,KEEP
GSE101540,Sample_10,KEEP
GSE101540,Sample_11,KEEP
GSE101540,Sample_12,KEEP
GSE101540,Sample_14,KEEP
GSE101540,Sample_15,KEEP
GSE101540,Sample_16,KEEP
GSE101540,Sample_2,KEEP
GSE101540,Sample_3,KEEP
GSE101540,Sample_4,KEEP
GSE101540,Sample_5,KEEP
GSE101540,Sample_6,KEEP
GSE101540,Sample_7,KEEP
GSE101540,Sample_8,KEEP
GSE101540,Sample_9,KEEP
GSE101588,RHC6461_PE.genes.results,KEEP
GSE101588,RHC6463_PE.genes.results,KEEP
GSE101588,RHC6465_PE.genes.results,KEEP
GSE101588,RHC6467_PE.genes.results,KEEP
GSE101588,RHC6469_PE.genes.results,KEEP
GSE101588,RHC6471_PE.genes.results,KEEP
GSE101588,RHC6549_PE.genes.results,KEEP
GSE101588,RHC6551_PE.genes.results,KEEP
GSE101588,RHC6555_PE.genes.results,KEEP
GSE101588,RHC6751_PE.genes.results,KEEP
GSE101588,RHC6753_PE.genes.results,KEEP
GSE101588,RHC6755_PE.genes.results,KEEP
GSE101588,RHC6757_PE.genes.results,KEEP
GSE101588,RHC6759_PE.genes.results,KEEP
GSE101588,RHC6766_PE.genes.results,KEEP
GSE101588,RHC6768_PE.genes.results,KEEP
GSE101588,RHC6770_PE.genes.results,KEEP
GSE106169,plko_#1,KEEP
GSE106169,plko_#2,KEEP
GSE106169,plko_#3,KEEP
GSE106169,shAKR1B1_#1,KEEP
GSE106169,shAKR1B1_#2,KEEP
GSE106169,shAKR1B1_#3,KEEP
GSE106169,shSORD_#1,KEEP
GSE106169,shSORD_#2,KEEP
GSE106169,shSORD_#3,KEEP
GSE106886,CMV-OSTir1-2-NT-S,KEEP
GSE106886,CMV-OSTir1-2-T-S,KEEP
GSE106886,CMV-OSTir1-3-NT-S,KEEP
GSE106886,CMV-OSTir1-3-T-S,KEEP
GSE106886,CMV-OSTir1-4-NT-S,KEEP
GSE106886,CMV-OSTir1-4-T-S,KEEP
GSE106886,CMV-OsTir1-1-NT-NS,KEEP
GSE106886,CMV-OsTir1-1-T-NS,KEEP
GSE106886,RAD21-mAC-1-NT-NS,KEEP
GSE106886,RAD21-mAC-1-T-NS,KEEP
GSE106886,RAD21-mAC-2-NT-S,KEEP
GSE106886,RAD21-mAC-2-T-S,KEEP
GSE106886,RAD21-mAC-3-NT-S,KEEP
GSE106886,RAD21-mAC-3-T-S,KEEP
GSE106886,RAD21-mAC-4-NT-S,KEEP
GSE106886,RAD21-mAC-4-T-S,KEEP
GSE108050,DMSO_rep1_chip1,KEEP
GSE108050,DMSO_rep1_chip2,KEEP
GSE108050,DMSO_rep2_chip1,KEEP
GSE108050,DMSO_rep2_chip2,KEEP
GSE108050,DMSO_rep3_chip1,KEEP
GSE108050,DMSO_rep3_chip2,KEEP
GSE108050,MEK.inhibitor_0.03_nM_rep1,KEEP
GSE108050,MEK.inhibitor_0.03_nM_rep2,KEEP
GSE108050,MEK.inhibitor_0.03_nM_rep3,KEEP
GSE108050,MEK.inhibitor_0.1_nM_rep1,KEEP
GSE108050,MEK.inhibitor_0.1_nM_rep2,KEEP
GSE108050,MEK.inhibitor_0.1_nM_rep3,KEEP
GSE108050,MEK.inhibitor_0.3_nM_rep1,KEEP
GSE108050,MEK.inhibitor_0.3_nM_rep2,KEEP
GSE108050,MEK.inhibitor_0.3_nM_rep3,KEEP
GSE108050,MEK.inhibitor_1000_nM_rep1,KEEP
GSE108050,MEK.inhibitor_1000_nM_rep2,KEEP
GSE108050,MEK.inhibitor_1000_nM_rep3,KEEP
GSE108050,MEK.inhibitor_100_nM_rep1,KEEP
GSE108050,MEK.inhibitor_100_nM_rep2,KEEP
GSE108050,MEK.inhibitor_100_nM_rep3,KEEP
GSE108050,MEK.inhibitor_10_nM_rep1,KEEP
GSE108050,MEK.inhibitor_10_nM_rep2,KEEP
GSE108050,MEK.inhibitor_10_nM_rep3,KEEP
GSE108050,MEK.inhibitor_1_nM_rep1,KEEP
GSE108050,MEK.inhibitor_1_nM_rep2,KEEP
GSE108050,MEK.inhibitor_1_nM_rep3,KEEP
GSE108050,MEK.inhibitor_300_nM_rep1,KEEP
GSE108050,MEK.inhibitor_300_nM_rep2,KEEP
GSE108050,MEK.inhibitor_300_nM_rep3,KEEP
GSE108050,MEK.inhibitor_30_nM_rep1,KEEP
GSE108050,MEK.inhibitor_30_nM_rep2,KEEP
GSE108050,MEK.inhibitor_30_nM_rep3,KEEP
GSE108050,MEK.inhibitor_3_nM_rep1,KEEP
GSE108050,MEK.inhibitor_3_nM_rep2,KEEP
GSE108050,MEK.inhibitor_3_nM_rep3,KEEP
GSE108140,siNT_48/GK1.bam,KEEP
GSE108140,siNT_48/GK3.bam,KEEP
GSE108140,siNT_48/GK5.bam,KEEP
GSE108140,siNT_72/GK11.bam,KEEP
GSE108140,siNT_72/GK7.bam,KEEP
GSE108140,siNT_72/GK9.bam,KEEP
GSE108140,siSF3B1/GK2.bam,KEEP
GSE108140,siSF3B1/GK4.bam,KEEP
GSE108140,siSF3B1/GK6.bam,KEEP
GSE108140,siSRSF1/GK10.bam,KEEP
GSE108140,siSRSF1/GK12.bam,KEEP
GSE108140,siSRSF1/GK8.bam,KEEP
GSE110649,mtHKE3_T0_Rep1,KEEP
GSE110649,mtHKE3_T0_Rep2,KEEP
GSE110649,mtHKE3_T0_Rep3,KEEP
GSE110649,mtHKE3_T120_Rep1,KEEP
GSE110649,mtHKE3_T120_Rep2,KEEP
GSE110649,mtHKE3_T120_Rep3,KEEP
GSE110649,mtHKE3_T15_Rep1,KEEP
GSE110649,mtHKE3_T15_Rep2,KEEP
GSE110649,mtHKE3_T15_Rep3,KEEP
GSE110649,mtHKE3_T30_Rep1,KEEP
GSE110649,mtHKE3_T30_Rep2,KEEP
GSE110649,mtHKE3_T30_Rep3,KEEP
GSE110649,mtHKE3_T60_Rep1,KEEP
GSE110649,mtHKE3_T60_Rep2,KEEP
GSE110649,mtHKE3_T60_Rep3,KEEP
GSE110649,mtHKE3_T90_Rep1,KEEP
GSE110649,mtHKE3_T90_Rep2,KEEP
GSE110649,mtHKE3_T90_Rep3,KEEP
GSE110649,wtHKE3_T0_Rep1,KEEP
GSE110649,wtHKE3_T0_Rep2,KEEP
GSE110649,wtHKE3_T0_Rep3,KEEP
GSE110649,wtHKE3_T120_Rep1,KEEP
GSE110649,wtHKE3_T120_Rep2,KEEP
GSE110649,wtHKE3_T120_Rep3,KEEP
GSE110649,wtHKE3_T15_Rep1,KEEP
GSE110649,wtHKE3_T15_Rep2,KEEP
GSE110649,wtHKE3_T15_Rep3,KEEP
GSE110649,wtHKE3_T30_Rep1,KEEP
GSE110649,wtHKE3_T30_Rep2,KEEP
GSE110649,wtHKE3_T30_Rep3,KEEP
GSE110649,wtHKE3_T60_Rep1,KEEP
GSE110649,wtHKE3_T60_Rep2,KEEP
GSE110649,wtHKE3_T60_Rep3,KEEP
GSE110649,wtHKE3_T90_Rep1,KEEP
GSE110649,wtHKE3_T90_Rep2,KEEP
GSE110649,wtHKE3_T90_Rep3,KEEP
GSE112565,P5501_202,KEEP
GSE112565,P5501_203,KEEP
GSE112565,P5501_204,KEEP
GSE112565,P5501_205,KEEP
GSE112565,P5501_206,KEEP
GSE112565,P5501_207,KEEP
GSE112565,P5501_208,KEEP
GSE112565,P5501_209,KEEP
GSE112565,P5501_210,KEEP
GSE112565,P5501_211,KEEP
GSE112565,P5501_212,KEEP
GSE112565,P5501_213,KEEP
GSE112565,P5501_214,KEEP
GSE112565,P5501_215,KEEP
GSE112565,P5501_216,KEEP
GSE112568,P7469_501,KEEP
GSE112568,P7469_502,KEEP
GSE112568,P7469_503,KEEP
GSE112568,P7469_504,KEEP
GSE112568,P7469_505,KEEP
GSE112568,P7469_506,KEEP
GSE112568,P7469_507,KEEP
GSE112568,P7469_508,KEEP
GSE113581,JV-01-Control-1_S1_0,KEEP
GSE113581,JV-02-Control-2_S2_0,KEEP
GSE113581,JV-03-Control-3_S3_0,KEEP
GSE113581,JV-04-UroA25-1_S4_0,KEEP
GSE113581,JV-05-UroA25-2_S5_0,KEEP
GSE113581,JV-06-UroA25-3_S6_0,KEEP
GSE113581,JV-07-UroA50-1_S7_0,KEEP
GSE113581,JV-08-UroA50-2_S8_0,KEEP
GSE113581,JV-09-UroA50-3_S9_0,KEEP
GSE113581,JV-10-LPS-1_S10_0,KEEP
GSE113581,JV-11-LPS-2_S11_0,KEEP
GSE113581,JV-12-LPS-3_S12_0,KEEP
GSE113581,JV-13-LPSUroA50-1_S13_0,KEEP
GSE113581,JV-14-LPSUroA50-2_S14_0,KEEP
GSE113581,JV-15-LPSUroA50-3_S15_0,KEEP
GSE113856,CD5high-CD5high.rep1,KEEP
GSE113856,CD5high-CD5high.rep2,KEEP
GSE113856,CD5low-CD5high.rep1,KEEP
GSE113856,CD5low-CD5high.rep2,KEEP
GSE113856,CD5low-CD5low.rep1,KEEP
GSE113856,CD5low-CD5low.rep2,KEEP
GSE116087,MT1-CM-WT-2-1,KEEP
GSE116087,MT13-GD-WT-2-1,KEEP
GSE116087,MT14-GD-WT-2-2,KEEP
GSE116087,MT15-GD-WT-2-3,KEEP
GSE116087,MT16-GD-WT-3-1,KEEP
GSE116087,MT17-GD-WT-3-2,KEEP
GSE116087,MT18-GD-WT-3-3,KEEP
GSE116087,MT2-CM-WT-2-2,KEEP
GSE116087,MT3-CM-WT-2-3,KEEP
GSE116087,MT4-CM-WT-3-1,KEEP
GSE116087,MT5-CM-WT-3-2,KEEP
GSE116087,MT6-CM-WT-3-3,KEEP
GSE116631,V600E_shRen_1,KEEP
GSE116631,V600E_shRen_2,KEEP
GSE116631,V600E_shSFPQ_1,KEEP
GSE116631,V600E_shSFPQ_2,KEEP
GSE116631,wt_shRen_1,KEEP
GSE116631,wt_shRen_2,KEEP
GSE116631,wt_shSFPQ_1,KEEP
GSE116631,wt_shSFPQ_2,KEEP
GSE118490,HCT116_P1,KEEP
GSE118490,HCT116_P2,KEEP
GSE118490,HCT116_P3,KEEP
GSE118490,HCT116_R1,KEEP
GSE118490,HCT116_R2,KEEP
GSE118490,HCT116_R3,KEEP
GSE119968,1_Kruk_S_count_variance,KEEP
GSE119968,2_Kruk_T_count_variance,KEEP
GSE119968,3_CRC_S_count_variance,KEEP
GSE119968,4_CRC_T_count,KEEP
GSE119968,4_CRC_T_count_dispersion_var,KEEP
GSE119968,4_CRC_T_count_variance,KEEP
GSE119968,7_Muc_S_N_count,KEEP
GSE119968,7_Muc_S_N_count_dispersion_var,KEEP
GSE119968,7_Muc_S_N_count_variance,KEEP
GSE119968,8__Muc_Epi_N_count_variance,KEEP
GSE121043,VKVC320KO-5_006,KEEP
GSE121043,VKVC320KO-6_007,KEEP
GSE121043,VKVC320SC-2_001,KEEP
GSE121043,VKVC320SC-3_002,KEEP
GSE121043,VKVC320SC-6_004,KEEP
GSE121553,CAB_1_FPKM,KEEP
GSE121553,CAB_2_FPKM,KEEP
GSE121553,U6_1_FPKM,KEEP
GSE121553,U6_2_FPKM,KEEP
GSE123807,DMSO.1,KEEP
GSE123807,DMSO.2,KEEP
GSE123807,G007-LK.1,KEEP
GSE123807,G007-LK.2,KEEP
GSE123807,G007-LK.3,KEEP
GSE123807,G007-LK.GDC-0973.1,KEEP
GSE123807,G007-LK.GDC-0973.2,KEEP
GSE123807,G007-LK.GDC-0973.3,KEEP
GSE123807,GDC-0973.1,KEEP
GSE123807,GDC-0973.2,KEEP
GSE123807,GDC-0973.3,KEEP
GSE124993,R273H-rp1,KEEP
GSE124993,R273H-rp2,KEEP
GSE124993,R273H-rp3,KEEP
GSE124993,ctrl-19-7-rp3,KEEP
GSE126311,DM1.Vector.Vector,KEEP
GSE126311,DM10.DNMT3B.BRAF,KEEP
GSE126311,DM11.DNMT3B.BRAF,KEEP
GSE126311,DM12.DNMT3B.BRAF,KEEP
GSE126311,DM2.Vector.Vector,KEEP
GSE126311,DM3.Vector.Vector,KEEP
GSE126311,DM4.DNMT3B.Vector,KEEP
GSE126311,DM5.DNMT3B.Vector,KEEP
GSE126311,DM6.DNMT3B.Vector,KEEP
GSE126311,DM7.Vector.BRAF,KEEP
GSE126311,DM8.Vector.BRAF,KEEP
GSE126311,DM9.Vector.BRAF,KEEP
GSE128998,scramble1_S4,KEEP
GSE128998,scramble2_S5,KEEP
GSE128998,siRNA1_S1,KEEP
GSE128998,siRNA2_S2,KEEP
GSE128998,siRNA3_S3,KEEP
GSE129268,ShSM_1,KEEP
GSE129268,ShSM_2,KEEP
GSE129268,Shcon_1,KEEP
GSE129268,Shcon_2,KEEP
GSE129268,tracking_id,KEEP
GSE130169,CON-rep-1,KEEP
GSE130169,CON-rep-2,KEEP
GSE130169,CON-rep-3,KEEP
GSE130169,SMYD3-rep-1,KEEP
GSE130169,SMYD3-rep-2,KEEP
GSE130169,SMYD3-rep-3,KEEP
GSE135458,KI1_0h,KEEP
GSE135458,KI1_24h,KEEP
GSE135458,KI2_0h,KEEP
GSE135458,KI2_24h,KEEP
GSE135458,WT1_0h,KEEP
GSE135458,WT1_24h,KEEP
GSE135458,WT2_0h,KEEP
GSE135458,WT2_24h,KEEP
GSE136011,Mut1,KEEP
GSE136011,Mut2,KEEP
GSE136011,Mut3,KEEP
GSE136011,NRF2_1,KEEP
GSE136011,NRF2_2,KEEP
GSE136011,NRF2_3,KEEP
GSE136011,NT_1,KEEP
GSE136011,NT_2,KEEP
GSE136011,NT_3,KEEP
GSE136011,WT1,KEEP
GSE136011,WT2,KEEP
GSE136011,WT3,KEEP
GSE136272,22RV1_BAY155_Rep1,KEEP
GSE136272,22RV1_BAY155_Rep2,KEEP
GSE136272,22RV1_BAY155_Rep3,KEEP
GSE136272,LoVo_BAY155_Rep2,KEEP
GSE136272,LoVo_BAY155_Rep3,KEEP
GSE136272,LoVo_DMSO_Rep1,KEEP
GSE138202,N1,KEEP
GSE138202,N2,KEEP
GSE138202,N3,KEEP
GSE138202,N4,KEEP
GSE138202,N5,KEEP
GSE138202,N6,KEEP
GSE138202,N7,KEEP
GSE138202,N8,KEEP
GSE138202,T1,KEEP
GSE138202,T2,KEEP
GSE138202,T3,KEEP
GSE138202,T4,KEEP
GSE138202,T5,KEEP
GSE138202,T6,KEEP
GSE138202,T7,KEEP
GSE138202,T8,KEEP
GSE142279,LC1_N,KEEP
GSE142279,LC1_T,KEEP
GSE142279,LC2_N,KEEP
GSE142279,LC2_T,KEEP
GSE142279,LC3_N,KEEP
GSE142279,LC3_T,KEEP
GSE142279,LC4_N,KEEP
GSE142279,LC4_T,KEEP
GSE142279,LC5_N,KEEP
GSE142279,LC5_T,KEEP
GSE142279,LC6_N,KEEP
GSE142279,LC6_T,KEEP
GSE142279,RC1_N,KEEP
GSE142279,RC1_T,KEEP
GSE142279,RC2_N,KEEP
GSE142279,RC2_T,KEEP
GSE142279,RC3_N,KEEP
GSE142279,RC3_T,KEEP
GSE142279,RC4_N,KEEP
GSE142279,RC4_T,KEEP
GSE142279,RC5_N,KEEP
GSE142279,RC5_T,KEEP
GSE142279,RC6_N,KEEP
GSE142279,RC6_T,KEEP
GSE142279,RE1_N,KEEP
GSE142279,RE1_T,KEEP
GSE142279,RE2_N,KEEP
GSE142279,RE2_T,KEEP
GSE142279,RE3_N,KEEP
GSE142279,RE3_T,KEEP
GSE142279,RE4_N,KEEP
GSE142279,RE4_T,KEEP
GSE142279,RE5_N,KEEP
GSE142279,RE5_T,KEEP
GSE142279,RE6_N,KEEP
GSE142279,RE6_T,KEEP
GSE142279,RE7_N,KEEP
GSE142279,RE7_T,KEEP
GSE142279,RE8_N,KEEP
GSE142279,RE8_T,KEEP
GSE144259,CRC1M,KEEP
GSE144259,CRC1N,KEEP
GSE144259,CRC1T,KEEP
GSE144259,CRC2M,KEEP
GSE144259,CRC2N,KEEP
GSE144259,CRC2T,KEEP
GSE144259,CRC3M,KEEP
GSE144259,CRC3N,KEEP
GSE144259,CRC3T,KEEP
GSE144319,SW620_neg_1,KEEP
GSE144319,SW620_neg_2,KEEP
GSE144319,SW620_neg_3,KEEP
GSE145249,Ctl_1,KEEP
GSE145249,Ctl_2,KEEP
GSE145249,Ctl_3,KEEP
GSE145249,PPM_1,KEEP
GSE145249,PPM_2,KEEP
GSE145249,PPM_3,KEEP
GSE145356,66_BRCD_T1-10_S7_FWD,KEEP
GSE145356,66_BRCD_T1-1_S5_FWD,KEEP
GSE145356,66_BRCD_T1-6_S6_FWD,KEEP
GSE145356,66_BRCD_T2-4_S8_FWD,KEEP
GSE145356,66_BRCD_T2-6_S9_FWD,KEEP
GSE145356,66_BRCD_T2-9_S10_FWD,KEEP
GSE145356,66_BRCD_T3-3_S11_FWD,KEEP
GSE145356,66_BRCD_T3-4_S1_FWD,KEEP
GSE145356,66_BRCD_T3-8_S2_FWD,KEEP
GSE145356,66_BRCD_T5-3_S3_FWD,KEEP
GSE145356,66_BRCD_T5-4_S4_FWD,KEEP
GSE145356,66_BRCD_T5-9_S5_FWD,KEEP
GSE145356,66_BRCD_T7-2_S6_FWD,KEEP
GSE145356,66_BRCD_T7-5_S7_FWD,KEEP
GSE145356,66_BRCD_T7-9_S8_FWD,KEEP
GSE145356,66_TR_1_S9_FWD,KEEP
GSE145356,67_TR_7_S10_FWD,KEEP
GSE145356,68_TR_8_S11_FWD,KEEP
GSE145356,CPT_1_S1_FWD,KEEP
GSE145356,CPT_2_S2_FWD,KEEP
GSE145356,CPT_3_S3_FWD,KEEP
GSE145356,CTRL1_S1_FWD,KEEP
GSE145356,CTRL2_S2_FWD,KEEP
GSE145356,CTRL3_S3_FWD,KEEP
GSE145356,CTRL4_S4_FWD,KEEP
GSE145428,4009LM,KEEP
GSE145428,4010LM,KEEP
GSE145428,4011LM,KEEP
GSE145428,4012LM,KEEP
GSE145428,4014LM,KEEP
GSE145428,4015TU,KEEP
GSE145428,4016TU,KEEP
GSE145428,4018TU,KEEP
GSE145428,4019TU,KEEP
GSE145428,4020TU,KEEP
GSE145428,4021TU,KEEP
GSE146009,DS1-N_S16,KEEP
GSE146009,DS1-T_S17,KEEP
GSE146009,DS10-N_S10,KEEP
GSE146009,DS10-T_S8,KEEP
GSE146009,DS14-N_S3,KEEP
GSE146009,DS14-T_S11,KEEP
GSE146009,DS15-N_S8,KEEP
GSE146009,DS15-T_S15,KEEP
GSE146009,DS16-N_S17,KEEP
GSE146009,DS16-T_S10,KEEP
GSE146009,DS17-N_S1,KEEP
GSE146009,DS17-T_S2,KEEP
GSE146009,DS18-N_S2,KEEP
GSE146009,DS18-T_S14,KEEP
GSE146009,DS19-N_S3,KEEP
GSE146009,DS19-T_S4,KEEP
GSE146009,DS2-N_S18,KEEP
GSE146009,DS2-T_S15,KEEP
GSE146009,DS21-N_S6,KEEP
GSE146009,DS21-T_S18,KEEP
GSE146009,DS4-N_S3,KEEP
GSE146009,DS4-T_S2,KEEP
GSE146009,DS5-N_S14,KEEP
GSE146009,DS5-T_S12,KEEP
GSE146009,DS6-N_S4,KEEP
GSE146009,DS6-T_S1,KEEP
GSE146009,DS7-N_S9,KEEP
GSE146009,DS7-T_S6,KEEP
GSE146009,DS8-N_S5,KEEP
GSE146009,DS8-T_S11,KEEP
GSE146232,KD1,KEEP
GSE146232,KD2,KEEP
GSE146232,KD3,KEEP
GSE146232,KD4,KEEP
GSE146232,KD5,KEEP
GSE146232,KD6,KEEP
GSE146232,OE2,KEEP
GSE146232,OE3,KEEP
GSE146232,OE4,KEEP
GSE146232,OE5,KEEP
GSE146232,OE6,KEEP
GSE146232,WT1,KEEP
GSE146232,WT2,KEEP
GSE146232,WT3,KEEP
GSE146232,WT4,KEEP
GSE146232,WT5,KEEP
GSE146232,WT6,KEEP
GSE147111,AjubaOE_1,KEEP
GSE147111,AjubaOE_2,KEEP
GSE147111,AjubaOE_3,KEEP
GSE147111,Control_OE_1,KEEP
GSE147111,Control_OE_2,KEEP
GSE147111,Control_OE_3,KEEP
GSE147111,Parental_1,KEEP
GSE147111,Parental_2,KEEP
GSE147111,ShAjuba1.1,KEEP
GSE147111,ShAjuba1.2,KEEP
GSE147111,ShAjuba1.3,KEEP
GSE147111,ShAjuba2.1,KEEP
GSE147111,ShAjuba2.2,KEEP
GSE147111,ShAjuba2.3,KEEP
GSE147111,ShScrambled_1,KEEP
GSE147111,ShScrambled_2,KEEP
GSE147971,1,KEEP
GSE147971,13C,KEEP
GSE147971,16,KEEP
GSE147971,17,KEEP
GSE147971,18,KEEP
GSE147971,2,KEEP
GSE147971,3,KEEP
GSE147971,4,KEEP
GSE147971,5,KEEP
GSE147971,6C,KEEP
GSE147971,6P,KEEP
GSE147971,7C,KEEP
GSE147971,7P,KEEP
GSE151069,1003_B12_3D_D15,KEEP
GSE151069,1003_B12_4580,KEEP
GSE151069,1003_B14_3D_D15,KEEP
GSE151069,1003_B20_3D_D15,KEEP
GSE151069,1003_B20_4614,KEEP
GSE151069,1003_B23_Tumor,KEEP
GSE151934,SW480_T0_Rep1_TPM,KEEP
GSE151934,SW480_T0_Rep2_TPM,KEEP
GSE151934,SW480_T24_Rep1_TPM,KEEP
GSE151934,SW480_T24_Rep2_TPM,KEEP
GSE151934,SW480_T48_Rep1_TPM,KEEP
GSE151934,SW480_T48_Rep2_TPM,KEEP
GSE151934,SW480_T72_Rep1_TPM,KEEP
GSE151934,SW480_T72_Rep2_TPM,KEEP
GSE152430,90017,KEEP
GSE152430,90018,KEEP
GSE152430,90032,KEEP
GSE152430,90056,KEEP
GSE152430,90071,KEEP
GSE152430,90074,KEEP
GSE152430,90081,KEEP
GSE152430,90086,KEEP
GSE152430,90090,KEEP
GSE152430,90097,KEEP
GSE152430,90106,KEEP
GSE152430,90112,KEEP
GSE152430,90114,KEEP
GSE152430,90124,KEEP
GSE152430,90146,KEEP
GSE152430,90149,KEEP
GSE152430,90150,KEEP
GSE152430,90152,KEEP
GSE152430,90172,KEEP
GSE152430,90175,KEEP
GSE152430,90178,KEEP
GSE152430,90185,KEEP
GSE152430,90197,KEEP
GSE152430,90209,KEEP
GSE152430,90221,KEEP
GSE152430,90222,KEEP
GSE152430,90237,KEEP
GSE152430,90269,KEEP
GSE152430,90279,KEEP
GSE152430,90289,KEEP
GSE152430,90315,KEEP
GSE152430,90321,KEEP
GSE152430,90322,KEEP
GSE152430,90323,KEEP
GSE152430,90337,KEEP
GSE152430,90384,KEEP
GSE152430,90388,KEEP
GSE152430,90396,KEEP
GSE152430,90401,KEEP
GSE152430,90409,KEEP
GSE152430,90412,KEEP
GSE152430,90414,KEEP
GSE152430,90419,KEEP
GSE152430,90429,KEEP
GSE152430,90467,KEEP
GSE152430,90473,KEEP
GSE152430,90494,KEEP
GSE152430,90498,KEEP
GSE152430,90523,KEEP
GSE152904,Sample_R19032795LU01-LM283-ctrl-CD8,KEEP
GSE152904,Sample_R19032797LR01-LM283-ctrl-Treg,KEEP
GSE152904,Sample_R19032798LR01-LM283-v12-CD8,KEEP
GSE152904,Sample_R19032800LR01-LM283-v12-Treg,KEEP
GSE152904,Sample_R19032802LR01-CRC128-ctrl-Th,KEEP
GSE152904,Sample_R19032805LR01-CRC128-v12-Th,KEEP
GSE152904,Sample_RU19000480LR01-HCC213-ctrl-CD8,KEEP
GSE152904,Sample_RU19000481LR01-HCC213-ctrl-Th,KEEP
GSE152904,Sample_RU19000482LR01-HCC213-ctrl-Treg,KEEP
GSE152904,Sample_RU19000483LR01-HCC213-v12-CD8,KEEP
GSE152904,Sample_RU19000484LR01-HCC213-v12-Th,KEEP
GSE152904,Sample_RU19000485LR01-HCC213-v12-Treg,KEEP
GSE152904,Sample_RU19000486LR01-LM289-ctrl-CD8,KEEP
GSE152904,Sample_RU19000487LR01-LM289-ctrl-Th,KEEP
GSE152904,Sample_RU19000488LR01-LM289-ctrl-Treg,KEEP
GSE152904,Sample_RU19000489LR01-LM289-v12-CD8,KEEP
GSE152904,Sample_RU19000490LR01-LM289-v12-Th,KEEP
GSE152904,Sample_RU19000491LR01-LM289-v12-Treg,KEEP
GSE153412,116R51,KEEP
GSE153412,116R52,KEEP
GSE153412,116R53,KEEP
GSE153412,116R5I1,KEEP
GSE153412,116R5I2,KEEP
GSE153412,116R5I3,KEEP
GSE153412,116RU1,KEEP
GSE153412,116RU2,KEEP
GSE153412,116RU3,KEEP
GSE153412,116S51,KEEP
GSE153412,116S52,KEEP
GSE153412,116S53,KEEP
GSE153412,116S5I1,KEEP
GSE153412,116S5I2,KEEP
GSE153412,116S5I3,KEEP
GSE153412,116SU1,KEEP
GSE153412,116SU2,KEEP
GSE153412,116SU3,KEEP
GSE153412,29R51,KEEP
GSE153412,29R52,KEEP
GSE153412,29R53,KEEP
GSE153412,29R5I1,KEEP
GSE153412,29R5I2,KEEP
GSE153412,29R5I3,KEEP
GSE153412,29RU1,KEEP
GSE153412,29RU2,KEEP
GSE153412,29RU3,KEEP
GSE153412,29S51,KEEP
GSE153412,29S52,KEEP
GSE153412,29S53,KEEP
GSE153412,29S5I1,KEEP
GSE153412,29S5I2,KEEP
GSE153412,29S5I3,KEEP
GSE153412,29SU1,KEEP
GSE153412,29SU2,KEEP
GSE153412,29SU3,KEEP
GSE153412,DR51,KEEP
GSE153412,DR52,KEEP
GSE153412,DR53,KEEP
GSE153412,DR5I1,KEEP
GSE153412,DR5I2,KEEP
GSE153412,DR5I3,KEEP
GSE153412,DRU1,KEEP
GSE153412,DRU2,KEEP
GSE153412,DRU3,KEEP
GSE153412,DS51,KEEP
GSE153412,DS52,KEEP
GSE153412,DS53,KEEP
GSE153412,DS5I1,KEEP
GSE153412,DS5I2,KEEP
GSE153412,DS5I3,KEEP
GSE153412,DSU1,KEEP
GSE153412,DSU2,KEEP
GSE153412,DSU3,KEEP
GSE154429,HCT116_miR200High_rep1_Exp1,KEEP
GSE154429,HCT116_miR200High_rep1_Exp2,KEEP
GSE154429,HCT116_miR200High_rep2_Exp1,KEEP
GSE154429,HCT116_miR200High_rep2_Exp2,KEEP
GSE154429,HCT116_miR200Low_rep1_Exp1,KEEP
GSE154429,HCT116_miR200Low_rep1_Exp2,KEEP
GSE154429,HCT116_miR200Low_rep2_Exp1,KEEP
GSE154429,HCT116_miR200Low_rep2_Exp2,KEEP
GSE156082,DK1-1,KEEP
GSE156082,DK1-2,KEEP
GSE156082,DK1-3,KEEP
GSE156082,DK13-1,KEEP
GSE156082,DK13-2,KEEP
GSE156082,DK13-3,KEEP
GSE156082,DN-1,KEEP
GSE156082,DN-2,KEEP
GSE156082,DN-3,KEEP
GSE156172,21,KEEP
GSE156172,41,KEEP
GSE156172,60,KEEP
GSE156172,62,KEEP
GSE162561,G605-S-ASC-2,KEEP
GSE162561,ME59-V-ASC-2,KEEP
GSE162561,ME59-control-1,KEEP
GSE162561,ME59-control-2,KEEP
GSE162826,KHA082120_001,KEEP
GSE162826,KHA082120_002,KEEP
GSE162826,KHA082120_003,KEEP
GSE162826,KHA082120_004,KEEP
GSE162826,KHA082120_005,KEEP
GSE162826,KHA082120_006,KEEP
GSE162826,KHA082120_007,KEEP
GSE162826,KHA082120_008,KEEP
GSE162826,KHA082120_009,KEEP
GSE162826,KHA082120_010,KEEP
GSE162826,KHA082120_011,KEEP
GSE162826,KHA082120_012,KEEP
GSE162826,KHA082120_013,KEEP
GSE162826,KHA082120_014,KEEP
GSE162826,KHA082120_015,KEEP
GSE162826,KHA082120_016,KEEP
GSE165814,JG-011-New,KEEP
GSE165814,JG-07-New,KEEP
GSE165814,JG-09-New,KEEP
GSE165814,JG-43,KEEP
GSE166925,CD_I_LI_F_22,KEEP
GSE166925,CD_I_LI_F_29,KEEP
GSE166925,CD_I_LI_M_15,KEEP
GSE166925,CD_I_LI_M_24,KEEP
GSE166925,CD_I_LI_M_36,KEEP
GSE166925,CD_I_LI_M_49,KEEP
GSE166925,CD_I_LI_M_5,KEEP
GSE166925,CD_I_SI_F_20,KEEP
GSE166925,CD_I_SI_F_25,KEEP
GSE166925,CD_I_SI_F_3,KEEP
GSE166925,CD_I_SI_F_31,KEEP
GSE166925,CD_I_SI_F_38,KEEP
GSE166925,CD_I_SI_M_10,KEEP
GSE166925,CD_I_SI_M_4,KEEP
GSE166925,CD_U_LI_M_12,KEEP
GSE166925,CD_U_LI_M_14,KEEP
GSE166925,CD_U_LI_M_35,KEEP
GSE166925,CD_U_LI_M_50,KEEP
GSE166925,CD_U_SI_M_27,KEEP
GSE166925,CD_U_SI_M_75,KEEP
GSE166925,CRC_N_LI_F_55,KEEP
GSE166925,CRC_N_LI_F_60,KEEP
GSE166925,CRC_N_LI_F_73,KEEP
GSE166925,CRC_N_LI_F_81,KEEP
GSE166925,CRC_N_LI_F_86,KEEP
GSE166925,CRC_N_LI_F_90,KEEP
GSE166925,CRC_N_LI_M_11,KEEP
GSE166925,CRC_N_LI_M_13,KEEP
GSE166925,CRC_N_LI_M_56,KEEP
GSE166925,CRC_N_LI_M_59,KEEP
GSE166925,CRC_N_LI_M_61,KEEP
GSE166925,CRC_N_LI_M_62,KEEP
GSE166925,CRC_N_LI_M_67,KEEP
GSE166925,CRC_N_LI_M_68,KEEP
GSE166925,CRC_N_LI_M_69,KEEP
GSE166925,CRC_N_LI_M_70,KEEP
GSE166925,CRC_N_LI_M_76,KEEP
GSE166925,CRC_N_LI_M_77,KEEP
GSE166925,CRC_N_LI_M_80,KEEP
GSE166925,CRC_N_LI_M_83,KEEP
GSE166925,CRC_N_LI_M_84,KEEP
GSE166925,CRC_N_LI_M_87,KEEP
GSE166925,CRC_N_LI_M_95,KEEP
GSE166925,OTHER_N_LI_M_79,KEEP
GSE166925,OTHER_U_LI_M_39,KEEP
GSE166925,OTHER_U_SI_F_54,KEEP
GSE166925,UC_I_LI_F_19,KEEP
GSE166925,UC_I_LI_F_41,KEEP
GSE166925,UC_I_LI_F_45,KEEP
GSE166925,UC_I_LI_M_34,KEEP
GSE166925,UC_I_LI_M_9,KEEP
GSE166925,UC_M_LI_F_18,KEEP
GSE166925,UC_NA_LI_F_2,KEEP
GSE169213,(CTRL),KEEP
GSE169213,(CTRL).1,KEEP
GSE169213,(CTRL).2,KEEP
GSE169213,(E.,KEEP
GSE169213,FE375,KEEP
GSE169213,FE376,KEEP
GSE169213,FE377,KEEP
GSE169720,CAF1_1,KEEP
GSE169720,CAF1_2,KEEP
GSE169720,CAF1_3,KEEP
GSE169720,CAF2_1,KEEP
GSE169720,CAF2_2,KEEP
GSE169720,CAF2_3,KEEP
GSE169720,CAF3_1,KEEP
GSE169720,CAF3_2,KEEP
GSE169720,CAF3_3,KEEP
GSE169720,CAF4_1,KEEP
GSE169720,CAF4_2,KEEP
GSE169720,CAF4_3,KEEP
GSE169720,CAF5_1,KEEP
GSE169720,CAF5_2,KEEP
GSE169720,CAF5_3,KEEP
GSE169720,CAF6_1,KEEP
GSE169720,CAF6_2,KEEP
GSE169720,CAF6_3,KEEP
GSE169720,CAF7_1,KEEP
GSE169720,CAF7_2,KEEP
GSE169720,CAF7_3,KEEP
GSE169720,CAF8_1,KEEP
GSE169720,CAF8_2,KEEP
GSE169720,CAF8_3,KEEP
GSE169720,CAF9_1,KEEP
GSE169720,CAF9_2,KEEP
GSE169720,CAF9_3,KEEP
GSE171468,A7,KEEP
GSE171468,H1,KEEP
GSE171468,P524311_TN1_S2,KEEP
GSE171468,P566333_TN1_S2,KEEP
GSE171468,P736676_TN1_S2,KEEP
GSE171468,P738898_TN1_S2,KEEP
GSE171468,P739459_TN1_S2,KEEP
GSE171468,P739545_TN1_S2,KEEP
GSE171468,P739563_TN1_S2,KEEP
GSE171468,P739733_TN1_S2,KEEP
GSE171468,P739757_TN1_S2,KEEP
GSE171468,P740118_TN1_S2,KEEP
GSE171468,P740219_TN1_S2,KEEP
GSE171468,P740583_TN1_S2,KEEP
GSE171468,P740752_TN1_S2,KEEP
GSE171468,P740799_TN1_S2,KEEP
GSE171468,P740815_TN1_S2,KEEP
GSE171468,P740956_TN1_S2,KEEP
GSE171468,P741044_TN1_S2,KEEP
GSE171468,P741193_TN1_S2,KEEP
GSE171468,P741697_TN1_S2,KEEP
GSE171468,P741985_TN1_S2,KEEP
GSE171468,P742175_TN1_S2,KEEP
GSE171468,P742385_TN1_S2,KEEP
GSE171468,P742512_TN1_S2,KEEP
GSE171468,P742789_TN1_S2,KEEP
GSE171468,P742790_TN1_S2,KEEP
GSE171468,P742792_TN1_S2,KEEP
GSE171468,P742870_TN1_S2,KEEP
GSE171468,P742949_TN1_S2,KEEP
GSE171468,P743082_TN1_S2,KEEP
GSE171468,P743205_TN1_S2,KEEP
GSE171468,P743245_TN1_S2,KEEP
GSE171468,P743831_TN1_S2,KEEP
GSE171468,P744152_TN1_S2,KEEP
GSE171468,P744292_TN1_S2,KEEP
GSE171468,P744448_TN1_S2,KEEP
GSE171468,P744497_TN1_S2,KEEP
GSE171468,P744730_TN1_S2,KEEP
GSE171468,P744862_TN1_S2,KEEP
GSE171468,P744865_TN1_S2,KEEP
GSE171468,P745269_TN1_S2,KEEP
GSE171468,P745650_TN1_S2,KEEP
GSE171468,P745661_TN1_S2,KEEP
GSE171468,P746004_TN1_S2,KEEP
GSE171468,P746706_TN1_S2,KEEP
GSE171468,P746709_TN1_S2,KEEP
GSE171468,P747221_TN1_S2,KEEP
GSE171468,P749105_TN1_S2,KEEP
GSE171468,P749108_TN1_S2,KEEP
GSE171468,P749446_TN1_S2,KEEP
GSE171468,P749680_TN1_S2,KEEP
GSE171468,P750330_TN1_S2,KEEP
GSE171468,P750531_TN1_S2,KEEP
GSE171468,P750885_TN1_S2,KEEP
GSE171468,P751132_TN1_S2,KEEP
GSE171468,P751321_TN1_S2,KEEP
GSE171468,P752804_TN1_S2,KEEP
GSE171468,P752974_TN1_S2,KEEP
GSE172201,HGNC,KEEP
GSE172201,MIM,KEEP
GSE172201,Protein_ID,KEEP
GSE172201,Transcript_ID,KEEP
GSE172201,zk3-ko1_FPKM,KEEP
GSE172201,zk3-ko1_Read_Count,KEEP
GSE172201,zk3-ko1_TPM,KEEP
GSE172201,zk3-ko3_FPKM,KEEP
GSE172201,zk3-ko3_Read_Count,KEEP
GSE172201,zk3-ko3_TPM,KEEP
GSE172201,zk3-ko_FPKM,KEEP
GSE172201,zk3-ko_Read_Count,KEEP
GSE172201,zk3-ko_TPM,KEEP
GSE172201,zk3-wt1_FPKM,KEEP
GSE172201,zk3-wt1_Read_Count,KEEP
GSE172201,zk3-wt1_TPM,KEEP
GSE172201,zk3-wt3_FPKM,KEEP
GSE172201,zk3-wt3_Read_Count,KEEP
GSE172201,zk3-wt3_TPM,KEEP
GSE172201,zk3-wt_FPKM,KEEP
GSE172201,zk3-wt_Read_Count,KEEP
GSE172201,zk3-wt_TPM,KEEP
GSE173448,242_Flag,KEEP
GSE173448,242_Input,KEEP
GSE173448,243_Flag,KEEP
GSE173448,243_Input,KEEP
GSE173450,232_Antisense,KEEP
GSE173450,232_Control,KEEP
GSE173450,234_Antisense,KEEP
GSE173450,234_Control,KEEP
GSE178862,KD1_repeat1,KEEP
GSE178862,KD1_repeat2,KEEP
GSE178862,KD2_repeat1,KEEP
GSE178862,KD2_repeat2,KEEP
GSE178862,NC_repeat1,KEEP
GSE178862,NC_repeat2,KEEP
GSE179351,X11.Pre.Tx,KEEP
GSE179351,ensembl.gene.id,KEEP
GSE179351,go.gene.id,KEEP
GSE179351,uniprot.id,KEEP
GSE180790,CRC-05A,KEEP
GSE180790,CRC-06,KEEP
GSE180790,CRC-09,KEEP
GSE180790,CRC-13,KEEP
GSE180790,CRC-19A,KEEP
GSE180790,CRC-19D,KEEP
GSE180790,CRC-21,KEEP
GSE180790,CRC-28A,KEEP
GSE180790,CRC-28B,KEEP
GSE180790,CRC-39,KEEP
GSE180790,CRC-55A,KEEP
GSE180790,CRC-55B,KEEP
GSE180790,CRC-69A,KEEP
GSE180790,Co-X-64A,KEEP
GSE180790,Co-X-77A,KEEP
GSE180790,Co-X-77B,KEEP
GSE180790,Co-X-78,KEEP
GSE180790,Co-X-79A,KEEP
GSE180790,Co-X-79B,KEEP
GSE180790,Co-X-80,KEEP
GSE180790,Co-X-83B,KEEP
GSE180790,Co12908A,KEEP
GSE180790,Co12908B,KEEP
GSE180790,Co12969,KEEP
GSE180790,Co13022,KEEP
GSE180790,Co13120,KEEP
GSE180790,Co13196A,KEEP
GSE180790,Co13196D,KEEP
GSE180790,Co13261B,KEEP
GSE180790,Co13422A,KEEP
GSE180790,Co13422B,KEEP
GSE180790,Co13573,KEEP
GSE180790,Co13947A,KEEP
GSE180790,Co13947B,KEEP
GSE180790,Co14452A,KEEP
GSE180941,A375_0,KEEP
GSE180941,A375_48,KEEP
GSE180941,COLO205_48,KEEP
GSE180941,HCC827_0,KEEP
GSE180941,HCC827_48,KEEP
GSE180941,HCT116_0,KEEP
GSE180941,HCT116_48,KEEP
GSE180941,HGC27_0,KEEP
GSE180941,HGC27_48,KEEP
GSE180941,HUH6_48,KEEP
GSE180941,MCF7_0,KEEP
GSE180941,MCF7_48,KEEP
GSE180941,MDAMB231_0,KEEP
GSE180941,MDAMB231_48,KEEP
GSE180941,NCIH1437_0,KEEP
GSE180941,NCIH1437_48,KEEP
GSE180948,DLD1_LA_1,KEEP
GSE180948,DLD1_LA_2,KEEP
GSE180948,DLD1_LA_3,KEEP
GSE180948,DLD1_NC_1,KEEP
GSE180948,DLD1_NC_2,KEEP
GSE180948,DLD1_NC_3,KEEP
GSE180948,SW480_LA_1,KEEP
GSE180948,SW480_LA_2,KEEP
GSE180948,SW480_LA_3,KEEP
GSE180948,SW480_NC_1,KEEP
GSE180948,SW480_NC_2,KEEP
GSE180948,SW480_NC_3,KEEP
GSE181011,Counts_S1_mBIM_rep1,KEEP
GSE181011,Counts_S2_mBIM_rep2,KEEP
GSE181011,Counts_S3_mBIM_rep3,KEEP
GSE181011,Counts_S4_mutant.p53.def_rep1,KEEP
GSE181011,Counts_S5_mutant.p53.def_rep2,KEEP
GSE181011,Counts_S6_mutant.p53.def_rep3,KEEP
GSE182257,SW480_sgITPR3_1,KEEP
GSE182257,SW480_sgITPR3_2,KEEP
GSE182382,C1_DKO,KEEP
GSE182382,C2_DKO,KEEP
GSE182382,C3_DKO,KEEP
GSE182382,C4_Alkbhs,KEEP
GSE182382,C5_Alkbhs,KEEP
GSE182382,C6_Alkbhs,KEEP
GSE182382,C7_Mettl,KEEP
GSE182382,C8_Mettl,KEEP
GSE182382,C9_Mettl,KEEP
GSE182382,Feature_end,KEEP
GSE182382,Feature_gene_name,KEEP
GSE182382,Feature_length,KEEP
GSE182382,Feature_start,KEEP
GSE182942,FPKM.shARL4C2,KEEP
GSE182942,FPKM.shARL4C3,KEEP
GSE182942,FPKM.shControl1,KEEP
GSE182942,FPKM.shControl2,KEEP
GSE182942,FPKM.shControl3,KEEP
GSE183150,CP-11_S27_L001,KEEP
GSE183150,CP-11_S27_L002,KEEP
GSE183150,CP-13_S26_L001,KEEP
GSE183150,CP-13_S26_L002,KEEP
GSE183150,CP-14-2_S3_L001,KEEP
GSE183150,CP-14-2_S3_L002,KEEP
GSE183150,CP-16_S24_L001,KEEP
GSE183150,CP-16_S24_L002,KEEP
GSE183150,CP-17_S23_L001,KEEP
GSE183150,CP-17_S23_L002,KEEP
GSE183150,CP-19_S21_L001,KEEP
GSE183150,CP-19_S21_L002,KEEP
GSE183150,CP-1_S36_L002,KEEP
GSE183150,CP-21_S20_L001,KEEP
GSE183150,CP-21_S20_L002,KEEP
GSE183150,CP-22_S19_L001,KEEP
GSE183150,CP-22_S19_L002,KEEP
GSE183150,CP-23_S18_L001,KEEP
GSE183150,CP-23_S18_L002,KEEP
GSE183150,CP-24_S17_L001,KEEP
GSE183150,CP-24_S17_L002,KEEP
GSE183150,CP-25_S16_L001,KEEP
GSE183150,CP-25_S16_L002,KEEP
GSE183150,CP-26_S15_L001,KEEP
GSE183150,CP-26_S15_L002,KEEP
GSE183150,CP-28-2_S1_L001,KEEP
GSE183150,CP-28-2_S1_L002,KEEP
GSE183150,CP-29_S14_L001,KEEP
GSE183150,CP-29_S14_L002,KEEP
GSE183150,CP-2_S35_L001,KEEP
GSE183150,CP-2_S35_L002,KEEP
GSE183150,CP-30_S13_L001,KEEP
GSE183150,CP-30_S13_L002,KEEP
GSE183150,CP-32_S12_L001,KEEP
GSE183150,CP-32_S12_L002,KEEP
GSE183150,CP-34_S11_L001,KEEP
GSE183150,CP-34_S11_L002,KEEP
GSE183150,CP-35_S10_L001,KEEP
GSE183150,CP-35_S10_L002,KEEP
GSE183150,CP-37_S9_L001,KEEP
GSE183150,CP-37_S9_L002,KEEP
GSE183150,CP-38_S8_L001,KEEP
GSE183150,CP-38_S8_L002,KEEP
GSE183150,CP-3_S34_L001,KEEP
GSE183150,CP-3_S34_L002,KEEP
GSE183150,CP-40_S7_L001,KEEP
GSE183150,CP-40_S7_L002,KEEP
GSE183150,CP-42_S6_L001,KEEP
GSE183150,CP-42_S6_L002,KEEP
GSE183150,CP-4_S33_L001,KEEP
GSE183150,CP-4_S33_L002,KEEP
GSE183150,CP-5-2_S5_L001,KEEP
GSE183150,CP-5-2_S5_L002,KEEP
GSE183150,CP-7_S31_L001,KEEP
GSE183150,CP-7_S31_L002,KEEP
GSE183150,CP-8_S30_L001,KEEP
GSE183150,CP-8_S30_L002,KEEP
GSE183150,CP-9_S29_L001,KEEP
GSE183150,CP-9_S29_L002,KEEP
GSE183202,10_2,KEEP
GSE183202,10_3,KEEP
GSE183202,10_4,KEEP
GSE183202,11_2,KEEP
GSE183202,12_1,KEEP
GSE183202,12_2,KEEP
GSE183202,13_1,KEEP
GSE183202,14_1b,KEEP
GSE183202,15_2,KEEP
GSE183202,16_1,KEEP
GSE183202,17_1,KEEP
GSE183202,18_1,KEEP
GSE183202,19_1,KEEP
GSE183202,1_2b,KEEP
GSE183202,1_3b,KEEP
GSE183202,20_1,KEEP
GSE183202,20_2,KEEP
GSE183202,20_3,KEEP
GSE183202,21_1,KEEP
GSE183202,22_2,KEEP
GSE183202,22_3b,KEEP
GSE183202,22_4,KEEP
GSE183202,23_1,KEEP
GSE183202,23_2b,KEEP
GSE183202,23_3,KEEP
GSE183202,24_1,KEEP
GSE183202,25_1,KEEP
GSE183202,25_2,KEEP
GSE183202,25_3,KEEP
GSE183202,25_4b,KEEP
GSE183202,26_1,KEEP
GSE183202,26_2,KEEP
GSE183202,26_3b,KEEP
GSE183202,27_1b,KEEP
GSE183202,27_2b,KEEP
GSE183202,28_1b,KEEP
GSE183202,28_2b,KEEP
GSE183202,28_3b,KEEP
GSE183202,28_5b,KEEP
GSE183202,29_2b,KEEP
GSE183202,2_1,KEEP
GSE183202,2_2,KEEP
GSE183202,2_3,KEEP
GSE183202,30_1b,KEEP
GSE183202,30_2b,KEEP
GSE183202,30_3,KEEP
GSE183202,31_1,KEEP
GSE183202,32_1b,KEEP
GSE183202,33_1b,KEEP
GSE183202,33_3c,KEEP
GSE183202,34_1b,KEEP
GSE183202,35_1,KEEP
GSE183202,36_1,KEEP
GSE183202,37_1,KEEP
GSE183202,38_1,KEEP
GSE183202,38_3,KEEP
GSE183202,39_1,KEEP
GSE183202,39_3,KEEP
GSE183202,3_1,KEEP
GSE183202,40_1,KEEP
GSE183202,41_1,KEEP
GSE183202,42_1,KEEP
GSE183202,43_1,KEEP
GSE183202,44_1,KEEP
GSE183202,44_2,KEEP
GSE183202,44_3,KEEP
GSE183202,45_1b,KEEP
GSE183202,47_3,KEEP
GSE183202,47_4,KEEP
GSE183202,48_1,KEEP
GSE183202,48_2,KEEP
GSE183202,48_3,KEEP
GSE183202,49_1,KEEP
GSE183202,49_2,KEEP
GSE183202,4_1,KEEP
GSE183202,50_1,KEEP
GSE183202,51_1,KEEP
GSE183202,51_3,KEEP
GSE183202,52_1,KEEP
GSE183202,52_2,KEEP
GSE183202,52_3,KEEP
GSE183202,5_2,KEEP
GSE183202,6_1,KEEP
GSE183202,7_1,KEEP
GSE183202,8_2,KEEP
GSE183202,9_2,KEEP
GSE184726,KD1,KEEP
GSE184726,KD2,KEEP
GSE184726,SCR1,KEEP
GSE184726,SCR2,KEEP
GSE190609,H1703B1,KEEP
GSE190609,H1703B2,KEEP
GSE190609,H1724A,KEEP
GSE190609,H1724B,KEEP
GSE190609,H1724C,KEEP
GSE190609,H1724D,KEEP
GSE190609,H1724E,KEEP
GSE190609,H1724F,KEEP
GSE190609,H1729A,KEEP
GSE190609,H1729B,KEEP
GSE190609,H1729C,KEEP
GSE190609,H1729D,KEEP
GSE190609,H1729E,KEEP
GSE190609,H1729F,KEEP
GSE190609,H1730A,KEEP
GSE190609,H1730B,KEEP
GSE190609,H1730C,KEEP
GSE190609,H1730D,KEEP
GSE190609,H1730E,KEEP
GSE190609,H1730F,KEEP
GSE190609,H1731B,KEEP
GSE190609,H1731C,KEEP
GSE190609,H1731D,KEEP
GSE190609,H1731E,KEEP
GSE190609,H1731F,KEEP
GSE190609,H1731G,KEEP
GSE190609,H1733B,KEEP
GSE190609,H1733C,KEEP
GSE190609,H1733D,KEEP
GSE190609,H1733E,KEEP
GSE190609,H1733F,KEEP
GSE190609,H1733H,KEEP
GSE190609,H1733I,KEEP
GSE190609,H1804A,KEEP
GSE190609,H1804B,KEEP
GSE190609,H1804C,KEEP
GSE190609,H1804D,KEEP
GSE190609,H1817A,KEEP
GSE190609,H1817B1,KEEP
GSE190609,H1817B2,KEEP
GSE190609,H1817C,KEEP
GSE190609,H1823A,KEEP
GSE190609,H1823B,KEEP
GSE190609,H1823E,KEEP
GSE190609,H1823F,KEEP
GSE190609,H1823G,KEEP
GSE190609,H1823H,KEEP
GSE190609,H1823I,KEEP
GSE190609,H1823J,KEEP
GSE190609,H1823K,KEEP
GSE190609,H19-09A,KEEP
GSE190609,H19-09C,KEEP
GSE190609,H19-09D,KEEP
GSE190609,H19-09E,KEEP
GSE190609,H19-09H1,KEEP
GSE190609,H19-09H2,KEEP
GSE190609,H19-09H3,KEEP
GSE190609,H19-09I,KEEP
GSE190609,H19-09J,KEEP
GSE190609,H19-09K,KEEP
GSE190609,H19-09L,KEEP
GSE190609,H19-09M,KEEP
GSE190609,H19-09N,KEEP
GSE190609,H19-09P,KEEP
GSE190609,H19-11A,KEEP
GSE190609,H19-11B,KEEP
GSE190609,H19-11C,KEEP
GSE190609,H19-11E,KEEP
GSE190609,H19-11F,KEEP
GSE190609,H19-11H,KEEP
GSE190609,H19-11I,KEEP
GSE190609,H19-11J,KEEP
GSE190609,H19-11K,KEEP
GSE190609,H19-11L,KEEP
GSE190609,H19-11M,KEEP
GSE190609,H19-13C,KEEP
GSE190609,H19-13D,KEEP
GSE190609,H19-13E,KEEP
GSE190609,H19-13F,KEEP
GSE190609,H19-13G,KEEP
GSE190609,H19-13H,KEEP
GSE190609,H19-13I,KEEP
GSE190609,H19-13M,KEEP
GSE190609,H19-13N,KEEP
GSE190609,H19-13O,KEEP
GSE190609,H19-13P,KEEP
GSE190609,H1905A,KEEP
GSE190609,H1905B,KEEP
GSE190609,H1905C,KEEP
GSE190609,H1905D,KEEP
GSE190609,H1905F,KEEP
GSE190609,H1905H,KEEP
GSE190609,H1905J,KEEP
GSE190609,H1905K,KEEP
GSE190609,WAS2425A,KEEP
GSE190609,WAS2425B,KEEP
GSE190609,WAS2425C,KEEP
GSE190609,WAS2425D,KEEP
GSE190609,WAS2425E,KEEP
GSE190609,WAS2425F,KEEP
GSE190609,WAS2425H,KEEP
GSE190609,WAS2425I,KEEP
GSE190609,WAS2425J,KEEP
GSE190609,WAS2425L,KEEP
GSE190609,WAS2425M,KEEP
GSE190609,WAS2425N,KEEP
GSE190609,WAS2425O,KEEP
GSE190609,WAS2425P,KEEP
GSE190609,WAS2425Q,KEEP
GSE190609,WAS2425R,KEEP
GSE190609,WAS2425S,KEEP
GSE190609,WAS2425T,KEEP
GSE191323,AG_07_S7_align,KEEP
GSE191323,AG_08_S8_align,KEEP
GSE191323,AG_09_S9_align,KEEP
GSE191323,AG_10_S10_align,KEEP
GSE191323,AG_11_S11_align,KEEP
GSE191323,AG_12_S12_align,KEEP
GSE192374,S0,KEEP
GSE192374,S1,KEEP
GSE192374,S2,KEEP
GSE192374,S3,KEEP
GSE192400,Sample3,KEEP
GSE192400,Sample4,KEEP
GSE192400,Sample5,KEEP
GSE192400,Sample6,KEEP
GSE193534,GSM5813884,KEEP
GSE193534,GSM5813886,KEEP
GSE193534,GSM5813887,KEEP
GSE193534,GSM5813888,KEEP
GSE193534,GSM5813889,KEEP
GSE193534,GSM5813890,KEEP
GSE193534,GSM5813891,KEEP
GSE193534,GSM5813892,KEEP
GSE193534,GSM5813893,KEEP
GSE193534,GSM5813894,KEEP
GSE193534,GSM5813895,KEEP
GSE193534,GSM5813896,KEEP
GSE193534,GSM5813897,KEEP
GSE193534,GSM5813898,KEEP
GSE193534,GSM5813899,KEEP
GSE193534,GSM5813900,KEEP
GSE193534,p18,KEEP
GSE193534,p19,KEEP
GSE193534,p20,KEEP
GSE193534,p21,KEEP
GSE193534,p22,KEEP
GSE193534,p23,KEEP
GSE193534,p24,KEEP
GSE193534,p25,KEEP
GSE193534,p26,KEEP
GSE193534,p27,KEEP
GSE193534,p28,KEEP
GSE193534,p29,KEEP
GSE193534,p30,KEEP
GSE193534,p31,KEEP
GSE193534,p32,KEEP
GSE193534,p33,KEEP
GSE193865,C1,KEEP
GSE193865,C2,KEEP
GSE193865,C3,KEEP
GSE193865,T1,KEEP
GSE193865,T2,KEEP
GSE193865,T3,KEEP
GSE195994,HT29-Colonospheres-Con-1,KEEP
GSE195994,HT29-Colonospheres-Con-3,KEEP
GSE195994,HT29_adherent-Con-1,KEEP
GSE195994,HT29_adherent-Con-2,KEEP
GSE195994,HT29_adherent-Con-3,KEEP
GSE196006,X15.018_L0_G821_htseq.out,KEEP
GSE196006,X15.018_L7_G821_htseq.out,KEEP
GSE196006,X15.130_B0_G821_htseq.out,KEEP
GSE196006,X15.160_E0_G821_htseq.out,KEEP
GSE196006,X15.160_E7_G821_htseq.out,KEEP
GSE196006,X15.164_E0_G821_htseq.out,KEEP
GSE196006,X15.164_E7_G821_htseq.out,KEEP
GSE196006,X15.171_L0_G821_htseq.out,KEEP
GSE196006,X15.171_L7_G821_htseq.out,KEEP
GSE196006,X15.248_A0_G821_htseq.out,KEEP
GSE196006,X15.248_A7_G821_htseq.out,KEEP
GSE196006,X15.288_B0_G821_htseq.out,KEEP
GSE196006,X15.288_B7_G821_htseq.out,KEEP
GSE196006,X17.150_E0_G821_htseq.out,KEEP
GSE196006,X17.150_E7_G821_htseq.out,KEEP
GSE196006,X17.477_L0_G821_htseq.out,KEEP
GSE196006,X17.477_L7_G821_htseq.out,KEEP
GSE196006,X18.152_L0_G821_htseq.out,KEEP
GSE196006,X18.152_L7_G821_htseq.out,KEEP
GSE196006,X18.177_H0_G821_htseq.out,KEEP
GSE196006,X18.177_H7_G821_htseq.out,KEEP
GSE196006,X18.269_D0_G821_htseq.out,KEEP
GSE196006,X18.269_D7_G821_htseq.out,KEEP
GSE196006,X18.466_L0_G821_htseq.out,KEEP
GSE196006,X18.466_L7_G821_htseq.out,KEEP
GSE196006,X18.565_L0_G821_htseq.out,KEEP
GSE196006,X18.565_L7_G821_htseq.out,KEEP
GSE196006,X19.055_L0_G821_htseq.out,KEEP
GSE196006,X19.055_L7_G821_htseq.out,KEEP
GSE196006,X19.062_L0_G821_htseq.out,KEEP
GSE196006,X19.062_L7_G821_htseq.out,KEEP
GSE196006,X19.076_B0_G821_htseq.out,KEEP
GSE196006,X19.076_B7_G821_htseq.out,KEEP
GSE196006,X19.253_B0_G821_htseq.out,KEEP
GSE196006,X19.253_B7_G821_htseq.out,KEEP
GSE196006,X20.002_E0_G821_htseq.out,KEEP
GSE196006,X20.002_E7_G821_htseq.out,KEEP
GSE196006,X20.146_E0_G821_htseq.out,KEEP
GSE196006,X20.146_E7_G821_htseq.out,KEEP
GSE196006,X20.327_L0_G821_htseq.out,KEEP
GSE196006,X20.327_L7_G821_htseq.out,KEEP
GSE196711,ConA1,KEEP
GSE196711,ConA2,KEEP
GSE196711,ConA3,KEEP
GSE196711,ConA4,KEEP
GSE196711,ConA5,KEEP
GSE196711,ConA6,KEEP
GSE196711,ConA7,KEEP
GSE196711,ConA8,KEEP
GSE196711,ConA9,KEEP
GSE196711,ConB1,KEEP
GSE196711,ConB2,KEEP
GSE196711,ConB3,KEEP
GSE196711,ConB4,KEEP
GSE196711,ConB5,KEEP
GSE196711,FAP1,KEEP
GSE196711,FAP2,KEEP
GSE196711,FAP3,KEEP
GSE196711,FAP4,KEEP
GSE196711,FAP5,KEEP
GSE196711,FAP6,KEEP
GSE196711,FAP7,KEEP
GSE196711,FAP8,KEEP
GSE196711,FAP9,KEEP
GSE196711,PJS1,KEEP
GSE196711,PJS2,KEEP
GSE196711,PJS3,KEEP
GSE196711,PJS4,KEEP
GSE196711,PJS5,KEEP
GSE196711,PJS6,KEEP
GSE197576,01_SW_sgCTRL_Norm,KEEP
GSE197576,03_SW_sgITPR3_1_Norm,KEEP
GSE197576,04_SW_sgITPR3_1_Norm,KEEP
GSE197576,07_SW_sgRELB_3_Norm,KEEP
GSE197576,08_SW_sgRELB_3_Norm,KEEP
GSE197576,11_SW_sgCTRL_Hyp,KEEP
GSE197576,12_SW_sgCTRL_Hyp,KEEP
GSE197576,13_SW_sgITPR3_1_Hyp,KEEP
GSE197576,14_SW_sgITPR3_1_Hyp,KEEP
GSE197576,17_SW_sgRELB_3_Hyp,KEEP
GSE197576,18_SW_sgRELB_3_Hyp,KEEP
GSE198697,P1_1_O_caf_r1_exp,KEEP
GSE198697,P1_1_O_caf_r1_tpm,KEEP
GSE198697,P1_1_O_min_r1_exp,KEEP
GSE198697,P1_1_O_min_r1_tpm,KEEP
GSE198697,P1_1_O_nf_r1_exp,KEEP
GSE198697,P1_1_O_nf_r1_tpm,KEEP
GSE198697,P1_2_O_min_r4_exp,KEEP
GSE198697,P1_2_O_min_r4_tpm,KEEP
GSE198697,P1_3_O_min_r7_exp,KEEP
GSE198697,P1_3_O_min_r7_tpm,KEEP
GSE198697,P1_3_O_nf_r7_exp,KEEP
GSE198697,P1_3_O_nf_r7_tpm,KEEP
GSE200064,EC,KEEP
GSE200064,FPKM.TCF21_1,KEEP
GSE200064,FPKM.TCF21_2,KEEP
GSE200064,FPKM.TCF21_3,KEEP
GSE200064,FPKM.con313_1,KEEP
GSE200064,FPKM.con313_2,KEEP
GSE200064,FPKM.con313_3,KEEP
GSE200064,GO,KEEP
GSE200064,KEGG,KEEP
GSE200064,KO_ENTRY,KEEP
GSE200064,transcript_id,KEEP
GSE200129,CRB02,KEEP
GSE200129,CRB03,KEEP
GSE200129,CRB04,KEEP
GSE200129,CRB05,KEEP
GSE200129,CRB06,KEEP
GSE200129,CRB07,KEEP
GSE200129,CRB08,KEEP
GSE200129,CRB10,KEEP
GSE200129,CRB13,KEEP
GSE200129,CRB16,KEEP
GSE200129,CRB21,KEEP
GSE200129,CRB22,KEEP
GSE200129,CRB23,KEEP
GSE200129,CRB25,KEEP
GSE200129,CRB28,KEEP
GSE200129,CRB29,KEEP
GSE200129,CRB31,KEEP
GSE200129,CRB32,KEEP
GSE200129,CRB34,KEEP
GSE200129,CRB36,KEEP
GSE200129,CRB37,KEEP
GSE200129,CRB38,KEEP
GSE200129,CRB40,KEEP
GSE200129,CRB42,KEEP
GSE200129,CRB43,KEEP
GSE200129,CRB46,KEEP
GSE200129,CRB48,KEEP
GSE200129,CRB49,KEEP
GSE200129,CRB50,KEEP
GSE200129,CRB51,KEEP
GSE200129,CRB53,KEEP
GSE200129,CRB55,KEEP
GSE200129,CRB56,KEEP
GSE200129,CRB58,KEEP
GSE200129,CRB59,KEEP
GSE200129,CRB60,KEEP
GSE200129,CRB61,KEEP
GSE200129,CRB61.2,KEEP
GSE200129,CRB62,KEEP
GSE200129,CRB65,KEEP
GSE200129,CRB71,KEEP
GSE200129,CRB73,KEEP
GSE200130,CRC13H,KEEP
GSE200130,CRC13P,KEEP
GSE200130,CRC13T,KEEP
GSE200130,CRC14H,KEEP
GSE200130,CRC14P,KEEP
GSE200130,CRC14T,KEEP
GSE200130,CRC15P,KEEP
GSE200130,CRC15T,KEEP
GSE200130,CRC16H,KEEP
GSE200130,CRC16P,KEEP
GSE200130,CRC16T,KEEP
GSE200130,CRC17H,KEEP
GSE200130,CRC18H,KEEP
GSE200130,CRC18P,KEEP
GSE200130,CRC18T,KEEP
GSE200130,CRC20H,KEEP
GSE200130,CRC20P,KEEP
GSE200130,CRC20T,KEEP
GSE200130,CRC22H,KEEP
GSE200130,CRC22P,KEEP
GSE200130,CRC22T,KEEP
GSE200130,CRC23H,KEEP
GSE200130,CRC23P,KEEP
GSE200130,CRC23T,KEEP
GSE200130,CRC24H,KEEP
GSE200130,CRC24P,KEEP
GSE200130,CRC24T,KEEP
GSE200130,CRC3H,KEEP
GSE200130,CRC3P,KEEP
GSE200130,CRC3T,KEEP
GSE200130,CRC4H,KEEP
GSE200130,CRC4P,KEEP
GSE200130,CRC4T,KEEP
GSE200130,CRC5H,KEEP
GSE200130,CRC5P,KEEP
GSE200130,CRC5T,KEEP
GSE201412,A427_1,KEEP
GSE201412,A427_2,KEEP
GSE201412,A427_3,KEEP
GSE201412,A427_4,KEEP
GSE201412,A427_5,KEEP
GSE201412,A427_6,KEEP
GSE201412,A427_7,KEEP
GSE201412,A427_8,KEEP
GSE201412,A427_9,KEEP
GSE201412,A_1_1,KEEP
GSE201412,A_1_2,KEEP
GSE201412,A_1_3,KEEP
GSE201412,A_2_1,KEEP
GSE201412,A_2_3,KEEP
GSE201412,A_2_4,KEEP
GSE201412,A_2_5,KEEP
GSE201412,A_2_6,KEEP
GSE201412,A_4_1,KEEP
GSE201412,A_4_2,KEEP
GSE201412,A_4_3,KEEP
GSE201412,A_4_4,KEEP
GSE201412,A_4_5,KEEP
GSE201412,A_4_6,KEEP
GSE201412,A_5_1,KEEP
GSE201412,A_5_2,KEEP
GSE201412,A_5_3,KEEP
GSE201412,A_5_4,KEEP
GSE201412,A_5_5,KEEP
GSE201412,A_5_6,KEEP
GSE201412,A_6_1,KEEP
GSE201412,A_6_2,KEEP
GSE201412,A_6_3,KEEP
GSE201412,A_6_4,KEEP
GSE201412,A_6_5,KEEP
GSE201412,A_6_6,KEEP
GSE201412,Chromosomescaffold_name,KEEP
GSE201412,H_1_1,KEEP
GSE201412,H_1_2,KEEP
GSE201412,H_1_3,KEEP
GSE201412,H_1_4,KEEP
GSE201412,H_1_5,KEEP
GSE201412,H_4_10,KEEP
GSE201412,H_4_11,KEEP
GSE201412,H_4_12,KEEP
GSE201412,H_4_3,KEEP
GSE201412,H_4_4,KEEP
GSE201412,H_4_5,KEEP
GSE201412,H_4_6,KEEP
GSE201412,H_4_7,KEEP
GSE201412,H_4_8,KEEP
GSE201412,H_4_9,KEEP
GSE201412,LS_2,KEEP
GSE201412,LS_4,KEEP
GSE201412,LS_5,KEEP
GSE201412,LS_7,KEEP
GSE201412,LS_8,KEEP
GSE201412,LS_9,KEEP
GSE201412,L_1_1,KEEP
GSE201412,L_1_2,KEEP
GSE201412,L_1_3,KEEP
GSE201412,L_2_1,KEEP
GSE201412,L_2_2,KEEP
GSE201412,L_2_3,KEEP
GSE201412,L_2_4,KEEP
GSE201412,L_2_5,KEEP
GSE201412,L_2_6,KEEP
GSE201412,L_4_1,KEEP
GSE201412,L_4_2,KEEP
GSE201412,L_4_3,KEEP
GSE201412,L_4_4,KEEP
GSE201412,L_4_5,KEEP
GSE201412,L_4_6,KEEP
GSE201412,NCBI_gene_ID,KEEP
GSE201412,SNU_1,KEEP
GSE201412,SNU_2,KEEP
GSE201412,SNU_3,KEEP
GSE201412,SNU_4,KEEP
GSE201412,SNU_5,KEEP
GSE201412,SNU_6,KEEP
GSE201412,SNU_7,KEEP
GSE201412,SNU_8,KEEP
GSE201412,SNU_9,KEEP
GSE202073,HCT116.CDX.R1_S58_L001,KEEP
GSE202073,HCT116.CDX.R2_S59_L001,KEEP
GSE202073,HCT116.CDX.R3_S60_L001,KEEP
GSE202073,HCT116.EHF.CDX1.R1_S61_L001,KEEP
GSE202073,HCT116.EHF.CDX1.R2_S62_L001,KEEP
GSE202073,HCT116.EHF.CDX1.R3_S63_L001,KEEP
GSE202073,HCT116.EHF.R1_S55_L001,KEEP
GSE202073,HCT116.EHF.R2_S56_L001,KEEP
GSE202073,HCT116.EHF.R3_S57_L001,KEEP
GSE202073,HCT116.pcDNA.R1_S52_L001,KEEP
GSE202073,HCT116.pcDNA.R2_S53_L001,KEEP
GSE202073,HCT116.pcDNA.R3_S54_L001,KEEP
GSE202189,RNA-seq-01-SPT6AID-Aux-0h,KEEP
GSE202189,RNA-seq-01-SPT6AID-Aux-2h,KEEP
GSE202189,RNA-seq-01-SPT6AID-Aux-6h,KEEP
GSE202189,RNA-seq-02-SPT6AID-Aux-0h,KEEP
GSE202189,RNA-seq-02-SPT6AID-Aux-2h,KEEP
GSE202189,RNA-seq-02-SPT6AID-Aux-6h,KEEP
GSE202189,RNA-seq-03-PAF1AID-Aux-0h,KEEP
GSE202189,RNA-seq-03-PAF1AID-Aux-2h,KEEP
GSE202189,RNA-seq-03-PAF1AID-Aux-6h,KEEP
GSE202189,RNA-seq-04-PAF1AID-Aux-0h,KEEP
GSE202189,RNA-seq-04-PAF1AID-Aux-2h,KEEP
GSE202189,RNA-seq-04-PAF1AID-Aux-6h,KEEP
GSE203017,DMEM_IRS2KO_r1,KEEP
GSE203017,DMEM_IRS2KO_r2,KEEP
GSE203017,DMEM_IRS2KO_r3,KEEP
GSE203017,DMEM_NS_r1,KEEP
GSE203017,DMEM_NS_r2,KEEP
GSE203017,DMEM_NS_r3,KEEP
GSE203071,SEQ10244,KEEP
GSE203071,SEQ10265,KEEP
GSE203071,SEQ10587,KEEP
GSE203071,SEQ10837,KEEP
GSE203071,SEQ10909,KEEP
GSE203071,SEQ10933,KEEP
GSE203071,SEQ12160,KEEP
GSE203071,SEQ12169,KEEP
GSE203071,SEQ12671,KEEP
GSE203071,SEQ13071,KEEP
GSE203071,SEQ13079,KEEP
GSE203071,SEQ13255,KEEP
GSE203071,SEQ13282,KEEP
GSE203071,SEQ13718,KEEP
GSE203071,SEQ13724,KEEP
GSE203071,SEQ13726,KEEP
GSE203071,SEQ13764,KEEP
GSE203071,SEQ13771,KEEP
GSE203071,SEQ13792,KEEP
GSE203071,SEQ13801,KEEP
GSE203071,SEQ13814,KEEP
GSE203071,SEQ13821,KEEP
GSE203071,SEQ13822,KEEP
GSE203071,SEQ13837,KEEP
GSE203071,SEQ13844,KEEP
GSE203071,SEQ13916,KEEP
GSE203071,SEQ13951,KEEP
GSE203071,SEQ14073,KEEP
GSE203071,SEQ14076,KEEP
GSE203071,SEQ14162,KEEP
GSE203071,SEQ14163,KEEP
GSE203071,SEQ14238,KEEP
GSE203071,SEQ14239,KEEP
GSE203071,SEQ14250,KEEP
GSE203071,SEQ14251,KEEP
GSE203071,SEQ14252,KEEP
GSE203071,SEQ14254,KEEP
GSE203071,SEQ14269,KEEP
GSE203071,SEQ14356,KEEP
GSE203071,SEQ14420,KEEP
GSE203071,SEQ14437,KEEP
GSE203071,SEQ14438,KEEP
GSE203071,SEQ14440,KEEP
GSE203071,SEQ14442,KEEP
GSE203071,SEQ14472,KEEP
GSE203071,SEQ14487,KEEP
GSE203071,SEQ14498,KEEP
GSE203071,SEQ14683,KEEP
GSE203071,SEQ14691,KEEP
GSE203071,SEQ14910,KEEP
GSE203071,SEQ14934,KEEP
GSE203071,SEQ14986,KEEP
GSE203071,SEQ14993,KEEP
GSE203071,SEQ16097,KEEP
GSE203071,SEQ16220,KEEP
GSE203071,SEQ16288,KEEP
GSE203071,SEQ16289,KEEP
GSE203071,SEQ16315,KEEP
GSE203071,SEQ16330,KEEP
GSE203071,SEQ16470,KEEP
GSE203071,SEQ16609,KEEP
GSE203071,SEQ16613,KEEP
GSE203071,SEQ16682,KEEP
GSE203071,SEQ16691,KEEP
GSE203071,SEQ16735,KEEP
GSE203071,SEQ16751,KEEP
GSE203071,SEQ16760,KEEP
GSE203071,SEQ16762,KEEP
GSE203071,SEQ16763,KEEP
GSE203071,SEQ16929,KEEP
GSE203071,SEQ16998,KEEP
GSE203071,SEQ17063,KEEP
GSE203071,SEQ17139,KEEP
GSE203071,SEQ17170,KEEP
GSE203071,SEQ17247,KEEP
GSE203071,SEQ17258,KEEP
GSE203071,SEQ17290,KEEP
GSE203071,SEQ17298,KEEP
GSE203071,SEQ17356,KEEP
GSE203071,SEQ19236,KEEP
GSE203071,SEQ19243,KEEP
GSE203071,SEQ19252,KEEP
GSE203071,SEQ19261,KEEP
GSE203071,SEQ19285,KEEP
GSE203071,SEQ19359,KEEP
GSE203071,SEQ19435,KEEP
GSE203071,SEQ19437,KEEP
GSE203071,SEQ19438,KEEP
GSE203071,SEQ19498,KEEP
GSE203071,SEQ19919,KEEP
GSE203071,SEQ19975,KEEP
GSE203071,SEQ22341,KEEP
GSE203071,SEQ22972,KEEP
GSE203071,SEQ22999,KEEP
GSE203071,SEQ23000,KEEP
GSE203071,SEQ23003,KEEP
GSE203071,SEQ23007,KEEP
GSE203071,SEQ23010,KEEP
GSE203071,SEQ23012,KEEP
GSE203071,SEQ23014,KEEP
GSE203071,SEQ23015,KEEP
GSE203071,SEQ23016,KEEP
GSE203071,SEQ23023,KEEP
GSE203071,SEQ23026,KEEP
GSE203071,SEQ23028,KEEP
GSE203071,SEQ23029,KEEP
GSE203071,SEQ23030,KEEP
GSE203071,SEQ23032,KEEP
GSE203071,SEQ23033,KEEP
GSE203071,SEQ23034,KEEP
GSE203071,SEQ23036,KEEP
GSE203071,SEQ23039,KEEP
GSE203071,SEQ23042,KEEP
GSE203071,SEQ23048,KEEP
GSE203071,SEQ23050,KEEP
GSE203071,SEQ23055,KEEP
GSE203071,SEQ23057,KEEP
GSE203071,SEQ23059,KEEP
GSE203071,SEQ23064,KEEP
GSE203071,SEQ23066,KEEP
GSE203071,SEQ23067,KEEP
GSE203071,SEQ23068,KEEP
GSE203071,SEQ23070,KEEP
GSE203071,SEQ23071,KEEP
GSE203071,SEQ23072,KEEP
GSE203071,SEQ23073,KEEP
GSE203071,SEQ23078,KEEP
GSE203071,SEQ23079,KEEP
GSE203071,SEQ23082,KEEP
GSE203071,SEQ23085,KEEP
GSE203071,SEQ23086,KEEP
GSE203071,SEQ23087,KEEP
GSE203071,SEQ23088,KEEP
GSE203071,SEQ23094,KEEP
GSE203071,SEQ23097,KEEP
GSE203071,SEQ23100,KEEP
GSE203071,SEQ23101,KEEP
GSE203071,SEQ23103,KEEP
GSE203071,SEQ23105,KEEP
GSE203071,SEQ23106,KEEP
GSE203071,SEQ23108,KEEP
GSE203071,SEQ23109,KEEP
GSE203071,SEQ23110,KEEP
GSE203071,SEQ23112,KEEP
GSE203071,SEQ23114,KEEP
GSE203071,SEQ23115,KEEP
GSE203071,SEQ23162,KEEP
GSE203071,SEQ5582,KEEP
GSE203071,SEQ5607,KEEP
GSE203071,SEQ9517,KEEP
GSE203071,SEQ9542,KEEP
GSE203071,SEQ9582,KEEP
GSE203071,SEQ9812,KEEP
GSE203071,SEQF2489,KEEP
GSE203071,SEQF4727,KEEP
GSE203120,p11_Treated,KEEP
GSE203120,p11_UT,KEEP
GSE203120,p12_Treated,KEEP
GSE203120,p12_UT,KEEP
GSE205430,AB.att,KEEP
GSE205430,AL,KEEP
GSE205430,AT.att,KEEP
GSE205430,AZ,KEEP
GSE205430,BG,KEEP
GSE205430,BH,KEEP
GSE205430,BN,KEEP
GSE205430,BP,KEEP
GSE205430,BU.att,KEEP
GSE205430,CK,KEEP
GSE205430,CL,KEEP
GSE205430,CaOV.3.2D,KEEP
GSE205430,CaOV.3.3D,KEEP
GSE205430,Capan2.DMSO,KEEP
GSE205430,DLD1.3D,KEEP
GSE205430,G.att,KEEP
GSE205430,GP5D.3D,KEEP
GSE205430,HCT15.3D,KEEP
GSE205430,HPAFII.DMSO,KEEP
GSE205430,HUTU80.3D,KEEP
GSE205430,IGROV1,KEEP
GSE205430,Kuramochi.3D,KEEP
GSE205430,LL.937.VEH.NS71,KEEP
GSE205430,LL1222.DMSO,KEEP
GSE205430,LL1312.DMSO,KEEP
GSE205430,LL1494.DMSO,KEEP
GSE205430,LS123.3D,KEEP
GSE205430,NS113.PANC1.VEH.DAY.1.S18,KEEP
GSE205430,NS135.CAOV4,KEEP
GSE205430,NS135.COV362,KEEP
GSE205430,NS135.SNU119,KEEP
GSE205430,NS135.SNU8,KEEP
GSE205430,NS144.Es2,KEEP
GSE205430,NS159.A2780,KEEP
GSE205430,NS159.A2780.CIS,KEEP
GSE205430,NS159.A2780.CIS.II,KEEP
GSE205430,NS159.A2780.II,KEEP
GSE205430,NS178.CaOV3.D3,KEEP
GSE205430,NS178.IGROVI.D3,KEEP
GSE205430,NS178.Kumarochi,KEEP
GSE205430,NS178.OVCAR4,KEEP
GSE205430,NS178.OVSAHO.D3,KEEP
GSE205430,NS84.AK.121418,KEEP
GSE205430,NS84.AO.121418,KEEP
GSE205430,NS84.AS.121418,KEEP
GSE205430,NS84.Av.121418,KEEP
GSE205430,NS84.Ay.121418,KEEP
GSE205430,NS84.BD.121418,KEEP
GSE205430,NS84.BI.121418,KEEP
GSE205430,NS84.D2.121418,KEEP
GSE205430,NS84.H.121418,KEEP
GSE205430,NS84.W.121418,KEEP
GSE205430,OAW28,KEEP
GSE205430,OV90,KEEP
GSE205430,OVCAR4.3D,KEEP
GSE205430,OVKATE.3D,KEEP
GSE205430,OVSAHO.3D,KEEP
GSE205430,PA.1.3D,KEEP
GSE205430,PDAC2.cells.Veh.2,KEEP
GSE205430,PKD1,KEEP
GSE205430,PKD2,KEEP
GSE205430,Panc1.DMSO,KEEP
GSE205430,RP.13,KEEP
GSE205430,RP.14,KEEP
GSE205430,RP.15,KEEP
GSE205430,RP.16,KEEP
GSE205430,RP.17,KEEP
GSE205430,RP.18,KEEP
GSE205430,RP.28,KEEP
GSE205430,RP.35,KEEP
GSE205430,RP.36,KEEP
GSE205430,RP.37,KEEP
GSE205430,RP.38,KEEP
GSE205430,RP.39,KEEP
GSE205430,SW620.3D,KEEP
GSE205430,SW626.3D,KEEP
GSE205430,ensembl.gene.id,KEEP
GSE205430,go.gene.id,KEEP
GSE205430,uniprot.id,KEEP
GSE207194,AE1C,KEEP
GSE207194,AE2F,KEEP
GSE207194,AS75C,KEEP
GSE207194,AS76F,KEEP
GSE207194,BC71C,KEEP
GSE207194,BC72F,KEEP
GSE207194,BC86F,KEEP
GSE207194,BF7C,KEEP
GSE207194,BF8F,KEEP
GSE207194,BP66F,KEEP
GSE207194,CA25C,KEEP
GSE207194,CA26F,KEEP
GSE207194,CF13C,KEEP
GSE207194,CJ52F,KEEP
GSE207194,CM37C,KEEP
GSE207194,CM38F,KEEP
GSE207194,CN39C,KEEP
GSE207194,CN40F,KEEP
GSE207194,GD31C,KEEP
GSE207194,GD32F,KEEP
GSE207194,GR18F,KEEP
GSE207194,GR69C,KEEP
GSE207194,GR70F,KEEP
GSE207194,GS54F,KEEP
GSE207194,HB85F,KEEP
GSE207194,HP15C,KEEP
GSE207194,HP16F,KEEP
GSE207194,JMP74F,KEEP
GSE207194,JPC19C,KEEP
GSE207194,JPC20F,KEEP
GSE207194,MA43C,KEEP
GSE207194,MA44F,KEEP
GSE207194,MA60F,KEEP
GSE207194,MJ3C,KEEP
GSE207194,MJ4F,KEEP
GSE207194,MJP56F,KEEP
GSE207194,OA11C,KEEP
GSE207194,OJ67C,KEEP
GSE207194,OJ68F,KEEP
GSE207194,OP81C,KEEP
GSE207194,OP82F,KEEP
GSE207194,PC35C,KEEP
GSE207194,PC36F,KEEP
GSE207194,PG42F,KEEP
GSE207194,PJ80F,KEEP
GSE207194,PJP64F,KEEP
GSE207194,RC48F,KEEP
GSE207194,RD83C,KEEP
GSE207194,RD84F,KEEP
GSE207194,RM62F,KEEP
GSE207194,SA49C,KEEP
GSE207194,SA50F,KEEP
GSE207194,SM23C,KEEP
GSE207194,SM78F,KEEP
GSE207194,TJ10F,KEEP
GSE207194,TJ9C,KEEP
GSE207194,TL27C,KEEP
GSE207194,TL28F,KEEP
GSE207709,EC,KEEP
GSE207709,FPKM.NC_1,KEEP
GSE207709,FPKM.NC_2,KEEP
GSE207709,FPKM.NC_3,KEEP
GSE207709,FPKM.siRNA_1,KEEP
GSE207709,FPKM.siRNA_2,KEEP
GSE207709,FPKM.siRNA_3,KEEP
GSE207709,GO,KEEP
GSE207709,KEGG,KEEP
GSE207709,KO_ENTRY,KEEP
GSE207709,count.NC_1,KEEP
GSE207709,count.NC_2,KEEP
GSE207709,count.NC_3,KEEP
GSE207709,count.siRNA_1,KEEP
GSE207709,count.siRNA_2,KEEP
GSE207709,count.siRNA_3,KEEP
GSE207709,transcript_id,KEEP
GSE208310,shCD44_rep1,KEEP
GSE208310,shCD44_rep2,KEEP
GSE208310,shCD44_rep3,KEEP
GSE208310,shCD44_rep4,KEEP
GSE208310,shCD44_rep5,KEEP
GSE208310,shCD44_rep6,KEEP
GSE208310,shLUC_rep1,KEEP
GSE208310,shLUC_rep2,KEEP
GSE208310,shLUC_rep3,KEEP
GSE208310,shLUC_rep4,KEEP
GSE208310,shLUC_rep5,KEEP
GSE208310,shLUC_rep6,KEEP
GSE208310,shLUC_rep7,KEEP
GSE208345,CR3.rep1,KEEP
GSE208345,CR3.rep2,KEEP
GSE208345,CR3.rep3,KEEP
GSE208345,Reverse.rep1,KEEP
GSE208345,Reverse.rep2,KEEP
GSE208345,Reverse.rep3,KEEP
GSE208345,Scramble.rep1,KEEP
GSE208345,Scramble.rep2,KEEP
GSE208345,Scramble.rep3,KEEP
GSE208345,mCherry.rep2,KEEP
GSE208345,mCherry.rep3,KEEP
GSE209869,GO_BP,KEEP
GSE209869,GO_CC,KEEP
GSE209869,GO_MF,KEEP
GSE209869,K-2,KEEP
GSE209869,KO,KEEP
GSE209869,Pathway,KEEP
GSE211221,P1055R,KEEP
GSE211221,P1082R,KEEP
GSE211221,P1086R,KEEP
GSE211221,P1102R,KEEP
GSE211221,P1111R,KEEP
GSE211221,P1112R,KEEP
GSE211221,P1117R,KEEP
GSE211221,P1122R,KEEP
GSE211221,P1135R,KEEP
GSE211221,P1143R,KEEP
GSE211221,P1183R,KEEP
GSE211221,P1202R,KEEP
GSE211221,P1210R,KEEP
GSE211221,P1215R,KEEP
GSE211221,P1229R,KEEP
GSE212014,HO107_PATOM_P10,KEEP
GSE212014,HO107_PATOM_P17,KEEP
GSE212014,HO107_WNT_P12,KEEP
GSE212014,HO107_WNT_P13,KEEP
GSE212014,HO163_PaTOM_PAX4_P12,KEEP
GSE212014,HO163_PaTOM_PAX4_P6,KEEP
GSE212014,HO163_PaTOM_PAX4_P7,KEEP
GSE212014,HO163_PaTOM_PAX4_P8,KEEP
GSE212014,HO163_WNT_PAX4_P12,KEEP
GSE212014,HO163_WNT_PAX4_P6,KEEP
GSE212014,HO163_WNT_PAX4_P7,KEEP
GSE212014,HO163_WNT_PAX4_P8,KEEP
GSE212014,HO219_PATOM_PAX300_P18,KEEP
GSE212014,HO219_PATOM_PAX300_P19,KEEP
GSE212014,HO219_PATOM_PAX300_P20,KEEP
GSE212014,HO219_WNT_PAX300_P18,KEEP
GSE212014,HO219_WNT_PAX300_P19,KEEP
GSE212014,HO219_WNT_PAX300_P20,KEEP
GSE212014,HO228_PATOM_PAX300_P21,KEEP
GSE212014,HO228_PATOM_PAX300_P22,KEEP
GSE212014,HO228_PATOM_PAX300_P23,KEEP
GSE212014,HO228_PATOM_PAX300_P24,KEEP
GSE212014,HO228_WNT_PAX300_P21,KEEP
GSE212014,HO228_WNT_PAX300_P22,KEEP
GSE212014,HO228_WNT_PAX300_P23,KEEP
GSE212014,HO44_PATOM_16,KEEP
GSE212014,HO44_PATOM_17,KEEP
GSE212014,HO44_PATOM_P25,KEEP
GSE212014,HO44_WNT_P16,KEEP
GSE212014,HO44_WNT_P17,KEEP
GSE212854,A11,KEEP
GSE212854,A12,KEEP
GSE212854,C12,KEEP
GSE212854,C6,KEEP
GSE212854,C8,KEEP
GSE212854,C9,KEEP
GSE212854,D10,KEEP
GSE212854,E7,KEEP
GSE212854,F10,KEEP
GSE212854,F11,KEEP
GSE212854,F8,KEEP
GSE212854,F9,KEEP
GSE212854,G11,KEEP
GSE212854,G6,KEEP
GSE212854,H11,KEEP
GSE212854,H6,KEEP
GSE212854,H8,KEEP
GSE215308,COLO201.A.DOX._1,KEEP
GSE215308,COLO201.A.DOX._2,KEEP
GSE215308,COLO201.A.DOX._3,KEEP
GSE215308,COLO201.A.DOXplus_1,KEEP
GSE215308,COLO201.A.DOXplus_2,KEEP
GSE215308,COLO201.A.DOXplus_3,KEEP
GSE215849,LS411N.BR_DOXnegative_1,KEEP
GSE215849,LS411N.BR_DOXnegative_2,KEEP
GSE215849,LS411N.BR_DOXnegative_3,KEEP
GSE215849,LS411N.BR_DOXpositive_1,KEEP
GSE215849,LS411N.BR_DOXpositive_2,KEEP
GSE215849,LS411N.BR_DOXpositive_3,KEEP
GSE215924,CD03,KEEP
GSE215924,CD04,KEEP
GSE215924,CD05,KEEP
GSE215924,CD06,KEEP
GSE215924,CD07,KEEP
GSE215924,CD08,KEEP
GSE215924,CD09,KEEP
GSE215924,CD10,KEEP
GSE215924,CD11,KEEP
GSE215924,CD12,KEEP
GSE215924,CD14,KEEP
GSE215924,CD15,KEEP
GSE215924,CD16,KEEP
GSE215924,CD17,KEEP
GSE215924,CD18,KEEP
GSE215924,CD19,KEEP
GSE215924,CD20,KEEP
GSE215924,CD21,KEEP
GSE215924,CD22,KEEP
GSE215924,CD23,KEEP
GSE215924,CD24,KEEP
GSE215924,CD25,KEEP
GSE215924,CD26,KEEP
GSE215924,CD27,KEEP
GSE215924,CD28,KEEP
GSE215924,CD29,KEEP
GSE215924,CD30,KEEP
GSE215924,CD31,KEEP
GSE215924,CD32,KEEP
GSE215924,CD33,KEEP
GSE215924,CD34,KEEP
GSE215924,CD35,KEEP
GSE215924,CD36,KEEP
GSE215924,CD37,KEEP
GSE215924,CD38,KEEP
GSE215924,CD39,KEEP
GSE215924,CD40,KEEP
GSE215924,CD41,KEEP
GSE215924,CD42,KEEP
GSE215924,CD44,KEEP
GSE215924,CD45,KEEP
GSE215924,CD46,KEEP
GSE215924,CD48,KEEP
GSE215924,CD49,KEEP
GSE215924,CD50,KEEP
GSE215924,CD51,KEEP
GSE215924,CD52,KEEP
GSE215924,CD54,KEEP
GSE215924,CD56,KEEP
GSE215924,CD57,KEEP
GSE215924,CD58,KEEP
GSE215924,CD60,KEEP
GSE215924,CD61,KEEP
GSE215924,CD62,KEEP
GSE215924,CD63,KEEP
GSE215924,CD65,KEEP
GSE215924,CD66,KEEP
GSE215924,CD67,KEEP
GSE215924,CD68,KEEP
GSE215924,CD70,KEEP
GSE215924,CD71,KEEP
GSE215924,CD73,KEEP
GSE215924,CD75,KEEP
GSE215924,CD76,KEEP
GSE215924,CD77,KEEP
GSE215924,CD78,KEEP
GSE215924,CD81,KEEP
GSE215924,CD82,KEEP
GSE215924,CD83,KEEP
GSE215924,CD84,KEEP
GSE215924,Non_CD01,KEEP
GSE215924,Non_CD02,KEEP
GSE215924,Non_CD03,KEEP
GSE215924,Non_CD04,KEEP
GSE215924,Non_CD05,KEEP
GSE215924,Non_CD06,KEEP
GSE215924,Non_CD07,KEEP
GSE215924,Non_CD08,KEEP
GSE215924,Non_CD09,KEEP
GSE216561,CRC-36-EV,KEEP
GSE216561,CRC-37-EV,KEEP
GSE216561,CRC-38-plasma,KEEP
GSE216561,CRC-39-EV,KEEP
GSE216561,CRC-41-EV,KEEP
GSE216561,CRC-42-EV,KEEP
GSE216561,CRC-42-plasma,KEEP
GSE216561,CRC-45-EV,KEEP
GSE216561,CRC-45-plasma,KEEP
GSE216561,CRC-46-EV,KEEP
GSE216561,CRC-49-EV,KEEP
GSE216561,CRC-52-EV,KEEP
GSE216561,CRC-53-EV,KEEP
GSE216561,CRC-53-plasma,KEEP
GSE216561,CRC-54-EV,KEEP
GSE216561,CRC-56-plasma,KEEP
GSE216561,LC-21-plasma,KEEP
GSE216561,LC-23-plasma,KEEP
GSE216561,LC-24-plasma,KEEP
GSE216561,LC-26-plasma,KEEP
GSE216561,LC-30-EV,KEEP
GSE216561,LC-31-EV,KEEP
GSE216561,LC-31-plasma,KEEP
GSE216561,LC-32-EV,KEEP
GSE216561,LC-34-EV,KEEP
GSE216561,LC-34-plasma,KEEP
GSE216561,LC-35-EV,KEEP
GSE216561,LC-35-plasma,KEEP
GSE216561,LC-36-EV,KEEP
GSE216561,LC-37-EV,KEEP
GSE216561,LC-37-plasma,KEEP
GSE216561,NC-34-EV,KEEP
GSE216561,NC-34-plasma,KEEP
GSE216561,NC-36-plasma,KEEP
GSE216561,NC-38-EV,KEEP
GSE216610,DMSO_Rep1,KEEP
GSE216610,DMSO_Rep2,KEEP
GSE216610,DMSO_Rep3,KEEP
GSE216610,NVP2-20_Rep1,KEEP
GSE216610,NVP2-20_Rep2,KEEP
GSE216610,NVP2-20_Rep3,KEEP
GSE216610,Nutlin_NVP2_Rep1,KEEP
GSE216610,Nutlin_NVP2_Rep2,KEEP
GSE216610,Nutlin_NVP2_Rep3,KEEP
GSE216610,Nutlin_Rep1,KEEP
GSE216610,Nutlin_Rep2,KEEP
GSE216610,Nutlin_Rep3,KEEP
GSE217504,SKA03_10,KEEP
GSE217504,SKA03_16,KEEP
GSE217504,SKA03_20,KEEP
GSE217504,SKA03_24,KEEP
GSE217504,SKA03_27,KEEP
GSE217504,SKA03_3,KEEP
GSE217504,SKA03_8,KEEP
GSE217504,SKA03_9,KEEP
GSE218236,RNAseq_FC19EE25_P_rep1.fastq.gz,KEEP
GSE218236,RNAseq_FC19EE26_WT_rep1.fastq.gz,KEEP
GSE218236,RNAseq_FC19EE27_CS_rep1.fastq.gz,KEEP
GSE218236,RNAseq_FC19EE28_P_rep2.fastq.gz,KEEP
GSE218236,RNAseq_FC19EE29_WT_rep2.fastq.gz,KEEP
GSE218236,RNAseq_FC19EE30_CS_rep2.fastq.gz,KEEP
GSE218236,RNAseq_FC19EE31_P_rep3.fastq.gz,KEEP
GSE218236,RNAseq_FC19EE32_WT_rep3.fastq.gz,KEEP
GSE218236,RNAseq_FC19EE33_CS_rep3.fastq.gz,KEEP
GSE219181,A,KEEP
GSE219181,B,KEEP
GSE219181,C,KEEP
GSE219181,D,KEEP
GSE219181,E,KEEP
GSE219181,F,KEEP
GSE219194,SN2,KEEP
GSE219194,SN3,KEEP
GSE219194,Sh1,KEEP
GSE219194,Sh2,KEEP
GSE219194,Sh3,KEEP
GSE222521,LSD1KO_rep1,KEEP
GSE222521,LSD1KO_rep2,KEEP
GSE222521,LSD1KO_rep3,KEEP
GSE222521,WT_rep1,KEEP
GSE222521,WT_rep2,KEEP
GSE222521,WT_rep3,KEEP
GSE223118,KO_id,KEEP
GSE223118,KO_name,KEEP
GSE223118,cog,KEEP
GSE223118,cog_description,KEEP
GSE223118,go,KEEP
GSE223118,nr,KEEP
GSE223118,paths,KEEP
GSE223118,pfam,KEEP
GSE223118,swissprot,KEEP
GSE223119,C1,KEEP
GSE223119,C11,KEEP
GSE223119,C12,KEEP
GSE223119,C13,KEEP
GSE223119,C14,KEEP
GSE223119,C15,KEEP
GSE223119,C18,KEEP
GSE223119,C20,KEEP
GSE223119,C22,KEEP
GSE223119,C23,KEEP
GSE223119,C24,KEEP
GSE223119,C25,KEEP
GSE223119,C3,KEEP
GSE223119,C4,KEEP
GSE223119,C5,KEEP
GSE223119,C6,KEEP
GSE223119,C7,KEEP
GSE223119,C8,KEEP
GSE223119,C9,KEEP
GSE223119,KO_id,KEEP
GSE223119,KO_name,KEEP
GSE223119,P1,KEEP
GSE223119,P11,KEEP
GSE223119,P12,KEEP
GSE223119,P13,KEEP
GSE223119,P14,KEEP
GSE223119,P15,KEEP
GSE223119,P18,KEEP
GSE223119,P20,KEEP
GSE223119,P22,KEEP
GSE223119,P23,KEEP
GSE223119,P24,KEEP
GSE223119,P25,KEEP
GSE223119,P3,KEEP
GSE223119,P4,KEEP
GSE223119,P5,KEEP
GSE223119,P6,KEEP
GSE223119,P7,KEEP
GSE223119,P8,KEEP
GSE223119,P9,KEEP
GSE223119,cog,KEEP
GSE223119,cog_description,KEEP
GSE223119,go,KEEP
GSE223119,nr,KEEP
GSE223119,paths,KEEP
GSE223119,pfam,KEEP
GSE223119,swissprot,KEEP
GSE223605,MTO_CtrlC2_t0_n1_batch1,KEEP
GSE223605,MTO_CtrlC2_t0_n2,KEEP
GSE223605,MTO_CtrlC2_t0_n3,KEEP
GSE223605,MTO_DC_DM2_n1,KEEP
GSE223605,MTO_DC_DM2_n2,KEEP
GSE223605,MTO_DC_DM2_n3,KEEP
GSE223605,MTO_DC_DM4_n1_batch1,KEEP
GSE223605,MTO_DC_DM4_n2_batch1,KEEP
GSE223605,MTO_DC_DM4_n3_batch1,KEEP
GSE223605,MTO_DC_EM1_n1,KEEP
GSE223605,MTO_DC_EM1_n2,KEEP
GSE223605,MTO_DC_EM1_n3,KEEP
GSE223605,MTO_DC_EM4_n1,KEEP
GSE223605,MTO_DC_EM4_n2,KEEP
GSE223605,MTO_DC_EM4_n3,KEEP
GSE224034,FW_atb1,KEEP
GSE224034,FW_atb2,KEEP
GSE224034,FW_atb3,KEEP
GSE224034,FW_atb4,KEEP
GSE224034,FW_atb6,KEEP
GSE224034,FW_atb7,KEEP
GSE224034,FW_atb8,KEEP
GSE224034,FW_ctl1,KEEP
GSE224034,FW_ctl2,KEEP
GSE224034,FW_ctl3,KEEP
GSE224034,FW_ctl4,KEEP
GSE224034,FW_ctl6,KEEP
GSE224034,FW_ctl7,KEEP
GSE224034,FW_ctl8,KEEP
GSE224034,atb1,KEEP
GSE224034,atb2,KEEP
GSE224034,atb3,KEEP
GSE224034,atb4,KEEP
GSE224034,ctl1,KEEP
GSE224034,ctl2,KEEP
GSE224034,ctl3,KEEP
GSE224034,ctl4,KEEP
GSE224773,DDX6KO_shHMGA2_B3_rep2,KEEP
GSE224773,DDX6KO_shNC_B3_rep1,KEEP
GSE224773,DDX6KO_shNC_B3_rep2,KEEP
GSE224773,EDC4KO_B2_rep1,KEEP
GSE224773,EDC4KO_B2_rep2,KEEP
GSE224773,NC_cas9_B1_rep1,KEEP
GSE224773,NC_cas9_B1_rep2,KEEP
GSE224773,NC_cas9_B1_rep4,KEEP
GSE224773,NC_cas9_B2_rep1,KEEP
GSE224773,NC_cas9_B2_rep2,KEEP
GSE224869,sDLD-DAB2IP-A,KEEP
GSE224869,sDLD-DAB2IP-B,KEEP
GSE224869,sDLD-DAB2IP-C,KEEP
GSE224869,sDLD-LACZ-A,KEEP
GSE224869,sDLD-LACZ-B,KEEP
GSE224869,sDLD-LACZ-C,KEEP
GSE227206,id_11,KEEP
GSE227206,id_12,KEEP
GSE227206,id_13,KEEP
GSE227206,id_14,KEEP
GSE227206,id_15,KEEP
GSE227376,CFN03,KEEP
GSE227376,CFN04,KEEP
GSE227376,CFN09,KEEP
GSE227376,CFN11,KEEP
GSE227376,FN42,KEEP
GSE227376,FN45,KEEP
GSE227376,FN48,KEEP
GSE227376,FN50,KEEP
GSE227376,FN51,KEEP
GSE227376,FN52,KEEP
GSE227376,FN54,KEEP
GSE227376,FN56,KEEP
GSE227376,FN62,KEEP
GSE227376,FN65,KEEP
GSE227376,FN67,KEEP
GSE227376,FN68,KEEP
GSE227376,FN69,KEEP
GSE227376,FN71,KEEP
GSE227376,FN72,KEEP
GSE227376,FN74,KEEP
GSE227376,FN77,KEEP
GSE227376,FN82,KEEP
GSE227376,FP42,KEEP
GSE227376,FP45,KEEP
GSE227376,FP48,KEEP
GSE227376,FP50,KEEP
GSE227376,FP51,KEEP
GSE227376,FP52,KEEP
GSE227376,FP54,KEEP
GSE227376,FP56,KEEP
GSE227376,FP57,KEEP
GSE227376,FP58,KEEP
GSE227376,FP65,KEEP
GSE227376,FP67,KEEP
GSE227376,FP68,KEEP
GSE227376,FP69,KEEP
GSE227376,FP71,KEEP
GSE227376,FP72,KEEP
GSE227376,FP74,KEEP
GSE227376,FP77,KEEP
GSE227376,FP82,KEEP
GSE227376,UC92,KEEP
GSE227871,DLD_0XA_2_S57018,KEEP
GSE227871,DLD_1_S57011,KEEP
GSE227871,DLD_42_S57007,KEEP
GSE227871,DLD_53_S57022,KEEP
GSE227871,DLD_OXA_1_S57003,KEEP
GSE227871,DLD_OXA_3_S57014,KEEP
GSE227871,HCT_1_S57010,KEEP
GSE227871,HCT_2_S57006,KEEP
GSE227871,HCT_3_S57023,KEEP
GSE227871,HCT_OXA_2_S57019,KEEP
GSE227871,HCT_OXA_3_S57015,KEEP
GSE227871,HCT_OXA_41_S57002,KEEP
GSE227871,LOVO_1_S57009,KEEP
GSE227871,LOVO_3_S57020,KEEP
GSE227871,LOVO_42_S57005,KEEP
GSE227871,LOVO_OXA_2_S57016,KEEP
GSE227871,LOVO_OXA_3_S57012,KEEP
GSE227871,LOVO_OXA_41_S57001,KEEP
GSE227871,SW_2_S57004,KEEP
GSE227871,SW_3_S57021,KEEP
GSE227871,SW_41_S57008,KEEP
GSE227871,SW_OXA_2_S57017,KEEP
GSE227871,SW_OXA_3_S57013,KEEP
GSE227871,SW_OXA_41_S57000,KEEP
GSE227871,location,KEEP
GSE227910,Parent.VDnega.AHnega_P.VDnega.AHnega.1,KEEP
GSE227910,Parent.VDnega.AHnega_P.VDnega.AHnega.3,KEEP
GSE227910,Parent.VDnega.AHposi_P.VDnega.AHposi.1,KEEP
GSE227910,Parent.VDnega.AHposi_P.VDnega.AHposi.2,KEEP
GSE227910,Parent.VDnega.AHposi_P.VDnega.AHposi.3,KEEP
GSE227910,Parent.VDposi.AHnega_P.VDposi.AHnega.1,KEEP
GSE227910,Parent.VDposi.AHnega_P.VDposi.AHnega.2,KEEP
GSE227910,Parent.VDposi.AHnega_P.VDposi.AHnega.3,KEEP
GSE227910,Parent.VDposi.AHposi_P.VDposi.AHposi.1,KEEP
GSE227910,Parent.VDposi.AHposi_P.VDposi.AHposi.2,KEEP
GSE227910,Parent.VDposi.AHposi_P.VDposi.AHposi.3,KEEP
GSE227910,TranscriptID,KEEP
GSE227910,V.KO.VDnega.AHnega_VDR.KO.VDnega.AHnega.1,KEEP
GSE227910,V.KO.VDnega.AHnega_VDR.KO.VDnega.AHnega.2,KEEP
GSE227910,V.KO.VDnega.AHnega_VDR.KO.VDnega.AHnega.3,KEEP
GSE227910,V.KO.VDnega.AHposi_VDR.KO.VDnega.AHposi.1,KEEP
GSE227910,V.KO.VDnega.AHposi_VDR.KO.VDnega.AHposi.2,KEEP
GSE227910,V.KO.VDnega.AHposi_VDR.KO.VDnega.AHposi.3,KEEP
GSE227910,V.KO.VDposi.AHnega_VDR.KO.VDposi.AHnega.1,KEEP
GSE227910,V.KO.VDposi.AHnega_VDR.KO.VDposi.AHnega.2,KEEP
GSE227910,V.KO.VDposi.AHnega_VDR.KO.VDposi.AHnega.3,KEEP
GSE227910,V.KO.VDposi.AHposi_VDR.KO.VDposi.AHposi.1,KEEP
GSE227910,V.KO.VDposi.AHposi_VDR.KO.VDposi.AHposi.2,KEEP
GSE227910,V.KO.VDposi.AHposi_VDR.KO.VDposi.AHposi.3,KEEP
GSE227910,VDnega_VDnega1,KEEP
GSE227910,VDnega_VDnega2,KEEP
GSE227910,VDnega_VDnega3,KEEP
GSE227910,VDposi_VDposi1,KEEP
GSE227910,VDposi_VDposi2,KEEP
GSE227910,VDposi_VDposi3,KEEP
GSE228012,X10pre-FPKM,KEEP
GSE228012,X11pre-FPKM,KEEP
GSE228012,X1pre-FPKM,KEEP
GSE228012,X2476N-FPKM,KEEP
GSE228012,X2476T-FPKM,KEEP
GSE228012,X2525N-FPKM,KEEP
GSE228012,X2525T-FPKM,KEEP
GSE228012,X2536N-FPKM,KEEP
GSE228012,X2536T-FPKM,KEEP
GSE228012,X2637N-FPKM,KEEP
GSE228012,X2637T-FPKM,KEEP
GSE228012,X2712N-FPKM,KEEP
GSE228012,X2712T-FPKM,KEEP
GSE228012,X2740N-FPKM,KEEP
GSE228012,X2740T-FPKM,KEEP
GSE228012,X2798N-FPKM,KEEP
GSE228012,X2798T-FPKM,KEEP
GSE228012,X2800N-FPKM,KEEP
GSE228012,X2800T-FPKM,KEEP
GSE228012,X2pre-FPKM,KEEP
GSE228012,X3376N-FPKM,KEEP
GSE228012,X3376T-FPKM,KEEP
GSE228012,X3N-FPKM,KEEP
GSE228012,X3T-FPKM,KEEP
GSE228012,X3pre-FPKM,KEEP
GSE228012,X4pre-FPKM,KEEP
GSE228012,X5pre-FPKM,KEEP
GSE228012,X6pre-FPKM,KEEP
GSE228012,X7N-FPKM,KEEP
GSE228012,X7T-FPKM,KEEP
GSE228012,X7pre-FPKM,KEEP
GSE228012,X8pre-FPKM,KEEP
GSE228012,X9pre-FPKM,KEEP
GSE228012,c,KEEP
GSE230524,IBD02,KEEP
GSE230524,IBD03,KEEP
GSE230524,IBD09,KEEP
GSE230524,IBD10,KEEP
GSE230524,IBD100,KEEP
GSE230524,IBD101,KEEP
GSE230524,IBD102,KEEP
GSE230524,IBD103,KEEP
GSE230524,IBD104,KEEP
GSE230524,IBD105,KEEP
GSE230524,IBD106,KEEP
GSE230524,IBD107,KEEP
GSE230524,IBD108,KEEP
GSE230524,IBD109,KEEP
GSE230524,IBD11,KEEP
GSE230524,IBD110,KEEP
GSE230524,IBD112,KEEP
GSE230524,IBD113,KEEP
GSE230524,IBD114,KEEP
GSE230524,IBD115,KEEP
GSE230524,IBD116,KEEP
GSE230524,IBD117,KEEP
GSE230524,IBD118,KEEP
GSE230524,IBD119,KEEP
GSE230524,IBD12,KEEP
GSE230524,IBD120,KEEP
GSE230524,IBD121,KEEP
GSE230524,IBD122,KEEP
GSE230524,IBD123,KEEP
GSE230524,IBD124,KEEP
GSE230524,IBD125,KEEP
GSE230524,IBD127,KEEP
GSE230524,IBD128,KEEP
GSE230524,IBD129,KEEP
GSE230524,IBD13,KEEP
GSE230524,IBD130,KEEP
GSE230524,IBD131,KEEP
GSE230524,IBD132,KEEP
GSE230524,IBD133,KEEP
GSE230524,IBD134,KEEP
GSE230524,IBD135,KEEP
GSE230524,IBD136,KEEP
GSE230524,IBD137,KEEP
GSE230524,IBD138,KEEP
GSE230524,IBD139,KEEP
GSE230524,IBD14,KEEP
GSE230524,IBD140,KEEP
GSE230524,IBD141,KEEP
GSE230524,IBD142,KEEP
GSE230524,IBD143,KEEP
GSE230524,IBD144,KEEP
GSE230524,IBD145,KEEP
GSE230524,IBD147,KEEP
GSE230524,IBD148,KEEP
GSE230524,IBD149,KEEP
GSE230524,IBD15,KEEP
GSE230524,IBD150,KEEP
GSE230524,IBD152,KEEP
GSE230524,IBD153,KEEP
GSE230524,IBD154,KEEP
GSE230524,IBD155,KEEP
GSE230524,IBD156,KEEP
GSE230524,IBD157,KEEP
GSE230524,IBD16,KEEP
GSE230524,IBD17,KEEP
GSE230524,IBD19,KEEP
GSE230524,IBD20,KEEP
GSE230524,IBD21,KEEP
GSE230524,IBD22,KEEP
GSE230524,IBD23,KEEP
GSE230524,IBD27,KEEP
GSE230524,IBD28,KEEP
GSE230524,IBD29,KEEP
GSE230524,IBD30,KEEP
GSE230524,IBD31,KEEP
GSE230524,IBD34,KEEP
GSE230524,IBD35,KEEP
GSE230524,IBD36,KEEP
GSE230524,IBD37,KEEP
GSE230524,IBD38,KEEP
GSE230524,IBD43,KEEP
GSE230524,IBD44,KEEP
GSE230524,IBD45,KEEP
GSE230524,IBD47,KEEP
GSE230524,IBD48,KEEP
GSE230524,IBD50,KEEP
GSE230524,IBD51,KEEP
GSE230524,IBD52,KEEP
GSE230524,IBD53,KEEP
GSE230524,IBD54,KEEP
GSE230524,IBD55,KEEP
GSE230524,IBD56,KEEP
GSE230524,IBD57,KEEP
GSE230524,IBD58,KEEP
GSE230524,IBD60,KEEP
GSE230524,IBD61,KEEP
GSE230524,IBD62,KEEP
GSE230524,IBD63,KEEP
GSE230524,IBD65,KEEP
GSE230524,IBD66,KEEP
GSE230524,IBD67,KEEP
GSE230524,IBD69,KEEP
GSE230524,IBD71,KEEP
GSE230524,IBD72,KEEP
GSE230524,IBD73,KEEP
GSE230524,IBD74,KEEP
GSE230524,IBD75,KEEP
GSE230524,IBD77,KEEP
GSE230524,IBD78,KEEP
GSE230524,IBD79,KEEP
GSE230524,IBD81,KEEP
GSE230524,IBD92,KEEP
GSE230524,IBD94,KEEP
GSE230524,IBD95,KEEP
GSE230524,IBD98,KEEP
GSE230524,NC02,KEEP
GSE230524,NC03,KEEP
GSE230524,NC04,KEEP
GSE230524,NC05,KEEP
GSE230524,NC10,KEEP
GSE230524,NC11,KEEP
GSE230524,NC12,KEEP
GSE230524,NC13,KEEP
GSE230524,NC14,KEEP
GSE230524,NC18,KEEP
GSE230524,NC20,KEEP
GSE230524,NC21,KEEP
GSE230524,NC22,KEEP
GSE230524,NC24,KEEP
GSE230524,NC25,KEEP
GSE230524,NC27,KEEP
GSE230524,NC28,KEEP
GSE230524,NC29,KEEP
GSE230524,NC31,KEEP
GSE230524,NC32,KEEP
GSE230524,NC34,KEEP
GSE230524,NC35,KEEP
GSE230524,NC37,KEEP
GSE230524,NC41,KEEP
GSE230524,NC42,KEEP
GSE230524,NC43,KEEP
GSE230524,NC44,KEEP
GSE230524,NC46,KEEP
GSE230524,NC49,KEEP
GSE230524,NC51,KEEP
GSE230524,NC52,KEEP
GSE230524,NC53,KEEP
GSE230524,NC54,KEEP
GSE230524,NC55,KEEP
GSE230524,NC65,KEEP
GSE230524,NC68,KEEP
GSE230524,NC69,KEEP
GSE230524,NC70,KEEP
GSE230524,NC71,KEEP
GSE230524,NC72,KEEP
GSE230524,NC73,KEEP
GSE230524,NC74,KEEP
GSE230524,NC75,KEEP
GSE230524,NC77,KEEP
GSE230524,NC78,KEEP
GSE230524,NC79,KEEP
GSE230524,NC80,KEEP
GSE230524,NC81,KEEP
GSE230524,NC82,KEEP
GSE230524,NC84,KEEP
GSE230524,NC85,KEEP
GSE230524,NC86,KEEP
GSE230524,NC87,KEEP
GSE230524,NC88,KEEP
GSE230524,NC89,KEEP
GSE230524,NC90,KEEP
GSE230524,PSC01,KEEP
GSE230524,PSC03,KEEP
GSE230524,PSC06,KEEP
GSE230524,PSC07,KEEP
GSE230524,PSC08,KEEP
GSE230524,PSC09,KEEP
GSE230524,PSC11,KEEP
GSE230524,PSC14,KEEP
GSE230524,PSC23,KEEP
GSE230524,PSC25,KEEP
GSE230524,PSC26,KEEP
GSE230524,PSC27,KEEP
GSE230524,PSC28,KEEP
GSE230524,PSC30,KEEP
GSE230524,PSC31,KEEP
GSE230524,PSC32,KEEP
GSE230524,PSC34,KEEP
GSE230524,PSC35,KEEP
GSE230524,PSC39,KEEP
GSE230524,PSC41,KEEP
GSE230524,PSC42,KEEP
GSE230524,PSC47,KEEP
GSE230524,PSC49,KEEP
GSE230524,PSC50,KEEP
GSE230524,PSC51,KEEP
GSE230524,PSC52,KEEP
GSE230524,PSC57,KEEP
GSE230524,PSC58,KEEP
GSE230524,PSC59,KEEP
GSE230524,PSC60,KEEP
GSE230524,PSC62,KEEP
GSE230524,PSC64,KEEP
GSE230524,PSC65,KEEP
GSE230524,PSC66,KEEP
GSE230524,PSC70,KEEP
GSE230524,PSC74,KEEP
GSE230524,PSC75,KEEP
GSE230524,PSC76,KEEP
GSE230524,PSC77,KEEP
GSE230524,PSC78,KEEP
GSE230524,PSC79,KEEP
GSE230524,PSC81,KEEP
GSE230524,PSC82,KEEP
GSE230524,PSC83,KEEP
GSE230524,PSC84,KEEP
GSE230524,PSC86,KEEP
GSE230524,PSC87,KEEP
GSE230524,PSC88,KEEP
GSE230524,PSC89,KEEP
GSE230524,PSC90,KEEP
GSE230524,PSC91,KEEP
GSE230524,PSC92,KEEP
GSE230524,PSC94,KEEP
GSE230524,PSC95,KEEP
GSE231560,/mnt/data/Projects/Tong_TPM1/Tong_Bulk_RNAseq_TPM1/STAR/10_1.9.bam_markDup.bam,KEEP
GSE231560,/mnt/data/Projects/Tong_TPM1/Tong_Bulk_RNAseq_TPM1/STAR/11_Par.bam_markDup.bam,KEEP
GSE231560,/mnt/data/Projects/Tong_TPM1/Tong_Bulk_RNAseq_TPM1/STAR/13_1.6.bam_markDup.bam,KEEP
GSE231560,/mnt/data/Projects/Tong_TPM1/Tong_Bulk_RNAseq_TPM1/STAR/15_1.7.bam_markDup.bam,KEEP
GSE231560,/mnt/data/Projects/Tong_TPM1/Tong_Bulk_RNAseq_TPM1/STAR/17_1.8.bam_markDup.bam,KEEP
GSE231560,/mnt/data/Projects/Tong_TPM1/Tong_Bulk_RNAseq_TPM1/STAR/19_1.9.bam_markDup.bam,KEEP
GSE231560,/mnt/data/Projects/Tong_TPM1/Tong_Bulk_RNAseq_TPM1/STAR/1_Par.bam_markDup.bam,KEEP
GSE231560,/mnt/data/Projects/Tong_TPM1/Tong_Bulk_RNAseq_TPM1/STAR/2_Par.bam_markDup.bam,KEEP
GSE231560,/mnt/data/Projects/Tong_TPM1/Tong_Bulk_RNAseq_TPM1/STAR/3_1.6.bam_markDup.bam,KEEP
GSE231560,/mnt/data/Projects/Tong_TPM1/Tong_Bulk_RNAseq_TPM1/STAR/4_1.6.bam_markDup.bam,KEEP
GSE231560,/mnt/data/Projects/Tong_TPM1/Tong_Bulk_RNAseq_TPM1/STAR/5_1.7.bam_markDup.bam,KEEP
GSE231560,/mnt/data/Projects/Tong_TPM1/Tong_Bulk_RNAseq_TPM1/STAR/6_1.7.bam_markDup.bam,KEEP
GSE231560,/mnt/data/Projects/Tong_TPM1/Tong_Bulk_RNAseq_TPM1/STAR/7_1.8.bam_markDup.bam,KEEP
GSE231560,/mnt/data/Projects/Tong_TPM1/Tong_Bulk_RNAseq_TPM1/STAR/8_1.8.bam_markDup.bam,KEEP
GSE231560,/mnt/data/Projects/Tong_TPM1/Tong_Bulk_RNAseq_TPM1/STAR/9_1.9.bam_markDup.bam,KEEP
GSE232110,R01A,KEEP
GSE232110,R01N,KEEP
GSE232110,R02A,KEEP
GSE232110,R02N,KEEP
GSE232110,R03A,KEEP
GSE232110,R03N,KEEP
GSE232110,R04A,KEEP
GSE232110,R04N,KEEP
GSE232110,R05A,KEEP
GSE232110,R05N,KEEP
GSE232110,R06A,KEEP
GSE232110,R06N,KEEP
GSE232110,R07A,KEEP
GSE232110,R07N,KEEP
GSE232110,R08A,KEEP
GSE232110,R08N,KEEP
GSE232193,RKO-NC-1,KEEP
GSE232193,RKO-NC-2,KEEP
GSE232193,RKO-OE-1,KEEP
GSE232193,RKO-OE-2,KEEP
GSE232193,SW480-NC-1,KEEP
GSE232193,SW480-NC-2,KEEP
GSE232193,SW480-Sh-37-1,KEEP
GSE232193,SW480-Sh-37-2,KEEP
GSE232193,gene_Dbxref,KEEP
GSE232944,CTNNB1_Rep1,KEEP
GSE232944,CTNNB1_Rep2,KEEP
GSE232944,CTNNB1_Rep3,KEEP
GSE232944,GFP_Rep1,KEEP
GSE232944,GFP_Rep2,KEEP
GSE232944,GFP_Rep3,KEEP
GSE232944,shAPC_Rep1,KEEP
GSE232944,shAPC_Rep2,KEEP
GSE232944,shAPC_Rep3,KEEP
GSE232944,shNT1_Rep1,KEEP
GSE232944,shNT1_Rep2,KEEP
GSE235919,17BM-2774,KEEP
GSE235919,17BM-2775,KEEP
GSE235919,17BM-2934,KEEP
GSE235919,18BM-2157,KEEP
GSE235919,18BM-2160,KEEP
GSE235919,18BM-280,KEEP
GSE235919,18BM-866,KEEP
GSE235919,19BM-177,KEEP
GSE235919,19BM-3624,KEEP
GSE235919,19BM-3625,KEEP
GSE235919,19BM-3626,KEEP
GSE235919,19BM-3628,KEEP
GSE235919,19BM-3629,KEEP
GSE235919,19BM-3630,KEEP
GSE235919,19BM-3634,KEEP
GSE235919,19BM-3635,KEEP
GSE235919,19BM-3636,KEEP
GSE235919,19BM-3637,KEEP
GSE235919,19BM-3672,KEEP
GSE235919,19BM-3682,KEEP
GSE235919,19BM-3684,KEEP
GSE235919,19BM-3685,KEEP
GSE235919,19BM-3686,KEEP
GSE235919,19BM-3689,KEEP
GSE235919,19BM-3690,KEEP
GSE235919,19BM-3692,KEEP
GSE235919,19BM-3693,KEEP
GSE235919,19BM-3694,KEEP
GSE235919,19BM-3695,KEEP
GSE235919,19BM-3764,KEEP
GSE235919,19BM-63,KEEP
GSE235919,21BM-1252,KEEP
GSE235919,21BM-1273,KEEP
GSE236688,P2A7_3,KEEP
GSE236690,cl01_2,KEEP
GSE236690,cl01_3,KEEP
GSE236690,cl02_1,KEEP
GSE236690,cl02_2,KEEP
GSE236690,cl02_3,KEEP
GSE236690,cl03_1,KEEP
GSE236690,cl05_1,KEEP
GSE236690,cl05_2,KEEP
GSE236690,cl05_3,KEEP
GSE236690,cl06_1,KEEP
GSE236690,cl06_2,KEEP
GSE236690,cl06_3,KEEP
GSE236690,cl07_1,KEEP
GSE236690,cl07_3,KEEP
GSE236690,cl12_2,KEEP
GSE236690,cl13_1,KEEP
GSE236690,cl13_3,KEEP
GSE236690,cl15_1,KEEP
GSE236690,cl15_2,KEEP
GSE236690,cl15_3,KEEP
GSE236690,cl20_1,KEEP
GSE236690,cl20_2,KEEP
GSE236690,cl20_3,KEEP
GSE236690,cl24_1,KEEP
GSE236690,cl24_2,KEEP
GSE236690,cl24_3,KEEP
GSE236690,cl26_2,KEEP
GSE236690,cl27_1,KEEP
GSE236690,cl27_2,KEEP
GSE236690,cl28_2,KEEP
GSE236690,cl29_1,KEEP
GSE236690,cl29_2,KEEP
GSE236691,new_P3E3_1,REMOVE
GSE236691,new_P3E3_2,REMOVE
GSE236691,new_P3E3_3,REMOVE
GSE236692,CTR_R1,KEEP
GSE236692,CTR_R2,KEEP
GSE236692,CTR_R3,KEEP
GSE236692,SH_R1,KEEP
GSE236692,SH_R2,KEEP
GSE236692,SH_R3,KEEP
GSE236764,HCT116_A,KEEP
GSE236764,HCT116_S,KEEP
GSE236764,lovo_A,KEEP
GSE236764,lovo_S,KEEP
GSE236896,Combo_D3_rep1,KEEP
GSE236896,Combo_D3_rep2,KEEP
GSE236896,Combo_D3_rep3,KEEP
GSE236896,Combo_D6_rep1,KEEP
GSE236896,Combo_D6_rep2,KEEP
GSE236896,Combo_D6_rep3,KEEP
GSE236896,CsA_Combo_D3_rep1,KEEP
GSE236896,CsA_Combo_D3_rep2,KEEP
GSE236896,CsA_Combo_D3_rep3,KEEP
GSE236896,CsA_D3_rep1,KEEP
GSE236896,CsA_D3_rep2,KEEP
GSE236896,CsA_D3_rep3,KEEP
GSE236896,DAC30_D3_rep1,KEEP
GSE236896,DAC30_D3_rep2,KEEP
GSE236896,DAC30_D3_rep3,KEEP
GSE236896,DAC30_D6_rep1,KEEP
GSE236896,DAC30_D6_rep2,KEEP
GSE236896,DAC30_D6_rep3,KEEP
GSE236896,TAZ_D3_rep1,KEEP
GSE236896,TAZ_D3_rep2,KEEP
GSE236896,TAZ_D3_rep3,KEEP
GSE236896,TAZ_D6_rep1,KEEP
GSE236896,TAZ_D6_rep2,KEEP
GSE236896,TAZ_D6_rep3,KEEP
GSE236896,Veh_D3_B1_rep1,KEEP
GSE236896,Veh_D3_B1_rep2,KEEP
GSE236896,Veh_D3_B1_rep3,KEEP
GSE236896,Veh_D3_B2_rep1,KEEP
GSE236896,Veh_D3_B2_rep2,KEEP
GSE236896,Veh_D3_B2_rep3,KEEP
GSE236896,Veh_D6_rep1,KEEP
GSE236896,Veh_D6_rep2,KEEP
GSE236896,Veh_D6_rep3,KEEP
GSE239681,JC73-RK100_DMSO,KEEP
GSE239681,JC73-RK100_RK-582_30_nM,KEEP
GSE239681,JC73-RK100_RK-582_3_µM,KEEP
GSE239681,JC73_DMSO,KEEP
GSE239681,JC73_RK-582_30_nM,KEEP
GSE239681,JC73_RK-582_3_µM,KEEP
GSE240744,DO,KEEP
GSE240744,EC,KEEP
GSE240744,FPKM.Ctrl_2D_1,KEEP
GSE240744,FPKM.Ctrl_2D_2,KEEP
GSE240744,FPKM.Ctrl_2D_3,KEEP
GSE240744,FPKM.Ctrl_3D_1,KEEP
GSE240744,FPKM.Ctrl_3D_2,KEEP
GSE240744,FPKM.Ctrl_3D_3,KEEP
GSE240744,FPKM.ECAD_KO_2D_1,KEEP
GSE240744,FPKM.ECAD_KO_2D_2,KEEP
GSE240744,FPKM.ECAD_KO_2D_3,KEEP
GSE240744,FPKM.ECAD_KO_3D_1,KEEP
GSE240744,FPKM.ECAD_KO_3D_2,KEEP
GSE240744,FPKM.ECAD_KO_3D_3,KEEP
GSE240744,GO,KEEP
GSE240744,KEGG,KEEP
GSE240744,KO_ENTRY,KEEP
GSE240744,Reactome,KEEP
GSE240744,count.Ctrl_2D_1,KEEP
GSE240744,count.Ctrl_2D_2,KEEP
GSE240744,count.Ctrl_2D_3,KEEP
GSE240744,count.Ctrl_3D_1,KEEP
GSE240744,count.Ctrl_3D_2,KEEP
GSE240744,count.Ctrl_3D_3,KEEP
GSE240744,count.ECAD_KO_2D_1,KEEP
GSE240744,count.ECAD_KO_2D_2,KEEP
GSE240744,count.ECAD_KO_2D_3,KEEP
GSE240744,count.ECAD_KO_3D_1,KEEP
GSE240744,count.ECAD_KO_3D_2,KEEP
GSE240744,count.ECAD_KO_3D_3,KEEP
GSE240744,transcript_id,KEEP
GSE241076,con_1,KEEP
GSE241076,con_2,KEEP
GSE241076,con_3,KEEP
GSE241076,fa_1,KEEP
GSE241076,fa_2,KEEP
GSE241076,fa_3,KEEP
GSE241656,Ctrl_1,KEEP
GSE241656,Ctrl_2,KEEP
GSE241656,Ctrl_3,KEEP
GSE241656,FnEV_1,KEEP
GSE241656,FnEV_2,KEEP
GSE241656,FnEV_3,KEEP
GSE242786,sample71,KEEP
GSE243955,D_I_1,KEEP
GSE243955,D_I_2,KEEP
GSE243955,D_I_3,KEEP
GSE243955,E40_I_2,KEEP
GSE243955,E40_I_3,KEEP
GSE244968,C2957N,KEEP
GSE244968,C2957T,KEEP
GSE244968,C2978N,KEEP
GSE244968,C2978T,KEEP
GSE244968,C2984N,KEEP
GSE244968,C2984T,KEEP
GSE245351,CtL-10C_L001,KEEP
GSE245351,CtL-1LM_L001,KEEP
GSE245351,CtL-7C_L001,KEEP
GSE245351,CtL_10LM_L001,KEEP
GSE245351,CtL_12C_L001,KEEP
GSE245351,CtL_12LM_L001,KEEP
GSE245351,CtL_1C_L001,KEEP
GSE245351,CtL_20C_L001,KEEP
GSE245351,CtL_20LM_L001,KEEP
GSE245351,CtL_4C_L001,KEEP
GSE245351,CtL_4LM_L001,KEEP
GSE245351,CtL_5C_L001,KEEP
GSE245351,CtL_5LM_L001,KEEP
GSE245351,CtL_6C_L001,KEEP
GSE245351,CtL_6LM_L001,KEEP
GSE245351,CtL_7LM_L001,KEEP
GSE245351,CtL_8C_L001,KEEP
GSE245351,CtL_8LM_L001,KEEP
GSE245475,sh_FH50_seq1.sorted.bam,KEEP
GSE245475,sh_FH50_seq2.sorted.bam,KEEP
GSE245475,sh_FH50_seq3.sorted.bam,KEEP
GSE245475,sh_control_seq1.sorted.bam,KEEP
GSE245475,sh_control_seq2.sorted.bam,KEEP
GSE245475,sh_control_seq3.sorted.bam,KEEP
GSE245680,Dmso2,KEEP
GSE245680,Dmso3,KEEP
GSE245680,Dmso4,KEEP
GSE245680,Pzh1,KEEP
GSE245680,Pzh2,KEEP
GSE245680,Pzh3,KEEP
GSE245680,Pzh4,KEEP
GSE245860,HCT116_siNC_rep1,KEEP
GSE245860,HCT116_siNC_rep2,KEEP
GSE245860,HCT116_siY2_rep1,KEEP
GSE245860,HCT116_siY2_rep2,KEEP
GSE245860,HCT116_siY3_rep1,KEEP
GSE245860,HCT116_siY3_rep2,KEEP
GSE245860,SW480_siNC_rep1,KEEP
GSE245860,SW480_siNC_rep2,KEEP
GSE245860,SW480_siY2_rep1,KEEP
GSE245860,SW480_siY2_rep2,KEEP
GSE245860,SW480_siY3_rep1,KEEP
GSE245860,SW480_siY3_rep2,KEEP
GSE246781,control1Aligned.sortedByCoord.out.bam,KEEP
GSE246781,control2Aligned.sortedByCoord.out.bam,KEEP
GSE246896,VAN6259-22,KEEP
GSE246896,VAN6259-23,KEEP
GSE246896,VAN6259-24,KEEP
GSE246896,VAN6259-25,KEEP
GSE246896,VAN6259-26,KEEP
GSE246896,VAN6259-27,KEEP
GSE246896,VAN6259-28,KEEP
GSE246896,VAN6259-29,KEEP
GSE246896,VAN6259-30,KEEP
GSE246896,VAN6259-31,KEEP
GSE246896,VAN6259-32,KEEP
GSE247535,OE_PJA2_1,KEEP
GSE247535,OE_PJA2_2,KEEP
GSE247535,OE_PJA2_3,KEEP
GSE247535,vec_PJA2_1,KEEP
GSE247535,vec_PJA2_2,KEEP
GSE247535,vec_PJA2_3,KEEP
GSE247742,JG27,KEEP
GSE247742,JG33,KEEP
GSE248373,110,KEEP
GSE248373,12:+:82358497-82479236,KEEP
GSE248373,71,KEEP
GSE248373,77,KEEP
GSE248373,80,KEEP
GSE248373,84,KEEP
GSE248373,84190,KEEP
GSE248373,86,KEEP
GSE248373,89,KEEP
GSE248373,97,KEEP
GSE248373,METTL25,KEEP
GSE248373,Q8N6Q8,KEEP
GSE248373,methyltransferase_like_25_[Source:HGNC_Symbol;Acc:HGNC:26228],KEEP
GSE249009,2-1-25_8h_I30_3_23_22_S7,KEEP
GSE250091,HCT8-CON-1,KEEP
GSE250091,HCT8-CON-2,KEEP
GSE250091,HCT8-CON-3,KEEP
GSE250091,HCT8-OV-1,KEEP
GSE250091,HCT8-OV-2,KEEP
GSE250091,HCT8-OV-3,KEEP
GSE251845,24C_htseq.out,KEEP
GSE251845,24N_htseq.out,KEEP
GSE251845,27C_htseq.out,KEEP
GSE251845,27N_htseq.out,KEEP
GSE251845,29C_htseq.out,KEEP
GSE251845,29N_htseq.out,KEEP
GSE251845,30C_htseq.out,KEEP
GSE251845,30N_htseq.out,KEEP
GSE251845,31C_htseq.out,KEEP
GSE251845,31N_htseq.out,KEEP
GSE251845,32C_htseq.out,KEEP
GSE251845,32N_htseq.out,KEEP
GSE251845,33C_htseq.out,KEEP
GSE251845,33N_htseq.out,KEEP
GSE251845,34C_htseq.out,KEEP
GSE251845,34N_htseq.out,KEEP
GSE251845,35N_htseq.out,KEEP
GSE251845,35c_htseq.out,KEEP
GSE251845,36C_htseq.out,KEEP
GSE251845,36N_htseq.out,KEEP
GSE251845,37C_htseq.out,KEEP
GSE251845,37N_htseq.out,KEEP
GSE251845,38C_htseq.out,KEEP
GSE251845,38N_htseq.out,KEEP
GSE251845,39C_htseq.out,KEEP
GSE251845,39N_htseq.out,KEEP
GSE251845,41C_htseq.out,KEEP
GSE251845,41N_htseq.out,KEEP
GSE251845,42C_htseq.out,KEEP
GSE251845,42N_htseq.out,KEEP
GSE251845,43C_htseq.out,KEEP
GSE251845,43N_htseq.out,KEEP
GSE251845,46C_htseq.out,KEEP
GSE251845,46N_htseq.out,KEEP
GSE251845,47C_htseq.out,KEEP
GSE251845,47N_htseq.out,KEEP
GSE251845,49C_htseq.out,KEEP
GSE251845,49N_htseq.out,KEEP
GSE251845,50C_htseq.out,KEEP
GSE251845,50N_htseq.out,KEEP
GSE251845,51C_htseq.out,KEEP
GSE251845,51N_htseq.out,KEEP
GSE251845,53C_htseq.out,KEEP
GSE251845,53N_htseq.out,KEEP
GSE251958,Sample_1,KEEP
GSE251958,Sample_11,KEEP
GSE251958,Sample_12,KEEP
GSE251958,Sample_13,KEEP
GSE251958,Sample_14,KEEP
GSE251958,Sample_19,KEEP
GSE251958,Sample_20,KEEP
GSE251958,Sample_21,KEEP
GSE251958,Sample_3,KEEP
GSE251958,Sample_4,KEEP
GSE251958,Sample_5,KEEP
GSE251958,Sample_6,KEEP
GSE252529,A549_DMSO_Rep1,KEEP
GSE252529,A549_DMSO_Rep2,KEEP
GSE252529,A549_DMSO_Rep3,KEEP
GSE252529,A549_Triptolide_Rep1,KEEP
GSE252529,A549_Triptolide_Rep2,KEEP
GSE252529,HT29_Cyclosporine_Rep1,KEEP
GSE252529,HT29_Cyclosporine_Rep2,KEEP
GSE252529,HT29_DMSO_Rep1,KEEP
GSE252529,HT29_DMSO_Rep2,KEEP
GSE252529,HT29_DMSO_Rep3,KEEP
GSE252529,HepG2_DMSO_Rep1,KEEP
GSE252529,HepG2_DMSO_Rep2,KEEP
GSE252529,HepG2_DMSO_Rep3,KEEP
GSE252529,HepG2_Triptolide_Rep1,KEEP
GSE252529,HepG2_Triptolide_Rep2,KEEP
GSE253106,T1,KEEP
GSE253106,T10,KEEP
GSE253106,T11,KEEP
GSE253106,T12,KEEP
GSE253106,T13,KEEP
GSE253106,T14,KEEP
GSE253106,T15,KEEP
GSE253106,T16,KEEP
GSE253106,T17,KEEP
GSE253106,T18,KEEP
GSE253106,T19,KEEP
GSE253106,T2,KEEP
GSE253106,T20,KEEP
GSE253106,T21,KEEP
GSE253106,T22,KEEP
GSE253106,T24,KEEP
GSE253106,T25,KEEP
GSE253106,T26,KEEP
GSE253106,T3,KEEP
GSE253106,T38,KEEP
GSE253106,T39,KEEP
GSE253106,T4,KEEP
GSE253106,T40,KEEP
GSE253106,T41,KEEP
GSE253106,T42,KEEP
GSE253106,T43,KEEP
GSE253106,T44,KEEP
GSE253106,T45,KEEP
GSE253106,T46,KEEP
GSE253106,T47,KEEP
GSE253106,T49,KEEP
GSE253106,T5,KEEP
GSE253106,T50,KEEP
GSE253106,T6,KEEP
GSE253106,T7,KEEP
GSE253106,T8,KEEP
GSE253106,T9,KEEP
GSE253112,1,KEEP
GSE253112,10,KEEP
GSE253112,12,KEEP
GSE253112,13,KEEP
GSE253112,14,KEEP
GSE253112,15,KEEP
GSE253112,16,KEEP
GSE253112,17,KEEP
GSE253112,18,KEEP
GSE253112,20,KEEP
GSE253112,21,KEEP
GSE253112,22,KEEP
GSE253112,23,KEEP
GSE253112,24,KEEP
GSE253112,25,KEEP
GSE253112,26,KEEP
GSE253112,27,KEEP
GSE253112,28,KEEP
GSE253112,29,KEEP
GSE253112,5,KEEP
GSE253112,6,KEEP
GSE253112,7,KEEP
GSE253112,8,KEEP
GSE253112,9,KEEP
GSE253699,FSTL3_1,KEEP
GSE253699,FSTL3_2,KEEP
GSE253699,FSTL3_3,KEEP
GSE253699,HCT_NC_1,KEEP
GSE253699,HCT_NC_2,KEEP
GSE253699,HCT_NC_3,KEEP
GSE253804,A694T-1,KEEP
GSE253804,A694T-2,KEEP
GSE253804,A694T-3,KEEP
GSE253804,EV-1,KEEP
GSE253804,EV-2,KEEP
GSE253804,EV-3,KEEP
GSE253804,KDM6A-1,KEEP
GSE253804,KDM6A-2,KEEP
GSE253804,KDM6A-3,KEEP
GSE254242,DNMTi_HDACi_1,KEEP
GSE254242,DNMTi_HDACi_2,KEEP
GSE254242,DNMTi_HDACi_3,KEEP
GSE254242,HDACi_1,KEEP
GSE254242,HDACi_2,KEEP
GSE254249,CRC15-T,KEEP
GSE254249,CRC16-T,KEEP
GSE254249,CRC20-T,KEEP
GSE254249,CRC21-T,KEEP
GSE254249,CRC22-T,KEEP
GSE254249,CRC24,KEEP
GSE254249,CRC24-T,KEEP
GSE254249,CRC25,KEEP
GSE254249,CRC25-T,KEEP
GSE254249,CRC26-T,KEEP
GSE254279,case_S52_L001_quant,KEEP
GSE254461,CR519754,KEEP
GSE254461,CR550890,KEEP
GSE254461,CR559097,KEEP
GSE254461,CR559325,KEEP
GSE254461,CR559504,KEEP
GSE254461,CR559707,KEEP
GSE254461,CR559730,KEEP
GSE254461,CR559736,KEEP
GSE254461,CR560126,KEEP
GSE254461,CR560136,KEEP
GSE254461,CR560138,KEEP
GSE254461,CR560140,KEEP
GSE254461,CR560146,KEEP
GSE254461,CR560240,KEEP
GSE254461,CR560258,KEEP
GSE254461,CR560329,KEEP
GSE254461,CR560488,KEEP
GSE254461,CR560507,KEEP
GSE254461,CR560540,KEEP
GSE254461,CR560590,KEEP
GSE254461,CR560593,KEEP
GSE254461,CR560682,KEEP
GSE254461,CR560829,KEEP
GSE254461,CR560906,KEEP
GSE254461,CR560907,KEEP
GSE254461,CR560964,KEEP
GSE254461,CR560965,KEEP
GSE254461,CR561045,KEEP
GSE254461,CR561046,KEEP
GSE254461,CR561147,KEEP
GSE254461,CR561151,KEEP
GSE254461,CR561162,KEEP
GSE254461,CR561272,KEEP
GSE254461,CR561397,KEEP
GSE254461,CR561794,KEEP
GSE254461,CR561805,KEEP
GSE254461,CR561891,KEEP
GSE254461,CR561915,KEEP
GSE254461,CR562290,KEEP
GSE254461,CR562323,KEEP
GSE254461,CR562454,KEEP
GSE254461,CR562511,KEEP
GSE254461,CR562606,KEEP
GSE254461,CR562611,KEEP
GSE254461,CR562704,KEEP
GSE254461,CR562706,KEEP
GSE254461,CR562759,KEEP
GSE254461,CR562787,KEEP
GSE254461,CR562862,KEEP
GSE254461,CR563018,KEEP
GSE254461,FF_Br_T1,KEEP
GSE254461,FF_Br_T2,KEEP
GSE254461,FF_Br_T3,KEEP
GSE254461,FF_Ut_N1,KEEP
GSE254461,FF_Ut_T1,KEEP
GSE254461,FF_Ut_T2,KEEP
GSE254651,43-O-1,KEEP
GSE254651,43-O-1_FPKM,KEEP
GSE254651,43-O-2,KEEP
GSE254651,43-O-2_FPKM,KEEP
GSE254651,43-O-3,KEEP
GSE254651,43-O-3_FPKM,KEEP
GSE254651,GO_BP,KEEP
GSE254651,GO_CC,KEEP
GSE254651,GO_MF,KEEP
GSE254651,KO,KEEP
GSE254651,Pathway,KEEP
GSE254651,Random-1,KEEP
GSE254651,Random-1_FPKM,KEEP
GSE254651,Random-2,KEEP
GSE254651,Random-2_FPKM,KEEP
GSE254651,Random-3,KEEP
GSE254651,Random-3_FPKM,KEEP
GSE254833,Ensembl_ID,KEEP
GSE254833,LS174T_Control_1,KEEP
GSE254833,LS174T_Control_2,KEEP
GSE254833,LS174T_KRAS_1,KEEP
GSE254833,LS174T_KRAS_2,KEEP
GSE254833,baseMean,KEEP
GSE254833,lfcSE,KEEP
GSE254877,NS.1402.003.NEBNext_dual_i7_179---NEBNext_dual_i5_179.3007_R1.bam,KEEP
GSE254877,NS.1402.003.NEBNext_dual_i7_180---NEBNext_dual_i5_180.3016_R1.bam,KEEP
GSE254877,NS.1402.003.NEBNext_dual_i7_181---NEBNext_dual_i5_181.3019_R1.bam,KEEP
GSE254877,NS.1402.003.NEBNext_dual_i7_182---NEBNext_dual_i5_182.3021_R1.bam,KEEP
GSE254877,NS.1402.003.NEBNext_dual_i7_183---NEBNext_dual_i5_183.3027_R1.bam,KEEP
GSE254877,NS.1402.003.NEBNext_dual_i7_184---NEBNext_dual_i5_184.3031_R1.bam,KEEP
GSE254877,NS.1402.003.NEBNext_dual_i7_185---NEBNext_dual_i5_185.3034_R1.bam,KEEP
GSE254877,NS.1402.003.NEBNext_dual_i7_186---NEBNext_dual_i5_186.3037-1_R1.bam,KEEP
GSE254877,NS.1402.003.NEBNext_dual_i7_187---NEBNext_dual_i5_187.3053_R1.bam,KEEP
GSE254877,NS.1402.003.NEBNext_dual_i7_188---NEBNext_dual_i5_188.3055_R1.bam,KEEP
GSE254877,NS.1402.003.NEBNext_dual_i7_189---NEBNext_dual_i5_189.3061_R1.bam,KEEP
GSE254877,NS.1402.003.NEBNext_dual_i7_190---NEBNext_dual_i5_190.3070-2_R1.bam,KEEP
GSE254877,NS.1402.003.NEBNext_dual_i7_191---NEBNext_dual_i5_191.4026_R1.bam,KEEP
GSE254877,NS.1402.003.NEBNext_dual_i7_192---NEBNext_dual_i5_192.4070-2_R1.bam,KEEP
GSE254877,NS.1402.003.NEBNext_dual_i7_197---NEBNext_dual_i5_245.5100_R1.bam,KEEP
GSE254877,NS.1402.003.NEBNext_dual_i7_198---NEBNext_dual_i5_246.5101_R1.bam,KEEP
GSE254877,NS.1402.003.NEBNext_dual_i7_199---NEBNext_dual_i5_247.5128_R1.bam,KEEP
GSE254877,NS.1402.003.NEBNext_dual_i7_200---NEBNext_dual_i5_248.5134_R1.bam,KEEP
GSE254877,NS.1402.003.NEBNext_dual_i7_201---NEBNext_dual_i5_249.5135_R1.bam,KEEP
GSE254877,NS.1402.003.NEBNext_dual_i7_202---NEBNext_dual_i5_250.5137_R1.bam,KEEP
GSE254877,NS.1402.003.NEBNext_dual_i7_203---NEBNext_dual_i5_251.5159_R1.bam,KEEP
GSE254877,NS.1402.003.NEBNext_dual_i7_204---NEBNext_dual_i5_252.5162_R1.bam,KEEP
GSE254877,NS.1402.003.NEBNext_dual_i7_205---NEBNext_dual_i5_253.5210_R1.bam,KEEP
GSE254877,NS.1402.003.NEBNext_dual_i7_206---NEBNext_dual_i5_254.5211_R1.bam,KEEP
GSE254877,NS.1402.003.NEBNext_dual_i7_207---NEBNext_dual_i5_255.5223_R1.bam,KEEP
GSE254877,NS.1402.003.NEBNext_dual_i7_208---NEBNext_dual_i5_256.6003_R1.bam,KEEP
GSE254877,NS.1402.003.NEBNext_dual_i7_209---NEBNext_dual_i5_257.6142_R1.bam,KEEP
GSE254877,NS.1402.003.NEBNext_dual_i7_210---NEBNext_dual_i5_258.6143_R1.bam,KEEP
GSE254877,NS.1402.003.NEBNext_dual_i7_211---NEBNext_dual_i5_259.6144_R1.bam,KEEP
GSE254877,NS.1402.003.NEBNext_dual_i7_212---NEBNext_dual_i5_260.6156_R1.bam,KEEP
GSE254877,NS.1402.003.NEBNext_dual_i7_213---NEBNext_dual_i5_261.6159_R1.bam,KEEP
GSE254877,NS.1402.003.NEBNext_dual_i7_214---NEBNext_dual_i5_262.6164_R1.bam,KEEP
GSE254877,NS.1402.003.NEBNext_dual_i7_215---NEBNext_dual_i5_263.6170_R1.bam,KEEP
GSE254877,NS.1402.003.NEBNext_dual_i7_216---NEBNext_dual_i5_264.6175_R1.bam,KEEP
GSE254877,NS.1402.003.NEBNext_dual_i7_217---NEBNext_dual_i5_265.6181_R1.bam,KEEP
GSE254877,NS.1402.003.NEBNext_dual_i7_218---NEBNext_dual_i5_266.6185_R1.bam,KEEP
GSE254877,NS.1402.003.NEBNext_dual_i7_219---NEBNext_dual_i5_267.6189_R1.bam,KEEP
GSE254877,NS.1402.003.NEBNext_dual_i7_285---NEBNext_dual_i5_237.4093_R1.bam,KEEP
GSE254877,NS.1402.003.NEBNext_dual_i7_286---NEBNext_dual_i5_238.4095_R1.bam,KEEP
GSE254877,NS.1402.003.NEBNext_dual_i7_287---NEBNext_dual_i5_239.4219_R1.bam,KEEP
GSE254877,NS.1402.003.NEBNext_dual_i7_288---NEBNext_dual_i5_240.4260_R1.bam,KEEP
GSE254877,NS.1402.003.NEBNext_dual_i7_289---NEBNext_dual_i5_241.4264_R1.bam,KEEP
GSE254877,NS.1402.003.NEBNext_dual_i7_290---NEBNext_dual_i5_242.5010_R1.bam,KEEP
GSE254877,NS.1402.003.NEBNext_dual_i7_291---NEBNext_dual_i5_243.5055-1_R1.bam,KEEP
GSE254877,NS.1402.003.NEBNext_dual_i7_292---NEBNext_dual_i5_244.5069_R1.bam,KEEP
GSE254877,NS.1402.004.NEBNext_dual_i7_220---NEBNext_dual_i5_268.6196_R1.bam,KEEP
GSE254877,NS.1402.004.NEBNext_dual_i7_221---NEBNext_dual_i5_269.6199_R1.bam,KEEP
GSE254877,NS.1402.004.NEBNext_dual_i7_222---NEBNext_dual_i5_270.6213_R1.bam,KEEP
GSE254877,NS.1402.004.NEBNext_dual_i7_223---NEBNext_dual_i5_271.6215_R1.bam,KEEP
GSE254877,NS.1402.004.NEBNext_dual_i7_224---NEBNext_dual_i5_272.7037_R1.bam,KEEP
GSE254877,NS.1402.004.NEBNext_dual_i7_225---NEBNext_dual_i5_273.7050_R1.bam,KEEP
GSE254877,NS.1402.004.NEBNext_dual_i7_226---NEBNext_dual_i5_274.7056_R1.bam,KEEP
GSE254877,NS.1402.004.NEBNext_dual_i7_227---NEBNext_dual_i5_275.7077_R1.bam,KEEP
GSE254877,NS.1402.004.NEBNext_dual_i7_228---NEBNext_dual_i5_276.7100_R1.bam,KEEP
GSE254877,NS.1402.004.NEBNext_dual_i7_229---NEBNext_dual_i5_277.7131_R1.bam,KEEP
GSE254877,NS.1402.004.NEBNext_dual_i7_230---NEBNext_dual_i5_278.7147_R1.bam,KEEP
GSE254877,NS.1402.004.NEBNext_dual_i7_231---NEBNext_dual_i5_279.7156_R1.bam,KEEP
GSE254877,NS.1402.004.NEBNext_dual_i7_232---NEBNext_dual_i5_280.7180_R1.bam,KEEP
GSE254877,NS.1402.004.NEBNext_dual_i7_233---NEBNext_dual_i5_281.7181_R1.bam,KEEP
GSE254877,NS.1402.004.NEBNext_dual_i7_234---NEBNext_dual_i5_282.7183_R1.bam,KEEP
GSE254877,NS.1402.004.NEBNext_dual_i7_235---NEBNext_dual_i5_283.7227_R1.bam,KEEP
GSE254877,NS.1402.004.NEBNext_dual_i7_236---NEBNext_dual_i5_284.7238_R1.bam,KEEP
GSE254877,NS.1402.004.NEBNext_dual_i7_237---NEBNext_dual_i5_285.7245_R1.bam,KEEP
GSE254877,NS.1402.004.NEBNext_dual_i7_238---NEBNext_dual_i5_286.7254_R1.bam,KEEP
GSE254877,NS.1402.004.NEBNext_dual_i7_239---NEBNext_dual_i5_287.7257_R1.bam,KEEP
GSE254877,NS.1402.004.NEBNext_dual_i7_240---NEBNext_dual_i5_288.7308_R1.bam,KEEP
GSE254877,NS.1402.004.NEBNext_dual_i7_241---NEBNext_dual_i5_289.7338_R1.bam,KEEP
GSE254877,NS.1402.004.NEBNext_dual_i7_242---NEBNext_dual_i5_290.7343_R1.bam,KEEP
GSE254877,NS.1402.004.NEBNext_dual_i7_243---NEBNext_dual_i5_291.7353_R1.bam,KEEP
GSE254877,NS.1402.004.NEBNext_dual_i7_244---NEBNext_dual_i5_292.7359_R1.bam,KEEP
GSE254877,NS.1402.004.NEBNext_dual_i7_245---NEBNext_dual_i5_197.7362_R1.bam,KEEP
GSE254877,NS.1402.004.NEBNext_dual_i7_246---NEBNext_dual_i5_198.7364_R1.bam,KEEP
GSE254877,NS.1402.004.NEBNext_dual_i7_247---NEBNext_dual_i5_199.7411_R1.bam,KEEP
GSE254877,NS.1402.004.NEBNext_dual_i7_248---NEBNext_dual_i5_200.7455_R1.bam,KEEP
GSE254877,NS.1402.004.NEBNext_dual_i7_249---NEBNext_dual_i5_201.7486_R1.bam,KEEP
GSE254877,NS.1402.004.NEBNext_dual_i7_250---NEBNext_dual_i5_202.7495_R1.bam,KEEP
GSE254877,NS.1402.004.NEBNext_dual_i7_251---NEBNext_dual_i5_203.Bio1_R1.bam,KEEP
GSE254877,NS.1402.004.NEBNext_dual_i7_B11---NEBNext_dual_i5_B11.5129_R1.bam,KEEP
GSE254877,NS.1402.004.NEBNext_dual_i7_C11---NEBNext_dual_i5_C11.6147_R1.bam,KEEP
GSE254877,NS.1402.004.NEBNext_dual_i7_D11---NEBNext_dual_i5_D11.7117_R1.bam,KEEP
GSE254877,NS.1402.004.NEBNext_dual_i7_E11---NEBNext_dual_i5_E11.7288_R1.bam,KEEP
GSE254877,NS.1402.004.NEBNext_dual_i7_G11---NEBNext_dual_i5_G11.1014_R1.bam,KEEP
GSE255105,BeWo_SCR-c1,KEEP
GSE255105,BeWo_SCR-c2,KEEP
GSE255105,BeWo_SCR-c3,KEEP
GSE255105,BeWo_hSTELLA-KO-c1,KEEP
GSE255105,BeWo_hSTELLA-KO-c2,KEEP
GSE255105,BeWo_hSTELLA-KO-c3,KEEP
GSE255105,HCT116_EV_rep1,KEEP
GSE255105,HCT116_EV_rep2,KEEP
GSE255105,HCT116_LNP-Day10_rep1,KEEP
GSE255105,HCT116_LNP-Day10_rep2,KEEP
GSE255105,HCT116_LNP-Day2_rep1,KEEP
GSE255105,HCT116_LNP-Day2_rep2,KEEP
GSE255105,HCT116_LNP-Day6_rep1,KEEP
GSE255105,HCT116_LNP-Day6_rep2,KEEP
GSE255105,HCT116_LNP-mSTELLA-Day10_rep1,KEEP
GSE255105,HCT116_LNP-mSTELLA-Day10_rep2,KEEP
GSE255105,HCT116_LNP-mSTELLA-Day2_rep1,KEEP
GSE255105,HCT116_LNP-mSTELLA-Day2_rep2,KEEP
GSE255105,HCT116_LNP-mSTELLA-Day6_rep1,KEEP
GSE255105,HCT116_LNP-mSTELLA-Day6_rep2,KEEP
GSE255105,HCT116_LNP-mSTELLA-Swap1-Day10_rep1,KEEP
GSE255105,HCT116_LNP-mSTELLA-Swap1-Day10_rep2,KEEP
GSE255105,HCT116_LNP-mSTELLA-Swap1-Day2_rep1,KEEP
GSE255105,HCT116_LNP-mSTELLA-Swap1-Day2_rep2,KEEP
GSE255105,HCT116_LNP-mSTELLA-Swap1-Day6_rep1,KEEP
GSE255105,HCT116_LNP-mSTELLA-Swap1-Day6_rep2,KEEP
GSE255105,HCT116_UHRF1_def_EV_rep1,KEEP
GSE255105,HCT116_UHRF1_def_EV_rep2,KEEP
GSE255105,HCT116_UHRF1_def_hSTELLA_rep1,KEEP
GSE255105,HCT116_UHRF1_def_hSTELLA_rep2,KEEP
GSE255105,HCT116_UHRF1_def_mSTELLA-Swap1_rep1,KEEP
GSE255105,HCT116_UHRF1_def_mSTELLA-Swap1_rep2,KEEP
GSE255105,HCT116_UHRF1_def_mSTELLA-Swap2_rep1,KEEP
GSE255105,HCT116_UHRF1_def_mSTELLA-Swap2_rep2,KEEP
GSE255105,HCT116_UHRF1_def_mSTELLA_rep1,KEEP
GSE255105,HCT116_UHRF1_def_mSTELLA_rep2,KEEP
GSE255105,HCT116_hSTELLA-OE_rep1,KEEP
GSE255105,HCT116_hSTELLA-OE_rep2,KEEP
GSE255105,HCT116_mSTELLA-OE_rep1,KEEP
GSE255105,HCT116_mSTELLA-OE_rep2,KEEP
GSE255105,NCCIT_SCR-c1,KEEP
GSE255105,NCCIT_SCR-c2,KEEP
GSE255105,NCCIT_hSTELLA-KO-c1,KEEP
GSE255105,NCCIT_hSTELLA-KO-c2,KEEP
GSE255105,NCCIT_hSTELLA-KO-c3,KEEP
GSE255105,RKO_mSTELLA-OE_rep1,KEEP
GSE255105,RKO_mSTELLA-OE_rep2,KEEP
GSE255163,Pt01LM,KEEP
GSE255163,Pt01PT,KEEP
GSE255163,Pt02LM,KEEP
GSE255163,Pt02PT,KEEP
GSE255163,Pt05LM1,KEEP
GSE255163,Pt05LM2,KEEP
GSE255163,Pt05PT,KEEP
GSE255163,Pt06LM1,KEEP
GSE255163,Pt06LM2,KEEP
GSE255163,Pt06PT,KEEP
GSE255163,Pt07LM,KEEP
GSE255163,Pt07PT,KEEP
GSE255163,Pt08LM,KEEP
GSE255163,Pt08PT1,KEEP
GSE255163,Pt08PT2,KEEP
GSE255163,Pt10LM,KEEP
GSE255163,Pt10PT,KEEP
GSE255163,Pt11LM,KEEP
GSE255163,Pt11PT,KEEP
GSE255163,Pt13PT,KEEP
GSE255163,Pt15LM,KEEP
GSE255163,Pt15PT,KEEP
GSE255163,Pt16LM,KEEP
GSE255163,Pt17LM,KEEP
GSE255163,Pt17PT,KEEP
GSE255163,Pt18PT,KEEP
GSE255163,Pt19LM,KEEP
GSE255163,Pt19PT,KEEP
GSE255163,Pt20LM,KEEP
GSE255163,Pt20PT,KEEP
GSE255745,8MGBA_Biol_rep_2,KEEP
GSE255745,8MGBA_Biol_rep_3,KEEP
GSE255745,8MGBA_s-SETMAR_Biol_rep_1,KEEP
GSE255745,8MGBA_s-SETMAR_Biol_rep_2,KEEP
GSE255745,8MGBA_s-SETMAR_Biol_rep_3,KEEP
GSE255745,c,KEEP
GSE255745,c.1,KEEP
GSE255745,c.2,KEEP
GSE255745,c.3,KEEP
GSE255773,COLO201_cRNA,KEEP
GSE255773,COLO201_exRNA,KEEP
GSE255773,HCT116_cRNA,KEEP
GSE255773,HCT116_exRNA,KEEP
GSE255773,HT29_cRNA,KEEP
GSE255773,HT29_exRNA,KEEP
GSE255773,LOVO_cRNA,KEEP
GSE255773,LOVO_exRNA,KEEP
GSE255773,LS1034_cRNA,KEEP
GSE255773,LS1034_exRNA,KEEP
GSE255773,LS123_cRNA,KEEP
GSE255773,LS123_exRNA,KEEP
GSE255773,LS513_cRNA,KEEP
GSE255773,LS513_exRNA,KEEP
GSE255773,SNUC1_cRNA,KEEP
GSE255773,SNUC1_exRNA,KEEP
GSE255773,SW480_cRNA,KEEP
GSE255773,SW480_exRNA,KEEP
GSE255773,WiDr_cRNA,KEEP
GSE255773,WiDr_exRNA,KEEP
GSE256268,T1,KEEP
GSE256268,T10,KEEP
GSE256268,T11,KEEP
GSE256268,T12,KEEP
GSE256268,T13,KEEP
GSE256268,T14,KEEP
GSE256268,T15,KEEP
GSE256268,T16,KEEP
GSE256268,T17,KEEP
GSE256268,T18,KEEP
GSE256268,T19,KEEP
GSE256268,T2,KEEP
GSE256268,T20,KEEP
GSE256268,T21,KEEP
GSE256268,T22,KEEP
GSE256268,T23,KEEP
GSE256268,T24,KEEP
GSE256268,T25,KEEP
GSE256268,T26,KEEP
GSE256268,T27,KEEP
GSE256268,T28,KEEP
GSE256268,T29,KEEP
GSE256268,T3,KEEP
GSE256268,T30,KEEP
GSE256268,T31,KEEP
GSE256268,T32,KEEP
GSE256268,T33,KEEP
GSE256268,T34,KEEP
GSE256268,T35,KEEP
GSE256268,T36,KEEP
GSE256268,T37,KEEP
GSE256268,T38,KEEP
GSE256268,T39,KEEP
GSE256268,T4,KEEP
GSE256268,T40,KEEP
GSE256268,T41,KEEP
GSE256268,T42,KEEP
GSE256268,T5,KEEP
GSE256268,T6,KEEP
GSE256268,T7,KEEP
GSE256268,T8,KEEP
GSE256268,T9,KEEP
GSE259422,P12-1,KEEP
GSE259422,P26-1,KEEP
GSE259422,P27-1,KEEP
GSE259422,P29-1,KEEP
GSE259422,P3-1,KEEP
GSE259422,P38-1,KEEP
GSE259422,P42-1,KEEP
GSE259422,P43-2,KEEP
GSE259422,P45-1,KEEP
GSE259422,P45-4,KEEP
GSE259422,P5-1,KEEP
GSE259422,P58-1,KEEP
GSE259422,P62-4,KEEP
GSE259422,P63-1,KEEP
GSE259422,P64-1,KEEP
GSE259422,P64-2,KEEP
GSE259422,P65-4,KEEP
GSE259422,P67-3,KEEP
GSE259422,P73-3,KEEP
GSE259422,P74-1,KEEP
GSE259422,P74-2,KEEP
GSE259422,P74-3,KEEP
GSE259422,P75-2,KEEP
GSE260560,N1,KEEP
GSE260560,N10,KEEP
GSE260560,N11,KEEP
GSE260560,N12,KEEP
GSE260560,N13,KEEP
GSE260560,N15,KEEP
GSE260560,N17,KEEP
GSE260560,N18,KEEP
GSE260560,N19,KEEP
GSE260560,N20,KEEP
GSE260560,N21,KEEP
GSE260560,N22,KEEP
GSE260560,N24,KEEP
GSE260560,N26,KEEP
GSE260560,N3,KEEP
GSE260560,N31,KEEP
GSE260560,N35,KEEP
GSE260560,N36,KEEP
GSE260560,N37,KEEP
GSE260560,N4,KEEP
GSE260560,N40,KEEP
GSE260560,N41,KEEP
GSE260560,N43,KEEP
GSE260560,N45,KEEP
GSE260560,N47,KEEP
GSE260560,N48,KEEP
GSE260560,N5,KEEP
GSE260560,N50,KEEP
GSE260560,N53,KEEP
GSE260560,N54,KEEP
GSE260560,N57,KEEP
GSE260560,N58,KEEP
GSE260560,N59,KEEP
GSE260560,N6,KEEP
GSE260560,N60,KEEP
GSE260560,N61,KEEP
GSE260560,N62,KEEP
GSE260560,N64,KEEP
GSE260560,N65,KEEP
GSE260560,N66,KEEP
GSE260560,N67,KEEP
GSE260560,N69,KEEP
GSE260560,N70,KEEP
GSE260560,N8,KEEP
GSE261294,C_AC_02,KEEP
GSE261294,C_AC_03,KEEP
GSE261294,C_AL_01,KEEP
GSE261294,C_AL_02,KEEP
GSE261294,C_AL_03,KEEP
GSE261294,C_CT_01,KEEP
GSE261294,C_CT_02,KEEP
GSE261294,C_CT_03,KEEP
GSE261294,C_CX_01,KEEP
GSE261294,C_CX_02,KEEP
GSE261294,C_CX_03,KEEP
GSE262144,11_C32,KEEP
GSE262144,1_UT1,KEEP
GSE262144,2_UT2,KEEP
GSE264565,(R)-23a_100nM_rep1,KEEP
GSE264565,(R)-23a_100nM_rep2,KEEP
GSE264565,(R)-23a_200nM_rep1,KEEP
GSE264565,COMBO_100nM_rep1,KEEP
GSE264565,COMBO_100nM_rep2,KEEP
GSE264565,DMSO_rep1,KEEP
GSE264565,DMSO_rep2,KEEP
GSE264565,GSK032_100nM_rep1,KEEP
GSE264565,GSK032_100nM_rep2,KEEP
GSE264565,SAHA_100nM_rep1,KEEP
GSE264565,SAHA_100nM_rep2,KEEP
GSE265906,Bcat_COMBO_1,KEEP
GSE265906,Bcat_COMBO_2,KEEP
GSE265906,Bcat_COMBO_3,KEEP
GSE265906,Bcat_DMSO_1,KEEP
GSE265906,Bcat_DMSO_3,KEEP
GSE265906,Bcat_EPZ_1,KEEP
GSE265906,Bcat_EPZ_2,KEEP
GSE265906,Bcat_EPZ_3,KEEP
GSE265906,Bcat_TRAM_1,KEEP
GSE265906,Bcat_TRAM_3,KEEP
GSE265906,EV_COMBO_1,KEEP
GSE265906,EV_COMBO_2,KEEP
GSE265906,EV_COMBO_3,KEEP
GSE265906,EV_EPZ_1,KEEP
GSE265906,EV_EPZ_2,KEEP
GSE265906,EV_EPZ_3,KEEP
GSE265906,EV_TRAM_1,KEEP
GSE265906,EV_TRAM_2,KEEP
GSE265906,EV_TRAM_3,KEEP
GSE265950,M1.Donor.A,KEEP
GSE265950,M1.Donor.B,KEEP
GSE265950,M1.Donor.C,KEEP
GSE265950,M2.Donor.A,KEEP
GSE265950,M2.Donor.B,KEEP
GSE265950,M2.Donor.C,KEEP
GSE265950,M2.plus2DG.Donor.A,KEEP
GSE265950,M2.plus2DG.Donor.B,KEEP
GSE265950,M2.plus2DG.Donor.C,KEEP
GSE265950,M2.plusTunicamycin.Donor.A,KEEP
GSE265950,M2.plusTunicamycin.Donor.B,KEEP
GSE265950,M2.plusTunicamycin.Donor.C,KEEP
GSE267317,H_AH1,KEEP
GSE267317,H_AH2,KEEP
GSE267911,RKO-DMSO-rep-1,KEEP
GSE267911,RKO-DMSO-rep-2,KEEP
GSE267911,RKO-DMSO-rep-3,KEEP
GSE267911,RKO-Ola-rep-1,KEEP
GSE267911,RKO-Ola-rep-2,KEEP
GSE267911,RKO-Ola-rep-3,KEEP
GSE268122,Sample1,KEEP
GSE268122,Sample2,KEEP
GSE268122,Sample3,KEEP
GSE268199,shCTR_r2,KEEP
GSE268199,shCTR_r3,KEEP
GSE268199,shDNMT1_r1,KEEP
GSE268199,shDNMT1_r2,KEEP
GSE268199,shDNMT1_r3,KEEP
GSE268199,shDNMT3B_r1,KEEP
GSE268199,shDNMT3B_r2,KEEP
GSE268199,shDNMT3B_r3,KEEP
GSE268527,AC073488.4,KEEP
GSE268603,HIO1913b_2B_S32.counts.out,KEEP
GSE268603,HIO1913b_2C_S33.counts.out,KEEP
GSE268603,IEC21_3_4A_S57.counts.out,KEEP
GSE268603,IEC21_3_4B_S58.counts.out,KEEP
GSE268603,IEC21_3_4C_S59.counts.out,KEEP
GSE268603,cc1_1b_S17.counts.out,KEEP
GSE268603,cc1_1c_S18.counts.out,KEEP
GSE269369,TPM_LoVo-L-Alp1,KEEP
GSE269369,TPM_LoVo-L-Alp2,KEEP
GSE269369,TPM_LoVo-L-Alp3,KEEP
GSE269369,TPM_LoVo-P1,KEEP
GSE269369,TPM_LoVo-P2,KEEP
GSE269369,TPM_LoVo-P3,KEEP
GSE270613,8823-GL-1,KEEP
GSE270613,8823-GL-2,KEEP
GSE270613,8823-GL-3,KEEP
GSE270613,8823-GL-4,KEEP
GSE270765,20231016R-HCT26-1T-GSK0-PY0-3_S1,KEEP
GSE270765,20231016R-HCT26-1T-GSK0-PY0-4_S2,KEEP
GSE270765,20231016R-HCT26-1T-GSK0-PY10-3_S3,KEEP
GSE270765,20231016R-HCT26-1T-GSK0-PY10-4_S4,KEEP
GSE270765,20231016R-HCT26-1T-GSK10-PY0-3_S5,KEEP
GSE270765,20231016R-HCT26-1T-GSK10-PY0-4_S6,KEEP
GSE270765,20231016R-HCT26-1T-GSK10-PY10-3_S7,KEEP
GSE270765,20231016R-HCT26-1T-GSK10-PY10-4_S8,KEEP
GSE273106,HD478-C,KEEP
GSE273106,HD478-LDL,KEEP
GSE273106,HD490-C,KEEP
GSE273106,HD490-LDL,KEEP
GSE273106,HD496-C,KEEP
GSE273457,116ASO1,KEEP
GSE273457,116ASO2,KEEP
GSE273457,116ASO3,KEEP
GSE273457,116NC1,KEEP
GSE273457,116NC2,KEEP
GSE273457,116NC3,KEEP
GSE273457,anno_end,KEEP
GSE273457,anno_start,KEEP
GSE275387,HEK293T_control_rep1,KEEP
GSE275387,HEK293T_control_rep2,KEEP
GSE275387,HEK293T_control_rep3,KEEP
GSE275387,HEK293T_linear_pcDNA3.1_neo_rep1,KEEP
GSE275387,HEK293T_linear_pcDNA3.1_neo_rep2,KEEP
GSE275387,HEK293T_linear_pcDNA3.1_neo_rep3,KEEP
GSE275387,HEK293T_linear_pre_gRNA_rep1,KEEP
GSE275387,HEK293T_linear_pre_gRNA_rep2,KEEP
GSE275387,HEK293T_linear_pre_gRNA_rep3,KEEP
GSE275387,HEK293T_pcDNA3.1_neo_rep1,KEEP
GSE275387,HEK293T_pcDNA3.1_neo_rep2,KEEP
GSE275387,HEK293T_pcDNA3.1_neo_rep3,KEEP
GSE275387,HEK293T_pre_gRNA_rep1,KEEP
GSE275387,HEK293T_pre_gRNA_rep2,KEEP
GSE275387,HEK293T_pre_gRNA_rep3,KEEP
GSE275391,IL18-1,KEEP
GSE275391,IL18-2,KEEP
GSE275391,NK-1,KEEP
GSE275391,NK-2,KEEP
GSE275391,ecoli-1,KEEP
GSE275391,ecoli-2,KEEP
GSE275391,ecoli-IL18-1,KEEP
GSE275391,ecoli-IL18-2,KEEP
GSE275454,sgCtrl_1,KEEP
GSE275454,sgCtrl_2,KEEP
GSE275454,sgID3_1,KEEP
GSE275454,sgID3_2,KEEP
GSE276849,HCT_GFP1_S32,KEEP
GSE276849,HCT_GFP2_S33,KEEP
GSE276849,HCT_GFP3_S34,KEEP
GSE276849,HCT_SLC30A10_S36,KEEP
GSE276849,HCT_SLC30A3_S35,KEEP
GSE276849,HuTu_23_8_S29,KEEP
GSE276849,HuTu_GFP1_S37,KEEP
GSE276849,HuTu_GFP2_S38,KEEP
GSE276849,HuTu_GFP3_S39,KEEP
GSE276849,HuTu_SLC30A10_S41,KEEP
GSE276849,HuTu_SLC30A3_S40,KEEP
GSE276849,HuTu_SLC39A8_S42,KEEP
GSE276849,HuTu_WT1_S26,KEEP
GSE276849,HuTu_WT2_S27,KEEP
GSE276849,HuTu_WT3_S28,KEEP
GSE276849,R1-1_S1_ME_L001_R1_001,KEEP
GSE277467,AS_2,KEEP
GSE277467,CC_111,KEEP
GSE277467,CC_127,KEEP
GSE277467,CC_13,KEEP
GSE277467,CC_130,KEEP
GSE277467,CC_14,KEEP
GSE277467,CC_146,KEEP
GSE277467,CC_15,KEEP
GSE277467,CC_150,KEEP
GSE277467,CC_16,KEEP
GSE277467,CC_19,KEEP
GSE277467,CC_20_1,KEEP
GSE277467,CC_20_2,KEEP
GSE277467,CC_22,KEEP
GSE277467,CC_23,KEEP
GSE277467,CC_24,KEEP
GSE277467,CC_25,KEEP
GSE277467,CC_26,KEEP
GSE277467,CC_27,KEEP
GSE277467,CC_29,KEEP
GSE277467,CC_30,KEEP
GSE277467,CC_31,KEEP
GSE277467,CC_32,KEEP
GSE277467,CC_37,KEEP
GSE277467,CC_49,KEEP
GSE277467,CC_51,KEEP
GSE277467,CC_52,KEEP
GSE277467,CC_53,KEEP
GSE277467,CC_54,KEEP
GSE277467,CC_55,KEEP
GSE277467,CC_57,KEEP
GSE277467,CC_58,KEEP
GSE277467,CC_59,KEEP
GSE277467,CC_60,KEEP
GSE277467,CC_86,KEEP
GSE277467,CC_9,KEEP
GSE277467,CC_91,KEEP
GSE277467,CC_96,KEEP
GSE277467,GC_53,KEEP
GSE277467,KC_109,KEEP
GSE277467,LC_8,KEEP
GSE277467,LS_11,KEEP
GSE277467,LS_12,KEEP
GSE277467,La_15B,KEEP
GSE277467,La_17B,KEEP
GSE277467,La_18B,KEEP
GSE277467,La_19B,KEEP
GSE277467,La_1B,KEEP
GSE277467,La_20B,KEEP
GSE277467,La_21B,KEEP
GSE277467,La_23B,KEEP
GSE277467,La_24B,KEEP
GSE277467,La_25B,KEEP
GSE277467,La_26B,KEEP
GSE277467,La_28B,KEEP
GSE277467,La_2B,KEEP
GSE277467,La_30B,KEEP
GSE277467,La_3B,KEEP
GSE277467,La_5B,KEEP
GSE277467,La_6B,KEEP
GSE277467,La_7B,KEEP
GSE277467,La_8B,KEEP
GSE277467,La_9B,KEEP
GSE277467,LpS_6,KEEP
GSE277467,LuC_118,KEEP
GSE277467,Luc_119,KEEP
GSE277467,MT_5,KEEP
GSE277467,MsC_1,KEEP
GSE277467,NC.7,KEEP
GSE277467,NC_6,KEEP
GSE277467,OC_63,KEEP
GSE277467,OpC_5,KEEP
GSE277467,PrCD.12,KEEP
GSE277467,la_10B,KEEP
GSE277467,la_11B,KEEP
GSE277467,la_12B,KEEP
GSE277467,la_16B,KEEP
GSE277467,la_4B,KEEP
GSE277467,lа_27в,KEEP
GSE277467,РС_44,KEEP
GSE277467,СС_149,KEEP
GSE277467,ос_68,KEEP
GSE278405,H11-1A,KEEP
GSE278405,H11-4A,KEEP
GSE278405,H12-1A,KEEP
GSE278405,H12-4A,KEEP
GSE278405,H13-1A,KEEP
GSE278405,H13-4A,KEEP
GSE278405,H14-1A,KEEP
GSE278405,H14-4A,KEEP
GSE278405,H16-1A,KEEP
GSE278405,H16-4A,KEEP
GSE278405,H18-1A,KEEP
GSE278405,H18-4A,KEEP
GSE278405,H19-1A,KEEP
GSE278405,H19-4A,KEEP
GSE278405,H2-1A,KEEP
GSE278405,H2-4A,KEEP
GSE278405,H20-1A,KEEP
GSE278405,H20-4A,KEEP
GSE278405,H22-1A,KEEP
GSE278405,H22-4A,KEEP
GSE278405,H35-1A,KEEP
GSE278405,H35-4A,KEEP
GSE278405,H4-1A,KEEP
GSE278405,H4-4A,KEEP
GSE278405,H5-1A,KEEP
GSE278405,H5-4A,KEEP
GSE278405,H7-1A,KEEP
GSE278405,H7-4A,KEEP
GSE278405,H8-1A,KEEP
GSE278405,H8-4A,KEEP
GSE278405,H9-1A,KEEP
GSE278405,H9-4A,KEEP
GSE278411,E3CTR_1R,REMOVE
GSE278476,C1_10_Wk2,KEEP
GSE278476,C1_15_BL,KEEP
GSE278476,C1_16_BL,KEEP
GSE278476,C1_23_BL,KEEP
GSE278476,C1_23_Wk2,KEEP
GSE278476,C1_24_BL,KEEP
GSE278476,C1_24_Wk2,KEEP
GSE278476,C1_25_BL,KEEP
GSE278476,C1_27_BL,KEEP
GSE278476,C1_28_Wk2,KEEP
GSE278476,C1_30_BL,KEEP
GSE278476,C1_31_BL,KEEP
GSE278476,C1_32_BL,KEEP
GSE278476,C1_32_Wk2,KEEP
GSE278476,C1_38_Wk2,KEEP
GSE278476,C1_41_BL,KEEP
GSE278476,C1_42_BL,KEEP
GSE278476,C1_43_Wk2,KEEP
GSE278476,C1_44_BL,KEEP
GSE278476,C1_46_BL,KEEP
GSE278476,C1_6_BL,KEEP
GSE278476,C1_7_BL,KEEP
GSE278476,C1_7_Wk2,KEEP
GSE278476,C2_100_BL,KEEP
GSE278476,C2_107_BL,KEEP
GSE278476,C2_107_Wk2,KEEP
GSE278476,C2_108_BL,KEEP
GSE278476,C2_114_BL,KEEP
GSE278476,C2_115_BL,KEEP
GSE278476,C2_116_Wk2,KEEP
GSE278476,C2_121_BL,KEEP
GSE278476,C2_130_BL,KEEP
GSE278476,C2_135_BL,KEEP
GSE278476,C2_137_BL,KEEP
GSE278476,C2_139_BL,KEEP
GSE278476,C2_140_BL,KEEP
GSE278476,C2_148_BL,KEEP
GSE278476,C2_149_BL,KEEP
GSE278476,C2_150_BL,KEEP
GSE278476,C2_154_BL,KEEP
GSE278476,C2_164_BL,KEEP
GSE278476,C2_166_BL,KEEP
GSE278476,C2_173_BL,KEEP
GSE278476,C2_190_BL,KEEP
GSE278476,C2_196_BL,KEEP
GSE278476,C2_201_BL,KEEP
GSE278476,C2_210_BL,KEEP
GSE278476,C2_25_BL,KEEP
GSE278476,C2_28_BL,KEEP
GSE278476,C2_33_Wk2,KEEP
GSE278476,C2_36_BL,KEEP
GSE278476,C2_37_BL,KEEP
GSE278476,C2_59_BL,KEEP
GSE278476,C2_68_BL,KEEP
GSE278476,C2_83_BL,KEEP
GSE278476,C2_87_BL,KEEP
GSE278476,C2_93_BL,KEEP
GSE279572,CA_N_1,KEEP
GSE279572,CA_N_2,KEEP
GSE279572,CA_N_3,KEEP
GSE279572,PBS_H_1,KEEP
GSE279572,PBS_H_2,KEEP
GSE279572,PBS_H_3,KEEP
GSE279572,PBS_N_1,KEEP
GSE279572,PBS_N_2,KEEP
GSE279572,PBS_N_3,KEEP
GSE279979,N_1,KEEP
GSE279979,N_2,KEEP
GSE279979,T_1,KEEP
GSE279979,T_2,KEEP
GSE279979,UT_1,KEEP
GSE279979,UT_2,KEEP
GSE280367,Car-1_rep1,KEEP
GSE280367,Car-1_rep1I,KEEP
GSE280367,HT55_rep1I,KEEP
GSE280367,MDST8_rep1,KEEP
GSE280367,MDST8_rep1I,KEEP
GSE280367,SW1116_rep1,KEEP
GSE280367,SW1116_rep1I,KEEP
GSE281727,Biological_Process_ID,KEEP
GSE281727,Biological_Process_Term,KEEP
GSE281727,Cellular_Component_ID,KEEP
GSE281727,Cellular_Component_Term,KEEP
GSE281727,Molecular_Function_ID,KEEP
GSE281727,Molecular_Function_Term,KEEP
GSE281727,gene_sym,KEEP
GSE283230,KOIR1,KEEP
GSE283230,KOIR2,KEEP
GSE283230,KOIR3,KEEP
GSE283230,NCIR1,KEEP
GSE283230,NCIR2,KEEP
GSE283230,NCIR3,KEEP
GSE283451,EX35-NT-ALI,KEEP
GSE283451,EX35-NT-SUB,KEEP
GSE283451,EX35-VIP-SUB,KEEP
GSE283451,EX43-1-NT-ALI,KEEP
GSE283451,EX43-1-VIP-SUB,KEEP
GSE283451,EX43-2-NT-SUB,KEEP
GSE283451,EX43-2-VIP-ALI,KEEP
GSE283451,EX43-2-VIP-SUB,KEEP
GSE283451,EX43-3-NT-ALI,KEEP
GSE283451,EX43-3-NT-SUB,KEEP
GSE283451,EX43-3-VIP-ALI,KEEP
GSE283451,EX43-3-VIP-SUB,KEEP
GSE283451,EX43-4-NT-ALI,KEEP
GSE283451,EX43-4-NT-SUB,KEEP
GSE283451,EX43-4-VIP-ALI,KEEP
GSE283451,EX43-4-VIP-SUB,KEEP
GSE283752,Ensembl_ID,KEEP
GSE283752,SW480_Control_1,KEEP
GSE283752,SW480_Control_2,KEEP
GSE283752,SW480_Control_3,KEEP
GSE283752,SW480_KRAS_1,KEEP
GSE283752,SW480_KRAS_2,KEEP
GSE283752,SW480_KRAS_3,KEEP
GSE283752,baseMean,KEEP
GSE283752,lfcSE,KEEP
GSE283752,log2FoldChange,KEEP
GSE284535,TOP3B_KO_HCT116_E2_4_1_S96,KEEP
GSE284535,TOP3B_KO_HCT116_E2_4_2_S99,KEEP
GSE284535,WT_HCT116_1_S95,KEEP
GSE284535,WT_HCT116_2_S98,KEEP
GSE284656,HT_pl_dox_D_3,KEEP
GSE284656,SW620_DM_1,KEEP
GSE284656,SW620_DM_2,KEEP
GSE284656,SW620_DM_3,KEEP
GSE284656,SW620_RX_1,KEEP
GSE284656,SW620_RX_2,KEEP
GSE284656,SW620_RX_3,KEEP
GSE284657,OE1,KEEP
GSE284657,OE2,KEEP
GSE284657,OE3,KEEP
GSE284657,Sh1,KEEP
GSE284657,Sh2,KEEP
GSE284657,Sh3,KEEP
GSE284657,ShNC1,KEEP
GSE284657,ShNC2,KEEP
GSE284657,ShNC3,KEEP
GSE284657,Vector1,KEEP
GSE284657,Vector2,KEEP
GSE284657,Vector3,KEEP
GSE285503,854,KEEP
GSE285638,JAP1,KEEP
GSE285638,JAP10,KEEP
GSE285638,JAP11,KEEP
GSE285638,JAP12,KEEP
GSE285638,JAP2,KEEP
GSE285638,JAP3,KEEP
GSE285638,JAP4,KEEP
GSE285638,JAP5,KEEP
GSE285638,JAP6,KEEP
GSE285638,JAP7,KEEP
GSE285638,JAP8,KEEP
GSE285638,JAP9,KEEP
GSE285698,B1_S56_L007,KEEP
GSE285726,X10_GB_84h_J,KEEP
GSE285726,X11_GB_96h_K,KEEP
GSE285726,X12_GB_108h_L,KEEP
GSE285726,X13_GB_120h_M,KEEP
GSE285726,X2_GB_4h_B,KEEP
GSE285726,X3_GB_8h_C,KEEP
GSE285726,X4_GB_12h_D,KEEP
GSE285726,X5_GB_24h_E,KEEP
GSE285726,X6_GB_36h_F,KEEP
GSE285726,X7_GB_48h_G,KEEP
GSE285726,X8_GB_60h_H,KEEP
GSE285726,X9_GB_72h_I,KEEP
GSE287014,sw480_sh1,KEEP
GSE287014,sw480_sh2,KEEP
GSE287014,sw480_sh3,KEEP
GSE287014,sw480_shNc1,KEEP
GSE287014,sw480_shNc2,KEEP
GSE287014,sw480_shNc3,KEEP
GSE287868,H1975_273_1,KEEP
GSE287868,H1975_273_2,KEEP
GSE287868,H1975_VEGF_1,KEEP
GSE287868,H1975_VEGF_2,KEEP
GSE287868,HuCC_175_1,KEEP
GSE287868,HuCC_VEGF_3,KEEP
GSE288179,hSI25_E4_Exposed_i1_R2,KEEP
GSE288179,hSI27_B2_Injected_a1_R1,KEEP
GSE288179,hSI27_G11_Exposed_b2_R1,KEEP
GSE288179,hSI27_G11_Exposed_c2_R1,KEEP
GSE288179,hSI27_none_Mock_b1_R1,KEEP
GSE288179,hSI27_none_Mock_c1_R1,KEEP
GSE288179,hSI27_none_Mock_c2_R1,KEEP
GSE288179,hSI40_B2_Exposed_d2_R1,KEEP
GSE288179,hSI40_B2_Injected_d1_R1,KEEP
GSE288179,hSI40_B2_Injected_d2_R1,KEEP
GSE288179,hSI40_B2_Injected_e1_R1,KEEP
GSE288179,hSI40_G11_Exposed_e2_R1,KEEP
GSE288179,hSI40_G11_Injected_f2_R1,KEEP
GSE288179,hSI40_none_Mock_d1_R1,KEEP
GSE288179,hSI40_none_Mock_d2_R1,KEEP
GSE288179,hSI40_none_Mock_e2_R1,KEEP
GSE288482,BC-66_S21_R1_001,KEEP
GSE288482,BC-70_S4_R1_001,KEEP
GSE288482,BC60_S9_R1_001,KEEP
GSE288482,CC-107_S15_ME_L001_R1_001,KEEP
GSE288482,CC-127-2_S9_ME_L001_R1_001,KEEP
GSE288482,CC-46_S24_R1_001,KEEP
GSE288482,CC-5_S20_L008_R1_001,KEEP
GSE288482,CC-93_S10_ME_L001_R1_001,KEEP
GSE288482,CC-94_S1_ME_L001_R1_001,KEEP
GSE288482,CC-96_S1_ME_L001_R1_001,KEEP
GSE288482,CC-99_S10_ME_L001_R1_001,KEEP
GSE288482,CC_18_S9_R1_001,KEEP
GSE288482,CC_82_S3_R1_001,KEEP
GSE288482,CC_83_S25_R1_001,KEEP
GSE288482,GC-39_S6_ME_L001_R1_001,KEEP
GSE288482,GC-41_S4_ME_L001_R1_001,KEEP
GSE288482,LS_1_S1_R1_001,KEEP
GSE288482,M-22_S3_ME_L001_R1_001,KEEP
GSE288482,MN-CC-115_S5_ME_L001_R1_001,KEEP
GSE288482,MN-CC-82_S13_ME_L001_R1_001,KEEP
GSE288482,MN-CC-85_S6_ME_L001_R1_001,KEEP
GSE288482,MN-CC-92_S8_ME_L001_R1_001,KEEP
GSE288482,MN-GC-41_S3_ME_L001_R1_001,KEEP
GSE288482,MN-LS-6_S9_ME_L001_R1_001,KEEP
GSE288482,MN-OC-40_S13_ME_L001_R1_001,KEEP
GSE288482,MN-OC-48_S12_ME_L001_R1_001,KEEP
GSE288482,MN-OC-54_S2_ME_L001_R1_001,KEEP
GSE288482,MN-SkC-6_S4_ME_L001_R1_001,KEEP
GSE288482,M_21_S1_L003_R1_001,KEEP
GSE288482,NC-5_S1_ME_L001_R1_001,KEEP
GSE288482,OC-42_S4_ME_L001_R1_001,KEEP
GSE288482,OC-48_S8_ME_L001_R1_001,KEEP
GSE288482,OC-50_S4_ME_L001_R1_001,KEEP
GSE288482,OC-54_S1_ME_L001_R1_001,KEEP
GSE288482,OC14_S9_R1_001,KEEP
GSE288482,OC_40_S3_R1_001,KEEP
GSE288482,OT-1_S7_ME_L001_R1_001,KEEP
GSE288482,PC-12_S1_R1_001,KEEP
GSE288482,PC-32-2_S15_ME_L001_R1_001,KEEP
GSE288482,PC_14_S1_R1_001,KEEP
GSE288482,SkC_6_S67_R1_001,KEEP
GSE288482,StS_1_S24_R1_001,KEEP
GSE289252,DLD1_0hraux_1,KEEP
GSE289252,DLD1_0hraux_2,KEEP
GSE289252,DLD1_0hraux_3,KEEP
GSE289252,DLD1_16hraux_1,KEEP
GSE289252,DLD1_16hraux_2,KEEP
GSE289252,DLD1_96hraux_1,KEEP
GSE289252,DLD1_96hraux_2,KEEP
GSE289252,DLD1_96hraux_4,KEEP
GSE289252,DLD1_LAC_0hr-aux_2,KEEP
GSE289252,DLD1_LAC_0hr-aux_3,KEEP
GSE289252,DLD1_LAC_0hr-aux_4,KEEP
GSE289252,DLD1_LAC_16hr-aux_1,KEEP
GSE289252,DLD1_LAC_16hr-aux_2,KEEP
GSE289252,DLD1_LAC_16hr-aux_3,KEEP
GSE289252,DLD1_LAC_16hr-aux_4,KEEP
GSE289252,DLD1_LAC_96hr-aux_1,KEEP
GSE289252,DLD1_LAC_96hr-aux_2,KEEP
GSE289252,DLD1_LAC_96hr-aux_3,KEEP
GSE289252,DLD1_LAC_96hr-aux_4,KEEP
GSE289252,DLD1_LB1_0hr-aux_1,KEEP
GSE289252,DLD1_LB1_0hr-aux_2,KEEP
GSE289252,DLD1_LB1_0hr-aux_3,KEEP
GSE289252,DLD1_LB1_16hr-aux_2,KEEP
GSE289252,DLD1_LB1_16hr-aux_3,KEEP
GSE289252,DLD1_LB1_16hr-aux_4,KEEP
GSE289252,DLD1_LB1_96hr-aux_1,KEEP
GSE289252,DLD1_LB1_96hr-aux_2,KEEP
GSE289252,DLD1_LB1_96hr-aux_3,KEEP
GSE289252,DLD1_LB1_96hr-aux_4,KEEP
GSE289252,DLD1_LB2_0hr-aux_1,KEEP
GSE289252,DLD1_LB2_0hr-aux_2,KEEP
GSE289252,DLD1_LB2_0hr-aux_3,KEEP
GSE289252,DLD1_LB2_16hr-aux_1,KEEP
GSE289252,DLD1_LB2_16hr-aux_2,KEEP
GSE289252,DLD1_LB2_16hr-aux_4,KEEP
GSE289252,DLD1_LB2_96hr-aux_1,KEEP
GSE289252,DLD1_LB2_96hr-aux_2,KEEP
GSE289252,DLD1_LB2_96hr-aux_3,KEEP
GSE289582,CD4E_117,KEEP
GSE289582,CD4E_119,KEEP
GSE289582,CD4E_121,KEEP
GSE289582,CD4E_202,KEEP
GSE289582,CD4E_214,KEEP
GSE289582,CD4E_215,KEEP
GSE289582,CD4E_218,KEEP
GSE289582,CD4E_221,KEEP
GSE289582,CD4E_301,KEEP
GSE289582,CD4E_304,KEEP
GSE289582,CD4E_305,KEEP
GSE289582,CD4E_310,KEEP
GSE289582,CD4E_311,KEEP
GSE289582,CD4E_312,KEEP
GSE289582,CD4E_313,KEEP
GSE289582,CD4E_314,KEEP
GSE289582,CD4E_315,KEEP
GSE289582,CD4E_318,KEEP
GSE289582,CD4E_321,KEEP
GSE289582,CD8E_102,KEEP
GSE289582,CD8E_219,KEEP
GSE289582,CD8E_309,KEEP
GSE289582,CD8E_314,KEEP
GSE289582,CD8E_316,KEEP
GSE289582,CD8E_318,KEEP
GSE289583,Biopsy_01,KEEP
GSE289583,Biopsy_05,KEEP
GSE289583,Biopsy_07,KEEP
GSE289583,Biopsy_08,KEEP
GSE289583,Biopsy_10,KEEP
GSE289583,Biopsy_11,KEEP
GSE289583,Biopsy_12,KEEP
GSE289583,Biopsy_13,KEEP
GSE289583,Biopsy_14,KEEP
GSE289583,Biopsy_15,KEEP
GSE289583,Biopsy_16,KEEP
GSE289583,Ensembl_ID,KEEP
GSE289758,sh_IGF2BP3_1,KEEP
GSE289758,sh_IGF2BP3_2,KEEP
GSE289758,sh_IGF2BP3_3,KEEP
GSE289758,sh_NC_1,KEEP
GSE289758,sh_NC_2,KEEP
GSE289758,sh_NC_3,KEEP
GSE290622,JM209,KEEP
GSE290622,JM210,KEEP
GSE290622,JM212,KEEP
GSE290622,JM213,KEEP
GSE290622,JM214,KEEP
GSE290622,JM215,KEEP
GSE290622,JM217,KEEP
GSE290622,JM219,KEEP
GSE290622,JM220,KEEP
GSE290622,JM221,KEEP
GSE290622,JM222,KEEP
GSE290622,JM223,KEEP
GSE290622,JM224,KEEP
GSE290622,JM226,KEEP
GSE290622,JM229,KEEP
GSE290622,JM231,KEEP
GSE290622,JM232,KEEP
GSE290622,JM234,KEEP
GSE290622,JM235,KEEP
GSE290622,JM236,KEEP
GSE290622,JM237,KEEP
GSE290622,JM238,KEEP
GSE290622,JM240,KEEP
GSE290622,JM241,KEEP
GSE290622,JM242,KEEP
GSE290622,JM243,KEEP
GSE290622,JM244,KEEP
GSE290622,JM245,KEEP
GSE290622,JM246,KEEP
GSE290622,JM247,KEEP
GSE290622,JM248,KEEP
GSE290622,JM249,KEEP
GSE290622,JM250,KEEP
GSE290622,JM252,KEEP
GSE290622,JM253,KEEP
GSE290622,JM256,KEEP
GSE290622,JM258,KEEP
GSE290622,JM259,KEEP
GSE290622,JM262,KEEP
GSE290622,JM264,KEEP
GSE290622,JM265,KEEP
GSE290622,JM268,KEEP
GSE290622,JM269,KEEP
GSE290622,JM270,KEEP
GSE290622,JM271,KEEP
GSE290622,JM272,KEEP
GSE290622,JM274,KEEP
GSE290622,JM275,KEEP
GSE290622,JM279,KEEP
GSE290622,JM280,KEEP
GSE290622,JM281,KEEP
GSE290622,JM284,KEEP
GSE290622,JM288,KEEP
GSE290622,JM289,KEEP
GSE290622,JM290,KEEP
GSE290622,JM291,KEEP
GSE290622,JM299,KEEP
GSE290622,JM304,KEEP
GSE290622,JM305,KEEP
GSE290622,JM306,KEEP
GSE290622,JM310,KEEP
GSE290622,JM313,KEEP
GSE290622,JM314,KEEP
GSE290622,JM316,KEEP
GSE290622,JM320,KEEP
GSE290622,JM321,KEEP
GSE290622,JM322,KEEP
GSE290622,JM324,KEEP
GSE290622,JM325,KEEP
GSE290622,JM328,KEEP
GSE290622,JM329,KEEP
GSE290622,JM334,KEEP
GSE290622,JM337,KEEP
GSE290622,JM338,KEEP
GSE290622,JM343,KEEP
GSE290622,JM346,KEEP
GSE290622,JM349,KEEP
GSE290622,OPR001,KEEP
GSE290622,OPR010,KEEP
GSE290622,OPR013,KEEP
GSE290622,OPR024,KEEP
GSE290622,OPR027,KEEP
GSE290622,OPR029,KEEP
GSE290622,OPR030,KEEP
GSE290622,OPR032,KEEP
GSE290622,OPR036,KEEP
GSE290622,OPR039,KEEP
GSE290622,OPR041,KEEP
GSE290622,OPR042,KEEP
GSE290622,OPR044,KEEP
GSE290622,OPR048,KEEP
GSE290622,OPR050,KEEP
GSE290622,OPR051,KEEP
GSE290622,OPR052,KEEP
GSE290622,OPR057,KEEP
GSE290622,OPR060,KEEP
GSE290622,OPR061,KEEP
GSE290622,OPR062,KEEP
GSE290622,OPR064,KEEP
GSE290622,OPR070,KEEP
GSE290622,OPR072,KEEP
GSE290622,OPR078,KEEP
GSE291188,S1BxC,KEEP
GSE291188,S1BxO,KEEP
GSE291188,S1HCCC,KEEP
GSE291188,S1HCCO,KEEP
GSE291188,S1SWC,KEEP
GSE291188,S1SWO,KEEP
GSE291188,S2BxC,KEEP
GSE291188,S2BxO,KEEP
GSE291188,S2HCCC,KEEP
GSE291188,S2HCCO,KEEP
GSE291188,S2SWC,KEEP
GSE291188,S2SWO,KEEP
GSE291188,S3BxC,KEEP
GSE291188,S3BxO,KEEP
GSE291188,S3HCCC,KEEP
GSE291188,S3HCCO,KEEP
GSE291188,S3SWC,KEEP
GSE291188,S3SWO,KEEP
GSE291524,10_2,KEEP
GSE291524,10_3,KEEP
GSE291524,127B_1,KEEP
GSE291524,127B_2,KEEP
GSE291524,127B_3,KEEP
GSE291524,27_1,KEEP
GSE291524,27_2,KEEP
GSE291524,27_3,KEEP
GSE291524,4_1,KEEP
GSE291524,4_2,KEEP
GSE291524,4_3,KEEP
GSE291524,5_1,KEEP
GSE291524,5_2,KEEP
GSE291524,5_3,KEEP
GSE291524,66_1,KEEP
GSE291524,66_2,KEEP
GSE291524,66_3,KEEP
GSE292184,brain_1,KEEP
GSE292184,brain_2,KEEP
GSE292184,brain_3,KEEP
GSE292184,brain_4,KEEP
GSE292184,brain_5,KEEP
GSE292184,brain_6,KEEP
GSE292184,brain_7,KEEP
GSE292184,liver_1,KEEP
GSE292184,liver_10,KEEP
GSE292184,liver_2,KEEP
GSE292184,liver_3,KEEP
GSE292184,liver_4,KEEP
GSE292184,liver_5,KEEP
GSE292184,liver_6,KEEP
GSE292184,liver_7,KEEP
GSE292184,liver_8,KEEP
GSE292184,liver_9,KEEP
GSE292288,108_2,KEEP
GSE292288,108_3,KEEP
GSE292288,108_T1,KEEP
GSE292288,108_T2,KEEP
GSE292288,108_T3,KEEP
GSE292288,M3_1,KEEP
GSE292288,M3_2,KEEP
GSE292288,M3_3,KEEP
GSE292288,M3_T_1,KEEP
GSE292288,M3_T_2,KEEP
GSE292288,M3_T_3,KEEP
GSE292288,WT_1,KEEP
GSE292288,WT_2,KEEP
GSE292288,WT_3,KEEP
GSE292288,WT_T_1,KEEP
GSE292288,WT_T_2,KEEP
GSE292288,WT_T_3,KEEP
GSE292601,CRC003ORG,KEEP
GSE292601,CRC024ORG,KEEP
GSE292601,CRC033ORG,KEEP
GSE292601,CRC040ORG,KEEP
GSE292601,CRC049ORG,KEEP
GSE292601,CRC074ORG,KEEP
GSE292601,CRC076ORG,KEEP
GSE292601,CRC103ORG_2,KEEP
GSE292601,CRC109ORG,KEEP
GSE292601,CRC128ORG,KEEP
GSE292601,CRC146ORG,KEEP
GSE292601,CRC153ORG,KEEP
GSE292601,CRC158ORG,KEEP
GSE292601,CRC165ORG,KEEP
GSE292601,CRC197ORG,KEEP
GSE292601,CRC212ORG,KEEP
GSE292601,CRC226ORG,KEEP
GSE292601,CRC228ORG,KEEP
GSE292601,CRC259ORG,KEEP
GSE292601,CRC262ORG,KEEP
GSE292601,CRC297ORG,KEEP
GSE292601,CRC298ORG,KEEP
GSE292601,CRC299ORG,KEEP
GSE292601,CRC303ORG,KEEP
GSE292601,CRC314ORG,KEEP
GSE292601,CRC321ORG,KEEP
GSE292601,CRC356ORG_1,KEEP
GSE292601,CRC357ORG,KEEP
GSE292601,CRC372ORG,KEEP
GSE292601,CRC374ORG,KEEP
GSE292601,CRC390ORG,KEEP
GSE292601,CRC405ORG,KEEP
GSE292601,CRC481ORG,KEEP
GSE292601,CRC491ORG,KEEP
GSE292601,CRC504ORG,KEEP
GSE292601,CRC516ORG,KEEP
GSE292601,CRC621ORG,KEEP
GSE292601,CRC622ORG,KEEP
GSE292601,CRC634ORG,KEEP
GSE292601,CRC648ORG,KEEP
GSE292601,CRC650ORG,KEEP
GSE292601,CRC669ORG,KEEP
GSE292601,CRC698ORG,KEEP
GSE292601,CRC770ORG,KEEP
GSE292601,CRC777ORG,KEEP
GSE292601,CRC836ORG,KEEP
GSE292601,CRC839ORG,KEEP
GSE292601,CRC860ORG,KEEP
GSE292601,CRC870ORG,KEEP
GSE292601,CRC879ORG,KEEP
GSE292601,CRC882ORG,KEEP
GSE292601,CRC899ORG,KEEP
GSE292601,CRC911ORG,KEEP
GSE292601,CRC930ORG_2,KEEP
GSE292601,CRC946ORG,KEEP
GSE292601,CRC967ORG,KEEP
GSE292601,CRC973ORG,KEEP
GSE292601,CRC986ORG,KEEP
GSE292601,CRC989ORG,KEEP
GSE292601,CRC994ORG,KEEP
GSE292601,CRC997ORG,KEEP
GSE292858,CRC2783_Inv_2,KEEP
GSE292858,CRC2783_N,KEEP
GSE292858,CRC2786_Inv_1,KEEP
GSE292858,CRC2786_N,KEEP
GSE292858,CRC2787_N,KEEP
GSE292858,CRC2787_core_1,KEEP
GSE292858,CRC2794_N,KEEP
GSE292858,CRC2794_core_2,KEEP
GSE292858,CRC2795_N,KEEP
GSE292858,CRC2795_core_2,KEEP
GSE292858,CRC2801_Inv_1,KEEP
GSE292858,CRC2801_N,KEEP
GSE292858,CRC2803_N,KEEP
GSE292858,CRC2803_core_2,KEEP
GSE292858,CRC2810_Inv_2,KEEP
GSE292858,CRC2810_N,KEEP
GSE292858,CRC2811_N,KEEP
GSE292858,CRC2811_core_1,KEEP
GSE292858,CRC2816_Inv_2,KEEP
GSE292858,CRC2816_N,KEEP
GSE292858,CRC2816_core_2,KEEP
GSE292858,CRC2817_N,KEEP
GSE292858,CRC2817_core_2,KEEP
GSE292858,CRC2821_N_2,KEEP
GSE292858,CRC2821_core_4,KEEP
GSE292858,CRC2841_Inv_3,KEEP
GSE292858,CRC2841_N_1,KEEP
GSE292858,CRC2841_core_1,KEEP
GSE292858,CRC2899_Inv_1,KEEP
GSE292858,CRC2899_Inv_2,KEEP
GSE292858,CRC2899_N,KEEP
GSE292858,CRC2899_core_1,KEEP
GSE292858,CRC2899_core_2,KEEP
GSE292858,CV020_T,KEEP
GSE292858,CV021_N,KEEP
GSE292858,CV021_T,KEEP
GSE292858,CV023_N,KEEP
GSE292858,CV023_T,KEEP
GSE292858,CV025_N,KEEP
GSE292858,CV025_T,KEEP
GSE292858,CV026_N,KEEP
GSE292858,CV026_T,KEEP
GSE292858,CV028_N,KEEP
GSE292858,CV028_T,KEEP
GSE292858,CV030_N,KEEP
GSE292858,CV030_T,KEEP
GSE292858,CV031_N,KEEP
GSE292858,CV031_T,KEEP
GSE292858,CV033_N,KEEP
GSE292858,CV033_T,KEEP
GSE292858,CV034N,KEEP
GSE292858,CV034T,KEEP
GSE292858,CV036N,KEEP
GSE292858,CV036T,KEEP
GSE292858,CV038N,KEEP
GSE292858,CV038T,KEEP
GSE292858,CV039N,KEEP
GSE292858,CV039T,KEEP
GSE292858,CV041N,KEEP
GSE292858,CV041T,KEEP
GSE292858,CV042T,KEEP
GSE292858,CV044N,KEEP
GSE292858,CV044T,KEEP
GSE292858,CV045N,KEEP
GSE292858,CV045T,KEEP
GSE292858,CV050N,KEEP
GSE292858,CV050T,KEEP
GSE292858,CV051N,KEEP
GSE292858,CV051T,KEEP
GSE292858,CV40_N,KEEP
GSE292858,CV40_T,KEEP
GSE293576,C15_1,KEEP
GSE293576,C15_2,KEEP
GSE293576,C15_3,KEEP
GSE293576,C9_1,KEEP
GSE293576,C9_2,KEEP
GSE293576,C9_3,KEEP
GSE293576,SCR_1,KEEP
GSE293576,SCR_2,KEEP
GSE293576,SCR_3,KEEP
GSE294201,EC,KEEP
GSE294201,FPKM.LK1,KEEP
GSE294201,FPKM.LK2,KEEP
GSE294201,FPKM.LK3,KEEP
GSE294201,FPKM.LN1,KEEP
GSE294201,FPKM.LN2,KEEP
GSE294201,FPKM.LN3,KEEP
GSE294201,GO,KEEP
GSE294201,KEGG,KEEP
GSE294201,KO_ENTRY,KEEP
GSE294201,count.LK3,KEEP
GSE294201,count.LN1,KEEP
GSE294201,transcript_id,KEEP
GSE294276,3-oxo-LCA_2,KEEP
GSE294276,3-oxo-LCA_3,KEEP
GSE294276,Ctl_1,KEEP
GSE294276,Ctl_2,KEEP
GSE294276,Ctl_3,KEEP
GSE294823,1133_2025_S6,KEEP
GSE294823,1134_2025_S7,KEEP
GSE294823,1135_2025_S8,KEEP
GSE294823,1140_2025_S13,KEEP
GSE294823,1141_2025_S14,KEEP
GSE294823,1142_2025_S15,KEEP
GSE294823,1143_2025_S16,KEEP
GSE295349,A375_CB6644_rep1,KEEP
GSE295349,A375_CB6644_rep2,KEEP
GSE295349,A375_CB6644_rep3,KEEP
GSE295349,A375_CB6644_rep4,KEEP
GSE295349,A375_DMSO_rep1,KEEP
GSE295349,A375_DMSO_rep2,KEEP
GSE295349,A375_DMSO_rep3,KEEP
GSE295349,A375_DMSO_rep4,KEEP
GSE295349,H1048_CB6644_rep1,KEEP
GSE295349,H1048_CB6644_rep2,KEEP
GSE295349,H1048_CB6644_rep3,KEEP
GSE295349,H1048_CB6644_rep4,KEEP
GSE295349,H1048_DMSO_rep1,KEEP
GSE295349,H1048_DMSO_rep2,KEEP
GSE295349,H1048_DMSO_rep3,KEEP
GSE295349,H1048_DMSO_rep4,KEEP
GSE295349,RH30_CB6644_rep1,KEEP
GSE295349,RH30_CB6644_rep2,KEEP
GSE295349,RH30_CB6644_rep3,KEEP
GSE295349,RH30_CB6644_rep4,KEEP
GSE295349,RH30_DMSO_rep1,KEEP
GSE295349,RH30_DMSO_rep2,KEEP
GSE295349,RH30_DMSO_rep3,KEEP
GSE295349,RH30_DMSO_rep4,KEEP
GSE295349,T84_CB6644_rep1,KEEP
GSE295349,T84_CB6644_rep2,KEEP
GSE295349,T84_CB6644_rep3,KEEP
GSE295349,T84_CB6644_rep4,KEEP
GSE295349,T84_DMSO_rep1,KEEP
GSE295349,T84_DMSO_rep2,KEEP
GSE295349,T84_DMSO_rep3,KEEP
GSE295349,T84_DMSO_rep4,KEEP
GSE296403,FAP10_3mo-T1,KEEP
GSE296403,FAP10_6mo-T2,KEEP
GSE296403,FAP10_PRE-T0,KEEP
GSE296403,FAP11_3mo-T1,KEEP
GSE296403,FAP11_6mo-T2,KEEP
GSE296403,FAP11_PRE-T0,KEEP
GSE296403,FAP12_3mo-T1,KEEP
GSE296403,FAP12_6mo-T2,KEEP
GSE296403,FAP12_PRE-T0,KEEP
GSE296403,FAP13_3mo-T1,KEEP
GSE296403,FAP13_6mo-T2,KEEP
GSE296403,FAP13_PRE-T0,KEEP
GSE296403,FAP14_3mo-T1,KEEP
GSE296403,FAP14_6mo-T2,KEEP
GSE296403,FAP14_PRE-T0,KEEP
GSE296403,FAP15_3mo-T1,KEEP
GSE296403,FAP15_6mo-T2,KEEP
GSE296403,FAP15_PRE-T0,KEEP
GSE296403,FAP17_3mo-T1,KEEP
GSE296403,FAP17_6mo-T2,KEEP
GSE296403,FAP17_PRE-T0,KEEP
GSE296403,FAP18_3mo-T1,KEEP
GSE296403,FAP18_6mo-T2,KEEP
GSE296403,FAP18_PRE-T0,KEEP
GSE296403,FAP19_3mo-T1,KEEP
GSE296403,FAP19_6mo-T2,KEEP
GSE296403,FAP19_PRE-T0,KEEP
GSE296403,FAP20_3mo-T1,KEEP
GSE296403,FAP20_6mo-T2,KEEP
GSE296403,FAP20_PRE-T0,KEEP
GSE296403,FAP21_3mo-T1,KEEP
GSE296403,FAP21_6mo-T2,KEEP
GSE296403,FAP21_PRE-T0,KEEP
GSE296403,FAP22_3mo-T1,KEEP
GSE296403,FAP22_6mo-T2,KEEP
GSE296403,FAP22_PRE-T0,KEEP
GSE296403,FAP23_3mo-T1,KEEP
GSE296403,FAP23_6mo-T2,KEEP
GSE296403,FAP23_PRE-T0,KEEP
GSE296403,FAP24_3mo-T1,KEEP
GSE296403,FAP24_6mo-T2,KEEP
GSE296403,FAP24_PRE-T0,KEEP
GSE296403,FAP25_3mo-T1,KEEP
GSE296403,FAP25_6mo-T2,KEEP
GSE296403,FAP25_PRE-T0,KEEP
GSE296403,FAP26_3mo-T1,KEEP
GSE296403,FAP26_6mo-T2,KEEP
GSE296403,FAP26_PRE-T0,KEEP
GSE296403,FAP28_3mo-T1,KEEP
GSE296403,FAP28_6mo-T2,KEEP
GSE296403,FAP28_PRE-T0,KEEP
GSE296403,FAP29_3mo-T1,KEEP
GSE296403,FAP29_6mo-T2,KEEP
GSE296403,FAP29_PRE-T0,KEEP
GSE296403,FAP2_3mo-T1,KEEP
GSE296403,FAP2_6mo-T2,KEEP
GSE296403,FAP2_PRE-T0,KEEP
GSE296403,FAP30_3mo-T1,KEEP
GSE296403,FAP30_6mo-T2,KEEP
GSE296403,FAP30_PRE-T0,KEEP
GSE296403,FAP31_3mo-T1,KEEP
GSE296403,FAP31_6mo-T2,KEEP
GSE296403,FAP31_PRE-T0,KEEP
GSE296403,FAP32_3mo-T1,KEEP
GSE296403,FAP32_6mo-T2,KEEP
GSE296403,FAP32_PRE-T0,KEEP
GSE296403,FAP33_3mo-T1,KEEP
GSE296403,FAP33_6mo-T2,KEEP
GSE296403,FAP33_PRE-T0,KEEP
GSE296403,FAP35_3mo-T1,KEEP
GSE296403,FAP35_PRE-T0,KEEP
GSE296403,FAP3_3mo-T1,KEEP
GSE296403,FAP3_PRE-T0,KEEP
GSE296403,FAP4_3mo-T1,KEEP
GSE296403,FAP4_6mo-T2,KEEP
GSE296403,FAP4_PRE-T0,KEEP
GSE296403,FAP6_3mo-T1,KEEP
GSE296403,FAP6_6mo-T2,KEEP
GSE296403,FAP6_PRE-T0,KEEP
GSE296403,FAP7_3mo-T1,KEEP
GSE296403,FAP7_6mo-T2,KEEP
GSE296403,FAP7_PRE-T0,KEEP
GSE296403,FAP8_3mo-T1,KEEP
GSE296403,FAP8_6mo-T2,KEEP
GSE296403,FAP8_PRE-T0,KEEP
GSE296403,FAP9_3mo-T1,KEEP
GSE296403,FAP9_6mo-T2,KEEP
GSE296403,FAP9_PRE-T0,KEEP
GSE296923,CT1,KEEP
GSE296923,CT2,KEEP
GSE296923,CT3,KEEP
GSE296923,OE1,KEEP
GSE296923,OE2,KEEP
GSE296923,OE3,KEEP
GSE297244,Infection_1,KEEP
GSE297244,Infection_2,KEEP
GSE297244,gene_short_name,KEEP
GSE297882,CAL51,KEEP
GSE297882,CAL51-2N2,KEEP
GSE297882,CAL51-L1,KEEP
GSE297882,CAL51-L2,KEEP
GSE297882,CAL51-L3,KEEP
GSE297882,DLD1,KEEP
GSE297882,DLD1-2N2,KEEP
GSE297882,DLD1-L1,KEEP
GSE297882,DLD1-L3,KEEP
GSE297882,DLD1-S1,KEEP
GSE297882,HCT116,KEEP
GSE297882,HCT116-2N1,KEEP
GSE297882,HCT116-2N2,KEEP
GSE297882,HCT116-L1,KEEP
GSE297882,HCT116-L2,KEEP
GSE297882,HCT116-L3,KEEP
GSE297882,HCT116-S1,KEEP
GSE297882,HCT116-S2,KEEP
GSE297882,HCT116-S3,KEEP
GSE298560,HLTFKORNA1,KEEP
GSE298560,HLTFKORNA2,KEEP
GSE298560,WT293RNA1,KEEP
GSE298560,WT293RNA2,KEEP
GSE298560,WT293RNA3,KEEP
GSE298808,A,KEEP
GSE298808,B,KEEP
GSE298808,C,KEEP
GSE298808,D,KEEP
GSE298808,KO_id,KEEP
GSE298808,KO_name,KEEP
GSE298808,cog,KEEP
GSE298808,cog_description,KEEP
GSE298808,go,KEEP
GSE298808,nr,KEEP
GSE298808,paths,KEEP
GSE298808,pfam,KEEP
GSE298808,uniprot,KEEP
GSE299400,GO_description,KEEP
GSE299400,GO_id,KEEP
GSE299400,GO_term,KEEP
GSE299400,KEGG_pathway_description,KEEP
GSE299400,KEGG_pathway_id,KEEP
GSE299400,KO_id,KEEP
GSE299400,KO_name,KEEP
GSE299400,W1,KEEP
GSE299400,W2,KEEP
GSE301220,DN70-1,KEEP
GSE301220,DN70-2,KEEP
GSE301220,DN70-3,KEEP
GSE301220,RD-1,KEEP
GSE301220,RD-2,KEEP
GSE301220,RD-3,KEEP
GSE301521,HCT116_sgPCNX3_rep1,KEEP
GSE301521,HCT116_sgSTARD9_rep1,KEEP
GSE301521,HCT116_sgZFP41_rep1,KEEP
GSE301521,HCT116_sgZFP41_rep2,KEEP
GSE301521,HCT116_sgZNF646_rep1,KEEP
GSE301521,HeLa_sgSTARD9_rep1,KEEP
GSE301521,HeLa_sgZNF646_rep1,KEEP
GSE301521,HepG2_sgKCTD1_rep2,KEEP
GSE301521,HepG2_sgPCNX3_rep1,KEEP
GSE303444,CRA.185.12,KEEP
GSE303444,CRA.186.12,KEEP
GSE303444,CRA.209.12,KEEP
GSE303444,CRA.210.12,KEEP
GSE303444,CRA.261.13,KEEP
GSE303444,CRA.330.13,KEEP
GSE303444,CRA.515.15,KEEP
GSE303444,CRA.522.15,KEEP
GSE303444,CRA.530.15,KEEP
GSE303444,CRA.538.15,KEEP
GSE303444,CRA.585.15,KEEP
GSE303444,CRA.594.15,KEEP
GSE303444,CRA.644.16,KEEP
GSE303444,CRA.664.17,KEEP
GSE303444,CRA.671.17,KEEP
GSE303444,CRA.698.17,KEEP
GSE303444,CRA.730.17,KEEP
GSE303444,CRA.761.18,KEEP
GSE303444,CRA.780.18,KEEP
GSE303444,CRA.782.18,KEEP
GSE303444,CRA.794.18,KEEP
GSE303444,CRA.801.18,KEEP
GSE303444,CRA.810.18,KEEP
GSE303444,CRA.823.18,KEEP
GSE303444,CRA.832.19,KEEP
GSE303444,CRA.833.19,KEEP
GSE303444,CRA.834.19,KEEP
GSE303444,CRG.033.18,KEEP
GSE303774,KO1,KEEP
GSE303774,KO2,KEEP
GSE303774,KO3,KEEP
GSE303774,WT1,KEEP
GSE303774,WT2,KEEP
GSE303774,WT3,KEEP
GSE304110,SW480_C2,KEEP
GSE304110,SW480_C3,KEEP
GSE304110,SW480_KD_3,KEEP
GSE304295,Unknown_CG769.002U0030,KEEP
GSE304295,Unknown_CG769.002U0031,KEEP
GSE304295,Unknown_CG769.002U0032,KEEP
GSE304295,Unknown_CG769.002U0033,KEEP
GSE304295,Unknown_CG769.002U0034,KEEP
GSE304295,Unknown_CG769.002U0035,KEEP
GSE304295,Unknown_CG769.002U0036,KEEP
GSE304295,Unknown_CG769.002U0037,KEEP
GSE304295,Unknown_CG769.002U0038,KEEP
GSE304295,Unknown_CG769.002U0039,KEEP
GSE304295,Unknown_CG769.002U0040,KEEP
GSE304295,Unknown_CG769.002U0041,KEEP
GSE304295,Unknown_CG769.002U0042,KEEP
GSE304295,Unknown_CG769.002U0043,KEEP
GSE304295,Unknown_CG769.002U0044,KEEP
GSE304295,Unknown_CG769.002U0045,KEEP
GSE304295,Unknown_CG769.002U0046,KEEP
GSE304295,Unknown_CG769.002U0047,KEEP
GSE304295,Unknown_CG769.002U0048,KEEP
GSE304295,Unknown_CG769.002U0049,KEEP
GSE304295,Unknown_CG769.002U0050,KEEP
GSE304295,Unknown_CG769.002U0051,KEEP
GSE304295,Unknown_CG769.002U0052,KEEP
GSE304522,KO_NT_1,KEEP
GSE304522,KO_NT_2,KEEP
GSE304522,KO_NT_3,KEEP
GSE304522,KO_NT_4,KEEP
GSE304522,KO_Sal_1,KEEP
GSE304522,KO_Sal_2,KEEP
GSE304522,KO_Sal_3,KEEP
GSE304522,KO_Sal_4,KEEP
GSE304522,WT_NT_1,KEEP
GSE304522,WT_NT_2,KEEP
GSE304522,WT_NT_3,KEEP
GSE304522,WT_NT_4,KEEP
GSE304522,WT_Sal_1,KEEP
GSE304522,WT_Sal_2,KEEP
GSE304522,WT_Sal_3,KEEP
GSE304522,WT_Sal_4,KEEP
GSE304522,dCT_NT_1,KEEP
GSE304522,dCT_NT_2,KEEP
GSE304522,dCT_NT_3,KEEP
GSE304522,dCT_NT_4,KEEP
GSE304522,dCT_Sal_1,KEEP
GSE304522,dCT_Sal_2,KEEP
GSE304522,dCT_Sal_3,KEEP
GSE304522,dCT_Sal_4,KEEP
GSE305053,A1,KEEP
GSE305053,A2,KEEP
GSE305053,B1,KEEP
GSE305053,B2,KEEP
GSE305053,C1,KEEP
GSE305053,C2,KEEP
GSE305053,D1,KEEP
GSE305053,D2,KEEP
GSE307698,"PDX-1,_7SL1+LNP",KEEP
GSE307698,"PDX-1,_PBS",KEEP
GSE307698,"PDX-2,_7SL1+LNP",KEEP
GSE307698,"PDX-2,_PBS",KEEP
GSE307698,"PDX-2,_WT+LNP",KEEP
GSE308020,20-F-TN-0061,KEEP
GSE308020,20-F-TN-0062,KEEP
GSE308020,20-F-TN-0072,KEEP
GSE308020,20-F-TN-0075,KEEP
GSE308020,20-F-TT-0053,KEEP
GSE308020,20-F-TT-0054,KEEP
GSE308020,20-F-TT-0059,KEEP
GSE308020,20-F-TT-0060,KEEP
GSE308020,21-F-TN-0010,KEEP
GSE308020,21-F-TN-0015,KEEP
GSE308020,21-F-TN-0016,KEEP
GSE308020,21-F-TN-0017,KEEP
GSE308020,21-F-TN-0025,KEEP
GSE308020,21-F-TN-0036,KEEP
GSE308020,21-F-TN-0037,KEEP
GSE308020,21-F-TN-0038,KEEP
GSE308020,21-F-TN-0039,KEEP
GSE308020,21-F-TN-0041,KEEP
GSE308020,21-F-TN-0045,KEEP
GSE308020,21-F-TN-0046,KEEP
GSE308020,21-F-TN-0060,KEEP
GSE308020,21-F-TN-0062,KEEP
GSE308020,21-F-TN-0063,KEEP
GSE308020,21-F-TN-0067,KEEP
GSE308020,21-F-TN-0070,KEEP
GSE308020,21-F-TN-0071,KEEP
GSE308020,21-F-TN-0075,KEEP
GSE308020,21-F-TN-0077,KEEP
GSE308020,21-F-TN-0078,KEEP
GSE308020,21-F-TN-0080,KEEP
GSE308020,21-F-TN-0082,KEEP
GSE308020,21-F-TN-0083,KEEP
GSE308020,21-F-TN-0085,KEEP
GSE308020,21-F-TN-0086,KEEP
GSE308020,21-F-TN-0088,KEEP
GSE308020,21-F-TN-0089,KEEP
GSE308020,21-F-TT-0002,KEEP
GSE308020,21-F-TT-0003,KEEP
GSE308020,21-F-TT-0004,KEEP
GSE308020,21-F-TT-0005,KEEP
GSE308020,21-F-TT-0006,KEEP
GSE308020,21-F-TT-0007,KEEP
GSE308020,21-F-TT-0011,KEEP
GSE308020,21-F-TT-0012,KEEP
GSE308020,21-F-TT-0013,KEEP
GSE308020,21-F-TT-0014,KEEP
GSE308020,21-F-TT-0015,KEEP
GSE308020,21-F-TT-0017,KEEP
GSE308020,21-F-TT-0018,KEEP
GSE308020,21-F-TT-0020,KEEP
GSE308020,21-F-TT-0022,KEEP
GSE308020,21-F-TT-0023,KEEP
GSE308020,21-F-TT-0024,KEEP
GSE308020,21-F-TT-0027,KEEP
GSE308020,21-F-TT-0028,KEEP
GSE308020,21-F-TT-0030,KEEP
GSE308020,21-F-TT-0031,KEEP
GSE308020,21-F-TT-0032,KEEP
GSE308020,21-F-TT-0033,KEEP
GSE308020,21-F-TT-0036,KEEP
GSE308020,21-F-TT-0037,KEEP
GSE308020,21-F-TT-0038,KEEP
GSE308020,21-F-TT-0039,KEEP
GSE308020,21-F-TT-0040,KEEP
GSE308083,si1,KEEP
GSE308083,si2,KEEP
GSE308083,si3,KEEP
GSE308083,sinc1,KEEP
GSE308083,sinc2,KEEP
GSE308083,sinc3,KEEP
GSE308265,C7_CKDL240041184.1A_22HVHFLT4_L1,KEEP
GSE308351,PEO4.D.1,KEEP
GSE308351,PEO4.D.2,KEEP
GSE308351,PEO4.D.3,KEEP
GSE308351,PEO4.T.1,KEEP
GSE308351,PEO4.T.2,KEEP
GSE308351,PEO4.T.3,KEEP
GSE308351,SW480.1,KEEP
GSE308351,SW480.2,KEEP
GSE308351,SW480.3,KEEP
GSE308351,SW620.1,KEEP
GSE308351,SW620.2,KEEP
GSE308351,SW620.3,KEEP
GSE308448,Caco-2_Mock-1,KEEP
GSE308448,Caco-2_Mock-2,KEEP
GSE308448,Caco-2_Mock-3,KEEP
GSE308448,Caco-2_Mock-4,KEEP
GSE308448,Caco-2_N3-1,KEEP
GSE308448,Caco-2_N3-2,KEEP
GSE308448,Caco-2_N3-3,KEEP
GSE308448,Caco-2_N3-4,KEEP
GSE308448,Caco-2_WT-1,KEEP
GSE308448,Caco-2_WT-2,KEEP
GSE308448,Caco-2_WT-3,KEEP
GSE308448,Caco-2_WT-4,KEEP
GSE308653,combo_clone1,KEEP
GSE308653,combo_clone2,KEEP
GSE308653,combo_clone3,KEEP
GSE308653,combo_clone4,KEEP
GSE308653,combo_clone5,KEEP
GSE308653,g12ci_egfri_clone1,KEEP
GSE308653,g12ci_egfri_clone2,KEEP
GSE308653,g12ci_egfri_clone3,KEEP
GSE308653,g12ci_egfri_clone4,KEEP
GSE308653,g12ci_egfri_clone5,KEEP
GSE308653,g12ci_egfri_clone6,KEEP
GSE308653,g12ci_egfri_clone7,KEEP
GSE308653,g12ci_egfri_clone8,KEEP
GSE308653,teadi_clone1,KEEP
GSE308653,teadi_clone2,KEEP
GSE308653,teadi_clone3,KEEP
GSE308653,teadi_clone4,KEEP
GSE308653,teadi_clone5,KEEP
GSE308712,CE.sam,KEEP
GSE308712,CE1.sam,KEEP
GSE308712,CE2.sam,KEEP
GSE308712,CH.sam,KEEP
GSE308712,CH1.sam,KEEP
GSE308712,CH2.sam,KEEP
GSE308712,SE.sam,KEEP
GSE308712,SE1.sam,KEEP
GSE308712,SE2.sam,KEEP
GSE308712,SH.sam,KEEP
GSE308712,SH1.sam,KEEP
GSE308712,SH2.sam,KEEP
GSE308833,average_fpkm_shCtrl,KEEP
GSE308833,average_fpkm_shPRSS22,KEEP
GSE308833,average_read_count_shCtrl,KEEP
GSE308833,average_read_count_shPRSS22,KEEP
GSE308833,average_tpm_shCtrl,KEEP
GSE308833,average_tpm_shPRSS22,KEEP
GSE308833,fpkm_shCtrl-1,KEEP
GSE308833,fpkm_shCtrl-2,KEEP
GSE308833,fpkm_shCtrl-3,KEEP
GSE308833,fpkm_shPRSS22-1,KEEP
GSE308833,fpkm_shPRSS22-2,KEEP
GSE308833,fpkm_shPRSS22-3,KEEP
GSE308833,norm_average_read_count_shCtrl,KEEP
GSE308833,norm_average_read_count_shPRSS22,KEEP
GSE308833,norm_read_count_shCtrl-1,KEEP
GSE308833,norm_read_count_shCtrl-2,KEEP
GSE308833,norm_read_count_shCtrl-3,KEEP
GSE308833,norm_read_count_shPRSS22-1,KEEP
GSE308833,norm_read_count_shPRSS22-2,KEEP
GSE308833,norm_read_count_shPRSS22-3,KEEP
GSE308833,read_count_shCtrl-1,KEEP
GSE308833,read_count_shCtrl-2,KEEP
GSE308833,read_count_shCtrl-3,KEEP
GSE308833,read_count_shPRSS22-1,KEEP
GSE308833,read_count_shPRSS22-2,KEEP
GSE308833,read_count_shPRSS22-3,KEEP
GSE308833,tpm_shCtrl-1,KEEP
GSE308833,tpm_shCtrl-2,KEEP
GSE308833,tpm_shCtrl-3,KEEP
GSE308833,tpm_shPRSS22-1,KEEP
GSE308833,tpm_shPRSS22-2,KEEP
GSE308833,tpm_shPRSS22-3,KEEP
GSE308900,A1_1,KEEP
GSE308900,A1_2,KEEP
GSE308900,A1_3,KEEP
GSE308900,A1_4,KEEP
GSE308900,A7_1,KEEP
GSE308900,A7_2,KEEP
GSE308900,A7_3,KEEP
GSE308900,A7_4,KEEP
GSE308900,Control_1,KEEP
GSE308900,Control_2,KEEP
GSE308900,Control_3,KEEP
GSE309210,KO2,KEEP
GSE309210,KO3,KEEP
GSE309341,Dbxref,KEEP
GSE309341,GO_id,KEEP
GSE309341,GO_term,KEEP
GSE309341,pathway,KEEP
GSE309341,pathway_description,KEEP
GSE309341,product,KEEP
GSE309341,scramble_1,KEEP
GSE309341,scramble_2,KEEP
GSE309341,shZBTB20_1_1,KEEP
GSE309341,shZBTB20_1_2,KEEP
GSE309341,shZBTB20_2_1,KEEP
GSE309341,shZBTB20_2_2,KEEP
GSE310085,FPKM.D_1,KEEP
GSE310085,FPKM.D_2,KEEP
GSE310085,FPKM.D_3,KEEP
GSE310085,FPKM.E_1,KEEP
GSE310085,FPKM.E_2,KEEP
GSE310085,FPKM.E_3,KEEP
GSE310085,FPKM.F_1,KEEP
GSE310085,FPKM.F_2,KEEP
GSE310085,FPKM.F_3,KEEP
GSE310664,CRC29-sTom-p27K-high-RNA1,KEEP
GSE310664,CRC29-sTom-p27K-high-RNA2,KEEP
GSE310664,CRC29-sTom-p27K-high-RNA3,KEEP
GSE310664,CRC29-sTom-p27K-low-RNA1,KEEP
GSE310664,CRC29-sTom-p27K-low-RNA2,KEEP
GSE310664,CRC29-sTom-p27K-low-RNA3,KEEP
GSE310664,CRC29-sTom-p27K-med-RNA1,KEEP
GSE310664,CRC29-sTom-p27K-med-RNA2,KEEP
GSE310664,CRC29-sTom-p27K-med-RNA3,KEEP
GSE310664,HUB098-sTom-p27K-high-RNA1,KEEP
GSE310664,HUB098-sTom-p27K-high-RNA2,KEEP
GSE310664,HUB098-sTom-p27K-low-RNA1,KEEP
GSE310664,HUB098-sTom-p27K-low-RNA2,KEEP
GSE310664,HUB098-sTom-p27K-low-RNA3,KEEP
GSE310664,HUB098-sTom-p27K-med-RNA1,KEEP
GSE310664,HUB098-sTom-p27K-med-RNA2,KEEP
GSE310664,HUB098-sTom-p27K-med-RNA3,KEEP
GSE310664,TOR10-sTom-p27K-high-RNA1,KEEP
GSE310664,TOR10-sTom-p27K-low-RNA1,KEEP
GSE310664,TOR10-sTom-p27K-low-RNA2,KEEP
GSE310664,TOR10-sTom-p27K-med-RNA1,KEEP
GSE310664,TOR10-sTom-p27K-med-RNA2,KEEP
GSE311262,x1001_B11_4512,KEEP
GSE311262,x1001_B17,KEEP
GSE311262,x1001_B21_Tumor,KEEP
GSE311262,x1001_B28_3D_D15,KEEP
GSE311262,x1001_B28_T,KEEP
GSE311262,x1001_B29_3D_D15,KEEP
GSE311262,x1001_B29_T,KEEP
GSE311262,x1001_B4_4501,KEEP
GSE311274,Biological_Process,KEEP
GSE311274,Cellular_Component,KEEP
GSE311274,EnsemblID,KEEP
GSE311274,KO,KEEP
GSE311274,Molecular_Function,KEEP
GSE311274,Pathway,KEEP
GSE311274,PathwayName,KEEP
GSE311274,sh1_1,KEEP
GSE311274,sh1_2,KEEP
GSE311274,sh1_3,KEEP
GSE311274,shCon_1,KEEP
GSE311274,shCon_2,KEEP
GSE311274,shCon_3,KEEP
GSE311632,EITB.000U0.Chip.NoStretch,KEEP
GSE311632,EITB.000U0.Chip.Stretch,KEEP
GSE311632,EITB.000UK.Chip.NoStretch,KEEP
GSE311632,EITB.000UK.Chip.Stretch,KEEP
GSE311632,EITB.000UP.Chip.NoStretch,KEEP
GSE311632,EITB.000UP.Chip.Stretch,KEEP
GSE311632,EITB.000US.Chip.NoStretch,KEEP
GSE311632,EITB.000US.Chip.Stretch,KEEP
GSE311632,EITB.000V8.Chip.NoStretch,KEEP
GSE311632,EITB.000V8.Chip.Stretch,KEEP
GSE311775,ELL37_2,KEEP
GSE311775,ELL37_3,KEEP
GSE311775,EScr_1,KEEP
GSE311775,EScr_2,KEEP
GSE311775,EScr_3,KEEP
GSE311775,EV1,KEEP
GSE311775,EV2,KEEP
GSE311775,EV3,KEEP
GSE311775,LL37_1,KEEP
GSE311775,LL37_2,KEEP
GSE311775,LL37_3,KEEP
GSE311775,M1,KEEP
GSE311775,M2,KEEP
GSE311775,M3,KEEP
GSE311775,Scr_1,KEEP
GSE311775,Scr_2,KEEP
GSE311775,Scr_3,KEEP
GSE313017,DO_id,KEEP
GSE313017,DO_term,KEEP
GSE313017,DisGeNET_name,KEEP
GSE313017,Do_name,KEEP
GSE313017,Domain,KEEP
GSE313017,Domain_description,KEEP
GSE313017,EggNOG_description,KEEP
GSE313017,EggNOG_id,KEEP
GSE313017,GO_ID,KEEP
GSE313017,GO_term,KEEP
GSE313017,Go_description,KEEP
GSE313017,KEGG_pathway_description,KEEP
GSE313017,KEGG_pathway_id,KEEP
GSE313017,KO_ID,KEEP
GSE313017,KO_name,KEEP
GSE313017,Kegg_genes,KEEP
GSE313017,NC,KEEP
GSE313017,NC1_116,KEEP
GSE313017,NC2_116,KEEP
GSE313017,NC3_116,KEEP
GSE313017,NR_description,KEEP
GSE313017,NR_hit-name,KEEP
GSE313017,Pfam_id,KEEP
GSE313017,Reactome_id,KEEP
GSE313017,Reactome_name,KEEP
GSE313017,Reactome_pathway_description,KEEP
GSE313017,Reactome_pathway_id,KEEP
GSE313017,Swissprot_description,KEEP
GSE313017,Swissprot_name,KEEP
GSE313017,shCHTOP,KEEP
GSE313017,shCHTOP1,KEEP
GSE313017,shCHTOP2,KEEP
GSE313017,shCHTOP3,KEEP
GSE313035,1-008,KEEP
GSE313035,1-009,KEEP
GSE313035,1-010,KEEP
GSE313035,1-014,KEEP
GSE313035,1-016,KEEP
GSE313035,1-019,KEEP
GSE313035,1-020,KEEP
GSE313035,1-023,KEEP
GSE313035,1-027,KEEP
GSE313035,1-028,KEEP
GSE313035,1-029,KEEP
GSE313035,1-030,KEEP
GSE313035,1-033,KEEP
GSE313035,1-037,KEEP
GSE313035,1-038,KEEP
GSE313035,2-002,KEEP
GSE313035,2-005,KEEP
GSE313035,2-009,KEEP
GSE313035,2-011,KEEP
GSE313035,2-012,KEEP
GSE313035,2-013,KEEP
GSE313035,3-001,KEEP
GSE313035,3-003,KEEP
GSE313035,4-001,KEEP
GSE313035,4-004,KEEP
GSE313035,4-005,KEEP
GSE313035,4-006,KEEP
GSE313035,4-010,KEEP
GSE313035,4-014,KEEP
GSE313035,4-018,KEEP
GSE313460,HT29BP_1,KEEP
GSE313460,HT29BP_2,KEEP
GSE313460,HT29BP_3,KEEP
GSE313460,HT29CRA_1,KEEP
GSE313460,HT29CRA_2,KEEP
GSE313460,HT29CRA_3,KEEP
GSE313460,HT29C_1,KEEP
GSE313460,HT29C_2,KEEP
GSE313460,HT29C_3,KEEP
GSE314343,1,KEEP
GSE314343,10,KEEP
GSE314343,11,KEEP
GSE314343,12,KEEP
GSE314343,13,KEEP
GSE314343,14,KEEP
GSE314343,15,KEEP
GSE314343,16,KEEP
GSE314343,17,KEEP
GSE314343,18,KEEP
GSE314343,19,KEEP
GSE314343,2,KEEP
GSE314343,20,KEEP
GSE314343,21,KEEP
GSE314343,22,KEEP
GSE314343,23,KEEP
GSE314343,24,KEEP
GSE314343,3,KEEP
GSE314343,4,KEEP
GSE314343,5,KEEP
GSE314343,6,KEEP
GSE314343,7,KEEP
GSE314343,8,KEEP
GSE314343,9,KEEP
GSE314628,19747_C_Colon_Adcrcnma_Trtd,KEEP
GSE314628,19748_C_Colon_Adcrcnma_Trtd,KEEP
GSE314628,19749_C_Colon_Adcrcnma_Trtd,KEEP
GSE314628,19750_C_Colon_Adcrcnma_Trtd,KEEP
GSE314628,19751_C_Colon_Adcrcnma_Trtd,KEEP
GSE314628,19752_C_Colon_Adcrcnma_Trtd,KEEP
GSE314628,19753_C_Colon_Adcrcnma_Trtd,KEEP
GSE314628,19754_C_Colon_Adcrcnma_Trtd,KEEP
GSE314628,19755_C_Colon_Adcrcnma_Trtd,KEEP
GSE314628,19756_C_Colon_Adcrcnma_Trtd,KEEP
GSE314628,19757_C_Colon_Adcrcnma_Trtd,KEEP
GSE314628,19758_C_Colon_Adcrcnma_Trtd,KEEP
GSE314628,19759_C_Colon_Adcrcnma_Trtd,KEEP
GSE314628,19760_C_Colon_Adcrcnma_Trtd,KEEP
GSE314628,19761_C_Colon_Adcrcnma_Trtd,KEEP
GSE314628,19762_C_Colon_Adcrcnma_Trtd,KEEP
GSE314628,19763_C_Colon_Adcrcnma_Trtd,KEEP
GSE314628,19764_C_Colon_Adcrcnma_Trtd,KEEP
GSE314628,19765_C_Colon_Adcrcnma_Trtd,KEEP
GSE314628,19766_C_Colon_Adcrcnma_Trtd,KEEP
GSE314628,19767_C_Colon_Adcrcnma_Trtd,KEEP
GSE314628,19768_C_Colon_Adcrcnma_Trtd,KEEP
GSE314628,19769_C_Colon_Adcrcnma_Trtd,KEEP
GSE314628,19770_C_Colon_Adcrcnma_Trtd,KEEP
GSE314628,19771_C_Colon_Adcrcnma_Trtd,KEEP
GSE314628,19772_C_Colon_Adcrcnma_Trtd,KEEP
GSE314628,19773_C_Colon_Adcrcnma_Trtd,KEEP
GSE314628,19774_C_Colon_Adcrcnma_Trtd,KEEP
GSE314628,19775_C_Colon_Adcrcnma_Trtd,KEEP
GSE315227,TE_1,KEEP
GSE315227,TE_2,KEEP
GSE315227,TE_3,KEEP
GSE315227,TN_2,KEEP
GSE315227,TN_3,KEEP
GSE315227,UE_1,KEEP
GSE315227,UE_2,KEEP
GSE315227,UE_3,KEEP
GSE315227,UN_1,KEEP
GSE315227,UN_2,KEEP
GSE315227,UN_3,KEEP
GSE316039,qd100,KEEP
GSE316039,qd102,KEEP
GSE316039,qd112,KEEP
GSE316039,qd114,KEEP
GSE316039,qd118,KEEP
GSE316039,qd148,KEEP
GSE316039,qd150,KEEP
GSE316039,qd168,KEEP
GSE316039,qd170,KEEP
GSE316039,qd172,KEEP
GSE316039,qd174,KEEP
GSE316039,qd176,KEEP
GSE316039,qd178,KEEP
GSE316039,qd180,KEEP
GSE319208,Control-1,KEEP
GSE319208,Control-2,KEEP
GSE319208,Control-3,KEEP
GSE319208,KD-1,KEEP
GSE319208,KD-2,KEEP
GSE319208,KD-3,KEEP
GSE319664,5-FU-1,KEEP
GSE319664,5-FU-2,KEEP
GSE319664,5-FU-4,KEEP
GSE319664,"JB-157,_5-FU-1",KEEP
GSE319664,"JB-157,_5-FU-3",KEEP
GSE319664,"JB-157,_5-FU-5",KEEP
GSE319664,"JB-161,_5-FU-3",KEEP
GSE319745,+;+;+;+;+;+;+;+;+,KEEP
GSE319745,0,KEEP
GSE319745,11869;12010;12179;12613;12613;12975;13221;13221;13453,KEEP
GSE319745,12227;12057;12227;12721;12697;13052;13374;14409;13670,KEEP
GSE319745,1735,KEEP
GSE319745,1;1;1;1;1;1;1;1;1,KEEP
GSE324133,AC_16h_1,KEEP
GSE324133,AC_16h_2,KEEP
GSE324133,AC_16h_3,KEEP
GSE324133,AC_8h_1,KEEP
GSE324133,AC_8h_2,KEEP
GSE324133,AC_8h_3,KEEP
GSE324133,EtOH_16h_1,KEEP
GSE324133,EtOH_16h_2,KEEP
GSE324133,EtOH_16h_3,KEEP
GSE324133,EtOH_8h_2,KEEP
GSE324133,EtOH_8h_3,KEEP
GSE324253,HCT116-cop-1,KEEP
GSE324253,HCT116-cop-2,KEEP
GSE324253,HCT116-cop-3,KEEP
GSE324253,HCT116-ctrl-1,KEEP
GSE324253,HCT116-ctrl-2,KEEP
GSE324253,HCT116-ctrl-3,KEEP
GSE325868,S10Ma,KEEP
GSE325868,S10Ta,KEEP
GSE325868,S11Me,KEEP
GSE325868,S11Te,KEEP
GSE325868,S12Ma,KEEP
GSE325868,S12Ta,KEEP
GSE325868,S13Me,KEEP
GSE325868,S13Te,KEEP
GSE325868,S14Ma,KEEP
GSE325868,S14Ta,KEEP
GSE325868,S15Me,KEEP
GSE325868,S15Te,KEEP
GSE325868,S1Ma,KEEP
GSE325868,S1Ta,KEEP
GSE325868,S2Ma,KEEP
GSE325868,S2Ta,KEEP
GSE325868,S3Ma,KEEP
GSE325868,S3Ta,KEEP
GSE325868,S4Ma,KEEP
GSE325868,S4Ta,KEEP
GSE325868,S5Me,KEEP
GSE325868,S5Te,KEEP
GSE325868,S6Me,KEEP
GSE325868,S6Te,KEEP
GSE325868,S7Me,KEEP
GSE325868,S7Te,KEEP
GSE325868,S8Me,KEEP
GSE325868,S8Te,KEEP
GSE325868,S9Ma,KEEP
GSE325868,S9Ta,KEEP
GSE326566,OE-1,KEEP
GSE326923,si_ITGB4,KEEP
GSE326923,si_ITGB4_1,KEEP
GSE326923,si_ITGB4_2,KEEP
GSE326923,si_ITGB4_3,KEEP
GSE326923,si_NC,KEEP
GSE326923,si_NC_1,KEEP
GSE326923,si_NC_2,KEEP
GSE326923,si_NC_3,KEEP
GSE327208,MHF_1,KEEP
GSE327208,MHF_2,KEEP
GSE327208,N_1,KEEP
GSE327208,N_2,KEEP
GSE327488,S1,KEEP
GSE327488,S2,KEEP
GSE327488,S3,KEEP
GSE327488,S_SINGLE_1,KEEP
GSE327488,S_SINGLE_2,KEEP
GSE327488,S_SINGLE_3,KEEP
GSE327488,T1,KEEP
GSE327488,T2,KEEP
GSE327488,T3,KEEP
GSE327488,T_SINGLE_1,KEEP
GSE327488,T_SINGLE_2,KEEP
GSE328387,Control1,KEEP
GSE328387,Control2,KEEP
GSE328387,Control3,KEEP
GSE328387,ENZ_1,KEEP
GSE328387,ENZ_2,KEEP
GSE328387,ENZ_3,KEEP
GSE329293,B1T1_Eat_S3_L001.counts,KEEP
GSE329293,B1T1_SW620_S5_L001.counts,KEEP
GSE329293,B1T1_UE_S1_L001.counts,KEEP
GSE329293,B1T2_Eat_S8_L001.counts,KEEP
GSE329293,B1T2_SW620_S10_L001.counts,KEEP
GSE329293,B1T2_UE_S6_L001.counts,KEEP
GSE329293,B2T1_Eat_S13_L001.counts,KEEP
GSE329293,B2T1_SW620_S15_L001.counts,KEEP
GSE329293,B2T1_UE_S11_L001.counts,KEEP
GSE329293,B2T2_Eat_S18_L001.counts,KEEP
GSE329293,B2T2_SW620_S20_L001.counts,KEEP
GSE329293,B2T2_UE_S16_L001.counts,KEEP
GSE329984,SW_37RT_21_09_0,KEEP
GSE329984,SW_37RT_21_09_24,KEEP
GSE329984,SW_37RT_24_10_0,KEEP
GSE329984,SW_37RT_24_10_24,KEEP
GSE329984,SW_37RT_25_10_0,KEEP
GSE329984,SW_37RT_25_10_24,KEEP
GSE329984,SW_37_21_09_0,KEEP
GSE329984,SW_37_21_09_24,KEEP
GSE329984,SW_37_24_10_0,KEEP
GSE329984,SW_37_24_10_24,KEEP
GSE329984,SW_37_9b_0,KEEP
GSE329984,SW_37_9b_24,KEEP
GSE329984,SW_42RT_10_0,KEEP
GSE329984,SW_42RT_10_24,KEEP
GSE329984,SW_42RT_10b_0,KEEP
GSE329984,SW_42RT_10b_24,KEEP
GSE329984,SW_42RT_24_10_0,KEEP
GSE329984,SW_42RT_24_10_24,KEEP
GSE329984,SW_42_09_11_0,KEEP
GSE329984,SW_42_09_11_24,KEEP
GSE329984,SW_42_24_10_0,KEEP
GSE329984,SW_42_24_10_24,KEEP
GSE329984,SW_42_25_10_0,KEEP
GSE329984,SW_42_25_10_24,KEEP
GSE329984,SW_44_25_10_0,KEEP
GSE329984,SW_44_25_10_24,KEEP
GSE329984,SW_44_4_0,KEEP
GSE329984,SW_44_4_24,KEEP
GSE329984,SW_44_4b_0,KEEP
GSE329984,SW_44_4b_24,KEEP
GSE329984,SW_AMRF-RT_11_10_0,KEEP
GSE329984,SW_AMRF-RT_11_10_24,KEEP
GSE329984,SW_AMRF-RT_15_11_0,KEEP
GSE329984,SW_AMRF-RT_15_11_24,KEEP
GSE329984,SW_AMRF-RT_21_11A_0,KEEP
GSE329984,SW_AMRF-RT_21_11A_24,KEEP
GSE329984,SW_AMRF_02_08_0,KEEP
GSE329984,SW_AMRF_02_08_24,KEEP
GSE329984,SW_AMRF_22_11_0,KEEP
GSE329984,SW_AMRF_22_11_24,KEEP
GSE329984,SW_AMRF_26_07_0,KEEP
GSE329984,SW_AMRF_26_07_24,KEEP
GSE329984,SW_RFRT_21_09_0,KEEP
GSE329984,SW_RFRT_21_09_24,KEEP
GSE329984,SW_RFRT_24_10_0,KEEP
GSE329984,SW_RFRT_24_10_24,KEEP
GSE329984,SW_RFRT_30_08_0,KEEP
GSE329984,SW_RFRT_30_08_24,KEEP
GSE329984,SW_RF_01_08_0,KEEP
GSE329984,SW_RF_01_08_24,KEEP
GSE329984,SW_RF_09_11_0,KEEP
GSE329984,SW_RF_09_11_24,KEEP
GSE329984,SW_RF_23_11_0,KEEP
GSE329984,SW_RF_23_11_24,KEEP
GSE329984,U_37RT_3b_0,KEEP
GSE329984,U_37RT_3b_24,KEEP
GSE329984,U_37RT_3c_0,KEEP
GSE329984,U_37RT_3c_24,KEEP
GSE329984,U_37RT_7_11_0,KEEP
GSE329984,U_37RT_7_11_24,KEEP
GSE329984,U_37_6b_0,KEEP
GSE329984,U_37_6b_24,KEEP
GSE329984,U_37_6c_0,KEEP
GSE329984,U_37_6c_24,KEEP
GSE329984,U_37_7_11_0,KEEP
GSE329984,U_37_7_11_24,KEEP
GSE329984,U_42RT_20_09_0,KEEP
GSE329984,U_42RT_20_09_24,KEEP
GSE329984,U_42RT_2_0,KEEP
GSE329984,U_42RT_2_24,KEEP
GSE329984,U_42RT_7_11_0,KEEP
GSE329984,U_42RT_7_11_24,KEEP
GSE329984,U_42_26_10_0,KEEP
GSE329984,U_42_26_10_24,KEEP
GSE329984,U_42_27_07_0,KEEP
GSE329984,U_42_27_07_24,KEEP
GSE329984,U_42_7_11_0,KEEP
GSE329984,U_42_7_11_24,KEEP
GSE329984,U_44_03_08_0,KEEP
GSE329984,U_44_03_08_24,KEEP
GSE329984,U_44_7_0,KEEP
GSE329984,U_44_7b_0,KEEP
GSE329984,U_44_7b_24,KEEP
GSE329984,U_44_7c_24,KEEP
GSE329984,U_AMRF-RT_10_10_0,KEEP
GSE329984,U_AMRF-RT_10_10_24,KEEP
GSE329984,U_AMRF-RT_20_11B_0,KEEP
GSE329984,U_AMRF-RT_20_11B_24,KEEP
GSE329984,U_AMRF-RT_22_01_0,KEEP
GSE329984,U_AMRF-RT_22_01_24,KEEP
GSE329984,U_AMRF_03_08_0,KEEP
GSE329984,U_AMRF_16_01_0,KEEP
GSE329984,U_AMRF_16_01_24,KEEP
GSE329984,U_AMRF_18_01_0,KEEP
GSE329984,U_AMRF_18_01_24,KEEP
GSE329984,U_AMRF_31_07_24,KEEP
GSE329984,U_RFRT_22_01_0,KEEP
GSE329984,U_RFRT_22_01_24,KEEP
GSE329984,U_RFRT_23_01_0,KEEP
GSE329984,U_RFRT_23_01_24,KEEP
GSE329984,U_RFRT_7_11_0,KEEP
GSE329984,U_RFRT_7_11_24,KEEP
GSE329984,U_RF_26_10_0,KEEP
GSE329984,U_RF_26_10_24,KEEP
GSE329984,U_RF_27_07_0,KEEP
GSE329984,U_RF_27_07_24,KEEP
GSE329984,U_RF_27_11_0,KEEP
GSE329984,U_RF_27_11_24,KEEP
GSE330032,C_1.Markdup.bam,KEEP
GSE330032,C_2.Markdup.bam,KEEP
GSE330032,T_1.Markdup.bam,KEEP
GSE330032,T_2.Markdup.bam,KEEP
GSE330465,X11680001C,KEEP
GSE330465,X11680002C,KEEP
GSE330465,X11680003C,KEEP
GSE330465,X11680004C,KEEP
GSE330465,X11680005C,KEEP
GSE330465,X11680006C,KEEP
GSE330465,X11680007C,KEEP
GSE330465,X11680008C,KEEP
GSE330465,X11680009C,KEEP
GSE330465,X11680011C,KEEP
GSE330465,X11680012C,KEEP
GSE330465,X11680013C,KEEP
GSE330465,X11680014C,KEEP
GSE330465,X11680016C,KEEP
GSE330465,X11680017C,KEEP
GSE330465,X11680018C,KEEP
GSE330465,X11680020C,KEEP
GSE330465,X11680021C,KEEP
GSE330465,X11680022C,KEEP
GSE330465,X11680023C,KEEP
GSE330465,X11680024C,KEEP
GSE330465,X11680025C,KEEP
GSE330465,X11680026C,KEEP
GSE330465,X11680027C,KEEP
GSE330465,X11680028C,KEEP
GSE330465,X11680029C,KEEP
GSE330465,X11680031C,KEEP
GSE330465,X11680032C,KEEP
GSE330465,X11680033C,KEEP
GSE330465,X11680034C,KEEP
GSE330465,X11680035C,KEEP
GSE330465,X11680036C,KEEP
GSE330465,X11680037C,KEEP
GSE330465,X11680038C,KEEP
GSE330465,X11680039C,KEEP
GSE330465,X11680040C,KEEP
GSE330465,X11680041C,KEEP
GSE330465,X11680042C,KEEP
GSE330465,X11680043C,KEEP
GSE330465,X11680044C,KEEP
GSE330465,X11680045C,KEEP
GSE330465,X11680046C,KEEP
GSE330465,X11680047C,KEEP
GSE330465,X11680048C,KEEP
GSE330465,X11680049C,KEEP
GSE330465,X11680050C,KEEP
GSE330465,X11680051C,KEEP
GSE330465,X11680052C,KEEP
GSE330465,X11680053C,KEEP
GSE330465,X11680054C,KEEP
GSE330465,X11680055C,KEEP
GSE330465,X11680056C,KEEP
GSE330465,X11680057C,KEEP
GSE330465,X11680058C,KEEP
GSE330465,X11680059C,KEEP
GSE330465,X11680060C,KEEP
GSE330465,X11680061C,KEEP
GSE330465,X11680062C,KEEP
GSE330465,X11680063C,KEEP
GSE330465,X11680064C,KEEP
GSE330465,X11680065C,KEEP
GSE330465,X11680066C,KEEP
GSE330465,X11680067C,KEEP
GSE330465,X11680068C,KEEP
GSE330465,X11680069C,KEEP
GSE330465,X11680070C,KEEP
GSE330465,X11680071C,KEEP
GSE330465,X11680073C,KEEP
GSE330465,X11680075C,KEEP
GSE330465,X11680076C,KEEP
GSE330465,X11680077C,KEEP
GSE330465,X11680078C,KEEP
GSE330465,X11680079C,KEEP
GSE330465,X11680080C,KEEP
GSE330465,X11680081C,KEEP
GSE330465,X11680082C,KEEP
GSE330465,X11680083C,KEEP
GSE330465,X11680084C,KEEP
GSE330465,X11680085C,KEEP
GSE330465,X11680086C,KEEP
GSE330465,X11680087C,KEEP
GSE330465,X11680088C,KEEP
GSE330465,X11680089C,KEEP
GSE330465,X11680090C,KEEP
GSE330465,X11680091C,KEEP
GSE330465,X11680092C,KEEP
GSE330465,X11680093C,KEEP
GSE330465,X11680094C,KEEP
GSE330465,X11680095C,KEEP
GSE330465,X11680096C,KEEP
GSE330465,X11680097C,KEEP
GSE330465,X11680098C,KEEP
GSE330465,X11680100C,KEEP
GSE330465,X11680101C,KEEP
GSE330465,X11680102C,KEEP
GSE330465,X11680103C,KEEP
GSE330465,X11680104C,KEEP
GSE330465,X11680105C,KEEP
GSE330465,X11680107C,KEEP
GSE330465,X11680111C,KEEP
GSE330465,X11680112C,KEEP
GSE330465,X11680116C,KEEP
GSE330465,X11680118C,KEEP
GSE330465,X11680119C,KEEP
GSE333323,GO_BP,KEEP
GSE333323,GO_CC,KEEP
GSE333323,GO_MF,KEEP
GSE333323,KO,KEEP
GSE333323,Pathway,KEEP
GSE333323,si-NC1_FPKM,KEEP
GSE333323,si-NC1_count,KEEP
GSE333323,si-NC2_FPKM,KEEP
GSE333323,si-NC2_count,KEEP
GSE333323,si-NC3_FPKM,KEEP
GSE333323,si-NC3_count,KEEP
GSE333323,si-STRIP2_1_FPKM,KEEP
GSE333323,si-STRIP2_1_count,KEEP
GSE333323,si-STRIP2_2_FPKM,KEEP
GSE333323,si-STRIP2_2_count,KEEP
GSE333323,si-STRIP2_3_FPKM,KEEP
GSE333323,si-STRIP2_3_count,KEEP
GSE333995,H_NC_1,KEEP
GSE333995,H_NC_2,KEEP
GSE333995,H_NC_3,KEEP
GSE333995,H_OE_1,KEEP
GSE333995,H_OE_2,KEEP
GSE333995,H_OE_3,KEEP
GSE333995,H_sh_1,KEEP
GSE333995,H_sh_2,KEEP
GSE333995,H_sh_3,KEEP
GSE335441,S1,KEEP
GSE335441,S2,KEEP
GSE335441,S3,KEEP
GSE335441,S4,KEEP
GSE335441,S5,KEEP
GSE335441,S6,KEEP
GSE335441,S7,KEEP
GSE335441,S8,KEEP
GSE335441,S9,KEEP
GSE335441,T10,KEEP
GSE335441,T11,KEEP
GSE335441,T12,KEEP
GSE335441,T13,KEEP
GSE335441,T14,KEEP
GSE335441,T15,KEEP
GSE335441,T16,KEEP
GSE335441,T17,KEEP
GSE335441,T18,KEEP
GSE335477,OC003xAA,KEEP
GSE335477,OC003xDMSO,KEEP
GSE335477,OC011xAA,KEEP
GSE335477,OC012xAA,KEEP
GSE335477,OC012xDMSO,KEEP
GSE335477,OC017xAA,KEEP
GSE335477,OC017xDMSO,KEEP
GSE335477,OC018xAA,KEEP
GSE335477,OC018xDMSO,KEEP
GSE336319,Control__culture1__replicate1_count,KEEP
GSE336319,Control__culture1__replicate1_cpm,KEEP
GSE336319,Control__culture1__replicate2_count,KEEP
GSE336319,Control__culture1__replicate2_cpm,KEEP
GSE336319,Control__culture2__replicate1_count,KEEP
GSE336319,Control__culture2__replicate1_cpm,KEEP
GSE336319,Control__culture2__replicate2_count,KEEP
GSE336319,Control__culture2__replicate2_cpm,KEEP
GSE336319,ZFP36L2_gRNA1_generated_clone1__replicate1_count,KEEP
GSE336319,ZFP36L2_gRNA1_generated_clone1__replicate1_cpm,KEEP
GSE336319,ZFP36L2_gRNA1_generated_clone1__replicate2_count,KEEP
GSE336319,ZFP36L2_gRNA1_generated_clone1__replicate2_cpm,KEEP
GSE336319,ZFP36L2_gRNA1_generated_clone2__replicate1_count,KEEP
GSE336319,ZFP36L2_gRNA1_generated_clone2__replicate1_cpm,KEEP
GSE336319,ZFP36L2_gRNA1_generated_clone2__replicate2_count,KEEP
GSE336319,ZFP36L2_gRNA1_generated_clone2__replicate2_cpm,KEEP
GSE336319,ZFP36L2_gRNA2_generated_clone1__replicate1_count,KEEP
GSE336319,ZFP36L2_gRNA2_generated_clone1__replicate1_cpm,KEEP
GSE336319,ZFP36L2_gRNA2_generated_clone1__replicate2_count,KEEP
GSE336319,ZFP36L2_gRNA2_generated_clone1__replicate2_cpm,KEEP
GSE336319,ZFP36L2_gRNA2_generated_clone2__replicate1_count,KEEP
GSE336319,ZFP36L2_gRNA2_generated_clone2__replicate1_cpm,KEEP
GSE336319,ZFP36L2_gRNA2_generated_clone2__replicate2_count,KEEP
GSE336319,ZFP36L2_gRNA2_generated_clone2__replicate2_cpm,KEEP
GSE337374,N1,KEEP
GSE337374,N2,KEEP
GSE337374,N3,KEEP
GSE337374,P1,KEEP
GSE337374,P2,KEEP
GSE337374,P3,KEEP
GSE337675,HEK293T.WT1,KEEP
GSE337675,HEK293T.WT2,KEEP
GSE337675,HEK293T_1304_Rep1,KEEP
GSE337675,HEK293T_1304_Rep2,KEEP
GSE337675,HEK293T_1304_Rep3,KEEP
GSE337675,HEK293T_1541_Rep1,KEEP
GSE337675,HEK293T_1541_Rep2,KEEP
GSE337675,HEK293T_1541_Rep3,KEEP
GSE337675,HEK293T_479_Rep1,KEEP
GSE337675,HEK293T_479_Rep2,KEEP
GSE337675,HEK293T_479_Rep3,KEEP
GSE337675,HEK293T_StopsCTRL_Rep1,KEEP
GSE337675,HEK293T_StopsCTRL_Rep2,KEEP
GSE337675,HEK293T_StopsCTRL_Rep3,KEEP
GSE338053,FU_96h_1,KEEP
GSE338053,FU_96h_2,KEEP
GSE338053,GO_id,KEEP
GSE338053,GO_term,KEEP
GSE338053,HAA_96h_1,KEEP
GSE338053,HAA_96h_2,KEEP
GSE338053,HAA_FU_96h_1,KEEP
GSE338053,HAA_FU_96h_2,KEEP
GSE338053,Reactome_ID,KEEP
GSE338053,Reactome_term,KEEP
GSE338053,con1,KEEP
GSE338053,con2,KEEP
GSE338053,gene_Dbxref,KEEP
GSE338053,pathway,KEEP
GSE338053,pathway_description,KEEP
GSE338053,wiki_ID,KEEP
GSE338053,wiki_term,KEEP
GSE338197,C1L-RRM4-swap_rescue_25d_rep1,KEEP
GSE338197,C1L-RRM4-swap_rescue_25d_rep2,KEEP
GSE338197,C4L-RRM4-swap_rescue_48h_rep2,KEEP
GSE338197,C4L-RRM4-swap_rescue_48h_rep3,KEEP
GSE338197,C5-RRM4-swap_rescue_48h_rep1,KEEP
GSE338197,C5-RRM4-swap_rescue_48h_rep3,KEEP
GSE338197,Null_rescue_48h_rep2,KEEP
GSE338197,Null_rescue_no_depletion_25d_rep1,KEEP
GSE338197,Null_rescue_no_depletion_25d_rep2,KEEP
GSE338197,PABP1212_rescue_25d_rep1,KEEP
GSE338197,PABP1212_rescue_25d_rep2,KEEP
GSE338197,PABP1212_rescue_25d_rep3,KEEP
GSE338197,PABPC1_rescue_25d_rep1,KEEP
GSE338197,PABPC1_rescue_25d_rep2,KEEP
GSE338197,PABPC1_rescue_25d_rep3,KEEP
GSE338197,PABPC1_rescue_48h_rep1,KEEP
GSE338197,PABPC1_rescue_48h_rep2,KEEP
GSE338197,PABPC4_rescue_25d_rep2,KEEP
GSE338197,PABPC4_rescue_25d_rep3,KEEP
GSE338197,S.c.PAB1-RRM4-swap_rescue_25d_rep1,KEEP
GSE338197,S.c.PAB1-RRM4-swap_rescue_25d_rep2,KEEP
GSE338197,S.c.PAB1-RRM4-swap_rescue_25d_rep3,KEEP
GSE344100,DO,KEEP
GSE344100,EC,KEEP
GSE344100,FPKM.HCT_2D1,KEEP
GSE344100,FPKM.HCT_2D2,KEEP
GSE344100,FPKM.HCT_2D3,KEEP
GSE344100,FPKM.HCT_3D1,KEEP
GSE344100,FPKM.HCT_3D2,KEEP
GSE344100,FPKM.HCT_3D3,KEEP
GSE344100,GO,KEEP
GSE344100,KEGG,KEEP
GSE344100,KO_ENTRY,KEEP
GSE344100,Reactome,KEEP
GSE344100,count.HCT_2D1,KEEP
GSE344100,count.HCT_2D2,KEEP
GSE344100,count.HCT_2D3,KEEP
GSE344100,count.HCT_3D1,KEEP
GSE344100,count.HCT_3D2,KEEP
GSE344100,count.HCT_3D3,KEEP
GSE344100,transcript_id,KEEP
GSE344104,A1_KRASimmnoDOX,KEEP
GSE344104,A2_KRASimmDOX,KEEP
GSE344104,A5_KRASdelnoDOX,KEEP
GSE344104,A6_KRASdelDOX,KEEP
GSE344104,B1_KRASimmnoDOX,KEEP
GSE344104,B2_KRASimmDOX,KEEP
GSE344104,B5_KRASdelnoDOX,KEEP
GSE344104,B6_KRASdelDOX,KEEP
GSE344104,C1_KRASimmnoDOX,KEEP
GSE344104,C2_KRASimmDOX,KEEP
GSE344104,C5_KRASdelnoDOX,KEEP
GSE344104,C6_KRASdelDOX,KEEP
GSE348945,Normal_A,KEEP
GSE348945,Normal_B,KEEP
GSE348945,Normal_C,KEEP
GSE348945,Normal_D,KEEP
GSE348945,Normal_E,KEEP
GSE348945,Normal_F,KEEP
GSE348945,Normal_G,KEEP
GSE348945,Normal_H,KEEP
GSE348945,Normal_I,KEEP
GSE348945,Normal_J,KEEP
GSE348945,Tumor_A,KEEP
GSE348945,Tumor_B,KEEP
GSE348945,Tumor_C,KEEP
GSE348945,Tumor_D,KEEP
GSE348945,Tumor_E,KEEP
GSE348945,Tumor_F,KEEP
GSE348945,Tumor_G,KEEP
GSE348945,Tumor_H,KEEP
GSE348945,Tumor_I,KEEP
GSE348945,Tumor_J,KEEP
GSE349327,SW480_1,KEEP
GSE349327,SW480_2,KEEP
GSE349327,SW620_1,KEEP
GSE349327,SW620_2,KEEP
GSE72577,DKO1-cell-1,KEEP
GSE72577,DKO1-cell-2,KEEP
GSE72577,DKO1-exosome-1,KEEP
GSE72577,DKO1-exosome-2,KEEP
GSE72577,DKO1-exosome-3,KEEP
GSE72577,DKS8-cell-1,KEEP
GSE72577,DKS8-cell-2,KEEP
GSE72577,DKS8-exosome-1,KEEP
GSE72577,DKS8-exosome-2,KEEP
GSE72577,DKS8-exosome-3,KEEP
GSE72577,DLD1-cell-1,KEEP
GSE72577,DLD1-cell-2,KEEP
GSE72577,DLD1-exosome-1,KEEP
GSE72577,DLD1-exosome-2,KEEP
GSE72577,DLD1-exosome-3,KEEP
GSE72955,AU565,KEEP
GSE72955,COLO205,KEEP
GSE72955,HTB38,KEEP
GSE72955,MB157,KEEP
GSE72955,MG_42,KEEP
GSE72955,MG_8,KEEP
GSE72955,NCIH508,KEEP
GSE72955,T98G,KEEP
GSE72955,U87,KEEP
GSE79395,SCR1,KEEP
GSE79395,SCR2,KEEP
GSE79395,SCR3,KEEP
GSE79395,siADNP2,KEEP
GSE79395,siADNP3,KEEP
GSE86179,mock_1,KEEP
GSE86179,mock_2,KEEP
GSE86179,siControl_1,KEEP
GSE86179,siControl_2,KEEP
GSE86179,siLong1_1,KEEP
GSE86179,siLong1_2,KEEP
GSE86179,siLong2_1,KEEP
GSE86179,siLong2_2,KEEP
GSE86179,siTotal1_1,KEEP
GSE86179,siTotal1_2,KEEP
GSE86179,siTotal2_1,KEEP
GSE86179,siTotal2_2,KEEP
GSE86219,HD_pol1,KEEP
GSE86219,HD_pol2,KEEP
GSE86219,HN_pol1,KEEP
GSE86219,HN_pol2,KEEP
GSE86219,MD_pol1,KEEP
GSE86219,MD_pol2,KEEP
GSE86219,MN_pol1,KEEP
GSE86219,MN_pol2,KEEP
GSE86219,SD_pol2,KEEP
GSE86219,SD_pol3,KEEP
GSE86219,SN_pol2,KEEP
GSE86219,SN_pol3,KEEP
GSE86221,S1556_wtHCT_dmso1,KEEP
GSE86221,S1557_koHCT_dmso1,KEEP
GSE86221,S1562_wtHCT_nutlin1,KEEP
GSE86221,S1563_koHCT_nutlin1,KEEP
GSE86221,S1564_wtHCT_dmso2,KEEP
GSE86221,S1565_koHCT_dmso2,KEEP
GSE86221,S1570_wtHCT_nutlin2,KEEP
GSE86221,S1571_koHCT_nutlin2,KEEP
GSE86221,S1586_MCF7_dmso1,KEEP
GSE86221,S1587_MCF7_nutlin1,KEEP
GSE86221,S1590_SJSA_dmso1,KEEP
GSE86221,S1591_SJSA_nutlin1,KEEP
GSE86221,S1602_SJSA_dmso2,KEEP
GSE86221,S1603_SJSA_nutlin2,KEEP
GSE86221,S1618_MCF7_dmso2,KEEP
GSE86221,S1619_MCF7_nutlin2,KEEP
GSE90599,siChe-1,KEEP
GSE90599,siChe-1_4H,KEEP
GSE90599,siControl,KEEP
GSE90599,siControl_4H,KEEP
GSE90830,C135,KEEP
GSE90830,C70,KEEP
GSE90830,CACO2,KEEP
GSE90830,COLO201,KEEP
GSE90830,COLO320,KEEP
GSE90830,DIFI,KEEP
GSE90830,DLD1,KEEP
GSE90830,GEO,KEEP
GSE90830,HCC2998,KEEP
GSE90830,HCT15,KEEP
GSE90830,HRA19,KEEP
GSE90830,IS1,KEEP
GSE90830,IS2,KEEP
GSE90830,LIM1215,KEEP
GSE90830,LIM2537,KEEP
GSE90830,NCIH747,KEEP
GSE90830,RKO,KEEP
GSE90830,SW1222,KEEP
GSE90830,SW480,KEEP
GSE90830,SW620,KEEP
GSE90830,T84,KEEP
GSE90830,VACO4S,KEEP
GSE95542,VCH1.gene_erc_ensmbl.countsHT.txt,KEEP
GSE95542,VCL1.gene_erc_ensmbl.countsHT.txt,KEEP
GSE98922,TreatmentA1,KEEP
GSE98922,TreatmentA2,KEEP
GSE98922,TreatmentA3,KEEP
GSE98922,TreatmentD1,KEEP
GSE98922,TreatmentD2,KEEP
GSE98922,TreatmentD3,KEEP
GSE98922,control2,KEEP
GSE98922,control3,KEEP
GSE99015,A427PIM1000_1,KEEP
GSE99015,A427PIM1000_2,KEEP
GSE99015,A427PIM1000_3,KEEP
GSE99015,A427PIM100_1,KEEP
GSE99015,A427PIM100_2,KEEP
GSE99015,A427PIM100_3,KEEP
GSE99015,A427PIM10_1,KEEP
GSE99015,A427PIM10_2,KEEP
GSE99015,A427PIM10_3,KEEP
GSE99015,A427PIM_SAR1000_1,KEEP
GSE99015,A427PIM_SAR1000_2,KEEP
GSE99015,A427PIM_SAR1000_3,KEEP
GSE99015,A427PIM_SAR100_1,KEEP
GSE99015,A427PIM_SAR100_2,KEEP
GSE99015,A427PIM_SAR100_3,KEEP
GSE99015,A427PIM_SAR10_1,KEEP
GSE99015,A427PIM_SAR10_2,KEEP
GSE99015,A427PIM_SAR10_3,KEEP
GSE99015,A427SAR1000_1,KEEP
GSE99015,A427SAR1000_2,KEEP
GSE99015,A427SAR1000_3,KEEP
GSE99015,A427SAR100_1,KEEP
GSE99015,A427SAR100_2,KEEP
GSE99015,A427SAR100_3,KEEP
GSE99015,A427SAR10_1,KEEP
GSE99015,A427SAR10_2,KEEP
GSE99015,A427SAR10_3,KEEP
GSE99015,A427VEH_1,KEEP
GSE99015,A427VEH_2,KEEP
GSE99015,A427VEH_3,KEEP
GSE99015,A427ZERO_1,KEEP
GSE99015,A427ZERO_2,KEEP
GSE99015,A427ZERO_3,KEEP
GSE99015,DV90PIM1000_1,KEEP
GSE99015,DV90PIM1000_2,KEEP
GSE99015,DV90PIM1000_3,KEEP
GSE99015,DV90PIM100_1,KEEP
GSE99015,DV90PIM100_2,KEEP
GSE99015,DV90PIM100_3,KEEP
GSE99015,DV90PIM10_1,KEEP
GSE99015,DV90PIM10_2,KEEP
GSE99015,DV90PIM10_3,KEEP
GSE99015,DV90PIM_SAR1000_1,KEEP
GSE99015,DV90PIM_SAR1000_2,KEEP
GSE99015,DV90PIM_SAR1000_3,KEEP
GSE99015,DV90PIM_SAR100_1,KEEP
GSE99015,DV90PIM_SAR100_2,KEEP
GSE99015,DV90PIM_SAR100_3,KEEP
GSE99015,DV90PIM_SAR10_1,KEEP
GSE99015,DV90PIM_SAR10_2,KEEP
GSE99015,DV90PIM_SAR10_3,KEEP
GSE99015,DV90SAR1000_1,KEEP
GSE99015,DV90SAR1000_2,KEEP
GSE99015,DV90SAR1000_3,KEEP
GSE99015,DV90SAR100_1,KEEP
GSE99015,DV90SAR100_2,KEEP
GSE99015,DV90SAR100_3,KEEP
GSE99015,DV90SAR10_1,KEEP
GSE99015,DV90SAR10_2,KEEP
GSE99015,DV90SAR10_3,KEEP
GSE99015,DV90VEH_1,KEEP
GSE99015,DV90VEH_2,KEEP
GSE99015,DV90VEH_3,KEEP
GSE99015,DV90ZERO_1,KEEP
GSE99015,DV90ZERO_2,KEEP
GSE99015,DV90ZERO_3,KEEP
GSE99015,H1944PIM1000_1,KEEP
GSE99015,H1944PIM1000_2,KEEP
GSE99015,H1944PIM1000_3,KEEP
GSE99015,H1944PIM100_1,KEEP
GSE99015,H1944PIM100_2,KEEP
GSE99015,H1944PIM100_3,KEEP
GSE99015,H1944PIM10_1,KEEP
GSE99015,H1944PIM10_2,KEEP
GSE99015,H1944PIM10_3,KEEP
GSE99015,H1944PIM_SAR1000_1,KEEP
GSE99015,H1944PIM_SAR1000_2,KEEP
GSE99015,H1944PIM_SAR1000_3,KEEP
GSE99015,H1944PIM_SAR100_1,KEEP
GSE99015,H1944PIM_SAR100_2,KEEP
GSE99015,H1944PIM_SAR100_3,KEEP
GSE99015,H1944PIM_SAR10_1,KEEP
GSE99015,H1944PIM_SAR10_2,KEEP
GSE99015,H1944PIM_SAR10_3,KEEP
GSE99015,H1944SAR1000_1,KEEP
GSE99015,H1944SAR1000_2,KEEP
GSE99015,H1944SAR1000_3,KEEP
GSE99015,H1944SAR100_1,KEEP
GSE99015,H1944SAR100_2,KEEP
GSE99015,H1944SAR100_3,KEEP
GSE99015,H1944SAR10_1,KEEP
GSE99015,H1944SAR10_2,KEEP
GSE99015,H1944SAR10_3,KEEP
GSE99015,H1944VEH_1,KEEP
GSE99015,H1944VEH_2,KEEP
GSE99015,H1944VEH_3,KEEP
GSE99015,H1944ZERO_1,KEEP
GSE99015,H1944ZERO_2,KEEP
GSE99015,H1944ZERO_3,KEEP
GSE99015,H358PIM1000_1,KEEP
GSE99015,H358PIM1000_2,KEEP
GSE99015,H358PIM1000_3,KEEP
GSE99015,H358PIM100_1,KEEP
GSE99015,H358PIM100_2,KEEP
GSE99015,H358PIM100_3,KEEP
GSE99015,H358PIM10_1,KEEP
GSE99015,H358PIM10_2,KEEP
GSE99015,H358PIM10_3,KEEP
GSE99015,H358PIM_SAR1000_1,KEEP
GSE99015,H358PIM_SAR1000_2,KEEP
GSE99015,H358PIM_SAR1000_3,KEEP
GSE99015,H358PIM_SAR100_1,KEEP
GSE99015,H358PIM_SAR100_2,KEEP
GSE99015,H358PIM_SAR100_3,KEEP
GSE99015,H358PIM_SAR10_1,KEEP
GSE99015,H358PIM_SAR10_2,KEEP
GSE99015,H358PIM_SAR10_3,KEEP
GSE99015,H358SAR1000_1,KEEP
GSE99015,H358SAR1000_2,KEEP
GSE99015,H358SAR1000_3,KEEP
GSE99015,H358SAR100_1,KEEP
GSE99015,H358SAR100_2,KEEP
GSE99015,H358SAR100_3,KEEP
GSE99015,H358SAR10_1,KEEP
GSE99015,H358SAR10_2,KEEP
GSE99015,H358SAR10_3,KEEP
GSE99015,H358VEH_1,KEEP
GSE99015,H358VEH_2,KEEP
GSE99015,H358VEH_3,KEEP
GSE99015,H358ZERO_1,KEEP
GSE99015,H358ZERO_2,KEEP
GSE99015,H358ZERO_3,KEEP
GSE99015,LU99APIM1000_1,KEEP
GSE99015,LU99APIM1000_2,KEEP
GSE99015,LU99APIM1000_3,KEEP
GSE99015,LU99APIM100_1,KEEP
GSE99015,LU99APIM100_2,KEEP
GSE99015,LU99APIM100_3,KEEP
GSE99015,LU99APIM10_1,KEEP
GSE99015,LU99APIM10_2,KEEP
GSE99015,LU99APIM10_3,KEEP
GSE99015,LU99APIM_SAR1000_1,KEEP
GSE99015,LU99APIM_SAR1000_2,KEEP
GSE99015,LU99APIM_SAR1000_3,KEEP
GSE99015,LU99APIM_SAR100_1,KEEP
GSE99015,LU99APIM_SAR100_2,KEEP
GSE99015,LU99APIM_SAR100_3,KEEP
GSE99015,LU99APIM_SAR10_1,KEEP
GSE99015,LU99APIM_SAR10_2,KEEP
GSE99015,LU99APIM_SAR10_3,KEEP
GSE99015,LU99ASAR1000_1,KEEP
GSE99015,LU99ASAR1000_2,KEEP
GSE99015,LU99ASAR1000_3,KEEP
GSE99015,LU99ASAR100_1,KEEP
GSE99015,LU99ASAR100_2,KEEP
GSE99015,LU99ASAR100_3,KEEP
GSE99015,LU99ASAR10_1,KEEP
GSE99015,LU99ASAR10_2,KEEP
GSE99015,LU99ASAR10_3,KEEP
GSE99015,LU99AVEH_1,KEEP
GSE99015,LU99AVEH_2,KEEP
GSE99015,LU99AVEH_3,KEEP
GSE99015,LU99AZERO_1,KEEP
GSE99015,LU99AZERO_2,KEEP
GSE99015,LU99AZERO_3,KEEP
GSE99015,SW1573PIM1000_1,KEEP
GSE99015,SW1573PIM1000_2,KEEP
GSE99015,SW1573PIM1000_3,KEEP
GSE99015,SW1573PIM100_1,KEEP
GSE99015,SW1573PIM100_2,KEEP
GSE99015,SW1573PIM100_3,KEEP
GSE99015,SW1573PIM10_1,KEEP
GSE99015,SW1573PIM10_2,KEEP
GSE99015,SW1573PIM10_3,KEEP
GSE99015,SW1573PIM_SAR1000_1,KEEP
GSE99015,SW1573PIM_SAR1000_2,KEEP
GSE99015,SW1573PIM_SAR1000_3,KEEP
GSE99015,SW1573PIM_SAR100_1,KEEP
GSE99015,SW1573PIM_SAR100_2,KEEP
GSE99015,SW1573PIM_SAR100_3,KEEP
GSE99015,SW1573PIM_SAR10_1,KEEP
GSE99015,SW1573PIM_SAR10_2,KEEP
GSE99015,SW1573PIM_SAR10_3,KEEP
GSE99015,SW1573SAR1000_1,KEEP
GSE99015,SW1573SAR1000_2,KEEP
GSE99015,SW1573SAR1000_3,KEEP
GSE99015,SW1573SAR100_1,KEEP
GSE99015,SW1573SAR100_2,KEEP
GSE99015,SW1573SAR100_3,KEEP
GSE99015,SW1573SAR10_1,KEEP
GSE99015,SW1573SAR10_2,KEEP
GSE99015,SW1573SAR10_3,KEEP
GSE99015,SW1573VEH_1,KEEP
GSE99015,SW1573VEH_2,KEEP
GSE99015,SW1573VEH_3,KEEP
GSE99015,SW1573ZERO_1,KEEP
GSE99015,SW1573ZERO_2,KEEP
GSE99015,SW1573ZERO_3,KEEP
GSE99897,P0022,KEEP
GSE99897,P0028,KEEP
GSE99897,P0048,KEEP
GSE99897,P0112,KEEP
GSE99897,P0123,KEEP
GSE99897,P0160,KEEP
GSE99897,P0291,KEEP
GSE99897,P0294,KEEP
GSE99897,P0300,KEEP
GSE99897,P0311,KEEP
