gse	n_samples	title	pdat	suppfile
GSE100243	23	Transcriptome of locally advanced colorectal tumours	2019/05/02	TXT
GSE100408	30	Probing the Roles of SUMOylation in Cancer Cell Biology Using a Selective SAE inhibitor	2017/09/01	TXT
GSE100785	24	RNA-Seq on the effect of VitaminD on colonic and tumor organoids	2019/07/21	CSV, XLS
GSE101061	12	Oncogenic Serine-Threonine Kinase Receptor Associated Protein Supports Hepatocellular Carcinoma Cell Growth by Enhancing Wnt/β-catenin Signaling	2018/09/03	XLSX
GSE101342	12	Differentially expressed genes post knock down of lincDUSP26	2018/05/17	CSV, XLSX
GSE101386	9	RNA-seq analysis of various colon cancer cell lines with TET2 overexpression	2020/07/12	TXT
GSE101526	16	PolyA RNA-seq from HCT116 (WT and CDK8as/as) cells in normoxia or hypoxia and treated with DMSO or 3MB-PP1	2017/11/07	BIGWIG, TXT
GSE101540	16	RNA-seq of cancer cell lines treated with T-025	2018/05/01	TXT
GSE101588	17	A Low-cost Multiplex Biomarker Assay Stratifies Colorectal Cancer Patient Samples into Clinically-relevant Subtypes: Singapore Cohort RNA-seq	2019/03/04	TXT
GSE101668	12	PRDM1 inhibits proliferation of human colon cancer organoids	2017/07/21	CSV, FPKM_TRACKING, TXT
GSE102357	32	hnRNPC regulates cancer-specific alternative cleavage and polyadenylation profiles	2019/06/01	BIGWIG, BW
GSE102634	4	MTA1 interacts with primary RNAs to regulate expression and AS by protein dependent manner [CLIP]	2021/01/04	BED, TXT
GSE102635	6	MTA1 interacts with primary RNAs to regulate expression and AS by protein dependent manner [RNA]	2021/01/04	TXT
GSE102744	8	Gene  expression profiles of ibrutinib-responsive and ibrutinib non-responsive cells in ERBB4 expressing cancer cell lines	2018/02/07	TXT
GSE102852	24	The deregulated microRNAome contributes to the cellular response to aneuploidy [mRNA]	2018/02/09	TXT
GSE102923	9	Modulation of gene transcription and epigenetics of colon carcinoma cells by bacterial membrane vesicles	2017/08/23	CSV
GSE104016	2	RNA-Seq analysis of HCT-116 colon cancer cells upon lysophosphatidic acid treatment	2020/09/19	TXT
GSE104103	13	SOX9 has distinct regulatory roles in alternative splicing and transcription	2018/06/14	TXT, XLSX
GSE104178	6	RNA-Sequencing approach for the identification of novel long non-coding RNA biomarkers in colorectal cancer	2018/02/14	CSV
GSE104608	6	Epigenetic Inactivation of Cysteine Dioxygenase Type 1 Contributes to ROS-dependent Progression of Colorectal Cancer	2019/12/01	TXT
GSE104837	48	RNA-seq of YB5 cells treated with HH1	2018/10/26	TXT
GSE105094	36	RNA sequencing of HCT116 and HKE3 colorectal cancer cell lines before and after stimulation with TGF-alpha	2019/09/18	TXT
GSE106119	18	Stromal Mir-20a modulates paracrine CXCL8 secretion in colitis and colon cancer	2019/06/26	CSV
GSE106166	6	Chromatin de-condensation by switching substrate elasticity	2018/08/22	TXT
GSE106169	9	Polyol pathway links glucose metabolism to the aggressiveness of cancer cells	2018/05/01	TXT
GSE106378	9	HNF4alpha P1 and P2 isoforms regulate different gene networks in the colorectal cancer cell line Caco2/15.	2018/06/26	TSV
GSE106407	2	Transcriptome analysis by RNA sequencing after treatment with JIB-04 in colorectal cancer	2018/11/01	GTF
GSE106696	2	RNA-seq analysis of gene expression in scramble and GPR126 knockdown colon cancer cells (HT-29)	2017/11/09	XLS
GSE106886	16	Cohesin loss eliminates all loop domains [PRO-Seq]	2017/11/15	TDF, TXT
GSE106920	8	Tissue-specific transcription reprogramming promotes liver metastasis of colorectal cancer (RNA-Seq)	2020/06/30	TXT
GSE107422	110	Gene expression profiling study to identify key markers associated with disease recurrence in colorectal cancers.	2019/10/29	TXT
GSE107605	8	Role of differential mRNA processing by oncogenic KRAS in colon cancer	2026/08/24	CSV, RDATA
GSE107748	15	A gene expression signature for NOTCH receptor activation	2019/12/31	TXT
GSE107980	6	RING-finger protein 6 amplification activates JAK/STAT3 pathway by modifying SHP-1 ubiquitylation and associates with poor outcome in colorectal cancer	2018/03/12	TXT
GSE108050	36	Expression data in LoVo cells treated with MEK inhibitor	2018/02/25	TXT
GSE108140	16	Identification of Differentially Expressed Splice Variants by the Proteogenomic Pipeline Splicify	2017/12/16	BED, GFF, TXT
GSE108177	30	Total RNA-seq of cancer cells with inhibition of DNA and/or histone methylation	2018/05/16	CSV
GSE108191	40	HDAC Inhibitor-Induced Acetylation of KRAS Confers A Pro-Oncogenic Effect Limiting Treatment Response in Colorectal Cancer	2019/03/31	TSV
GSE108317	5	Colorectal Adenomas and Consensus Molecular Subtyping	2018/12/19	TXT
GSE108834	8	TIP60 represses activation of endogenous retroviral elements	2019/12/01	CSV
GSE108907	6	RNA sequencing to study transcriptomic changes in DLD-1 (colorectal adenocarcinoma) cells exposed to soft polyacrylamide matrices (~2 kPa and ~55 kPa) for short time scale of 90 minutes	2018/04/05	FA, XLSX
GSE108989	12	Lineage tracking reveals dynamic relationships of T cells in colorectal cancer	2018/10/29	TAB, TXT
GSE109203	15	The Epigenetic dysregulation of lncRNA on gene expression in Colorectal tumor [RNA-seq]	2020/12/07	GTF
GSE109607	30	Mechanistic insights into anti-cancer properties of oligomeric proanthocyanidins from grape seeds in colorectal cancer	2018/02/28	CSV
GSE109968	3	Genome-wide maps of upregulated or downregulated genes in reconstituted SW48O KOEMT cells without or with a nuclear PTEN (C124S) mutant	2020/12/31	TXT
GSE110536	13	Active BRAF-V600E is the key player in generation of a sessile serrated polyp-specific DNA methylation profile (RNA-seq data set)	2018/04/09	TXT, XLSX
GSE110649	36	RNA sequencing of wildtype-KRAS HKE3 (wtHKE3) and mutant-KRAS HKE3 (mtHKE3) colorectal cancer cell lines before and after stimulation with TGF-alpha	2019/09/18	TXT
GSE110989	10	Analysis of gene expression in co-culture of PBMCs with colon cancer cell lines by High-Throughput Sequencing	2020/12/31	TXT
GSE110990	16	Activation of the VEGFC/VEGFR3 pathway induces cancer immune escape through tumor-associated lymphatic vessels and macrophages in colorectal cancer	2020/03/17	TAB
GSE111084	8	A20 regulates canonical wnt-signaling through an interaction with RIPK4	2018/04/04	TXT
GSE111741	2	RNA-seq analysis of colorectal cancer cell line (CRC) SW1116 overexpressed POLR1D	2018/03/13	TXT
GSE112280	9	Analysis of gene expression in co-culture of PBMCs with breast cancer cell lines by High-Throughput Sequencing	2021/12/31	TXT
GSE112565	16	Gene Expression Profiling of Estrogen Signaling in Colon Cancer Cell Line [CRC Project]	2021/03/05	TXT
GSE112568	8	Gene Expression Profiling of Estrogen Signaling in Colon Cancer Cell Line [CRC Project_addendum]	2021/03/05	TXT
GSE112569	24	Gene Expression Profiling of Estrogen Signaling in Colon Cancer Cell Line	2021/03/05	
GSE112590	3	Silencing of BEX2 promotes colorectal cancer metastasis through Hedgehog signaling pathway	2019/12/19	TXT
GSE112941	57	Molecular variability of patient-derived colon tumor xenografts	2018/12/19	TXT
GSE113218	12	Epigenetic changes induced by Bacteroides fragilis toxin (BFT) [RNA-seq]	2018/04/18	TSV
GSE113581	15	Determining effects of microbial metabolite, Urolithin A on colon epithelial cells	2019/10/07	TXT
GSE113585	24	Profiling of colorectal tumor-infiltrating CD8 T cells according to their expression status of CD39	2018/05/17	TXT
GSE113590	32	Profiling of tumor-infiltrating CD8 T cells according to their expression status of CD39	2018/05/17	
GSE113678	11	Role of cohesin in cancer development	2019/02/21	TAB
GSE113682	16	p53 activation induces targetable dependence on FLIPL	2020/04/25	TXT
GSE113751	34	Translational control through differential ribosome pausing during amino acid limitation in mammalian cells	2018/07/19	TSV
GSE113856	6	TGF-β promotes the conversion of human CD5low cDC2s to tolerogenic CD5high cDC2s	2022/01/01	CSV, TXT
GSE114012	64	Identifying dormant cells in colorectal cancer spheroids	2018/05/21	TXT
GSE114013	16	Identifying the molecular mode of action of itraconazole in colorectal cancer	2018/05/21	TXT
GSE114014	80	Itraconazole targets cell cycle heterogeneity in colorectal cancer	2018/05/21	TXT
GSE114946	16	The NORAD lncRNA assembles a topoisomerase complex critical for genome stability [RNA-seq]	2018/08/27	TXT
GSE114953	26	The NORAD lncRNA assembles a topoisomerase complex critical for genome stability	2018/08/27	
GSE115305	12	Self-associated molecular patterns mediate cancer immune evasion by engagement of Siglec receptors	2018/12/26	TXT
GSE115429	10	The NORAD lncRNA assembles a topoisomerase complex critical for genome stability [CLIP-seq]	2018/08/27	NARROWPEAK
GSE115646	185	The regulatory impact of RNA-binding proteins on microRNA targeting	2021/07/09	BED, TXT
GSE116087	12	A role for p53 in the adaptation to glutamine starvation through the expression of Slc1a3	2018/06/28	TSV
GSE116213	4	Transcriptomic data of parent and NAPE-PLD deteled Caco-2 cells	2021/06/23	TXT
GSE116521	2	RNA-sequencing analysis of differentially expressed genes (DEGs) induced by STC2 overexpression in colorectal cancer cells	2019/07/02	XLSX
GSE116631	8	SFPQ depletion is synthetically lethal with BRAFV600E in colorectal cancer cells I	2019/12/31	TSV
GSE116823	12	LHX9 rescues KRAS suppression through transcriptional regulation of YAP1 [RNA-Seq]	2018/12/01	TXT
GSE118105	2	Next generation sequencing facilities quantitative analysis of negative control HCT116 cells and 5MP1-overexpressed HCT116 cells.	2018/08/04	TXT
GSE118490	6	Transcriptomic analysis of trametinib-resistant HCT116 colorectal carcinoma cells compared to the parental control cells	2018/10/23	TXT, XLSX
GSE118548	12	Transcriptomic analysis of T84 colon carcinoma cell line treated with trametinib, JQ1 or their combination	2018/10/23	XLSX
GSE119013	5	Effect for target mRNA degradation by methylated microRNAs	2018/08/25	TXT
GSE119866	6	A novel lncRNA lncRNA-AF339830 promotes colorectal carcinogenesis and glucose metabolism by stabilizing and specifying the transcription modification pattern of c-Myc [RNA-Seq]	2019/07/08	TXT
GSE119900	8	mRNA expression analysis of human lung cancer cell line CUTO-3 and colorectal cancer cell line KM12-luc treated with TRK inhibitor CH7057288	2018/09/14	XLSX
GSE119947	4	Chromatin conformation dynamics are essential to control the transcription of INK4/ARF locus	2024/08/01	FPKM_TRACKING
GSE119968	20	An optimised protocol harnessing laser capture microdissection for transcriptomic analysis on matched primary and metastatic colorectal tumours to identify novel biomarker	2020/01/23	TXT
GSE120028	19	Transcriptomic analysis of advanced solid tumors in first-in-human phase 1 study of IT1208, a defucosylated humanized anti-CD4 depleting antibody  [3'SAGE-seq]	2019/08/06	TXT
GSE120065	52	A comprehensive transcriptome portrait of colorectal cancer derived organoid at single cell levels (Single cell RNA-seq)	2022/05/05	TXT
GSE120101	105	T-cell receptor repertoire analysis of advanced solid tumors in first-in-human phase 1 study of IT1208, a defucosylated humanized anti-CD4 depleting antibody [TCR-seq]	2019/08/06	TXT
GSE120102	124	TCR repertoire and transcriptomic analyses of advanced solid tumors in first-in-human phase 1 study of IT1208, a defucosylated humanized anti-CD4 depleting antibody	2019/08/06	TXT
GSE120106	12	Vitamin D and Wnt3A have additive and partially overlapping modulatory effects on gene expression and phenotype in human colon fibroblasts	2019/05/30	XLSX
GSE121043	6	Integrated multi-omics approach reveals a role of ALDH1A1 in lipid metabolism in human colon cancer cells	2019/10/08	TXT
GSE121117	6	SHP2 Drives Adaptive Resistance to ERK Signaling Inhibition in Molecularly Defined Subsets of ERK-dependent Tumors	2018/10/12	CSV
GSE121149	12	RNA sequencing analysis of necroptosis related genes in TBZ treated HT-29 cells.	2019/12/31	GTF, TXT
GSE121207	8	Oncogenic HOXB8 is driven by MYC-regulated super-enhancer and potentiates colorectal cancer invasiveness via BACH1 [RNA-seq]	2019/10/04	XLSX
GSE121309	4	Single cell analysis reveals dynamics of transposable element expression following epigenetic de-repression	2020/01/01	TXT
GSE121454	6	A comprehensive transcriptome portrait of colorectal cancer derived organoid at single cell levels (Bulk RNA-seq)	2022/05/05	TXT
GSE121455	58	A comprehensive transcriptome portrait of colorectal cancer derived organoid at single cell levels	2022/05/05	TXT
GSE121461	3	EnD-Seq and AppEnD: Sequencing 3' ends to identify non-templated tails and degradation intermediates	2018/11/30	TXT
GSE121553	4	Integrative genomic analyses revealed colorectal cancer susceptibility genes in risk loci identified in genome-wide association studies	2018/10/23	TXT
GSE121621	6	ZFP90 promotes colorectal carcinogenesis and stemness [RNA-seq]	2020/10/01	TXT
GSE121964	27	Diverse Long RNAs Are Differentially Sorted into Extracellular Vesicles Secreted by Colorectal Cancer Cells	2018/10/31	TXT
GSE122246	24	RNA sequencing reveals PNN as a predictive biomarker of clinical outcome in stage III colorectal cancer patients treated with adjuvant chemotherapy	2020/05/03	TXT
GSE122527	4	RNA sequencing of keratinocytes with or without LRG1 addition	2019/11/11	XLSX
GSE122534	2	Knockdown IGF-1R triggers viral RNA sensors MDA5- and RIG-1-mediated the mitochondrial apoptosis in colonic cancer cells	2019/11/30	XLS
GSE122582	272	Human lineage tracing enabled by mitochondrial mutations and single cell genomics [CRC_scRNA]	2019/02/28	TXT
GSE122583	3	Human lineage tracing enabled by mitochondrial mutations and single cell genomics [CRC_ATAC]	2019/02/28	TSV
GSE122587	5	Insights into the mechanism underlying the therapeutic effects of raspberry ketone on human colorectal carcinoma cells revealed by RNA sequencing and bioinformatics analysis	2022/10/01	TXT
GSE122761	6	Acetylation of spliceosome protein PHF5A modulates stress responses and colorectal carcinogenesis through alternative splicing mediated upregulation of KDM3A	2018/11/22	TXT
GSE123416	12	RNA-seq of human colorectal cancer cells in presence and absence of ZEB1	2023/07/31	XLSX
GSE123734	8	Functional dissection of MIEN1 trans-regulation provides new evidence for colorectal cancer genome editing-based therapeutics	2020/12/12	TXT
GSE123807	12	Combined MEKi (GDC-0973) and WNT (G007-LK) treatment in APC and KRAS mutant HCT-15 cell line	2019/04/22	TXT
GSE123957	6	RNA-binding chromatin modifier MTA1 regulates mitotic transition and tumorigenesis by orchestrating mitotic mRNA processing [Non-synchronized RNA-seq]	2020/07/17	TXT
GSE123958	16	RNA-binding chromatin modifier MTA1 regulates mitotic transition and tumorigenesis by orchestrating mitotic mRNA processing [Synchronized RNA-seq]	2020/07/17	TXT
GSE124189	30	The mevalonate pathway is required for pyrimidine synthesis and survival of p53-deficient colon cancer cells in metabolically compromised environments	2019/11/15	TXT
GSE124395	319	A Human Liver Cell Atlas reveals Heterogeneity and Epithelial Progenitors 	2019/06/18	CSV, RDATA, TXT
GSE124526	6	A recurrently amplified long noncoding RNA in colorectal cancer regulates p53 protein stability through GRWD1/RPL11/MDM2 axis [RNA-seq]	2019/12/31	XLS
GSE124993	6	Genome-wide profiling of mutant p53 unveils a subset of lncRNAs correlated with colorectal cancer stemness maintenance [RNA-seq]	2021/01/20	TXT
GSE125247	2	Compare of gene expression between p16INK4A positive and negative Colon cancer [2017HC070]	2019/01/18	TXT, XLSX
GSE125248	2	Compare of gene expression between p16INK4A positive and negative Colon cancer [2018HC067]	2019/01/18	TXT, XLSX
GSE125250	2	Compare of gene expression between p16INK4A positive and negative Colon cancer [2018HC100]	2019/01/18	TXT, XLSX
GSE125251	2	Compare of gene expression between p16INK4A positive and negative Colon cancer [2018HC173]	2019/01/18	TXT, XLSX
GSE125252	2	Compare of gene expression between p16INK4A positive and negative Colon cancer [2018HC346]	2019/01/18	TXT, XLSX
GSE125253	10	Compare of gene expression between p16INK4A positive and negative regions of colon cancer from five patients	2019/01/18	
GSE125282	15	TMED9-gated CNIH4 and TGFa signaling promotes pro-metastatic states in human primary colon cancer cells	2019/07/01	XLSX
GSE125342	12	Effect of sodium hydrosulfide on gene expression of intestinal epithelial cells	2020/01/01	TXT
GSE125382	40	Gene expression profiling of human colon cancer cell lines implanted in colon and liver of mice	2019/07/08	TSV
GSE125453	12	RNA-sequencing analysis examining how the Vibrio cholerae MARTX toxin and its inidividual effector domains modulate the transcriptome of human intestinal epithelial cells.	2019/01/23	XLSX
GSE125472	12	Human colon organoids reveal distinct physiologic and oncogenic Wnt responses	2019/02/11	TXT
GSE125512	22	Intracerebral Hemorrhage Induces Inflammatory Gene Expression in Peripheral Blood: Global Transcriptional Profiling in ICH Patients	2019/04/21	XLS
GSE125578	30	Human colon organoids reveal distinct physiologic and oncogenic Wnt responses II	2019/02/11	CSV
GSE125648	6	RNA-sequencing analysis for gene expression profiles affected by CASC9 knockdown	2019/06/24	TXT
GSE125852	39	Effect of the twelve isoforms of Hepatocyte nuclear factor 4 alpha on HCT116 cell line transcriptome	2019/06/28	TSV, TXT
GSE125920	12	Genome-wide screen of transcription co-regulators identifies GLIS2 as a repressor for p53 target genes [RNA-seq]	2020/05/01	TXT
GSE126109	10	RNA sequencing analysis of selumetinib-resistant CRC cells lines	2019/03/11	TXT
GSE126311	12	DNMT3B has oncogenic activity but evidence suggests that it does not promote CIMP nor cooperate with activated BRAFV600E in human intestinal cancer. (RNA-Seq)	2020/02/18	CSV, DIFF
GSE126504	6	Next Generation Sequencing Facilitates Quantitative Analysis of SW480 cells and HPSE-knockdown SW480 cells Transcriptomes	2019/02/14	TXT
GSE126868	8	Diverse Compounds from Pleuromutilin Lead to a Thioredoxin Inhibitor and Inducer of Ferroptosis	2019/04/22	TXT, XLSX
GSE127905	8	Oncogenic Antisense LncRNA P14AS Regulates Expression of ANRIL through AUF1 Binding	2019/03/07	XLSX
GSE127934	14	Correlation between immune lymphoid cells and plasmacytoid DCs in colon cancer	2021/03/16	TXT
GSE128070	38	Synthetic lethality between VPS4A and VPS4B triggers   an inflammatory response in colorectal cancer	2019/11/16	TXT
GSE128257	6	RNA-seq of RKO cells with cTAZ KO or putback	2019/03/16	TXT
GSE128385	32	BI-3406, a potent and selective SOS1::KRAS interaction inhibitor, is effective in KRAS-driven cancers through combined MEK inhibition	2020/08/20	TXT
GSE128416	79	RNA sequencing on HT29 colorectal cancer cell line	2020/09/30	TXT
GSE128465	9	LINC00266-1-encoded peptide regulates mRNA splicing	2020/12/21	XLSX
GSE128748	12	RNA-seq analysis of dolastatin 15 treatment in HCT116 cells	2020/03/22	TXT
GSE128804	4	Serine racemase is required for colorectal tumor growth and a potential therapeutic target.	2020/01/29	TXT
GSE128998	6	SNHG15 is a bifunctional MYC-regulated noncoding locus encoding a lncRNA that promotes cell proliferation, invasion and drug resistance in colorectal cancer by interacting with AIF	2019/03/29	TXT
GSE129231	5	Transcriptome wide identification of retained introns upon depletion of the splicing factors WBP11 or SNW1	2019/04/03	TXT
GSE129268	4	Effect of SMYD3 on MDA-MB-231 breast cancer cells (RNA-seq)	2020/06/30	TXT
GSE129501	16	Transcriptional responses to interferon require Mediator kinase-dependent pause release and mechanistically distinct functions of CDK8 and CDK19	2019/07/15	TXT
GSE129950	6	A novel lncRNA lncRNA-AK096729 promotes colorectal carcinogenesis and glucose metabolism by stabilizing and specifying the transcription modification pattern of c-Myc	2019/10/01	TXT
GSE130012	6	METTL3 promotes carcinogenesis in colorectal cancer	2020/04/13	TXT
GSE130152	19	The bacteroides fragilis(BF) in colorectal carcinogenesis	2020/04/13	TXT
GSE130169	6	Effect of SMYD3 on MCF7 breast cancer cells (RNA-seq)	2022/10/31	TXT
GSE130969	12	Differential Gene expression of furin knockout (KO) DLD1, HCA7 and HT29 colorectal cancer cells	2020/03/15	TXT
GSE131353	10	Gene expression profile of tumor-associated macrophages in human colorectal liver metastasis (CLM)	2020/08/05	BW
GSE131416	24	p53 exon 11 mutants generated by CRISPR/Cas9 result in aberrant alternative splicing.	2020/05/01	TXT
GSE131507	12	Gene regulation by restoration of KMT2C in human colorectal cancer cells HCT116 and RKO	2020/06/01	TXT
GSE131575	4	Differential gene expression upon shRNA-mediated silencing of APC in HT-29 colorectal cancer cells	2020/06/25	TXT
GSE131948	16	Wnt signaling inhibition in human colon cancer cell lines (SW480 and SW620) drives changes in gene programs for cell adhesion, mobility, and cell junction	2020/05/31	TXT
GSE132008	6	Suppression of ribosomal pausing by eIF5A is necessary to maintain the fidelity of start codon selection (RNA-sequencing)	2019/12/03	XLSX
GSE132024	98	Genomic validation of the revised Bethesda criteria in terms of pathogenesis and oncologic significance	2020/11/04	TAB
GSE132226	4	Genomic Signatures Reveal DNA Damage Response Deficiency in Brain Metastases of Colorectal Cancer	2019/06/06	TXT
GSE132257	10	Single cell RNA sequencing of colorectal cancer with diverse tissue dissociation protocols or fresh vs. frozen cell preparations.	2020/04/04	TXT
GSE132363	66	Gene expression profiling of human DLD-1 cells after instant depletion of basket nucleoporins	2020/06/04	TXT
GSE132465	33	Single cell 3' RNA sequencing of 23 Korean colorectal cancer patients	2020/04/04	TXT
GSE132519	4	High-throughput RNA sequencing analysis of human colon cancer cell line HCT116 transfected with LINC00152 siRNA.	2020/02/18	TXT
GSE132868	14	RelA mutants 'reconstituted' and cell cycle synchronized HCT116 Colorectal Cancer Cells	2019/11/01	CSV
GSE133177	33	Functional dissection of RanBP2 and Nup88/Nup214 subcomplex in nucleocytoplasmic transport	2020/06/15	TXT
GSE133286	6	Transcriptional profiling of LS1034 cells treated with tepoxalin	2019/08/08	TXT
GSE133299	17	Discovering the anti-cancer potential of non-oncology drugs by systematic PRISM profiling	2019/08/08	TXT
GSE134095	4	Colorectal cancer cells respond differentially to autophagy inhibition in vivo	2019/07/11	CSV
GSE134097	51	Investigation of transcriptional response upon loss of individual Y-complex nucleoporins	2020/07/10	TXT
GSE134195	14	Next Generation Sequencing Facilitates Quantitative Analysis of Transcriptomes Caused by Dexamethasone Treatment in Cancer Cells	2021/07/12	TXT
GSE134232	12	Investigation of transcriptional response upon loss of RanBP3	2020/07/10	TXT
GSE134442	4	miR-4711-5p regulates the cancer stemness and cell cycle progression through direct binding to KLF5, MDM2 and TFDP1 in colon cancer cells	2020/02/19	TXT
GSE135328	14	Loss of the nuclear Wnt pathway effector TCF7L2 promotes migration and invasion of human colorectal cancer cells	2020/03/20	TXT
GSE135458	8	A precisely positioned MED12 activation helix stimulates CDK8 kinase activity	2020/01/04	TXT
GSE135460	30	Colorectal cancer cell lines with SETDB1 depletion [RNA-seq]	2019/08/07	TXT
GSE135870	20	Suppression of p53 response by blocking p53–Mediator binding with a stapled peptide	2020/08/01	TXT
GSE136011	12	NRF2 signalling associated with radioresistance in colorectal cancer models	2021/08/03	TXT
GSE136040	4	LncRNA LUCRC regulates colorectal cancer cell proliferation and tumorigenesis by targeting endoplasmic reticulum stress response	2020/02/24	BIGWIG
GSE136114	26	Immune microenvironment evolution and tumor metabolism reprograming during treatment of Bevacizumab containing regimen in CLM patients	2020/03/08	TXT
GSE136272	86	Characterization of the menin-MLL interaction as therapeutic cancer target in solid tumor models	2020/02/27	TSV
GSE136369	2	Comparative gene expression in NCI-H716 cells grown in different glucose concentrations	2019/08/27	TSV
GSE136610	237	Fluidigm single-cell RNA-seq analysis for gene signatures associated with T-cell persistence	2020/08/28	TXT
GSE136630	12	RNA-seq access dataset for epigenomics landscape of colorectal cancer	2021/05/22	TAB, TXT
GSE137053	11	Identification of circular RNAs during colorectal cancer progression and metastasis using a preclinical mouse model during LDM topotecan chemotherapy	2021/01/13	XLSX
GSE137155	5	Identification of a STAT2 transcriptome in HCT116 p53 null tumor xenografts	2020/11/17	TXT
GSE137203	6	mRNA expression data of Tumor budding cells and Tumor center cells	2020/09/09	TXT
GSE137327	18	Differential gene expression between human colon cancers and the adjacent nomral colon tissues.	2019/09/13	TXT
GSE137564	3	NKp44+ group3 innate lymphoid cells are associated with tumor progression in human colorectal cancer	2020/04/02	TXT
GSE137779	6	Histone-acetyl Epigenome Regulates TGF-β Pathway-associated Chemoresistance in Colorectal Cancer	2022/09/01	TXT
GSE138202	16	Next Generation Sequencing of CRC tissue	2022/09/30	TXT
GSE138248	8	mRNA sequencing of highly and lowly metastatic human colorectal cancer PDXs	2019/10/02	FPKM_TRACKING, XLSX
GSE138441	8	Knockout of Staufen1 impairs the localization of specific subsets of mRNAs on the mitotic spindle of colorectal cancer cells	2019/10/05	XLSX
GSE138574	12	RNA sequencing analysis of HCT116 cells following 24 hours of metabolic recovery from methionine restriction +/- small molecule treatment.	2020/03/22	TXT
GSE138647	2	Mapping the global chromatin connectivity network in colorectal cancer cell HCT116 and Oxaliplatin-resistant cell HCT116OxR [RNA-seq]	2021/10/01	TXT
GSE138734	921	The RNA Atlas expands the catalog of human non-coding RNAs	2021/04/15	TSV, TXT
GSE139169	6	RUNX2/CBFB modulates the response to MEK inhibitors through activation of receptor tyrosine kinases in KRAS mutant colorectal cancer	2019/10/22	TSV
GSE139455	24	Identification of STAT3 downstream targets involved in chemoradiotherapy resistance	2021/01/25	TXT
GSE139546	16	RNAseq analysis for transcriptomes of colon cancer cell line HCT116 upon p53 and/or iASPP knockdown with or without nutlin treatment	2022/10/29	XLSX
GSE139918	3	Next Generation Sequencing Facilitates Quantitative Analysis of CRC cells with low DUOX2 expression compared with the control group	2021/12/01	TXT
GSE139924	18	LSD1 mediates AKT activity in PIK3CA mutant colorectal cancer [RNA-Seq]	2019/11/06	TXT
GSE140116	6	Exogenous NAD+ induces mucin secretion in LS 174T goblet cells via the PLC-delta/PTGES/PKC-delta/ERK1/2/CREB signalling pathway	2020/05/21	TXT
GSE140198	20	RNA-seq analysis of colorectal cancer cell lines HT29-POLR1D-silenced and SW480-POLR1D-silenced	2019/11/12	TXT
GSE140288	2	Enhancing single-cell cellular state inference by incorporating molecular network features	2021/05/12	MTX, TSV
GSE140327	8	Sequencing profiling data of tRNA-derived small RNAs (tsRNAs) in human colorectal cancer.	2021/02/23	TXT
GSE140455	3	Functional genomics of human colon organoids (RNA-Seq)	2020/05/19	TXT
GSE140488	12	BCL9 provides multi-cellular communication properties in colorectal cancer by interacting with paraspeckle proteins	2019/11/16	TXT
GSE140792	4	Identification of differential expressed genes after LAMB3 knockdown in colorectal cancer cells	2020/06/01	TXT
GSE140897	72	Single-cell RNA-sequencing of organoid derived from colon cancer stem cells	2021/03/01	XLSX
GSE140984	12	The role of the Calcium-Sensing receptor in colorectal cancer	2019/11/26	TSV
GSE141126	6	Transcriptome analysis-identified long noncoding RNA CRNDE in maintaining endothelial cell proliferation, migration, and tube formation	2019/12/20	CSV
GSE141746	10	RNA-sequencing	2019/12/11	XLSX
GSE141771	2	Next Generation Sequencing Analysis of control and knockdown of hnRNPU in RKO cells	2022/12/10	XLS
GSE141805	6	The Fusobacterium Nucleatum (Fn) in colorectal carcinogenesis	2021/02/23	TXT
GSE141963	16	eVIP2: Expression-based variant impact phenotyping to predict the function of gene variants	2019/12/13	TSV
GSE142023	2	UTP18 as an oncogene promotes colorectal adenoma to carcinoma progression	2020/05/01	XLSX
GSE142116	12	5' droplet-based single cell RNA sequencing of human colorectal cancer and normal organoids	2020/03/31	TXT
GSE142247	12	RNA-seq analysis of DLD-1 cell lines expressing cDNAs of subunits on human mei-cohesin complexes	2022/09/30	BW, CSV
GSE142279	40	RNA-seq data of 20 pairs of colorectal tumor with matched adjacent normal colorectal tissue	2022/12/16	XLS
GSE142314	12	PRMT1 inhibition induces differentiation of colon cancer cells	2020/11/27	CSV, TSV
GSE142340	24	Optimized high-order low-dose drug mixtures boost selectivity and efficacy of colorectal carcinoma treatment	2020/09/01	TXT
GSE142430	12	PRMT5 promotes cancer cell migration and invasion through the E2F pathway	2020/07/28	TXT
GSE143263	10	Thousands of novel unannotated proteins expand the MHC I immunopeptidome in cancer	2020/08/01	BED, BW, TXT, XLSX
GSE143649	15	Non-biased genome-wide mRNA profiling of triazoloacridone C-1305 effects in human cell lines	2020/05/26	XLSX
GSE143782	36	Colon, rectum and rectal tumor organoids. Effects of calcitriol (active form of Vitamin D) treatment	2020/09/08	XLS, XLSX
GSE144164	4	RNA-seq of ABCE1-knockout cells	2020/07/14	XLSX
GSE144259	9	RNA-seq of CRC tissues	2020/01/27	TXT
GSE144319	5	MUC1-c is a target for suppressing stemness in the progression of colitis and colorectal cancer	2020/10/12	CSV
GSE144506	12	Exogenous and Endogenous Sources of Serine Contribute to Colon Cancer Metabolism and Growth	2021/11/04	TXT
GSE144735	18	Single cell 3' RNA sequencing of 6 Belgian colorectal cancer patients	2020/04/05	TXT
GSE145180	4	RNA-seq of GAP43 overexpressed and control SW620 cancer cells	2020/05/01	XLSX
GSE145249	12	Transcriptional reprogramming of cancer cells upon loss of the PPM1G/PP2Cγ phosphatase	2020/12/31	BW, TXT
GSE145356	25	Colorectal cancer cells possess an equipotent capacity to enter a reversible diapause-like state to survive chemotherapy	2021/01/07	TXT
GSE145407	3	Next Generation Sequencing Profiles Transcriptomes of Control and shDANCR HCT116 Cell Lines	2021/01/13	XLSX
GSE145428	12	Reducing metastases stiffness by targeting fibroblasts improves therapeutic outcome in colorectal cancer [Cells]	2020/05/01	TXT
GSE145429	22	Reducing metastases stiffness by targeting fibroblasts improves therapeutic outcome in colorectal cancer [Tissue]	2020/05/01	TXT
GSE145432	34	Reducing metastases stiffness by targeting fibroblasts improves therapeutic outcome in colorectal cancer	2020/05/01	
GSE145482	8	MANIO: Mechanism of wild-type and mutant p53 activation and therapeutic potential in colorectal cancer	2022/08/30	TXT
GSE145807	12	Transcriptome profile of HCT 116p53-/- and HCT 116p53-/- RPL3 KO during Actinomycin (Act D) treatment	2020/04/13	TXT
GSE146009	65	Immune-Related Gene Expression and Cytokine Secretion is Reduced Among African American Colon Cancer Patients	2020/09/23	TXT
GSE146232	18	The Chromatin Remodeler Chromodomain Helicase DNA Binding Protein 2 Promotes Colorectal Cancer Progression	2025/02/19	TXT
GSE146310	6	Emergent metastatic heterogeneity of primary tumor cells is restricted by the Ig-transmembrane protein VSIG I	2020/11/09	XLSX
GSE146311	9	Emergent metastatic heterogeneity of primary tumor cells is restricted by the Ig-transmembrane protein VSIG II	2020/11/09	XLSX
GSE146312	6	Emergent metastatic heterogeneity of primary tumor cells is restricted by the Ig-transmembrane protein VSIG III	2020/11/09	XLSX
GSE146313	6	Emergent metastatic heterogeneity of primary tumor cells is restricted by the Ig-transmembrane protein VSIG IV	2020/11/09	XLSX
GSE146314	9	Emergent metastatic heterogeneity of primary tumor cells is restricted by the Ig-transmembrane protein VSIG V	2020/11/09	XLSX
GSE146315	9	Emergent metastatic heterogeneity of primary tumor cells is restricted by the Ig-transmembrane protein VSIG VI	2020/11/09	XLSX
GSE146409	151	A single cell atlas of the human liver tumor microenvironment	2020/12/02	CSV, TXT
GSE146501	12	FACSorting cell population depending on their relative expression of VSIG1	2020/11/09	XLS
GSE146676	6	Transcriptomic and epigenomic profiling of H3K27me3 demethylases inhibitor GSK-J4 induced changes in colon cancer cells (RNA-Seq)	2020/09/21	TXT, XLS
GSE146771	20	Single-Cell Analyses Inform Mechanisms of Myeloid-Targeted therapies in colon cancer	2020/04/18	TXT
GSE146889	176	RNA-seq Reveals Differences in Expressed Tumor Mutation Burden in Colorectal and Endometrial Cancer With and Without Defective DNA Mismatch Repair	2020/03/13	TSV
GSE147111	16	The LIM protein Ajuba promotes a metastatic phenotype in colon cancer cells	2020/07/25	CSV
GSE147334	10	RNAi Screening Identifies that TEX10 Promotes the Proliferation of Colorectal Cancer Cells by Increasing NF-κB Activation	2020/10/05	TXT
GSE147456	2	Transcriptome analysis of SRD5A1 knockdown (Dox) and control (KD) in colorectal cancer	2020/03/25	XLSX
GSE147738	4	Gene expression in matched primary and liver metastases	2020/09/16	FPKM_TRACKING
GSE147855	12	To study the function of KLF5 in squamous cancers and gastrointestinal cancers [RNA-seq]	2020/12/09	TXT
GSE147971	17	Medium-throughput drug screening of patient-derived organoids from colorectal peritoneal metastases can be used to guide therapy	2020/05/31	CSV
GSE148345	1441	Zonation of ribosomal DNA transcription defines a stem cell hierarchy in colorectal cancer	2020/04/09	TSV
GSE148347	4	High-throughput automated organoid culture via stem-cell aggregation in microcavity arrays	2020/04/10	CSV
GSE148560	6	Gene expression profiling of human DLD-1 cells after block of CRM1 receptor with Leptomycin B inhibitor.	2020/06/15	TXT
GSE148823	6	ZEB2-mediated EMT in CRC cell line DLD-1	2020/04/18	TXT
GSE148918	16	Modeling Tumor Development and Metastasis using Paired Organoids Derived from Patients with Colorectal Cancer Liver Metastases	2020/10/05	TXT
GSE148996	8	Adaptable durable human endothelial cells for organogenesis and tumorigenesis	2020/05/21	MTX, TSV
GSE149104	7	ALC1 and PARP activities coordinate chromatin accessibility and viability in homologous recombination deficient cells  (RNA-seq)	2020/12/02	TXT
GSE149206	22	Dickkopf 1 Impairs Sensitivity to PD-1 Blockade through CD8+ T Cell Inactivation in dMMR/MSI Colorectal Cancer	2021/04/07	TXT
GSE149224	10	Transcriptome landscape of DNA-damage response at single-cell resolution	2020/08/14	CSV, TXT
GSE149233	6	RNA-seq analysis of HCT116, HCP-1 and DLD-1 cells after IOX1 treatment	2021/01/13	CSV
GSE149241	16	Bacteroides fragilis toxin induces epithelial-to-mesenchymal transition and stem-like phenotype in breast epithelial cells and concomitantly activates Notch and βcatenin axes	2023/04/10	TXT
GSE149262	36	RNA-sequencing analysis of transcriptional changes in DLD-1 KRAS MUT and WT isogenic cells following IL-22 or IL-6 stimulation	2020/04/24	CSV
GSE149370	8	SFPQ depletion is synthetically lethal with BRAFV600E in colorectal cancer cells II	2020/04/27	TSV
GSE149371	16	SFPQ depletion is synthetically lethal with BRAFV600E in colorectal cancer cells	2020/04/27	
GSE149426	6	Overexpression of CYGB led to differential gene expression in HCT116 cells (RNA-seq)	2021/04/12	TXT
GSE149749	12	Colorectal mucosa exposed to free and complement opsonized HIV	2020/09/23	TXT
GSE149783	6	lncSLCC1(RP11-400N13.2)-regulated genes in Colorectal Cancer	2023/05/01	TXT
GSE149867	6	AHR regulated genes in Colorectal Cancer	2023/05/01	TXT
GSE149890	24	Nascent RNA-seq of human AID-NeonGreen-Tpr tagged DLD-1 cells after loss of Tpr nucleoporin	2020/06/15	CSV
GSE150050	28	Tissue-specific transcriptional imprinting and heterogeneity in human innate lymphoid cells revealed by full-length single-cell RNA-sequencing	2020/12/14	CSV, TAR
GSE150134	6	Voltage-gated Sodium Channel SCN5A Promotes Tumor Progression and Enhances Chemosensitivity to 5-Fluorouracil in Colorectal Cancer	2020/05/09	TXT
GSE150261	4	Gene expression profiling of HCT116 cells with or without PHGDH knockout	2021/10/31	TXT
GSE150309	4	Fusobacterium nucleatum Reducing METTL3-mediated m6A Modification Contributes to Colorectal Cancer Aggressiveness [RNA-Seq]	2022/02/07	TXT
GSE150523	4	RNA-seq of Bafilomycin-treated cells	2020/07/14	XLSX
GSE150524	4	RNA-seq of Paraquat-treated cells	2020/07/14	XLSX
GSE150715	8	p53-induced RNA-binding protein ZMAT3 is splicing regulator that inhibits the splicing of oncogenic CD44 variants in CRC [PAR-CLIP_ZMAT3]	2020/12/18	CSV
GSE150716	6	p53-induced RNA-binding protein ZMAT3 is splicing regulator that inhibits the splicing of oncogenic CD44 variants in CRC [RNA-seq_UPF1]	2020/12/18	TXT
GSE150717	12	p53-induced RNA-binding protein ZMAT3 is splicing regulator that inhibits the splicing of oncogenic CD44 variants in CRC [RNA-seq_ZMAT3]	2020/12/18	TXT
GSE150718	26	p53-induced RNA-binding protein ZMAT3 is splicing regulator that inhibits the splicing of oncogenic CD44 variants in CRC	2020/12/18	CSV, TXT
GSE150949	19	Cycling cancer persisters arise from lineages with distinct transcriptional and metabolic programs	2020/05/21	CSV, TXT
GSE151069	6	Generation of an in vitro 3D Engineered Colorectal Cancer Patient-Derived Xenograft Model	2020/05/23	TXT
GSE151165	30	Neutrophils expressing lysyl oxidase-like 4 protein are present in colorectal cancer liver metastases resistant to anti-angiogenic therapy	2020/05/27	XLSX
GSE151934	8	TCF7L2 silencing results in altered gene expression patterns accompanied by local genomic reorganization	2021/01/26	TXT
GSE152195	27	Concurrent depletion of Vps37 proteins evokes inflammatory response and cell growth inhibition via ESCRT-I destabilization.	2020/12/17	TXT
GSE152258	11	Non-canonical immune response to inhibition of DNA methylation via stabilization of dsRNAs from endogenous retroviruses	2021/04/14	TXT
GSE152395	74	Predicting Impact of Myeloid Cells on T Cells Effector Function from Spatial Organization of TiME in CRC	2020/10/01	CSV
GSE152430	49	Next generation sequencing of FFPE human colon cancer samples for validation of ColoType consensus molecular subtype (CMS) assay	2020/07/27	TXT
GSE152745	4	Transcriptomic analysis of APC knock down HCEC 1CT cells compared to the wild type HCEC 1CT cells.	2020/09/25	MTX, TSV
GSE152904	18	FcγRIIB engagement drives agonistic activity of Fc-engineered αOX40 antibody to stimulate human tumor-infiltrating T cells	2020/06/22	TXT
GSE152958	21	Gene expression changes upon siCTNNB1 and compound treatment	2021/05/11	TXT
GSE153412	54	Downregulation of KRAB zinc finger proteins in 5-fluorouracil resistant colorectal cancer cells 	2022/04/13	TSV
GSE153492	3	A novel class of CLK inhibitors that targets SRSF10 and promote p53-mediated cytotoxicity on human colorectal cancer cells	2020/06/30	XLSX
GSE153642	4	CBFβ promotes colorectal tumor growth and metastasis in a RUNX2-dependent manner (RNA-seq)	2021/11/10	TXT
GSE154057	14	Pharmacological modulation of H3K9me2 deposition in human intestinal models and transformed ES cells	2020/12/14	TXT
GSE154429	8	Endogenous miRNA-200b/c activity and regulation explored by a functional dual fluorescence reporter	2020/12/01	CSV
GSE154460	6	CENP-A overexpression promotes aneuploidy and karyotypic heterogeneity	2020/07/16	TXT
GSE154538	26	Blood-Tumor overlapping TCR repertoire predicts the clinical responses of PD-1 blockade in patients with gastrointestinal cancer[RNA-Seq]	2021/07/13	TXT
GSE154548	40	Transcriptomic profiles of advanced colorectal adenomas from 40 Korean patients	2023/08/07	TXT
GSE154646	24	RNA-seq analysis of various colon cancer cell lines treated with TGFb1 and repsox	2020/07/18	TXT
GSE154752	8	Characterization of novel natural compound derivatives with cancer-selective cytotoxicity (RNA-seq dataset 1)	2022/03/04	TXT
GSE154753	8	Characterization of novel natural compound derivatives with cancer-selective cytotoxicity (RNA-seq dataset 2)	2022/03/04	TXT
GSE154754	12	Characterization of novel natural compound derivatives with cancer-selective cytotoxicity (RNA-seq dataset 3)	2022/03/04	TXT
GSE154927	16	Phenotypic plasticity underlies local invasion and distant metastasis in colon cancer (Bulk RNA-Seq)	2020/07/23	TXT
GSE154930	4	Phenotypic plasticity underlies local invasion and distant metastasis in colon cancer (Single cell RNA-Seq)	2020/07/23	TXT
GSE154936	24	Elucidation of remdesivir cytotoxicity pathways through genome-wide CRISPR/Cas9 screening and transcriptomics	2020/09/08	CSV
GSE155162	12	AP-2α Regulates S-phase and is a Marker for Sensitivity to PI3K-inhibitor Buparlisib in Colon Cancer [RNA-seq]	2021/06/01	XLS, XLSX
GSE155343	25	Co-cultivation of colorectal cancer cells and human skin fibroblasts in 3D collagen gel and comparison of co-cultivated fibroblasts with CAFs	2020/10/30	TXT
GSE155354	14	p53 wild-type colorectal cancer cells that express a fetal gene signature are associated with metastasis and poor prognosis	2022/04/08	TXT
GSE155375	16	LoopSeq Synthetic Long Read Sequencing Uncovers Isoform Modulation in the progression of Colon Cancer [RNA-seq]	2021/05/05	WIG, XLSX
GSE155457	18	Genome-wide analysis of the FOXA1 transcriptional network identifies novel protein coding and lncRNA targets in colorectal cancer cells	2020/08/17	BW
GSE155953	4	Capturing tumor heterogeneity in pre- and post-chemotherapy colorectal cancer ascites-derived cells using single-cell RNA-sequencing	2021/12/15	TXT
GSE156082	9	Genome-scale CRISPR-Cas9 screen of Wnt/β-catenin signalling identifies therapeutic targets for Colorectal Cancer (RNA-seq)	2021/05/26	CSV
GSE156103	16	Nucleoporin-93 overexpression overcomes trafficking bottlenecks in metastasis of breast cancer	2021/12/31	XLSX
GSE156172	4	Combination of Sulindac and Bexarotene for Prevention of Intestinal Carcinogenesis in Familial Adenomatous Polyposis	2021/09/01	TXT
GSE156221	6	Anti-cancer activity of Cotyledon orbiculata extract	2020/10/06	TXT
GSE156281	116	Therapy-induced senescence of cancer-associated fibroblasts determines survival in rectal cancer	2023/08/12	TXT
GSE156451	144	Genome-wide analysis of enhancer landscape in colorectal cancer subgroups (RNA-seq)	2021/08/26	TXT
GSE156453	33	In vivo gene expression profile of human intestinal epithelial cells: from the viewpoint of drug metabolism and pharmacokinetics	2021/04/30	XLSX
GSE157016	6	Propionate stimulates MUC2 expression through metabolism of β-oxidation-like pathway that boosts mitochondrial respiration and resultant induction of HIF-2α activation	2024/04/08	TXT, XLSX
GSE157181	12	Exploration of the synergistic mechanism of Gegen Qinlian Decoction on Wnt signaling pathway based on an integrated strategy of network pharmacology and transcriptomics	2023/08/12	TXT
GSE157300	14	Temporal gene regulation by p53 is associated with the rotational setting of its binding motifs in nucleosomes	2021/03/30	TXT
GSE157894	12	Next Generation Sequencing Facilitates Quantitative Analysis of Cystine-regulated Transcriptomes	2021/04/16	TXT
GSE157951	16	Next Generation Sequencing Facilitates Quantitative Analysis of TP53-WT and TP53-KO HCT116 cells transcriptomes [RNA-seq]	2021/02/10	TXT
GSE157982	98	Scottish Colorectal Cancer Vitamin D Intervention Study (SCoViDS) [RNA-seq]	2021/06/22	TXT
GSE158177	12	Straightforward extraction of high-quality RNA from glyoxal-fixed cells facilitates transcriptome analysis after cell staining and sorting by flow cytometry	2020/09/30	TXT
GSE158294	3	Impact of transcription factor ETV1 on HCT116 colon cancer cells.	2020/09/22	TXT
GSE158369	6	Vp1524, a Vibrio parahaemolyticus NAD+ dependent deacetylase, regulates host response during infection by induction of histone deacetylation	2021/09/22	XLSX
GSE158445	6	LncRNA AC010789.1 promotes colorectal cancer progression by targeting microRNA-432-3p/ZEB1 axis and the Wnt/β-catenin signaling pathway	2020/09/24	TXT
GSE158559	53	The molecular subtype in colorectal cancer	2020/09/30	TXT
GSE158591	12	NUDT21 regulates intron detention of the SAM synthetase MAT2A RNA	2021/05/04	BED, TXT
GSE158636	2	Human MSI colon cancer	2021/03/03	H5AD
GSE158692	13	Single-cell sequencing of colorectal cancer liver metastases	2022/11/07	TXT
GSE159051	3	Intrahepatic CD69+ Vd1 T cells recirculate in the blood of patients affected by liver metastatic colorectal cancer and predict their overall survival	2023/10/03	MTX, TSV
GSE159160	4	Raw RNA-seq data from control and Ki-67-depleted HCT116 human colon cancer cells	2021/07/23	XLSX
GSE159351	2	Glucose deprivation induced gene expression	2021/05/01	XLSX
GSE159352	4	EZH2 deficiency induced gene expression change in CRCs	2021/05/01	XLS
GSE159353	6	EphA2-SE-KO RNA-seq	2021/03/18	TXT
GSE159504	2	BCL-XL inhibition induces an FGFR4 mediated rescue response in colorectal cancer	2021/12/22	TXT
GSE159664	6	DNA methylation maintains integrity of higher order genome architecture (RNA-Seq)	2021/09/21	CSV
GSE160089	8	Pharmacological target dysfunction cell  cycle pathways induce vulnerabilities of chemotherapy in colorectal cancer	2023/10/24	TXT
GSE160091	9	Expression landscape of human stromal cells in preclinical trials involving chemotherapeutic and histone demethylase KDM4-targeting agents	2021/03/23	XLS
GSE160306	79	In-depth transcriptomic analyses investigating molecular mechanisms underlying diabetic retinopathy (totalRNA)	2021/04/19	TXT
GSE160515	15	Gene expression and intron retention analysis of bktRNA1-depleted human cells	2023/04/10	TXT
GSE160661	6	RNA-seq analysis on SW480 cells treated with or without YH-620 under hypoxia	2021/06/30	TXT
GSE160686	18	TGFb-blockade uncovers stromal plasticity in tumors by revealing the existence of a novel subset of interferon-licensed fibroblasts [human]	2020/11/03	CSV
GSE161083	6	Transposon-activated POU5F1B promotes colorectal cancer growth and metastasis I	2022/08/02	TAB
GSE161186	6	Next Generation Sequencing Facilitates Quantitative Analysis of  Transcriptomes in negative control and miR-1290 knockdown HCT116 cells	2020/11/11	XLSX
GSE161277	13	Dissecting the Epithelial and Immune Evolution during Colorectal Carcinogenesis by Single-Cell RNA Sequencing	2021/12/30	MTX, TSV
GSE161349	28	RNAseq of CD44v6+ and CD44v6- colon cancer cells	2021/01/18	BW, TXT
GSE161559	38	Sites for Argonaute Binding within Human Nuclear RNA and their Impact on Alternative Splicing	2021/02/10	BW, TXT
GSE161706	12	MAT2A inhibitor in cancer cell lines	2020/12/09	PY, R, XLSX
GSE161963	8	FGF19 facilitates colorectal cancer metastasis through FGFR4-ERK-NF-κB signaling pathway	2023/11/20	TXT
GSE162104	60	RNAseq of primary colorectal cancer cell lines.	2021/01/28	TXT
GSE162297	2	LncRNA ITGB8-AS1 functions as a ceRNA to promote colorectal cancer growth and migration through integrin-mediated focal adhesion signaling	2023/11/28	BIGWIG
GSE162561	12	Adipose stromal cell niche reprograms the colorectal cancer stem cell metastatic machinery	2021/06/28	TXT
GSE162648	20	Identification of response signatures for tankyrase inhibitor treatment in tumor cell lines	2021/06/18	TXT, XLSX
GSE162710	12	Genome-wide characterization of effects of LINC01021 on p53-regulated gene expression in CRC cells	2024/05/15	TXT
GSE162749	24	Impact of TNRC6 isoforms on gene expression and splicing	2021/02/10	SF
GSE162753	4	Transcriptome  analysis of YTHDF2 kockdown(KD) and wildtype(WT) cells in Multiple Myeloma	2022/06/30	XLS
GSE162826	16	STL427944 suppresses FOXM1 via nuclear export and subsequent autophagic degradation	2021/07/21	TXT
GSE162945	20	Stereotactic body radiotherapy is effective in modifying the tumor genome and tumor immune microenvironment in non-small cell lung cancer or lung metastatic carcinoma [RNA-seq]	2020/12/10	CSV
GSE162960	54	High-Throughput Profiling of Colorectal Cancer Liver Metastases Reveals Intra- and Inter-Patient Heterogeneity in the EGFR and WNT Pathways Associated with Clinical Outcome	2022/04/30	CSV
GSE163396	6	SLCO1B3 promotes the progression of colorectal cancer cells by regulating the STAT3 pathway	2021/10/20	TXT
GSE163683	2	EIF2S3 suppresses proliferation and regulates cell cycle  in HL60 cells.	2020/12/23	TXT
GSE163726	22	Pro-inflammatory polarization and colorectal cancer modulate alternative and intronic polyadenylation in primary human macrophages	2023/04/24	BW
GSE163802	32	A PP2A-Integrator complex fine-tunes transcription by opposing CDK9 [3UTR-seq]	2021/05/23	CSV, TDF, TXT
GSE163974	2	Colorectal cancer stem cell states uncovered by simultaneous single-cell analysis of transcriptome and telomeres	2020/12/30	MTX, TSV
GSE164492	24	Next generation sequencing analysis of control and KSR1 knockdown CRC cell line translatomes.	2021/01/10	TXT
GSE164522	17	Single-cell analyses reveal phenotypic linkage between colorectal cancer and liver metastasis	2022/02/12	CSV
GSE164541	15	Identification of genes associated with the onset of colorectal cancer by transcriptomic analyses of the adenoma-carcinoma sequence	2021/08/31	CSV
GSE164730	12	DNA damage contributes to cGAS-STING activation in colon cancer	2021/01/14	TXT
GSE164742	12	RNA-seq analysis of MDA-MB-231 and HCT-166 cells treated with 100 microM H2O2	2022/03/22	TXT
GSE164834	18	Mitochondrial protease Lonp1 localizes to the nucleus in response to heat shock	2022/06/28	TXT
GSE165325	20	Analysis of transcriptional changes associated to proteasome inhibition in HCT-116 human colorectal cancer cells	2021/12/14	TSV
GSE165610	10	CD276 is an important player in macrophage recruitment into the tumor and an upstream regulator for PAI-1	2021/07/28	TXT
GSE165621	12	Characterization of the ALDH1B1-dependent transcriptome in SW480 cells by RNA-seq	2022/06/01	XLSX
GSE165732	18	Ribosome quality control activity potentiates vaccinia virus protein synthesis during infection	2021/04/14	TXT
GSE165814	8	Dysregulation of ILC3s unleashes progression and immunotherapy resistance in colon cancer	2021/07/09	TSV
GSE165875	4	Transcriptome analysis of novel CPT-CEF-treated HT29 colon cancer cells to evaluate drug cytotoxicity	2021/09/15	CSV, TXT
GSE166319	3	Human MSI colon cancer study	2021/03/03	CSV, H5AD
GSE166639	18	Human anogenital monocyte-derived dendritic cells and langerin+ cDC2 are major HIV target cells	2021/03/01	CSV
GSE166783	32	Ribo-Seq experiments in HCT116 WT and TP53-/- cells upon neocarzinostatin treatment	2022/04/13	CSV
GSE166925	96	RNA-sequencing of whole tissue samples from patients with inflammatory bowel disease and colorectal cancer	2021/07/01	TXT
GSE167249	7	Transcriptional profiling of Caco2 cells infected with Encephalitizoon intestinalis	2021/03/18	TXT
GSE167262	4	LSD1 promotes secretory cell specification to drive BRAFmutant colorectal cancer	2021/06/21	CSV
GSE167395	17	Expression profiles of the spheroids derived from colon cancer patients	2021/02/25	XLSX
GSE167473	68	Cancer of Unknown Primary stem-like cells model multi-organ metastasis and unveil liability to MEK inhibition	2021/02/25	TXT
GSE167474	16	Histone N-terminal acetyltransferase NAA40 links one-carbon metabolism to chemoresistance	2021/11/15	TXT
GSE167947	4	Mitochondrial matrix protein C14orf159 attenuates colorectal cancer metastasis through suppression of Wnt/β-catenin signaling	2021/11/02	CSV
GSE168145	9	Colorectal liver metastases-specific lncRNA CRLM1 inhibits apoptosis and promotes metastasis through transcriptional regulation cooperated with hnRNPK [CRLM1_OE]	2022/08/03	TXT
GSE168147	18	Colorectal liver metastases-specific lncRNA CRLM1 inhibits apoptosis and promotes metastasis through transcriptional regulation cooperated with hnRNPK [HNRNPK_OE]	2022/08/03	TXT
GSE168602	23	Gene expression profiling during  treatment of COLO205 cells with selumetinib	2021/03/23	TXT
GSE168888	8	Phosphorylation of Cajal body protein coilin activated by UHMK1 influences the sensitivity of colon cancer cells to 5-FU	2021/03/15	TXT
GSE169211	6	Next Generation Sequencing Facilitates Quantitative Analysis of Wild Type and hnRNPA2B1-KO sw480 cell line Transcriptomes	2021/06/09	CSV
GSE169213	8	Escherichia coli alpha-hemolysin HlyA induces host cell polarity changes, epithelial barrier dysfunction and cell detachment in human colon carcinoma Caco-2 cell model via PTEN-dependent dysregulation	2021/09/01	CSV
GSE169220	2	POU5F1 induces cellular heterogeneity in colorectal cancer	2023/11/29	H5
GSE169567	2	RNA-seq analysis of HCT116 human colon cancer cell line silenced ID4 expression	2021/03/25	XLS
GSE169720	27	Prrx1 is a Master Transcription Factor of myofibroblastic Cancer-Associated Fibroblasts [Human_CAF_RNA_seq]	2021/12/31	TSV
GSE169722	6	Long Non-coding RNA LINC02474  Affects Metastasis and Apoptosis  of Colorectal Cancer by Inhibiting  the Expression of GZMB	2021/03/27	CSV, XLS, XLSX
GSE171454	12	The TRRAP transcription cofactor represses interferon-stimulated genes in colorectal cancer cells	2022/01/07	XLSX
GSE171468	59	Genome-wide maps of colorectal cancer diagnosis and toxicity of capecitabine-based chemotherapy.	2021/08/27	XLS
GSE171543	6	Colon cancer cells after escape of late apoptosis [exp_1]	2022/03/08	XLSX
GSE171560	6	Colon cancer cells after escape of late apoptosis [exp_2]	2022/03/08	XLSX
GSE171611	6	Fusobacterium nucleatum promotes colorectal cancer cells adhesion to endothelial cells and facilitates extravasation and metastasis by inducing ALPK1/NF-κB/ICAM1 axis	2022/03/09	TXT
GSE171679	12	Colon cancer cells after escape of late apoptosis	2022/03/08	
GSE171680	87	Gene expression profile of colorectal cancer tissues from 87 patients	2021/07/20	TXT
GSE171681	87	Gene expression profiles of colorectal cancer organoids from 87 patients	2021/07/20	TXT
GSE171682	174	Immuno-genomic classification of colorectal cancer organoids reveals cancer cells with intrinsic immunogenic properties associated with patient survival	2021/07/20	
GSE172201	6	ZKSCAN3 knockout HCT116 colorectal cancer cell line	2021/12/01	TXT
GSE173364	22	Different hot spot mutations in the TP53 genes exerts different biology and outcome	2021/09/01	TXT
GSE173438	6	ORC1 binds to cis-transcribed RNAs for efficient activation of human origins [ORC1_RIPseq]	2023/06/05	BW, TXT
GSE173442	6	CTCF blocks anti-sense transcription initiation at divergent gene promoters [PRO-Seq]	2022/05/02	BW
GSE173448	4	ORC1 binds to cis-transcribed RNAs for efficient activation of human origins [ORC1_FLAG_RIPseq]	2023/06/05	TXT
GSE173450	4	ORC1 binds to cis-transcribed RNAs for efficient activation of human origins [AntiGAA_RNAseq]	2023/06/05	TXT
GSE173549	6	Fusobacterium nucleatum promotes colorectal cancer metastasis through miR-1322/CCL20 axis and M2 polarization	2021/10/19	TXT
GSE173575	4	RNA-seq analysis of HT8 cells based on PPDPF knockdown	2021/04/30	TXT
GSE173609	10	The prevalence of human cytomegalovirus in colorectal cancer and viral gene expression profiles	2021/04/30	TXT
GSE174204	12	NCOR1 sustains CRC growth and protects from cellular senescence	2021/09/15	XLS
GSE174252	48	Blockade of intrinsic PD-1 promotes survival, chemo resistance and tumor growth in human colon cancer	2022/03/08	TXT
GSE174302	230	Cancer specific microbiome revealed by cell-free RNA reads in patients' plasma	2022/07/12	TXT
GSE174650	74	Single-cell deconvolution of colon organoids exposed to carcinogens reveals novel insights into the early molecular events defining the role of smoking in colorectal cancer	2021/09/22	CSV
GSE175056	1	total RNA-seq from HCT116 (ENCSR698RPL)	2021/05/23	BIGWIG, TSV, TXT
GSE175221	1	long read RNA-seq from HCT116 (ENCSR388RWE)	2021/05/23	GTF, TSV, TXT
GSE175593	6	Transcriptome of DLD-1 co-cultured with or without Fusobacterium nucleatum	2021/06/24	XLS
GSE176026	8	Transcriptional response to reverse-turn peptidomimetics in human colorectal cancer cells	2021/10/28	TXT
GSE176062	6	Identification of TEAD4 target genes in the colorectal cancer cells	2023/01/18	XLSX
GSE176285	8	RNA polymerase II is necessary for spatial chromatin reorganization following exit from mitosis [RNA-Seq]	2021/06/18	CSV, TXT
GSE176475	8	Identification of differential expressed genes after HHEX/YAP/TAZ/TEAD knockdwon in colorectal cancer cells	2022/03/15	TXT
GSE178318	15	A Single-Cell Atlas of Liver Metastases of Colorectal Cancer Reveals the Reprogramming of the Tumor Microenvironment in Response to Preoperative Chemotherapy	2021/09/10	MTX, TSV
GSE178341	181	A Single Cell Atlas of MMRd and MMRp Colorectal Cancer	2021/08/26	CSV, H5
GSE178665	18	ESCRT-I controls lysosomal membrane protein homeostasis and restricts MCOLN1-dependent TFEB/TFE3 signaling.	2022/03/28	TXT
GSE178698	12	RNA sequencing of chronically damage human colon organoids via Air-liquid interface submergence	2021/06/23	TXT
GSE178862	6	Downregulation of iNOS/NO Promotes Epithelial-Mesenchymal Transition and Metastasis in Colorectal Cancer	2022/07/13	CSV, WIG
GSE179057	30	Perturbation-informed signatures from crosswise integration of transcriptome and chromatin accessibility analyses predict susceptibility to candidate anticancer drugs [RNA-Seq]	2022/08/17	CSV
GSE179294	5	Identification of differential expressed genes after ELK4 knockdown in colorectal cancer cells	2023/11/27	TXT
GSE179314	5	Identification of differential expressed genes after SP1 or SP3 knockdown in colorectal cancer cells	2024/07/01	TXT
GSE179351	54	Radiation Therapy Inhances Immunotherapy Response in  Microsatellite-stable Colorectal and Pancreatic Adenocarcinoma in a Phase II Trial	2021/07/06	TXT
GSE179462	6	DBC1 is a positive regulator of enhancer epigenomic writers KMT2D and p300 [RNA-seq]	2022/08/17	TXT
GSE179464	6	RNF43 G659fs is an oncogenic colorectal cancer mutation and sensitizes tumor cells to PI3K/mTOR inhibition	2022/03/27	TXT
GSE179784	6	Inflammatory Conditions Promote Resistance to Immune Checkpoint Inhibitors in High Microsatellite Instability Colorectal Cancer	2021/07/09	RDS, TAR, TSV
GSE179862	4	Sturgeon chondroitin sulfates inhibit the proliferation of colorectal cancer cells by inducing cell cycle arrest and apoptosis	2021/09/15	TXT
GSE179975	19	RNA-sequencing of tumor-infiltrated T cells in colorectal tumors	2021/09/10	TSV
GSE179979	7	RNA-seq analysis on primary tumor and liver metastatic lesion of CRC	2021/12/31	CSV
GSE179982	6	RNA sequencing of AHNAK2 knockdown adenocarcinoma cells compared with the scramble controls	2021/07/16	TXT
GSE180042	2	Transcriptome-wide identification of transcripts regulated by PHF5A in colorectal cancer cells	2021/07/16	TXT
GSE180145	1	Sequence determinants of human gene regulatory elements, CAGE experiment	2021/11/12	TXT
GSE180146	18	Sequence determinants of human gene regulatory elements, RNA-seq experiments	2021/11/12	TSV
GSE180282	6	VprBP directs epigenetic gene silencing through H2A phosphorylation in colon cancer	2021/10/06	TXT
GSE180440	190	NTRK1 fusions for the therapeutic intervention of Korean patients with colon cancer	2021/07/31	XLSX
GSE180475	34	ARID1A loss derepresses human endogenous retrovirus-H to modulate BRD4-dependent transcription	2021/07/21	TXT, XLSX
GSE180480	54	RNA-Seq to probe transcription of patient-derived organotypic colorectal cancer.	2023/07/01	TXT
GSE180790	35	Peritoneal metastasis of colorectal cancer (pmCRC): Identification of predictive molecular signatures by a novel preclinical platform of matching pmCRC PDX/PD3D models	2021/10/27	GCT, TSV
GSE180805	2	LYAR promotes colorectal cancer progression by up-regulating FSCN1 expression and is closely related to fatty acid metabolism	2021/07/26	TXT
GSE180843	6	Stabilization of Pol II protein, orchestration of transcription cycles, and maintenance of enhancer landscape by general transcription regulator SPT5 [RNA-seq]	2021/09/29	BW
GSE180923	4	Oncogenic lncRNAs alter epigenetic memory at a fragile chromosomal site in human cancer cells [RNA-seq]	2022/03/09	RESULTS
GSE180941	22	Cancer Cell Resistance to IFNγ Can Occur via Enhanced Double-Strand Break Repair Pathway Activity [RNA-seq]	2023/02/28	TXT
GSE180948	12	RNA-Seq based transcriptome analysis of colorectal cancer cells in response to lactate treatment	2024/07/23	TXT
GSE181011	6	Only the loss-of-function but not the gain-of-function properties of mutant TP53 are critical for the sustained proliferation, survival and metastasis of a broad range of cancer cells [colon cancer]	2023/10/13	TXT
GSE181016	18	Only the loss-of-function but not the gain-of-function properties of mutant TP53 are critical for the sustained proliferation, survival and metastasis of a broad range of cancer cells	2023/10/13	TXT
GSE181337	6	F. nucleatum-derived succinic acid induces tumor resistance to immunotherapy in colorectal cancer	2023/10/01	TXT
GSE181722	4	A colorectal cancer 3D bioprinting workflow as a platform for disease modelling and chemotherapeutic screening	2021/11/05	TXT, XLSX
GSE181817	6	Atlas of Clinically Distinct Cell States and Cellular Ecosystems Across Human Solid Tumors	2021/08/12	TXT
GSE182031	103	T-cell receptor repertoire in metastatic colorectal cancer during chemotherapy	2022/01/07	CSV, ZIP
GSE182086	6	Treatment of HCT116 cells with a small molecule inhibitor of ß-catenin/BCL9 interaction	2022/01/01	CSV
GSE182226	4	Nonylphenol treatment effect on RNA expression in colorectal cancer cell line	2021/10/11	XLSX
GSE182257	6	RNA-seq of ITPR3 knockout in SW480 colorectal cancer metastases	2022/08/17	TSV
GSE182382	9	Effects of Mettl3 and Alkbh5 knockdown on total RNA	2021/08/25	TXT
GSE182386	54	RNA-seq of SW480 colorectal cancer cells transfected with siRNAs targeting different putative metastasis promoting genes	2022/08/17	TSV
GSE182465	9	Transposon-activated POU5F1B promotes colorectal cancer growth and metastasis II	2022/08/02	TAB
GSE182466	9	Transposon-activated POU5F1B promotes colorectal cancer growth and metastasis III	2022/08/02	TAB
GSE182467	24	Transposon-activated POU5F1B promotes colorectal cancer growth and metastasis	2022/08/02	TAB
GSE182759	9	Gene expression and intron retention analysis of 15.5K-knockdown human cells	2023/04/10	TXT
GSE182830	9	Gene expression and intron retention analysis of ZCRB1-knockdown human cells	2023/04/10	TXT
GSE182942	6	ARL4C remarkably promotes the tumorigenesis of Uveal Melanoma and may represent a potential therapeutic target	2024/07/10	TXT
GSE182960	39	Cohesin regulates alternative splicing alone or with BRD4	2022/08/31	TSV
GSE183150	60	Exercise Training Influences Inflammatory and Immune Systems in Patients at High Risk for Colorectal Cancer: The CYCLE-P Study	2023/08/07	TSV
GSE183202	90	Molecular characterization of colorectal cancer-related peritoneal metastatic disease [RNA-seq]	2022/06/01	TXT
GSE183505	25	Stabilization of Pol II protein, orchestration of transcription cycles, and maintenance of enhancer landscape by general transcription regulator SPT5 [PRO-seq]	2021/09/29	BW
GSE183506	6	Stabilization of Pol II protein, orchestration of transcription cycles, and maintenance of enhancer landscape by general transcription regulator SPT5 [TT-seq]	2021/09/29	BW
GSE183592	21	A cell-based platform for the investigation of immunoproteasome subunit β5i expression and biology of β5i-containing proteasomes	2021/09/14	TXT
GSE183635	2351	Detection and localization of early- and late-stage cancers using tumor-educated platelet RNA	2022/08/05	RDATA
GSE183859	8	Gene expression profiling during  treatment of HT29 cells with selumetinib	2021/09/12	TXT
GSE183916	6	Molecular characterization of colorectal cancer related peritoneal metastatic disease [scRNA-seq]	2022/06/30	RDS
GSE183917	96	Molecular characterization of colorectal cancer-related peritoneal metastatic disease	2022/06/01	
GSE183984	113	Longitudinal clinico-genomic data generation, drugable target development and multi-sites validation for drug development enhancement	2021/09/16	CSV
GSE184029	48	HSP70-driven molecular response to the proteasome machinery inhibition is a vulnerability in cancer	2022/09/22	TXT
GSE184040	15	Genome-wide analysis of differentially expressed genes in Fbw7 mutant cells [RNA-seq]	2022/03/18	TXT
GSE184103	5	The WNT-dependent gating of MYC requires non-canonical functions of a distal CTCF binding site (RNA-Seq II)	2021/11/06	BW
GSE184125	6	9-ING-41, a small molecule inhibitor of GSK-3β, potentiates the effects of chemotherapy in KRAS mutated colorectal cancer	2021/10/31	TXT
GSE184138	6	Homeostasis imbalance of YY2 and YY1 promotes tumor growth by manipulating ferroptosis	2022/05/11	TXT
GSE184242	17	Patient-derived micro-organospheres (MOS) enable clinical precision oncology	2022/09/01	H5, TXT
GSE184398	1072	RNA-sequencing of tumor infiltrating cells across 12 different solid tumors type	2021/12/29	MTX, TSV
GSE184566	1	ecDNA hubs drive cooperative intermolecular oncogene expression [RNA-Seq]	2021/09/22	TXT
GSE184726	4	RNAseq analysis of DDX21-silenced colorectal cancer cell HCT8	2022/04/07	TXT
GSE184731	54	A scalable derivative-free optimizer trained through learning to optimize approach to interpret drug response mechanism network	2024/04/27	TSV
GSE185055	192	Gene expression profiles of colorectal cancer cells grown in 2D/3D conditions	2021/11/17	TSV
GSE185141	6	Dihydroartemisinin suppresses the tumorigenesis and cycle progression of colorectal cancer by targeting CDK1/CCNB1/PLK1 signaling	2021/10/04	TXT
GSE185331	6	super-ehancer landscape shaped by master regulator in liver metastasis of colorectal cancer [RNA-seq]	2021/10/05	TXT
GSE185652	11	Transcriptomics of human adenocarcinoma cell line HCT-8 infected with Cryptosporidium parvum treated with indole	2021/10/13	CSV
GSE185738	2	Transcriptomics analysis of iron chelator deferoxamine treated human tumor colonoids.	2023/08/01	TXT
GSE185744	15	An enhancer-driven stem cell-like program mediated by SOX9 blocks intestinal differentiation in colorectal cancer [rnaseq_ht115]	2021/10/15	TXT
GSE185745	12	An enhancer-driven stem cell-like program mediated by SOX9 blocks intestinal differentiation in colorectal cancer [rnaseq_ls180]	2021/10/15	TXT, XLS
GSE185809	4	CDK11 phosphorylates SF3B1 and is essential for constitutive splicing (RNA-seq)	2022/07/09	TSV
GSE185865	6	RNA Binding Protein CELF6 Modulates Expression and Alternative Splicing of Genes associated with Tumorigenesis in Non-small Cell Lung Cancer Cells.	2022/07/11	TXT
GSE186111	12	Genome-wide maps of chromatin state in HCT116 colorectal cancer cell. [RNA-Seq]	2022/01/04	TXT
GSE186371	4	RNA-seq in HCT116 cell lines	2021/10/24	TXT
GSE186466	6	Transcriptome-wide maps of subcutaneous adipose tissues and visceral adipose tissues in cancer-associated cachexia patients	2021/10/26	TXT
GSE186587	127	Plasma Multi-omics Nucleic Acid Landscape of Gastrointestinal Cancer [long RNA]	2023/09/28	TXT
GSE186618	31	Endogenous retroviruses mediate transcriptional rewiring in response to oncogenic signaling in colorectal cancer [RNA-seq]	2021/10/31	BW, TAB
GSE186662	6	Next Generation Sequencing Facilitates Quantitative Analysis of Control and TRCs(3D)	2022/02/10	XLSX
GSE186731	6	Next Generation Sequencing Facilitates Quantitative Analysis of Control and sh-KIAA1211 cells	2022/02/10	XLSX
GSE186791	8	Gene expression profiling by RNA-seq of control and METTL14-knockdown HCT116 human colon cancer cells	2023/03/27	TXT
GSE186796	24	Divergent transcription from lentiviral gene editing of cancer cells	2022/05/25	TSV
GSE187160	2	BruUV-seq from HCT116 (ENCSR037CVT)	2021/11/04	BIGWIG, TSV, TXT
GSE187811	2	BruUV-seq from Caco-2 (ENCSR712JHP)	2021/11/04	BIGWIG, TSV, TXT
GSE187954	2	Bru-seq from Caco-2 (ENCSR892NYB)	2021/11/04	BIGWIG, TSV, TXT
GSE188329	14	Single cell analysis of SW620/SW620-TET2CD with long time clone culturing	2024/11/01	MTX, RESULTS, TSV
GSE188381	3	Cancer specific tissue-resident memory T cells expressed ZNF683 up-regulated by autocrine IFN-γin colorectal cancer	2022/03/25	CSV
GSE188711	6	Resolving the Difference Between Left-sided and Right-sided Colorectal Cancer by Single-cell Sequencing	2021/11/15	MTX, TSV
GSE189194	12	Vibrio vulnificus MARTX toxin effector domains differentially remodel the transcriptional response of intestinal epithelial cells	2021/11/21	TXT, XLSX
GSE189212	31	Gene expression profile of RAS/RAF–wild-type colorectal cancer patient-derived spheroids	2021/11/22	XLSX
GSE189310	4	Transcriptome analysis of multiple myeloma cells (HB, KB) and cells (HA, KA) that were not sorted by microfluidic chip	2024/11/11	XLSX
GSE189366	8	Evolution of drug resistance in cancer cells involves generation of numerous mutations in non-coding genome that reduces the chances of DNA breaks	2021/11/24	CSV, TXT, XLSX
GSE189486	4	Transcriptome analysis of AVEN wildtype(WT) and overexpression (OE) in colorectal cancer	2024/11/20	XLSX
GSE189499	8	FBXW7	2022/06/09	CSV, TSV
GSE189558	4	Transcriptome analysis of ZCCHC7  wildtype(WT) and overexpression (OE) in colorectal cancer	2024/10/08	XLSX
GSE189697	6	Profiling of DHOK targets through transcriptome sequencing	2022/01/05	TXT
GSE189892	4	RNA-seq for HCT116 cells with TTC22-OE or kockdown	2024/12/01	XLSX
GSE190093	8	Dissecting the mechanism of action of spiperone, a candidate of drug repurposing for colorectal cancer	2022/02/08	XLSX
GSE190234	4	SHMT2 drives the progression of colorectal cancer by regulating UHRF1 expression	2022/03/02	TXT
GSE190435	8	Next Generation Sequencing Facilitates Quantitative Analysis of Wild Type HCT116 and MTF1-KO HCT116 injected tumor Transcriptomes	2022/12/15	TXT
GSE190609	113	Peritoneal Metastases from Colorectal Cancer belong to Consensus Molecular Subtype 4 and are sensitized to oxaliplatin by inhibiting reducing capacity	2022/06/15	TXT
GSE190820	16	edu-Ψ-seq Reveals snoRNA-guided mRNA Pseudouridylation that Regulates Protein Synthesis	2024/10/18	BED, BW
GSE190826	117	Inflammatory fibroblasts mediate resistance to neoadjuvant therapy in rectal cancer	2022/01/12	TXT
GSE191257	6	Fusobacterium nucleatum promotes colorectal carcinogenesis via an m6A dependent pathway	2022/12/01	TXT
GSE191323	6	Characterization  of normal fibroblast transcriptomes upon transient silencing of LTBP2 by RNAseq	2022/11/22	TXT
GSE192372	2	Transcriptome profiling of HCT116 cells and HCT116 cells with knockdown of SETDB1 by RNA-sequencing	2022/06/30	TXT
GSE192374	4	Transcriptome profiling of SW480 cells and cells derived from xenograft tumors from serial transplantation of SW480 cells by RNA-sequencing	2022/06/30	TXT
GSE192376	21	RNA-fractionation sequencing	2022/05/18	CSV
GSE192400	6	Gene expression of THP-1 macrophages co-cultured with F. nucleatum under iron-deficient and iron-overload conditions	2022/08/21	CSV, TXT
GSE192489	3	Phosphorylation and stabilization of EZH2 by VprBP trigger aberrant gene silencing in colon cancer	2023/03/28	TXT
GSE192559	6	Zinc finger protein 277 is an intestinal transit-amplifying cell marker and colon cancer oncogene	2021/12/24	TXT
GSE192667	89	Transcriptome profiling in advanced colorectal cancer	2022/02/07	TXT
GSE192725	4	Integrated Genomic Analysis of Genes encoding ATP-Dependent Chromatin Remodelers Identifies CHD7 as a Potential Target for Colorectal Cancer Therapy	2022/01/01	TAB, TXT
GSE192743	2	RNA sequencing of control and DAC-treated tumor tissue from PDX model	2022/01/03	TXT
GSE192877	12	Alternative spliced genes downstream of EMT enhance phenotypic plasticity and malignant behaviour in colon cancer	2022/01/04	TXT
GSE193019	15	(RNA-seq) USP7 regulates the ncPRC1 Polycomb axis to stimulate genomic H2AK119ub1 deposition uncoupled from H3K27me3	2022/11/08	BW, XLSX
GSE193122	45	SARS-CoV-2 Variant Delta Potently Suppresses Innate Immune Response and Evades Interferon-Activated Antiviral Responses in Human Colon Epithelial Cells	2022/08/23	TXT
GSE193248	15	Liver colonisation by colorectal cancer metastases requires YAP-controlled plasticity at the micrometastatic stage	2022/02/23	TXT
GSE193534	33	Distant antimetastatic effect of enterotropic colon cancer-derived α4β7 CD8 T cells [bulk RNA-seq]	2023/11/01	TXT
GSE193554	4	Transcriptomic profilings of CT45A1-expressing colorectal cacner cells.	2025/01/11	TXT
GSE193865	6	Increased CD44 expression in low-dose chemotherapeutic treated colon cancer cells is controlled by ELF3	2022/01/21	TXT
GSE193936	6	RNA-seq analyses of autophagy-high and autophagy-low cells from human colon cancer organoids	2023/04/23	TXT
GSE193937	6	RNA-seq analyses of doxycycline-induced PROX1-exprressing cells in human colon cancer spheroids	2023/04/23	TXT
GSE194357	12	Well-TEMP-seq characterizes the temporal dynamics of single-cell gene expression	2022/02/01	RDS, TXT
GSE195985	17	Immunopeptidomic analyses of colorectal cancers with and without microsatellite instability	2022/05/01	TSV
GSE195994	15	Elevated ATGL in colon cancer cells and cancer stem cells promotes metabolic and tumorigenic reprogramming reinforced by obesity	2022/02/05	TXT
GSE196006	42	Transcriptome analysis implicates MYC as a driver of early onset colorectal cancer	2022/09/06	CSV, TXT
GSE196168	72	Transcriptomic response to calcium in normal colon organoids is impacted by colon location and sex	2022/10/12	CSV
GSE196263	30	Expression data from 5 colorectal cancer patients neoadjuvantly treated with Imatinib (ImPACCT study)	2022/06/01	TXT
GSE196576	579	Tumor immunogenomic features determine outcomes in metastatic colorectal cancer patients treated with standard-of-care combinations of bevacizumab and cetuximab	2022/02/16	CSV
GSE196711	29	Immune profiling of premalignant lesions in patients with Peutz-Jeghers Syndrome	2024/12/23	TXT
GSE196875	6	Next Generation Sequencing Facilitates Quantitative Analysis of Vector and GOLPH3 Transcriptomes	2022/02/23	TXT
GSE196900	8	RNA-seq profiles between human parental and 5-FU drug resistant HCT116 and SW480 colorectal cancer cell lines	2022/02/19	TXT
GSE196921	4	FOXD2-dependent genome-wide maps in HCT116 cells [RNA-seq]	2023/04/20	RESULTS
GSE196964	11	Paired human colon and tumor biopsies	2022/02/21	TAR
GSE196965	11	Suppression of colorectal cancer by ketogenic diet and beta-hydroxybutyrate	2022/02/22	TAR
GSE197313	4	Using VBIM technique to discover ARMC4/ODAD2 as a novel negative regulator of NF-κB  and a new tumor suppressor in colorectal cancer	2025/01/31	XLSX
GSE197535	6	Human colon cancer cell line HCT116 stably transfected with EPXH2 was constructed and analyzed by RNA sequencing.	2022/03/02	XLSX
GSE197576	12	RNA-seq of ITPR3 and RELB knockout in SW480 under normoxia and hypoxia	2022/09/20	TSV
GSE197706	6	LncRNA LINC00839 promotes colorectal cancer progression by RUVBL1/Tip60-NRF1 signaling pathway	2022/08/30	XLSX
GSE197763	126	Pre-clinical validation of an RNA-based precision oncology platform for patient-therapy alignment in a diverse set of human malignancies resistant to standard treatments	2022/03/09	TXT
GSE197895	6	RNF186/EPHB2 axis is essential for colorectal tumorigenesis by regulating TNFα signalling in colorectal epithelial cells	2022/03/06	XLSX
GSE197906	36	RNA sequencing of human regulatory T cell clones, both Faecalibacterium prausnitzii-reactive DP8a (CD4,CD8alphalow) Tregs and (CD4,CD25high,CD127low) Foxp3 Tregs obtained  from the colon lamina propri	2022/11/09	DAT
GSE197947	42	Knock-out of 5-lipoxygenase in overexpressing tumor cells – consequences on gene expression and cellular function	2022/09/08	TXT
GSE197985	36	Optimization of Class I Histone Deacetylase JPS0s Reveals HDAC1/2 Degradation is Critical to Induce Apoptosis and Cell Arrest in Cancer Cells	2022/03/09	TXT
GSE198382	12	Transcriptional profile of NOMO1 knockout cell lines [RNA-seq]	2022/08/31	TXT
GSE198630	12	Gene expression of colorectal cancer cells treated with Celastrol or compound 19-048	2022/12/31	DIFF
GSE198697	72	Patient-derived organoid fibroblast co-cultures closely mimic tumor cell heterogeneity of colorectal cancer	2023/02/01	TSV
GSE199726	6	TCF21high pericyte subpopulation promotes cancer metastasis by remodeling perivascular matrix	2023/03/01	ZIP
GSE199835	24	Cell-line-specific gene expression changes following inactivation of the CTNNB1 gene in human colorectal cancer cell lines	2022/12/13	TXT
GSE200023	4	Analysis of total RNA transcriptome in TRIM40 overexpressing HT-29 cells [RNA-seq]	2022/12/21	TXT
GSE200064	6	RNA-seq for TCF21 overexpressing tumor pericytes	2022/04/06	TXT
GSE200129	42	Revealing and harnessing CD39 for the treatment of colorectal cancer and liver metastases by engineered T cells [mCRC]	2023/07/12	TXT
GSE200130	37	Revealing and harnessing CD39 for the treatment of colorectal cancer and liver metastases by engineered T cells [CRC]	2023/07/12	TXT
GSE200190	2	PTIR1 acts as a suppressor of immunoproteasome and promotes cancer immune resistance [TILs 10x scRNA-seq]	2025/04/05	MTX, TSV
GSE200204	24	RNA-seq analysis of gene expression in normoxic and hypoxic cancer cell lines	2022/11/15	TXT
GSE200407	22	RNA-seq between  between FOLFOX chemotherapy sensitivity and insensitivity in colorectal cancer	2025/04/07	TXT
GSE200427	4	Gene expression profiles of colorectal cancer tissues and tumor-adjacant tissues reveal key genes that participate in oncogenic activities	2022/06/07	TXT
GSE200660	20	Cancer-associated fibroblasts in T1 colorectal cancer	2023/04/11	TXT
GSE200997	23	Refining Colorectal Cancer Classification and Clinical Stratification Through a Single-Cell Atlas	2022/04/19	CSV
GSE201069	9	The alterations of gene expression profiling induced by LINC00857 knockdown in HCT116 cells	2022/08/15	XLSX
GSE201107	6	MUC3A promotes the progression of colorectal cancer through the PI3K/Akt/mTOR pathway	2022/04/23	TXT
GSE201348	72	Single-cell analyses define a continuum of cell state and composition changes in the malignant transformation of polyps to colorectal cancer [scRNA-seq]	2022/04/28	MTX, TSV
GSE201363	6	DBC1 is a positive regulator of enhancer epigenomic writers KMT2D and p300 [HCT116 RNA-seq]	2022/08/17	TXT
GSE201412	105	Anti-tumor efficacy of a potent and selective non-covalent KRASG12D inhibitor	2022/04/28	CSV
GSE201660	6	Effect of overexpression of VCP on gene expression during colorectal cancer progression of HCT116 cells	2023/07/18	TXT
GSE201778	8	Effect of inhibition of VCP on gene expression during colorectal cancer progression of HCT116 cells	2023/10/18	TXT
GSE202073	12	EHF and CDX1 co-operate to drive extensive transcriptional reprogramming and chromatin remodelling in CRC cells [RNA-seq]	2022/11/02	TXT
GSE202187	16	SPT6 functions in transcriptional pause-release via PAF1C recruitment [PRO-seq]	2022/08/09	BW
GSE202189	12	SPT6 functions in transcriptional pause-release via PAF1C recruitment [RNA-seq]	2022/08/09	CSV
GSE202744	17	Selective CDK9 inhibition by natural compound toyocamycin in cancer cell	2022/05/14	TSV
GSE203017	6	Genomic alterations drive brain metastases formation in colorectal cancer: The role of IRS2	2022/05/16	CSV
GSE203071	155	Machine-learning detects non-invasive 5-hydroxymeythylcytosine biomarkers for predicting response to chemotherapy in patients with metastatic colorectal cancer	2025/01/01	CSV
GSE203120	6	Chemical genomic screen identifies SP2509, WT hTERT specific repressor in colorectal cancer	2022/12/01	TSV
GSE203236	30	The effect of depletion of BRD8 or TIP60 on gene expression in colorectal cancer cells	2023/03/31	TXT
GSE203440	6	Hypoxia inhibits HUNK-mediated phosphorylation of GEF-H1 for epithelial-to-mesenchymal transition	2022/05/27	XLS
GSE203518	6	Matrin3 regulates mitotic spindle dynamics by controlling alternative splicing of CDC14B [Ribo-deplete]	2023/03/17	RESULTS
GSE203519	6	Matrin3 regulates mitotic spindle dynamics by controlling alternative splicing of CDC14B [polyA capture]	2023/03/17	RESULTS
GSE203520	3	Matrin3 regulates mitotic spindle dynamics by controlling alternative splicing of CDC14B [PAR-CLIP]	2023/03/17	CSV
GSE203521	16	Matrin3 regulates mitotic spindle dynamics by controlling alternative splicing of CDC14B	2023/03/17	CSV, GTF, RESULTS, XLSX
GSE203608	53	Mapping and modeling human colorectal carcinoma interactions with the tumor microenvironment	2023/10/20	CSV, TXT
GSE204749	12	RNA Polymerase I activity prevents terminal differentiation and growth arrest in colorectal cancer and induce vulnerability for senolytics	2022/05/31	TXT
GSE204805	1225	RNAseq analysis on metastatic Colorectal Cancer	2023/03/01	TSV
GSE204973	6	Next generation sequencing to identify PNISR regulating alternative splicing in CRC	2022/08/19	TXT
GSE205366	6	FBL promotes cancer cell proliferation and DNA damage repair via YBX1	2023/07/13	TXT
GSE205430	100	Satellite repeat RNA expression in epithelial ovarian cancer is linked to a tumor immunosuppressive phenotype	2022/06/06	TSV
GSE205506	40	Remodeling of the Immune and Stromal Cell Compartment by PD-1 Blockade in Mismatch Repair-Deficient Colorectal Cancer	2023/05/11	MTX, TSV
GSE205547	3	KCTD9 inhibits the Wnt/β-catenin pathway by decreasing the level of β-catenin in colorectal cancer	2022/08/19	XLS
GSE205630	6	Effect of depletion of GMDS-AS1 on gene expression of HCT116 colorectel cancer cells	2022/06/10	TXT
GSE205641	8	An in vitro vascularized micro-tumor model of human colorectal cancer recapitulates in vivo responses to standard-of-care therapy	2022/06/10	MTX, TSV
GSE205787	53	Gene expression profile of RAS/RAF–wild-type colorectal cancer patient-derived spheroids II	2022/08/31	XLSX
GSE205935	16	capTEs enables locus-specific dissection of transcriptional outputs from reference and nonreference transposable elements	2023/08/31	TXT
GSE205937	8	RNA-seq of CAFs grown on different substrates	2022/06/15	TSV
GSE205986	9	Sequential treatment with activin and hepatocyte growth factor(HGF) induces FOXM1 to promote colorectal cancer liver metastasis	2023/01/04	TXT
GSE206493	12	Escape From Oncogene-Induced Senescence is Controlled by POU2F2 and Memorized by Chromatin Scars [RNA-seq]	2023/04/05	BW, TXT
GSE206515	12	Separation-of-function mutants reveal the NF-κB-independent involvement of IκBα in the regulation of intestinal stemness [RNA-Seq]	2025/05/18	TXT
GSE206516	24	Potent and selective PTDSS1 inhibitor targeting collateral lethality against cancer with PTDSS2 deletion [cell_RNA-seq]	2022/08/31	RESULTS
GSE206517	18	Potent and selective PTDSS1 inhibitor targeting collateral lethality against cancer with PTDSS2 deletion [xeno_RNA-seq]	2022/08/31	RESULTS
GSE206518	42	Potent and selective PTDSS1 inhibitor targeting collateral lethality against cancer with PTDSS2 deletion	2022/08/31	RESULTS
GSE207069	21	Transcriptome and chromatin changes during CRC organoid outgrowth as proxy for metastatic outgrowth [bulkRNAseq_AKPS]	2023/12/01	TXT
GSE207070	11	Transcriptome and chromatin changes during CRC organoid outgrowth as proxy for metastatic outgrowth [bulkRNAseq_AKP]	2023/12/01	TXT
GSE207194	61	CD8+ CD226high T cells in liver metastases dictate the prognosis of colorectal cancer patients treated with chemotherapy and radical surgery	2022/12/01	TXT
GSE207378	4	The c-MYC-WDR43 signalling axis promotes chemoresistance and growth in colorectal cancer by inhibiting p53 activity	2025/07/01	TXT
GSE207398	13	Seeking insights into early onset colorectal cancer through analysis of normal colon organoids of Familial Adenomatous Polyposis patients	2022/10/13	CSV
GSE207417	10	ZC3H4, ARS2, and WDR82 coordinate non-coding transcriptional termination and are opposed by telescripting on protein-coding genes [point-seq]	2023/07/05	BW
GSE207418	12	ZC3H4, ARS2, and WDR82 coordinate non-coding transcriptional termination and are opposed by telescripting on protein-coding genes [zc3h4_rescue]	2023/07/05	BIGWIG, BW
GSE207419	16	ZC3H4, ARS2, and WDR82 coordinate non-coding transcriptional termination and are opposed by telescripting on protein-coding genes [u1_amo]	2023/07/05	BW
GSE207420	6	ZC3H4, ARS2, and WDR82 coordinate non-coding transcriptional termination and are opposed by telescripting on protein-coding genes [ars2-zc3h4_double_degron]	2023/07/05	BIGWIG, BW
GSE207521	13	Targeting CDK4/6 epigenetically impairs DNA damage repair to overcome the resistance to neoadjuvant chemotherapy in locally advanced rectal cancer II	2024/02/26	TXT
GSE207618	11	Phenylacetaldehyde inhibits development of colorectal cancer	2023/07/11	XLSX
GSE207709	6	Effect of PLOD3 on the progression of colorectal cancer	2025/07/05	TXT
GSE207812	4	Distinct roles of the two SEC scaffold proteins, AFF1 and AFF4, in regulating RNA Pol II transcription elongation [RNA-seq]	2023/07/02	BW
GSE207949	24	Global decay of regulatory chromatin architecture promotes rebalancing of gene expression during colorectal cancer development [RNA-Seq]	2022/08/29	CSV, SF
GSE208203	10	The diapause-like colorectal cancer cells induced by SMC4 attenuation are characterized by low proliferation and chemotherapy insensitivity [RNA-seq]	2023/06/05	TXT
GSE208303	35	RNA-seq for inflamed and non-inflamed mucosa in patients with Crohn's disease	2022/07/19	TXT
GSE208310	14	Spontaneous metastasis xenograft models link CD44 isoform 4 to angiogenesis, hypoxia, EMT and mitochondria-related pathways in colorectal cancer	2022/07/18	TSV
GSE208345	12	Effect of condensate perturbing CR3 peptide on HCT116 gene expression	2023/10/11	TXT
GSE209535	13	miRNA-483-3p overexpression unleashes invasive growth of metastatic colorectal cancer via NDRG1 downregulation and ensuing activation of the ERBB3/AKT axis	2023/03/13	TXT
GSE209746	114	Genomic and transcriptomic determinants of response to neoadjuvant therapy in rectal cancer	2022/07/28	CSV
GSE209772	60	DNMT and HDAC inhibition induces immunogenic neoantigens from human endogenous retroviral element-derived transcripts [RNA-Seq]	2023/08/22	BIGWIG
GSE209869	6	Effect of overexpression of ELAPOR1 on gene expression of colorectal cancer cells	2023/07/31	TXT
GSE210011	54	Exercise Training Reduces the Inflammatory Response and Promotes Intestinal Mucosa-associated Immunity in Lynch Syndrome patients [GeoMx Digital Spatial Profiling (DSP)]	2023/08/07	DCC, PKC, TXT
GSE210040	9	Innate lymphocytes in solid human tumors	2023/05/05	H5
GSE210045	8	Gene expression profiling by RNA-seq of control and METTL14-knockdown HT29 human colon cancer cells	2023/03/27	TXT
GSE210384	8	RNA-seq analysis of human colorectal cancer cells with NAT10 deficiency.	2022/12/27	TXT
GSE210540	54	GDF15 gene suppression by BET inhibition and gene signature based personalized chemotherapy to counteract cachexia [Quant-seq]	2023/07/07	TSV
GSE211221	16	Multi-omic colon organoid analysis highlight MSH4 as a marker of Lynch syndrome and microsatellite instability [RNA-sequencing]	2023/06/01	CSV
GSE211267	6	RNA-seq analysis of differentially expressed genes between WT and shTRIM21 HCT116 cells.	2023/05/23	TXT
GSE211433	8	Multi-omics of colon tumor progression organoids reveals putative mediators of colorectal cancer metastasis	2023/03/29	TXT
GSE211804	10	FIT Links c-Myc and P53 Acetylation by Recruiting RBBP7 During Carcinogenesis of Colorectal Cancer	2022/08/29	TXT
GSE211831	30	Plasma Multi-omics Nucleic Acid Landscape of Gastrointestinal Cancer [Tissue RNA-seq]	2023/09/28	TXT
GSE211866	9	USP11/LSH/CYP24A1 axis activation underlies calcium homeostasis and potentiates the resistance of colorectal cancer cells to ferroptosis	2023/07/12	TXT
GSE212014	31	Culture media composition influences patient-derived organoids ability to predict therapeutic response in gastrointestinal cancers 	2022/10/12	TXT
GSE212519	10	CPSF role on APA regulation	2023/09/05	WIG
GSE212795	12	Colon cancer cells DLD1 cells incubated with kynurenine, TCDD, or CH223191 for 1 hour	2023/06/12	TXT
GSE212835	4	Transcriptome analysis of MET-constitutively active versus MET-silenced colorectal cancer cells	2023/10/14	TXT
GSE212854	25	An RNA-based precision oncology platform for patient-therapy alignment in a diverse set of treatment resistant malignancies	2022/09/10	TXT
GSE212897	12	Expression of miRNAs in patient-derived cancer models and models of drug resistance	2023/11/01	TXT, XLSX
GSE213092	99	Early onset colorectal cancer tissues and late onset colorectal cancer tissues	2023/02/08	TXT
GSE213331	27	Identification of four immune subtypes in locally advanced rectal cancer treated with neoadjuvant chemotherapy for predicting the efficacy of subsequent immune checkpoint blockade	2022/09/17	TXT
GSE213411	6	piR-36249 and DHX36 together inhibit testicular cancer cell progression by upregulating OAS2	2023/01/25	TXT
GSE213535	16	Suppression of endogenous CBS promotes Ferroptosis.	2022/11/16	TXT
GSE213896	70	Gene expression profiling analysis of RNA-seq data for colorectal cancer organoids and spontaneous metastases mouse models	2022/12/01	TXT
GSE213912	32	Cancer-Associated Fibroblasts are the Main Source of Epithelial-to-Mesenchymal Signaling in the Tumor Microenvironment	2023/03/01	MTX, TSV, TXT
GSE213953	4	The alterations of gene expression profiling induced by ALKBH5 knockdown in HCT116 cells	2024/09/30	XLS
GSE213963	6	Fisetin suppresses colorectal cancer growth through AKAP12 in the patient-derived organoid xenograft model	2023/10/10	TXT
GSE214030	6	Molecular dynamics and experimental verification studies of the mechanism of dihydroartemisinin in the treatment of colorectal cancer	2022/09/26	XLS
GSE214129	447	Precisely controlled cell-cell interactions with single-cell transcriptome readout identify a time-demand threshold response of human oncolytic NK cells	2025/09/24	CSV
GSE214255	4	Functional Dynamic Modulation of Colorectal Cancer Initiation and Metastatic Capacity by a Novel MiR-7974 Regulatory Axis	2026/01/15	CSV
GSE214537	6	Fasting-mimicking diet synergizes with ferroptosis against quiescent, chemotherapy-resistant cells	2023/04/05	TXT
GSE214569	5	Co-cultures of colon cancer cells and cancer-associated fibroblasts recapitulate the aggressive features of mesenchymal-like colon cancer	2023/05/11	CSV, TSV
GSE214730	12	RNA-seq of depletion Mina53 in HCT116 p53+/+ cells and HCT116 p53-/- cells	2024/12/01	XLSX
GSE215214	4	The differentially expressed genes regulated by 5-Aza-CdR	2023/02/23	XLSX
GSE215308	18	MUC1-C IS A MASTER REGULATOR OF MICA/B NKG2D LIGAND AND EXOSOME SECRETION IN HUMAN CANCER CELLS	2022/10/17	CSV
GSE215815	6	Function of YAP in glucose deprivation-induced gene expression	2023/11/29	TXT
GSE215838	18	Effect of depletion of ZNF692 on gene expression in  DLD1 colorectal human cells	2022/10/17	TXT
GSE215849	12	Targeting MUC1-C sensitizes colorectal cancer cells to BRAF inhibitor	2022/11/30	CSV
GSE215882	3	FGF19 induces the inflammatory phenotype of LX-2 cells	2023/07/03	TXT
GSE215924	79	Small bowel RNA-seq data from patients with Crohn's disease and patients with colon cancer (non-CD controls)	2024/12/17	TXT
GSE216006	2	Adenosine induced gene expression	2023/11/29	XLSX
GSE216022	59	Comprehensive multi-omics analysis of microbiome, metabolome, and host genome in right- and left-sided colon cancer	2023/10/31	XLSX
GSE216379	63	RNA-seq study of a helicon peptide targeting β-Catenin/TCF transcription factor [in vitro]	2025/10/21	XLS
GSE216380	29	RNA-seq study of a helicon peptide targeting β-Catenin/TCF transcription factor [in vivo]	2025/10/21	CSV
GSE216381	24	RNA-seq study of a helicon peptide targeting β-Catenin/TCF transcription factor [shRNA]	2025/10/21	XLS
GSE216382	147	RNA-seq study of a helicon peptide targeting β-Catenin/TCF transcription factor	2025/10/21	
GSE216455	4	Synthetical lethality of Werner helicase and mismatch repair   deficiency is mediated by p53 and PUMA in colon cancer	2022/10/26	XLS, XLSX
GSE216513	4	Targeting lysine-specific demethylase 1 (KDM1A/LSD1) impairs colorectal cancer tumorigenesis by affecting cancer cells stemness, motility and differentiation	2023/06/27	XLSX
GSE216561	113	Depletion-assisted multiplexing cell-free RNA sequencing reveals distinct human and microbial signatures in plasma versus extracellular vesicle	2024/03/27	TXT
GSE216610	12	P-TEFb promotes cell survival upon p53 activation by suppressing intrinsic apoptosis pathway	2022/12/30	TSV
GSE216616	298	Transcriptomic Analyses Reveal Pre-treatment Cytotoxic Lymphocytes Predict Response to Neoadjuvant Chemoradiotherapy and Survival in Advanced Rectal Cancer.	2023/01/25	RESULTS
GSE217414	4	Liver metastases originating from 4 colorectal cancer patients (CRC-LM).	2023/06/14	H5, TAR
GSE217504	33	Sequence and dynamics of SARS-CoV-2 host cell interactions inferred from    transcriptome analyses	2022/11/10	CSV
GSE217663	6	Physiological hypoxia improves growth and functional differentiation of human intestinal epithelial organoids.	2022/12/02	SF
GSE217759	30	DNA methylation insulates exons from CTCF loops with nuclear speckles (RNA-Seq)	2024/11/11	CSV, TXT
GSE217774	3	Single-cell RNA profiling of mononuclear phagocyte in colorectal cancer	2023/07/01	MTX, TSV
GSE218000	12	Gene expression profile at single cell level of the intestinal T cells from patients with inflammatory bowel disease	2022/12/27	CSV, FASTA
GSE218236	9	RNAPII-dependent ATM signaling at collisions with replication forks [RNA-seq]	2023/08/01	TXT
GSE218378	6	Effect of overexpression PBX1 on gene expression in HCT116 cells	2023/01/31	TXT
GSE218558	26	RNAseq of colorectal cancer organoids	2022/11/29	CSV
GSE218623	4	Physiological hypoxia improves growth and functional differentiation of human intestinal epithelial organoids [scRNA-seq]	2022/12/02	MTX, TSV
GSE218999	14	Plasma Multi-omics Nucleic Acid Landscape of Gastrointestinal Cancer [long RNA PBMC]	2023/09/28	TXT
GSE219171	4	The post-translational modifications and translation-regulatory role of METTL14 in 5-fluorouracil-resistant colorectal cancer [mRNA-seq]	2023/12/01	TXT
GSE219181	6	LncRNA EPR transcriptional activity controls intestinal mucus and prevents susceptibility to inflammation and tumorigenesis SW480 [RNA-Seq]	2023/03/28	BW, TXT
GSE219194	6	SND1 is a novel regulator of endothelial function	2024/10/30	TXT
GSE219418	2	long read RNA-seq from Caco-2 (ENCSR580IDG)	2022/12/04	GTF, TSV, TXT
GSE219877	2	total RNA-seq from Caco-2 (ENCSR469WPG)	2022/12/04	BIGWIG, TSV, TXT
GSE220040	2	CMTR1 promotes colorectal cancer cell growth and immune evasion by transcriptionally regulating STAT3	2023/04/12	BIGWIG
GSE220063	11	Integrated clinical and genomic analysis identifies driver events and molecular evolution of colitis-associated cancers [Proj_07182_W]	2022/12/07	XLSX
GSE220067	38	Integrated clinical and genomic analysis identifies driver events and molecular evolution of colitis-associated cancers	2022/12/07	
GSE220148	114	Transcriptomics of colorectal cancer in Siriraj cohort, Thailand (RNA-Seq)	2022/12/07	XLSX
GSE220285	15	Transcriptomic analysis of colorectal cancer cells treated with Oil Production Waste Products (OPWPs) reveals enrichment of pathways of mitochondrial functionality	2022/12/28	TXT
GSE220728	20	5’ isoforms of miR-1246 have distinct targets and stronger functions compared to canonical miR-1246 in colorectal cancer cells in vitro 	2024/02/26	TSV, XLSX
GSE220879	6	Transcriptome analysis of Control and FBXO38 knockdown in HCT116 and Hela cell lines	2024/02/07	TXT
GSE221050	15	Transposable elements as lineage-specific enhancers in endodermal-lineage cancers (RNA-Seq)	2023/08/11	TSV, TXT
GSE221171	3	Cancer cells enter an adaptive persistence to survive radiotherapy and repopulate tumor 2	2023/01/06	MTX, TSV
GSE221180	115	Cancer cells enter an adaptive persistence to survive radiotherapy and repopulate tumor 1	2023/01/06	CSV
GSE221181	118	Cancer cells enter an adaptive persistence to survive radiotherapy and repopulate tumor	2023/01/06	MTX, TSV
GSE221430	36	Differential transcriptional responses to BIRC6 depletion between BIRC6-dependent and -nondependent cells	2022/12/21	TXT
GSE221435	6	DNA 5-methylcytosine regulates genome-wide formation of G-quadruplex structures [RNA-seq]	2022/12/20	BW
GSE221575	5	Single cell analysis of colorectal cancer tissues	2022/12/22	MTX, TSV
GSE221795	4	E-7386 IS NOT A SPECIFIC CBP/β-CATENIN ANTAGONIST	2023/12/31	TXT
GSE221925	62	PFKFB3 overexpression in monocytes of patients with colon but not rectal cancer programs pro-tumor macrophages and is indicative for higher risk of tumor relapse [RNAseq]	2022/12/31	TSV, TXT
GSE222202	18	Molecular Profiling Provides Clinical Insights into Targeted and Immunotherapies as well as Prognosis for Colorectal Cancer	2023/01/10	TXT
GSE222300	3	Molecular Profiling Provides Clinical Insights into Targeted and Immunotherapies as well as Prognosis for Colorectal Cancer	2023/01/09	MTX, TSV
GSE222379	62	Oncogene-like addiction to aneuploidy in human cancers	2023/01/09	TXT
GSE222521	6	Pan-cancer analysis revealed H3K4me1 at bivalent promoters premarks DNA hypermethylation during tumor development and identified the regulatory role of DNA methylation in relation to histone modificat	2023/01/12	TSV
GSE222769	10	Genome-wide enhancer-gene regulatory maps link causal variants to target genes underlying human colorectal cancer risk [RNA-seq]	2023/01/17	TXT
GSE223118	12	Hypoxia-induced cysteine metabolism reprogramming are crucial for the tumorigenesis of colorectal cancer [HCT116]	2023/01/21	TXT
GSE223119	40	Hypoxia-induced cysteine metabolism reprogramming are crucial for the tumorigenesis of colorectal cancer [tissue pair]	2023/01/21	TXT
GSE223120	52	Hypoxia-induced cysteine metabolism reprogramming are crucial for the tumorigenesis of colorectal cancer.	2023/01/21	
GSE223243	4	LINC00261 Suppresses Epithelial-Mesenchymal Transition and Metastatic Potential of Colorectal Cancer by Down-regulating the MeCP2-ZEB1 Feedback Loop	2024/12/31	XLSX
GSE223415	4	Effect of depletion of NUDT21 on gene expression in HCT116	2024/01/01	XLSX
GSE223605	21	A Leaky Human Colon Model Reveals Uncoupled Apical/Basal Cytotoxicity in Early Clostridioides difficile Toxin Exposure	2023/02/13	CSV, H5AD
GSE223993	50	R-loop dependent promoter-proximal termination ensures genome stability [CUT&Tag]	2023/06/20	BW
GSE223996	4	R-loop dependent promoter-proximal termination ensures genome stability [PRO-seq]	2023/06/20	BW
GSE224034	22	Effect of faecal water exposure from control or antibiotic-treated mice on gene expression of Caco-2 cells	2023/05/25	TSV
GSE224287	10	CDK13 phosphorylates the translational machinery and promotes tumorigenic protein synthesis	2023/03/09	BW
GSE224707	34	Identification and Validation of Frameshift Neoantigens for Mismatch-Repair Deficient Lynch Syndrome	2024/03/25	TXT
GSE224734	4	A tumor suppressive-molecular axis EP300/circRERE/miR-6837-3p/MAVS activates type I interferon pathway and anti-tumor immunity to suppress colorectal cancer	2023/03/17	BIGWIG
GSE224754	8	Distinct roles of the two SEC scaffold proteins, AFF1 and AFF4, in regulating RNA Pol II transcription elongation [RNA-seq 2]	2023/07/02	BW
GSE224773	14	Pooled CRISPR Screening Identifies P-Bodies as Repressors of Cancer Epithelial-Mesenchymal Transition [RNA-seq]	2023/12/21	BW, TXT
GSE224778	3	Pooled CRISPR Screening Identifies P-Bodies as Repressors of Cancer Epithelial-Mesenchymal Transition [RIP-seq]	2023/12/21	BED, BW
GSE224779	17	Pooled CRISPR Screening Identifies P-Bodies as Repressors of Cancer Epithelial-Mesenchymal Transition	2023/12/21	BED, BW
GSE224869	6	Effects of DAB2IP expression on gene expression in DLD1  cells	2023/03/05	CSV
GSE224870	6	Effects of DAB2IP depletion on gene expression in HCT116 cells	2023/03/05	XLSX
GSE225182	33	Gene expression profiling study to identify distinct subtypes in Peritoneal metastasis of colorectal cancer	2024/06/05	TXT, XLSX
GSE225184	15	Immunogenetic metabolomics revealed key enzymes that modulate CAR-T metabolism and function [RNA-seq]	2023/05/18	TSV
GSE225377	1	LocusMasterTE: long-read assisted short-read RNA-seq TE quantification [long]	2023/09/01	TXT
GSE225380	1	LocusMasterTE: long-read assisted short-read TE quantification [short]	2023/09/01	TXT
GSE225392	24	Effect of depletion of GPRC5A on gene expression in HT-29 cells upon the treatment of 7-fluorotryptamine and/or TNFa	2023/02/20	TXT
GSE225738	16	Chemoproteomic Mapping of Glycolytic Targetome in Cancer Cells	2023/04/12	XLS, XLSX
GSE225822	8	Transcriptome expression changes after knockdown of ALDH1A1 in human colon cancer cells HT29	2024/08/27	XLSX
GSE226034	6	Gene Expression Profiles Associated with Radio-Responsiveness in Locally Advanced Rectal Cancer	2023/03/01	XLSX
GSE226039	46	scRNAseq from pbmc, ileum, and rectal tissue of healthy and crohns disease individuals	2025/05/22	MTX, TSV
GSE226100	6	TBX21 attenuates colorectal cancer progression via a ARHGAP29/RSK/GSK3β dependent manner	2025/01/02	XLS
GSE226324	9	Impact of the dopamine transporter knockdown in human colorectal cancer cells	2023/11/17	TXT
GSE226549	12	Resveratrol attenuates the mitochondrial RNA-mediated cellular response to immunogenic stress	2023/05/03	CSV
GSE226584	12	Activation of AKT induces EZH2-mediated β-catenin trimethylation in colorectal cancer. [RNA-Seq]	2023/08/23	TXT
GSE226723	9	Patient-derived mini-colons enable long-term modeling of tumor-microenvironment complexity	2024/05/01	TXT
GSE226739	15	Expression changes of ecDNA in colorectal epithelium-adenoma-adenocarcinoma evolution (mRNA)	2024/11/27	XLSX
GSE226997	4	Visium Spatial transcriptomics analysis of human primary colorectal cancer	2023/03/14	TAR
GSE226998	4	mRNA expression profile of control and senescent human colorectal cancer cell line SW620	2023/03/14	XLSX
GSE227069	6	Transcriptome profiling of colorectal cancer cells on BZW2 knockdown.	2023/03/14	TXT
GSE227206	8	Lipid engulfed macrophages interfere with protective T cell immunity and favor tumor progression in human colon carcinogenesis	2023/03/19	TSV
GSE227230	12	Characterization of miR-34 effectors in colorectal cancer cells.	2023/08/21	TXT
GSE227315	6	RNA-Seq of Oxaliplatin-treated HCT116 human colon cancer cells	2023/03/20	TXT
GSE227376	59	Transcriptomic analysis reveals the dynamic changes of immune responses during the development of creeping fat in Crohn's disease	2023/09/06	TXT
GSE227379	9	Inositol hexaphosphate enhances chemotherapy by reversing persistent endoplasmic reticulum stress-induced senescence in colorectal cancer [RNA-seq I]	2023/03/22	TXT
GSE227609	9	Inositol hexaphosphate enhances chemotherapy by reversing persistent endoplasmic reticulum stress-induced senescence in colorectal cancer [RNA-seq II]	2023/03/22	TXT
GSE227641	18	Inositol hexaphosphate enhances chemotherapy by reversing persistent endoplasmic reticulum stress-induced senescence in colorectal cancer	2023/03/22	TXT
GSE227707	4	The nucleoskeleton protein NuMA maintains local chromatin architecture partially through promoting linker histone H1’ binding to chromatin and nucleosome stacking [RNA-Seq]	2024/03/01	TXT
GSE227871	24	Removal of oxaliplatin- and cisplatin-DNA lesions requires different global genome repair mechanisms that affect their clinical efficacy.	2023/12/14	TSV
GSE227910	30	Treatment of 1,25(OH)2D3 or Antagonist in HCT116 WT and VDRKO cell lines	2023/03/27	BW, TXT
GSE228012	33	Potential driver genes involved in the initiation of CRC	2025/02/08	TXT
GSE228260	31	RNA-seq study of a helicon peptide targeting β-Catenin/TCF transcription factor [PDX]	2025/10/21	XLSX
GSE228286	4	ZC3H4, ARS2, and WDR82 coordinate non-coding transcriptional termination and are opposed by telescripting on protein-coding genes [ARS2_POINT-Seq]	2023/07/05	BW
GSE228290	6	ZC3H4, ARS2, and WDR82 coordinate non-coding transcriptional termination and are opposed by telescripting on protein-coding genes [PNUTS_POINT-seq]	2023/07/05	BW
GSE228291	8	ZC3H4, ARS2, and WDR82 coordinate non-coding transcriptional termination and are opposed by telescripting on protein-coding genes [PNUTS_U1_AMO]	2023/07/05	BW
GSE228293	4	ZC3H4, ARS2, and WDR82 coordinate non-coding transcriptional termination and are opposed by telescripting on protein-coding genes [XRN2-dTAG_POINT-seq]	2023/07/05	BW
GSE228532	9	Epiploic Adipose Tissue (EPAT) in Obese Individuals Promotes Colonic Tumorigenesis: A Novel Model for EPAT-Dependent Colorectal Cancer Progression	2023/05/04	XLSX
GSE228578	12	Transcriptomics and proteomics analyses reveal the anti-cancer properties of extract from Hypnea musciformis macroalgea in liver and intestinal cancer cells	2023/08/09	TXT
GSE228606	4	Recruitment of the m6A/Am demethylase FTO to target RNAs by the telomeric zinc finger protein ZBTB48 [RNA-seq]	2024/08/26	TAB, TXT
GSE228991	36	Defective RNA helicase genes underlie predisposition to colorectal and hematological malignancies	2023/11/08	XLSX
GSE229503	12	AVA-ADR-001- a small molecular inhibitor of ADAR1 (Immuno-oncology target)	2023/04/17	XLSX
GSE229613	6	Inhibitory effect of curcumin on colon cancer cells	2024/06/13	TXT
GSE229742	12	RNA-seq of CAF05s grown on different substrates	2023/04/18	TSV
GSE230058	53	Eosinophils exhibit a unique transcriptional signature and increased sensitivity to IL-3-induced activation in response to colorectal cancer cells	2024/09/29	CSV, TXT
GSE230067	15	Assessment of colorectal cancer risk factors through the application of network-based approaches in a biracial cohort of colon organoid stem cells	2023/08/08	CSV
GSE230388	63	HILPS, a novel long non-coding RNA essential for global oxygen sensing in human	2023/10/18	CSV, XLS
GSE230421	6	The histone acetylation reader ENL is required for oncogenic transcription driven by super-enhancer and represents a synergistic vulnerability for BET inhibition [RNA-seq]	2024/01/18	TXT
GSE230524	226	Antigen-driven colonic inflammation is associated with development of dysplasia in primary sclerosing cholangitis [bulk RNASeq]	2023/04/30	TXT
GSE230557	20	In vitro cross-talk between metastasis-competent circulating tumor cells and platelets in colon cancer: a malicious association during a harsh journey in the blood.	2023/08/03	TXT
GSE230814	16	Overexpression of CLK and wild-type CPSF6 and mutant CPSF6 in HEK293T cells to verify the effect of CLK2 phosphorylation CPSF6 on APA	2023/09/07	WIG
GSE231559	26	Gene expression profile at single cell level from the colorectal cancer (CRC)	2023/09/25	MTX, TSV
GSE231560	15	Alternative splicing at a broad spectrum of target genes underlie epithelial to mesenchymal plasticity, metastatic dissemination, and resistance to chemotherapy in high-grade serous ovarian cancer.	2024/02/17	TSV, TXT
GSE231706	6	The role of ALDH1B1 in human SW480 colon cancer cells	2023/11/06	TXT
GSE231943	8	Effect of GNAS mutation on the gene expression of HCT116 colon cancer cell line	2024/01/11	XLSX
GSE232110	16	Biomarkers of colorectal precancerous lesions	2025/12/10	TXT
GSE232113	8	Roles of H2A.Z histone variant isoforms during enterocyte-like differentiation process (RNA-Seq)	2024/10/15	TXT
GSE232193	8	Effect of knockdown or overexpression of CYP1B1 on gene expression during proliferation process of colorectal cancer cells (RKO and SW480).	2024/01/17	TXT
GSE232211	18	Transcriptional response to gut pathobiont Streptococcus gallolyticus subsp. gallolyticus infection of huham colon cells	2023/12/01	TXT
GSE232258	6	O-GlcNAcylation regulates c-Myc/PDK2 axis to rewire TCA cycle and promote colorectal tumor growth	2024/05/10	TXT
GSE232305	24	APR-246 enhances colorectal cancer sensitivity to radiotherapy	2023/05/12	TXT
GSE232386	8	Transcriptomic analysis of tumor self-seeded cells, primary tumor cells, and circulating tumor cells in liver cancer	2024/06/24	TXT
GSE232525	2	Single-Cell Analysis Reveals Cellular Reprogramming in Advanced Colon Cancer Following FOLFOX-Bevacizumab Treatment	2023/07/20	MTX, TSV
GSE232639	20	Chemical genetics in Caenorhabditis elegans identifies anticancer compound chaetocin and p300/CBP as modulators of metal response genes	2024/05/15	XLSX
GSE232678	6	Gene expression profiling of RKO cells with or without SQLE knockdown.	2024/05/20	XLS
GSE232862	18	Effect of Terpenes from Poria Cocos: Verification of Therapeutic Modes of Action for Alzheimer’s Disease using Molecular Docking, Drug-induced Transcriptomes and Diffusion Network	2024/04/23	TXT
GSE232944	12	Effect of WNT hyperactivation by CTNNB1 overexpression or APC knockdown on gene expression in HT29 cells	2023/07/17	CSV
GSE233280	12	Single-cell RNA sequencing reveals dysregulated fibroblast subclusters in prurigo nodularis	2024/01/22	MTX, TSV
GSE233326	6	Effect of coculture with normal colonic epithelial cells on gene expression of RKO colon cancer cells	2023/05/24	XLSX
GSE233356	6	TRMT6-mediated tRNA m1A modification serves as a translational checkpoint of histone biosynthesis and facilitates colorectal cancer progression [RNA]	2025/02/08	TXT
GSE233358	6	TRMT6-mediated tRNA m1A modification serves as a translational checkpoint of histone biosynthesis and facilitates colorectal cancer progression [Ribo]	2025/02/08	TXT
GSE233517	22	Neoadjuvant chemoradiation alters biomarkers of anticancer immunotherapy responses in locally advanced rectal cancer	2023/05/31	TXT
GSE233628	3	Detailed Survey of an in-vitro Intestinal Epithelium Model by Single-Cell Transcriptomics	2023/05/31	MTX, TSV
GSE233876	18	Dietary tyramine promotes colon cancer risk and development via increased DNA damage and enhanced Inflammation [HCT116]	2025/03/05	TXT
GSE234203	6	A lineage-specific super-enhancer for MYB controls the development of gastrointestinal adenocarcinomas (RNA-Seq)	2025/04/15	CSV, TXT
GSE234395	6	CAPG silencing promotes CRC cell apoptosis and ferroptosis via P53 pathway	2023/06/11	TXT
GSE234513	12	LIN28B promotes cell invasion and colorectal cancer metastasis via CLDN1 and NOTCH3	2023/09/14	CSV
GSE234615	16	Transcriptome analyses by RNA-seq with NELFE knockdown and EPZ-5676 or HMBA treated HCT116 cells	2023/07/01	TXT
GSE234709	6	Shikonin inhibit progression of colon cancer	2024/09/13	XLS
GSE234804	13	Orthotopic CRC organoid transplantation in mice: A novel model for the study and treatment of peritoneal carcinomatosis [Whole-tumour human scRNA-Seq]	2024/01/10	H5SEURAT
GSE234877	22	Staufen1 Represses the FOXA1-Regulated Transcriptome by Destabilizing FOXA1 mRNA in Colorectal Cancer Cells	2023/12/18	RESULTS
GSE235057	29	Crosstalk between myeloid and B cells shapes the distinct microenvironments of primary and secondary liver cancer	2023/06/19	MTX, TSV
GSE235595	9	Structure-guided design of a selective inhibitor of the methyltransferase KMT9 with cellular activity	2023/12/31	TXT
GSE235919	34	First-line durvalumab and tremelimumab with chemotherapy in RAS-mutated metastatic colorectal cancer: a phase 1b/2 trial [RNA-Seq]	2023/07/05	TXT
GSE236003	12	UBR5 mediates chemoresistance in colorectal cancer by attenuating ferroptosis via Lys11 ubiquitin-dependent stabilization of Smad3-SLC7A11 signaling	2024/01/22	TXT
GSE236384	13	Dysfunctional tumor-infiltrating Vδ1+ T lymphocytes in MSS colorectal cancer	2024/07/11	TAR
GSE236490	12	One-step generation of tumor models by base editor multiplexing in adult stem cell-derived organoids	2023/07/30	CSV
GSE236625	8	PP2A inhibition instructs spliceosome phosphorylation patterns to create splicing vulnerability in colon adenocarcinoma	2024/04/11	TXT, XLSX
GSE236688	36	Analysis of gene expression patterns tracking increasing metastatic potential of different clones from  colon cancer CC14 primary culture	2025/12/10	TXT
GSE236690	48	Analysis of gene expression patterns tracking increasing metastatic potential of different clones from  colon cancer CC36 primary culture	2025/12/10	TXT
GSE236691	6	CSAG1 Knock out in clone E3 from colon cancer CC14 primary culture	2025/12/10	TXT
GSE236692	6	ATP11C Knock down in clone E3 from colon cancer CC14 primary culture	2025/12/10	TXT
GSE236696	12	Gene expression profile at single cell level of pair human mucinous colorectal adenocarcinoma(MCA) tissues and adjacent normal colon tissues	2024/04/28	MTX, TSV
GSE236698	14	Mucinous colorectal adenocarcinoma	2024/04/28	CSV, JPG, JSON, MTX, PNG, TSV
GSE236701	2	Effect of knockdown of KAT7 on gene expression in HCT116 cell line.	2024/10/13	TXT
GSE236764	4	A novel TOX3-WDR5-ABCG2 signaling axis regulates the progression of colorectal cancer by accelerating stem-like traits and chemoresistance	2023/07/13	TXT
GSE236896	33	Select EZH2 inhibitors enhance the viral mimicry effects of DNMT inhibition through a mechanism involving Calcium-Calcineurin-NFAT signaling [RNA-seq]	2024/02/26	TXT
GSE236946	18	Nuclear Localization of Argonaute is affected by Cell Density and May Relieve Repression by microRNAs	2023/07/17	CSV, XLSX
GSE236987	9	A novel lncRNA FUAT1/TNS4 axis confers chemoresistance by suppressing ROS-mediated apoptosis in gastric cancer	2023/11/30	TXT
GSE237129	2	Hedyotis diffusa-Sculellaria barbata (HD-SB) suppresses the progression of colorectal cancer cells via the hsa_circ_0039933/hsa-miR-204-5p/wnt11 axis	2023/08/16	TXT
GSE237177	42	Mediator Kinase Inhibition Impedes Transcriptional Plasticity and Prevents Resistance to ERK/MAPK-Targeted Therapy in KRAS-Mutant Cancers	2024/05/15	XLSX
GSE237458	12	Restrictor synergizes with Symplekin and PNUTS to terminate extragenic transcription	2023/12/14	BW
GSE237459	8	Restrictor synergizes with Symplekin and PNUTS to terminate extragenic transcription	2023/12/14	BW
GSE237460	59	Restrictor synergizes with Symplekin and PNUTS to terminate extragenic transcription	2023/12/14	BW
GSE237623	39	Induction of CDX2 as a differentiation therapy in colorectal cancers [CRC organoids]	2025/09/23	TXT
GSE237624	12	Induction of CDX2 as a differentiation therapy in colorectal cancers [cell lines]	2025/09/23	TXT
GSE237625	6	Induction of CDX2 as a differentiation therapy in colorectal cancers [xenograft]	2025/09/23	TXT
GSE237626	57	Induction of CDX2 as a differentiation therapy in colorectal cancers	2025/09/24	
GSE237658	6	Global role of IGF2BP1 in controlling the expression of Wnt/β-catenin-regulated genes I	2023/09/19	BED, TXT
GSE237684	61	Molecular Disparities in Colorectal Cancers of White Americans, Alabama African Americans, and Oklahoma American Indians	2023/08/23	XLSX
GSE237687	12	Global role of IGF2BP1 in controlling the expression of Wnt/β-catenin-regulated genes [G109_DLD1_RNA-seq]	2023/09/19	TXT
GSE23776	2	Alternative expression analysis by RNA sequencing (comparison of 5-FU sensitive and resistant colorectal cancer cell lines)	2010/08/25	TXT
GSE237996	10	Tiam1 methylation by NSD2 promotes Rac1 signaling activation and cancer metastasis II	2023/07/29	XLSX
GSE238018	18	Knockout of MXRA8 in MDA-MB-231 cells	2023/09/11	XLSX
GSE238108	6	Gene expression profiling of acidic cell compartments from HCT116 spheroids.	2024/02/14	XLSX
GSE239325	12	RNA-Seq of human colorectal cancer (CRC) cell lines with or without METTL17 knockdown	2023/08/08	CSV
GSE239386	4	Trellis Single-Cell Screening Reveals Stromal Regulation of Patient-Derived Organoid Drug Responses	2023/12/06	H5AD
GSE239425	134	Genomic and cellular responses to aspirin treatment in colonic organoids from African- and European-Americans	2024/09/01	RESULTS
GSE239584	9	Uranium-bearing dust induces differentiation and expansion of enteroendocrine cells In human colonoids	2024/05/21	MTX, TSV
GSE239681	12	BET protein-dependent E2F pathway confers bell-shaped type resistance to tankyrase inhibitors in APC-mutated colorectal cancer [RNA-seq]	2024/07/29	CSV
GSE239817	72	Mutant p53 gain-of-function impact is repressed in the presence of other major oncogenic drivers	2024/08/31	TXT
GSE240357	24	Restrictor synergizes with Symplekin and PNUTS to terminate extragenic transcription	2023/12/14	BW
GSE240441	18	scRNAseq of human blood, tonsil, lung and small intestine innate lymphoid cells	2024/06/14	CSV, MTX, TSV
GSE240485	12	TGF-β-induced MIR99AHG synergizes with PTBP1 to trigger an alternative splicing switch of SMARCA1 that promotes invadopodia formation for metastasis in colorectal cancer	2025/08/08	TXT
GSE240623	52	Spatial profiling of a unique cancer-associated fibroblast population in the tumor microenvironment in sporadic early-onset colon cancer [eocc_pip]	2023/11/22	XLSX
GSE240744	12	Distinct contributions of EMT states to colorectal cancer ferroptosis	2025/04/23	TXT
GSE240869	6	Astrovirus replication is dependent on induction of double membrane vesicles through a PI3K-dependent, LC3-independent pathway	2023/08/20	MTX, TSV
GSE240900	4	Gene expression profile of human intestinal mononuclear phagocytes (MNPs) at the single-cell level	2024/10/08	CSV
GSE241025	3	TCF7L1 regulates colorectal cancer cell migration and invasion by repressing GAS1 expression (RNA-Seq)	2024/06/05	XLS
GSE241076	6	Inhibition of circulating glycocholic acid-regulated signaling potentiates immune checkpoint therapy in colorectal cancer	2024/08/17	TXT
GSE241518	4	High-throughout sequencing of colorectal cancer and non-small cell lung cancer cells treated actived compound YHM18	2024/11/11	TXT
GSE241656	6	Transcriptome of DLD-1 co-cultured with or without extracellular vesicels derived from Fusobacterium nucleatum	2024/05/01	XLS
GSE241659	7	Efficient genetic editing of human intestinal organoids using ribonucleoprotein-based CRISPR	2023/08/31	TSV
GSE241699	154	Genetic variants that impact alternative polyadenylation in cancer represent candidate causal risk loci [RNA-seq]	2023/09/29	TXT
GSE241878	6	The effect of MYG1 knockout on gene expression in LoVo cells	2023/12/01	TXT
GSE242091	1	Gene expression profile of human intestinal mononuclear phagocytes (MNPs) at the single-cell level II	2024/10/08	CSV, FASTA
GSE242259	36	Effects of mir-483 and mir-663a knockout in human cancer cell lines	2024/04/25	TXT
GSE242271	15	Prostaglandin E2-EP4 signaling shapes immunosuppressive tumor microenvironment in human tumors by suppressing bioenergetics and ribosome biogenesis in infiltrating immune cells [scRNA-seq]	2024/09/28	CSV, TAR
GSE242673	33	Effects of different forms of Anthocyanins on growth inhibition and gene expression of CRC cells	2023/09/10	XLSX
GSE242676	48	Exploiting a subtype-specific mitochondrial vulnerability for successful treatment of colorectal peritoneal metastases	2024/05/01	TXT
GSE242786	15	Molecular differentiation between complete and incomplete responders to neoadjuvant therapy in rectal cancer	2024/08/09	TXT
GSE242924	6	MMP-9-dependent proteolysis of the histone H3 N-terminal tail, a critical epigenetic step in driving oncogenic transcription and colon tumorigenesis	2024/07/18	TXT
GSE243014	12	Expression data from colorectal cancer cell lines with USP51 overexpression	2023/11/07	TXT
GSE243108	6	The role of MDM4 in tumors	2023/09/17	TXT
GSE243188	28	Epithelial barrier function and its underlying mechanical regulation affects the biology of Macro-Metastasis Parenchyma Interface (MMPI).	2024/11/30	TSV
GSE243245	123	Crosstalk between myeloid and B cells shapes the distinct microenvironments of primary and secondary liver cancer	2023/09/17	CSV
GSE243371	6	Integrate multi-omics analysis of LINC01767 in HCC	2024/07/31	XLS
GSE243546	36	Endogenous retrovirus LTR12C hold potential locus-dependent activities as promoter and/or enhancer [RNA-seq]	2024/08/16	CSV
GSE243615	18	Effect of PDD00017273 and GSK2606414 on MZ1-induced cell death	2024/05/17	XLSX
GSE243955	6	EZH2 Inhibition Enhances PD-L1 Protein Stability through USP22-Mediated Deubiquitination in Colorectal Cancer	2024/07/01	TXT
GSE244082	14	several colorectal cancer patient derived tumor organoid RNAseq data	2023/09/25	CSV
GSE244319	8	Oxidative phosphorylation inhibition with IACS-010759 treatment in colorectal cancer cells	2025/01/13	TXT
GSE244455	24	Transcriptomic analysis and fusion gene identification of Exos, MPs, MBRs	2024/02/26	XLSX
GSE244518	6	DNMT3B PWWP mutations cause hypermethylation of heterochromatin (RNA-seq)	2024/01/22	TXT
GSE244579	1	DPEP INHIBITS CANCER CELL GROWTH AND SURVIVAL VIA SHARED AND CONTEXT-DEPENDENT TRANSCRIPTOME PERTURBATIONS	2023/10/10	TXT, XLSX
GSE244689	60	Digital transformation of herbal medicine: Conversion to biological entity data using tonifying herbal medicine-induced transcriptome sequencing_HT29_batchA	2024/06/21	TXT
GSE244690	60	Digital transformation of herbal medicine: Conversion to biological entity data using tonifying herbal medicine-induced transcriptome sequencing_HT29_batchB	2024/06/21	TXT
GSE244691	60	Digital transformation of herbal medicine: Conversion to biological entity data using tonifying herbal medicine-induced transcriptome sequencing_HT29_batchC	2024/06/21	TXT
GSE244692	60	Digital transformation of herbal medicine: Conversion to biological entity data using tonifying herbal medicine-induced transcriptome sequencing_HT29_batchD	2024/06/21	TXT
GSE244693	33	Digital transformation of herbal medicine: Conversion to biological entity data using tonifying herbal medicine-induced transcriptome sequencing_HT29_batchE	2024/06/21	TXT
GSE244694	273	Digital transformation of herbal medicine: Conversion to biological entity data using tonifying herbal medicine-induced transcriptome sequencing_Tonifying_HT29	2024/06/21	
GSE244968	6	Expression data from human colorectal cancer tissues and the corresponding non-cancerous tissues	2024/05/01	XLS
GSE245085	28	Glutaminase as a metabolic target of choice to counter acquired resistance to Palbociclib by colorectal cancer cells	2025/07/22	CSV
GSE245133	12	RNA-seq of OVCAR3 and CCL218 cancer cells with evolved hydroxychloroquine resistance	2024/03/18	TXT
GSE245329	2	single-cell RNA-seq of OVCAR3 and CCL218 cancer cells with evolved hydroxychloroquine resistance	2024/03/18	TXT
GSE245341	4	RBM25 depletion suppresses colon cancer progression through regulating alternative splicing of MNK2	2025/06/21	TXT
GSE245351	18	Charting the transcriptomic landscape of primary and metastatic cancers in relation to their origin and target normal tissues	2024/10/21	TSV, TXT
GSE245402	12	Effect of lysosomal alkalinization on nutrient-rich and nutrient-depleted Caco-2 cells	2024/01/24	SF, TXT
GSE245475	6	FH enhances the therapeutic effect of PD-1 inhibitors on colorectal cancer by inhibiting the expression of PCSK9.	2024/12/31	TXT
GSE245552	39	Th17 cells secrete TWEAK to trigger epithelial-mesenchymal transition and promote colorectal cancer liver metastasis (scRNA-seq)	2024/01/05	MTX, TSV
GSE245617	9	The adhesin RadD enhances Fusobacterium nucleatum tumor colonization and colorectal carcinogenesis	2024/06/11	TXT
GSE245680	8	Pien Tze Huang induces reactive oxygen species to inhibit colorectal cancer growth	2023/10/19	TXT
GSE245839	16	Neutrophil Extracellular Traps induced by chemotherapy inhibit tumor growth in vivo	2024/01/12	GTF
GSE245860	12	YTHDC1 affects the ubiquitination level of RAD51 by negatively regulating UBE3A expression and inhibits colorectal cancer cells apoptosis	2024/12/06	CSV
GSE245885	10	Comprehensive Expression Profiles of mRNAs, LncRNAs, and CircRNAs in Colon Specimens of Patients with Slow Transit Constipation	2026/07/09	TXT
GSE246045	18	Chromatin accessibility and transcriptomic responses to HDAC inhibitors in TP53 mutated patient-derived colon cancer organoids [RNA-seq]	2024/03/04	TXT
GSE246493	12	Effect of depletion of C15ORF48/miR-147 on gene expression in primary colonocytes [HCT116]	2024/07/17	XLSX
GSE246615	12	Fusobacterium nucleatum infection modulates the transcriptome and epigenome of colon cancer cells in an oxygen-dependent manner [RNA-seq]	2024/02/07	SF
GSE246626	7	RNA sequencing of tumors from mice fed diets excluding methionine/tryptophan/niacin (Part 1)	2024/01/12	TXT
GSE246627	9	RNA sequencing of tumors from mice fed diets excluding methionine/tryptophan/niacin (Part 2)	2024/01/12	TXT
GSE246781	4	Epigenetically Down-Regulated BRCA2 through Acetyltransferase KAT2B Increases the Sensitivity of Colorectal Cancer to Olaparib	2023/12/14	TXT
GSE246881	6	Transcriptomic changes in HCT116 cells after KAT2A knockout	2024/11/01	XLSX
GSE246896	12	EGFR is a target of the tumor suppressor E3-ligase FBXW7	2024/04/03	CSV
GSE247230	6	ANP32B promotes colorectal cancer cell progression and reduces cell sensitivity to PRAP1 inhibitor through up-regulating HPF1	2023/11/24	XLSX
GSE247359	7	Membrane to cortex attachment determines different mechanical phenotypes in LGR5+ and LGR5- colorectal cancer cells	2023/12/20	XLSX
GSE247502	8	Next Generation Sequencing Facilitates Quantitative Analysis of HCT116 Wild Type and TTC7B-KO/OE Transcriptomes	2024/10/10	TXT
GSE247535	6	Gene expression changes induced by overexpression of PJA2 in SW-480 cells	2024/08/30	TXT
GSE247742	14	RNA sequencing of sort-purified ILC3s from IBD patients	2024/04/23	TXT
GSE247894	6	HMGA1 promotes the tumorigenesis of colorectal cancer by increasing lipid synthesis	2024/10/10	XLS
GSE247900	12	Lipid-restricted culture media reveals unexpected cancer cell sensitivities	2024/11/14	TXT
GSE248066	6	Total flavone of Abelmoschus manihot Lmedic inhibits the metastasis of  colorectal cancer cells via inhibition of the STAT3/EMT signaling pathway by  up-regulating LncRNAAL137782	2025/11/17	TXT
GSE248094	51	Systematic characterization of single-cell full-length RNA isoforms in human colorectal cancer	2025/07/29	CSV, GTF, TXT
GSE248258	6	Loss of the proteasome deubiquitinase USP14 induces growth defects and a senescence phenotype in colorectal cancer cells.	2024/04/25	TXT
GSE248259	6	Stabilization of mitochondrial double stranded RNAs by SLIRP promotes positive feedback amplification of antiviral signaling.	2024/07/31	CSV
GSE248373	8	Jiedu Xiaozheng Yin extract targets cancer stem cell signaling and inhibits patient-derived organoid and xenograft tumor growth in colorectal cancer	2023/11/23	TXT
GSE248414	12	Understanding the mechanisms of resistance to BRAF inhibitors in colorectal cancer	2025/09/01	TXT
GSE248558	12	Enterocyte like differentiation defines metabolic gene signatures of CMS3 colorectal cancers and provides therapeutic vulnerability	2024/11/13	XLSX
GSE248867	14	Effect of ferrostatin-1 and liproxstatin-1 during TNF-induced HT-29 cells apoptosis	2024/06/01	TXT
GSE248963	6	Multilayer network construction and analysis pipeline for gene expression data	2024/04/01	XLS
GSE249009	48	RNA sequencing analysis of isoginkgetin and thapsigargin treated HCT116 and HCT116 ATF4 deficient cells	2024/10/09	CSV
GSE249128	48	Maintenance of p-eIF2 alpha levels by the eIF2B complex is vital for colorectal cancer	2025/01/09	CSV
GSE249536	24	Non-canonical functions of UHRF1 maintain DNA methylation homeostasis in cancer cells [RNA-seq]	2024/02/12	TXT
GSE249552	4	The histone acetylation reader ENL is required for oncogenic transcription driven by super-enhancer and represents a synergistic vulnerability for BET inhibition [RNA-Seq II]	2024/01/18	TXT
GSE249656	8	Enhancing transcription replication conflict targets ecDNA positive cancers [RNA-seq]	2024/05/23	BW
GSE249865	6	ROS-induced cytosolic release of mitochondrial PGAM5 accelerates colorectal cancer progression via MST3-mediated YAP activation	2024/11/05	TXT
GSE249870	12	Effect of 4-HDHA during TNF-induced HT-29 cells apoptosis	2024/06/01	XLSX
GSE249954	8	KRAS inhibition impacts chromatin organization and transcriptional performance in colorectal cancer cells [HCT116 RNA-seq]	2023/12/15	CSV, XLSX
GSE250000	4	Bulk RNA-sequencing of transduced colorectal cancer cell line HCT-116 and breast cancer cell line MCF-7 overexpressing full-lenght p53β or p53β-stop-lost.	2024/08/01	TXT
GSE250091	6	Next generation sequencing to identify GPT1 regulating signaling pathway in CRC	2024/02/07	TXT
GSE250117	8	KRAS inhibition impacts chromatin organization and transcriptional performance in colorectal cancer cells [LS174T RNA-seq]	2023/12/15	CSV
GSE250118	8	KRAS inhibition impacts chromatin organization and transcriptional performance in colorectal cancer cells [SW480 RNA-seq]	2023/12/15	CSV
GSE250119	24	KRAS inhibition impacts chromatin organization and transcriptional performance in colorectal cancer cells	2023/12/14	
GSE250483	13	Discovery of novel circular RNAs through integration of short- and long-read RNA sequencing	2025/11/12	CSV
GSE250621	60	Digital transformation of herbal medicine: Conversion to biological entity data using digestive herbal medicine-induced transcriptome sequencing_second_HT29_batchA	2025/11/13	TXT
GSE250623	60	Digital transformation of herbal medicine: Conversion to biological entity data using digestive herbal medicine-induced transcriptome sequencing_second_HT29_batchB	2025/11/13	TXT
GSE250624	60	Digital transformation of herbal medicine: Conversion to biological entity data using digestive herbal medicine-induced transcriptome sequencing_second_HT29_batchC	2025/11/13	TXT
GSE250625	60	Digital transformation of herbal medicine: Conversion to biological entity data using digestive herbal medicine-induced transcriptome sequencing_second_HT29_batchD	2025/11/13	TXT
GSE250626	30	Digital transformation of herbal medicine: Conversion to biological entity data using digestive herbal medicine-induced transcriptome sequencing_second_HT29_batchE	2025/11/13	TXT
GSE250627	270	Digital transformation of herbal medicine: Conversion to biological entity data using digestive herbal medicine-induced transcriptome sequencing_second_HT29	2025/10/28	
GSE251665	8	Effect of activating Wnt signalling on expression of 3' UTR spliced transcripts in colorectal carcinoma cell line HCT116	2024/12/20	TAR
GSE251666	16	Effect of nonsense-mediated decay inhibition  on expression of 3' UTR spliced transcripts in colorectal carcinoma cell line HCT116	2024/12/20	TAR
GSE251765	4	OLFM4 promotes the progression of intestinal metaplasia through MYH9/GSK3β/β-catenin pathway	2024/01/01	XLS
GSE251845	44	Identification of unique gene expression and splicing events in early-onset colorectal cancer	2024/04/11	CSV, TXT
GSE251958	21	Predicting patient outcome based on gene-expression biomarkers learned from colorectal cancer organoids and cell lines	2025/01/08	TXT
GSE252529	15	Establishment of interpretable cytotoxicity prediction models using machine learning analysis of transcriptome features	2025/05/28	TXT
GSE252554	8	Combination of dual JAK/HDAC inhibitor with regorafenib  reduces tumor growth, metastasis, and regorafenib-induced toxicity in colorectal cancer	2024/07/17	TXT
GSE252571	6	RNA sequencing to compare gene expression in control and CMTM6 knockdown colon cancer cells	2025/06/11	XLSX
GSE252596	6	RNA-seq for NKX2-3 knockout tumor pericytes	2025/01/05	BW
GSE252753	12	Short-chain fatty acids propionate and butyrate control growth and differentiation linked to cellular metabolism [RNA-Seq]	2024/01/10	MATRIX, RESULTS
GSE252858	18	The anticancer Ruthenium drug BOLD-100 regulates apoptosis of BRAFMT colorectal cancer cells through modulation of the AhR/ROS/ATR signalling axis.	2024/01/10	TXT
GSE252980	18	Toggling of BRD4 functions is triggered through its phosphorylation by JNK [RNA-seq]	2024/09/16	TSV
GSE253012	12	NELF prevents widespread transcriptional readthrough into DNA replication zones of cancer cells [RNA-seq]	2025/12/13	BW
GSE253106	37	Transcriptome analysis reveal novel gene fusions in early onset sporadic rectal cancers	2024/06/27	TXT
GSE253110	8	The SW480 cell line as a model of resident and migrating colon cancer stem cells	2024/05/31	XLSX
GSE253112	30	FXR isoforms drive differentiation and differentially inhibit proliferation in colorectal cancer	2025/02/01	TXT
GSE253120	28	NELF prevents widespread transcriptional readthrough into DNA replication zones of cancer cells [POINT-seq]	2025/12/13	BW
GSE253554	12	The effect of CHRDL2 overexpression on gene expression in CACO2 CRC cells	2024/01/22	TXT, XLSX
GSE253699	6	The mechanism of FSTL3 in the progression of colon cancer	2025/07/31	TXT
GSE253804	9	Inherited KDM6AA649T facilitates tumor-immune escape and exacerbates colorectal signet-ring cell carcinoma outcomes	2025/01/25	TXT
GSE253843	12	Effect of PXR on gene expression in LS174T cells	2025/04/28	RESULTS
GSE254242	99	Cancer cell type-specific derepression of transposable elements by inhibition of chromatin modifier enzymes [RNA-Seq]	2025/06/16	TSV
GSE254249	92	Remodeling of T and endothelial cells during total neoadjuvant therapy in rectal cancer	2025/10/02	MTX, TSV, TXT
GSE254279	6	Epigenome reprogramming through H3K27 and H3K4 trimethylation as a resistance mechanism to DNA methylation inhibition in BRAFV600E-mutated CRC. [RNA-Seq]	2024/09/01	CSV
GSE254323	24	RNA-seq of colorectal cancer cell line HCT116 and DLD-1 cells treated with PRIMA-1met or oxaliplatin or combination therapy	2025/01/15	CSV
GSE254461	57	Machine-learning model based on glycosyltransferase expression predicts multiple cancer types, subtypes and survival probability	2024/02/03	TXT
GSE254651	6	Blocker-SELEX: A Structure-Guided Strategy for Developing Inhibitory Aptamers Disrupting Transcription Factor Interactions	2024/02/01	TXT
GSE254832	4	Differential unfolded protein response regulation in KRAS silencing sensitive versus innately resistant colorectal cancer cells [HCT116]	2024/02/06	XLSX
GSE254833	4	Differential unfolded protein response regulation in KRAS silencing sensitive versus innately resistant colorectal cancer cells [LS174T]	2024/02/06	CSV
GSE254877	84	Molecular Subtypes of Human Skeletal Muscle in Cancer Cachexia	2025/07/17	TXT
GSE254891	10	"Deep transcriptional profiling of the two cancer stem cell populations present in the SW480 cell line as presented in ""Colorectal Cancer Stem Cell Subtypes Orchestrate Distinct Tumor Microenvironments"	2024/04/25	COUNTS
GSE254956	6	RNA-seq analysis of differentially expressed genes between WT and shTRIM21 RKO cells.	2025/08/22	TXT
GSE255105	51	Transcriptome Analysis of Human Cancer Cells with Depleted or Overexpressed STELLA Proteins [RNA-seq]	2024/10/25	TXT
GSE255122	13	Cancer-associated fibroblasts reveal aberrant DNA methylation across different types of cancer [RNA-seq]	2025/02/14	TSV
GSE255129	9	Enterohemorrhagic Escherichia coli effector EspF triggers oxidative DNA lesions in intestinal epithelial cells	2024/02/14	TXT
GSE255163	30	Th17 cells secrete TWEAK to trigger epithelial-mesenchymal transition and promote colorectal cancer liver metastasis (RNA-seq)	2024/02/06	CSV
GSE255286	6	Next generation sequencing facilities quantitative analysis of SHARPIN knockout or non-target LoVo cells	2024/02/14	TXT
GSE255300	24	Global decay of regulatory chromatin architecture promotes rebalancing of gene expression during colorectal cancer development [RNA-seq II]	2024/02/11	CSV, SF
GSE255344	12	KMT9 is an actionable target in muscle-invasive bladder cancer	2024/05/01	TXT
GSE255745	6	S-SETMAR in the biogenesis of glioblastoma : a protective role ?	2025/10/10	TXT
GSE255773	20	Transcriptomic Profiling of Plasma Extracellular Vesicles Enables Reliable Annotation of the Cancer-specific Transcriptome and Molecular Subtype (cell lines)	2024/02/29	CSV
GSE255774	31	Transcriptomic Profiling of Plasma Extracellular Vesicles Enables Reliable Annotation of the Cancer-specific Transcriptome and Molecular Subtype (cell mixture)	2024/02/29	CSV
GSE255775	319	Transcriptomic Profiling of Plasma Extracellular Vesicles Enables Reliable Annotation of the Cancer-specific Transcriptome and Molecular Subtype	2024/02/29	
GSE255875	6	5-Fluorouracil Treatment Represses Pseudouridine-Containing miRNA Export into Extracellular Vesicles (RNA-seq)	2024/09/18	TXT
GSE256049	2	RNA sequencing of tumors from mice fed diets excluding methionine/tryptophan/niacin (Part 3.1, RNA-Seq)	2024/02/19	TXT
GSE256061	5	RNA sequencing of tumors from mice fed diets excluding methionine/tryptophan/niacin (Part 4)	2024/02/19	TXT
GSE256114	12	DNA hypomethylation promotes UHRF1- and SUV39H1/H2-dependent crosstalk between H3K18ub and H3K9me3 to reinforce heterochromatin states	2024/12/03	TSV, TXT
GSE256159	21	Glucocorticoid promotes metastasis of colorectal cancer via co-regulation of glucocorticoid receptor and TET2 (RNA-Seq)	2024/06/01	TXT
GSE256188	36	Super-enhancers reorganization controls re-sensitization of oxaliplatin-resistant FBXW7-mutated colorectal cancer	2026/02/22	TAB
GSE256268	42	Transcriptomic Profiling of Plasma Extracellular Vesicles Enables Reliable Annotation of the Cancer-specific Transcriptome and Molecular Subtype (tumor tissues)	2024/02/29	CSV
GSE256276	6	JOSD1 facilitates colorectal cancer progression via stabilizing YAP	2024/09/11	XLSX
GSE256301	2	Mutational signature-based identification of DNA repair deficient gastroesophageal adenocarcinomas for therapeutic targeting	2024/02/23	XLS, ZIP
GSE259306	111	TurboCas: A method for locus-specific labeling of genomic regions and isolating their associated protein interactome [RNAseq]	2024/12/21	BW
GSE259318	19	Human Pluripotent Stem Cell Derived Organoids Reveal a Role for WNT Signaling in Dorsal-Ventral Patterning of the Hindgut	2025/02/26	TXT
GSE259373	30	Analysis of an HCA-7 derived cell line (CC-CR) and  cell lines generated with knockout of miR-100, miR-125b, or both miRNAs (RNAseq_human_miR_KO.7223)	2024/12/26	TXT
GSE259422	156	Transcriptomic Profiling of Plasma Extracellular Vesicles Enables Reliable Annotation of the Cancer-specific Transcriptome and Molecular Subtype (plasma_cancer)	2024/02/29	CSV
GSE260560	70	Transcriptomic Profiling of Plasma Extracellular Vesicles Enables Reliable Annotation of the Cancer-specific Transcriptome and Molecular Subtype (plasma_healthy)	2024/02/29	CSV
GSE260661	16	Exploring MicroRNA Patterns as Biomarkers of FOLFOX Chemotherapy-Induced Peripheral Neuropathy in Patients with Colorectal Cancer	2024/03/06	TXT
GSE260842	34	Multimodal single cell analyses reveal mechanisms of perianal fistula in diverse Crohn’s disease [scRNA-seq]	2024/05/16	TAR
GSE260896	6	The MYB-related Transcription Factor MYPOP acts as a Selective Regulator of Cancer Cell Growth	2026/05/18	TXT
GSE260979	6	New therapy for colorectal cancer targeting cancer metabolism through serotonin receptor HTR2B	2024/03/12	TXT
GSE261004	39	Gene expression profiles of cells from PDOs of normal colon and colorectal cancers [RNA-Seq]	2024/04/17	CSV, TXT
GSE261012	12	Single-cell gene expression profiles of cells from colorectal cancer and chemically induced PDOs [scRNA-Seq]	2024/04/17	
GSE261177	6	Pan-cancer bioinformatics analysis of TNFRSF12A and functional study in colorectal cancer	2024/03/13	XLSX
GSE261182	10	Novel FOXM1 Inhibitor STL001 sensitizes different human cancers to broad spectrum of anticancer drugs	2024/05/08	TXT
GSE261205	12	A network-based framework to discover treatment-response-predicting biomarkers for complex diseases	2024/03/13	CSV
GSE261294	12	Study of the transcriptomic changes induced by Aurora A inhibition in the colorectal cancer cell line C10	2025/09/10	TSV
GSE261388	10	Single cell transcriptomic profiling reveals a dynamic molecular landscape and the importance of ligand-receptor genes and transcription factors during the progression of colorectal cancer	2025/02/01	MTX, TSV
GSE261537	6	TR-107, An Agonist of Caseinolytic Peptidase Proteolytic Subunit, Disrupts Mitochondrial Metabolism and Inhibits the Growth of Human Colorectal Cancer Cells	2024/12/18	TXT
GSE261717	10	Effect of fructose on human colon DNA methylation: implication for racial disparities in colorectal cancer risk	2025/03/15	CSV
GSE261888	18	Global gene expression profile of colon biopsy samples from healthy patients and colorectal cancer.	2024/07/17	TXT
GSE261895	18	Disruption of deoxynucleotide biosynthesis leads to RASproto-oncogene activation and perturbation of mitochondrial metabolism [RNA-seq]	2024/10/02	CSV
GSE262144	4	C1Q + TPP1 + macrophages promote colon cancer progression through SETD8-driven p53 methylation.	2025/04/03	TXT
GSE262381	4	Antibody-mediated Inhibition of Global HLA/LILR Interactions Breaks Innate ImmuneSystemTolerance and Unleashes Potent Anti-Tumor Immunity	2024/03/27	CSV, MTX, RDS, TSV
GSE262460	6	O-GlcNAcylation of NONO is Critical for Paraspeckle Component Assembly and Contributes to Tumorigenesis	2024/06/01	TXT
GSE262670	25	NanoCMSer: A Clinically Applicable Tool for Stratification of Colorectal Cancer Samples [March2024]	2025/05/22	XLSX
GSE262671	113	NanoCMSer: A Clinically Applicable Tool for Stratification of Colorectal Cancer Samples [March2024.MATCH]	2025/05/22	XLSX
GSE262672	33	NanoCMSer: A Clinically Applicable Tool for Stratification of Colorectal Cancer Samples [March2024.CODE]	2025/05/22	XLSX
GSE262785	6	HNF4α is a target of the Wnt/β-catenin pathway and regulates colorectal carcinogenesis	2026/06/01	XLSX
GSE262796	18	Gene expression changes associated with acquired resistance to anti-EGFR therapy (cetuximab) in colorectal cancer cells	2024/07/02	XLS
GSE262823	6	TIPE regulates TGFB2 expression and induces extracellular M2 polarization in CRC	2025/05/05	XLS
GSE263027	18	Highly-metastatic colorectal cancer cell released Nidogen 1-Enriched Extracellular Vesicles promote liver metastasis by activating hepatic stellate cells and forming the neutrophilextracellulartraps	2025/08/01	TXT
GSE263449	36	Transcription start site analysis of NIPBL depletion in cancer cell line	2025/05/01	TXT
GSE263463	6	HDAC inhibitors sensitize colorectal cancer to ferroptosis via m6A modification of FSP1	2025/04/03	XLSX
GSE263844	34	Targeting metabolism to improve immunotherapy in GSNOR-deficient colorectal cancer	2024/04/13	TXT
GSE264131	27	Comparative network-based analysis of toll-like receptor agonist, L-pampo signaling pathways in immune and cancer cells	2024/07/26	CSV
GSE264157	12	Effect of stable genetic ablation and pharmacological inhibition of SMYD3 on gene expression in CRC cell line (HCT-116)	2025/06/17	TXT
GSE264227	42	Effect of pharmacological inhibition of SMYD3 on gene expression in patient-derived CRC-SCs	2025/06/17	TXT
GSE264360	6	Nuclear translocation of Cx43 promotes CRC progression by CAF via activating β-catenin through TGF-β and phosphorylation	2025/12/17	TABULAR
GSE264485	6	Ribosome biogenesis in embryo-like grand states as potential therapeutic target for KRAS mutant CRC	2025/08/10	MTX, TSV
GSE264499	12	Widespread termination of mammalian RNA polymerase II at T-rich DNA sequences (RNA-Seq)	2024/11/28	BW
GSE264565	12	Development of a First-in-Class DNMT1/HDAC Inhibitor with Improved Therapeutic Potential and Potentiated Antitumor Immunity	2024/09/10	TXT
GSE264582	6	Sequencing to Explore the Mechanism Network of N-acetyltransferase 10 (NAT10) Promoting Colorectal cancer in human colorectal cancer cell SW620	2025/02/12	XLSX
GSE265884	10	Tripartite phosphorylation of SPT5 by CDK9 times pause release and tunes elongation rate of RNA polymerase II (RNA-Seq)	2025/04/17	TXT
GSE265906	24	Epigenetic and oncogenic inhibitors cooperatively drive differentiation and kill KRAS-mutant colorectal cancers [LOVO_BCat]	2024/07/22	XLS
GSE265907	12	Epigenetic and oncogenic inhibitors cooperatively drive differentiation and kill KRAS-mutant colorectal cancers [LOVO sgTLE4]	2024/07/22	XLSX
GSE265926	48	Epigenetic and oncogenic inhibitors cooperatively drive differentiation and kill KRAS-mutant colorectal cancers [CRC cell lines]	2024/07/22	XLSX
GSE265950	12	N-glycans in non-malignant tumor microenvironment cells dampen CAR-T cell function in solid tumors [RNA-Seq]	2026/08/19	TXT
GSE266086	3	Inhibition of a corrupted embryonic developmental regulator reverses colon cancer to a normal-like state [scRNA-seq]	2026/09/27	H5
GSE266220	6	RNA sequencing analysis of SW480 cells treated with Amuc_0904	2024/07/10	TXT
GSE266321	8	The BAF complex enhances transcription through interaction with H3K56ac in the histone globular domain	2024/09/26	TSV, TXT
GSE266330	63	Single cell profiling of bone metastasis ecosystems from multiple cancer types reveals convergent and divergent mechanisms of bone colonization	2025/05/27	MTX, TSV
GSE266390	35	Transcriptome profiling associated with CARD11 overexpression in Colorectal Cancer implicates a potential role for Tumour Immune Microenvironment and Cancer pathways modulation via NF-κB	2024/07/31	TXT
GSE266892	18	A genome-wide screen for peroxisome regulators connects peroxisomes with Wnt signaling through RNF146 and tankyrase	2024/06/01	TXT
GSE267010	104	A consensus molecular subtypes classification strategy for clinical colorectal cancer tissues	2024/05/22	TXT
GSE267317	9	Fusobacterium nucleatum upregulates the immune inhibitory receptor PD-L1 in intestinal epithelial cells via the activation of ALPK1	2024/05/13	CSV
GSE267500	9	RNA-seq analysis of parent, RPL22L1 knockout and RPL22 reconstituted HCT116 cells.	2025/05/13	TXT
GSE267501	6	RNA-seq analysis of RNA polymerase I inhibitor in p53 proficient HCT116 colon adenocarcinoma cells	2025/05/13	XLSX
GSE267502	6	RNA-seq analysis of RNA polymerase I inhibitor in p53 null HCT116 colon adenocarcinoma cells.	2025/05/13	XLSX
GSE267868	8	Identification and Validation of Small Molecule Inhibitors Targeting FGFR through Molecular Docking-Based Screening	2024/06/30	RESULTS, TXT
GSE267911	6	KAT2B-Mediated Epigenetic Suppression of RAD51C Enhances Olaparib Sensitivity in Colorectal Cancer	2026/03/18	TXT
GSE268007	6	Regulation of autophagy by Rab27B in colorectal cancer	2025/05/10	TXT
GSE268122	6	The underlying mechanism of SCNAs-induced lncRNA LOC101927668 overexpressoin facilitating colorectal cancer progression	2024/10/15	TXT
GSE268199	9	Proteasome inhibition induces alteration of DNA methylation profile by attenuating the synthesis of DNA methyltransferase 1 and 3B in colorectal cancer	2025/02/27	MATRIX
GSE268527	6	Isolation, Structure Elucidation, and Biological Activity of the Selective TACR2 Antagonist Tumonolide and its Aldehyde from a Marine Cyanobacterium	2025/05/14	TXT
GSE268603	12	Transport of perfluoroalkyl substances across human induced pluripotent stem cell-derived intestinal epithelial cells in comparison with primary human intestinal epithelial cells and Caco-2 cells	2024/06/05	TXT
GSE268709	12	Transcriptomic changes in HT29 cells and a patient-derived CRC 3D model after CRISPRi-based KAT2A knockdown	2025/03/28	TXT, XLSX
GSE268979	12	PTEN depletion reduces global levels of H3K27me3 to promote epithelial-to-mesenchymal transition in epithelial colorectal cancer cells [RNA-seq]	2024/11/27	CSV
GSE269296	12	High expression of the structural maintenance of chromosomes 5/6 complex is associated with the positive prognosis and doxorubicin susceptibility of colon cancer	2025/06/30	TXT
GSE269369	18	LIN28B-mediated activation of the PI3K/AKT pathway promotes metastasis and unravels a new therapeutic vulnerability in colorectal cancer	2025/06/07	CSV, XLSX
GSE269456	3	CircRAPGEF5 acts as a modulator of RAS/RAF/MEK/ERK signaling during colorectal carcinogenesis	2026/06/13	TXT
GSE269621	4	scRNA-SEQ analysis of SW620 xenografts tumor in nude mice	2026/02/11	TAR
GSE270298	6	KAT7 promotes malignant phenotypes of colorectal cancer via MRAS-mediated activation of the MAPK/ERK pathway	2024/06/27	TXT
GSE270300	1	N-glycans in non-malignant tumor microenvironment cells dampen CAR-T cell function in solid tumors [scRNA-seq]	2026/08/19	CSV, MTX, XLSX
GSE270402	4	NCBP2 promotes colorectal cancer growth and metastasis by driving lipid droplet accumulation by stabilizing LIPG mRNA	2024/08/30	XLSX
GSE270525	6	CD8(+) T cells cell-in-cell mediates colorectal cancer progression via P38 activation	2025/06/01	TXT
GSE270613	4	Targeting CAFs-Mediated Stromal Signaling in a Patient-Derived Organotypic Colorectal Tumor Model	2025/02/19	TXT
GSE270759	18	Oncogenic KRAS Mutations Confer a Unique Mechanotransduction Response to Peristalsis in Colorectal Cancer Cells	2024/10/03	CSV
GSE270763	1	Single cell gene expression profiling of the SW620 colorectal cell line	2024/07/16	MTX, TSV
GSE270765	17	Disseminated tumor cell of colorectal cancer adopt the wound healing program of epidermal keratinocyte [RNA-seq]	2026/03/17	CSV
GSE270767	1	Disseminated tumor cell of colorectal cancer adopt the wound healing program of epidermal keratinocyte [scRNA-seq]	2025/12/31	MTX, TSV
GSE270815	12	The atypical KRASQ22K mutation directs TGF-β response towards partial epithelial-to-mesenchymal transition in patient-derived colorectal cancer tumoroids	2025/03/25	CSV
GSE270887	12	Toggling of BRD4 functions is triggered through its phosphorylation by JNK [RNAseq-JQ1]	2024/09/16	TSV
GSE270923	12	HT29_Discovery and utilization study of the dominant pharmacological action organ of Aconitum carmichaeli Debeaux using multiple bioinformatic analyses	2024/07/05	TXT
GSE271043	6	Desulfovibrio Vulgaris Flagellin Induces Epithelial-Mesenchymal Transition of Colorectal Cancer through LRRC19/TRAF6/TAK1 Pathway	2026/03/04	XLSX
GSE271172	45	Immune infiltration characteristic of colorectal cancer with high and low immune score.	2025/01/15	XLSX
GSE271350	24	Cancer-Associated Fibroblasts Promote Vasculogenic Mimicry of Colorectal Cancer by Epigenetic Silencing of Decorin [RNA-Seq]	2025/07/01	TXT
GSE271639	6	Transcriptomic analysis of RNA psi modification in colorectal cancer reveals an epitranscriptomic regulation in cellular senescence	2025/01/28	CSV
GSE271642	8	Effects of Simulated Microgravity on Colorectal Cancer Organoids Growth and Drug Response	2024/09/11	TXT
GSE271690	16	An integrated single cell and spatial transcriptomic map of Tumor Margin in Colorectal Cancer	2026/07/31	MTX, TSV
GSE271802	6	Indole-3-lactic acid suppresses colorectal cancer via metabolic reprogramming	2025/06/04	XLS
GSE271991	60	Effect of red meat metabolites and nutrient deprivation on gene expression of HCT116 colorectal cancer cells	2026/05/27	TSV
GSE272456	9	Mitochondrial metabolism is a key determinant of chemotherapy sensitivity in Colorectal Cancer (HCT116)	2024/09/18	TXT
GSE272516	6	Sequestration of ribosomal subunits as inactive 80S by targeting eIF6 limits mitotic exit and cancer progression	2024/12/04	TXT
GSE272805	24	tsRNAs sequencing of FFPE tissues reveals i-tRF-Gly-GCC as a biomarker for colorectal cancer	2026/04/24	XLSX
GSE272835	8	A novel USP4 inhibitor suppresses colorectal cancer stemness and enhances chemotherapy sensitivity by promoting the degradation of β-catenin and Twist1	2025/01/29	TXT
GSE272874	26	IGF2BP1 phosphorylation regulates ribonucleoprotein condensate formation by impairing low-affinity protein and RNA interactions (RNA-Seq)	2024/10/10	TSV
GSE272912	6	Transcription factor ZEB1 coordinating with NuRD complex to promote oncogenesis through glycolysis in colorectal cancer	2024/09/13	TXT
GSE273106	6	Lipid engulfed macrophages interfere with protective T cell immunity and favor tumor progression in human colon carcinogenesis - Monocyte	2024/07/25	TSV
GSE273185	36	Discovery and prediction study of the dominant pharmacological action organ of Aconitum carmichaeli Debeaux using multiple bioinformatic analyses	2024/07/29	TXT
GSE273457	6	Small nucleolar RNA SNORA67 regulates DLGAP5-activated Wnt pathway to promote colorectal cancer development	2025/09/01	CSV
GSE273567	42	Secretory IgA dysfunction underlies poor prognosis in Fusobacterium-infected colorectal cancer	2025/07/23	H5
GSE273626	4	Chemical perturbations impacting histone acetylation regulate colorectal cancer differentiation	2025/01/30	RDATA
GSE273769	24	The PLK1 Inhibitor Onvansertib in Combination with FOLFIRI and Bevacizumab in Second-line Treatment of KRAS-mutant Metastatic Colorectal Cancer: A Single-Arm, Phase II Trial.	2025/11/25	CSV
GSE273846	6	Heat Shock Transcription Factor 4 Promotes Malignant Biological Behavior in Colorectal Cancer Through Stiffness Rather Than Collagen Content.	2025/02/02	TXT
GSE273988	33	ATF6 promotes colorectal cancer growth and stemness by regulating the Wnt pathway	2024/08/06	TXT
GSE274027	4	RNA m1A methyltransferase TRMT61A induces MAPK/ERK signaling and is a therapeutic target in colorectal cancer I	2025/02/01	XLSX
GSE274028	4	RNA m1A methyltransferase TRMT61A induces MAPK/ERK signaling and is a therapeutic target in colorectal cancer II	2025/02/01	CSV
GSE274150	4	Sequencing data of a novel piperine derivative HJ-23 against colorectal cancer	2025/08/12	TXT
GSE274172	4	ATF6 promotes colorectal cancer growth and stemness by regulating the Wnt pathway II	2024/08/08	RDS
GSE274247	32	Direct circMAN1A2(2,3,4,5)-CENPB mRNA interaction regulates cell proliferation and cancer progression	2025/07/27	XLSX
GSE274321	3	IKKa modulates colorectal cancer metastasis by preventing tight junction stabilization and collective cell migration [scRNA-seq]	2025/12/02	MTX, RDS, TSV
GSE274325	4	IKKa modulates colorectal cancer metastasis by preventing tight junction stabilization and collective cell migration [RNA-seq Tumoroid]	2025/12/02	TXT
GSE274551	35	Novel PET/CT Imaging Biomarkers of CB-839 in Combination With Panitumumab and Irinotecan in Patients With Metastatic and Refractory RAS Wildtype Colorectal Cancer	2025/01/13	CSV
GSE275021	9	SDR42E1 modulates vitamin D absorption and cancer pathogenesis: insights from an in vitro model	2025/09/18	CSV
GSE275190	4	A Novel Piperine Derivative Inhibits Colorectal Cancer Progression by Modulating EMT Signaling Pathways: An Integrated Transcriptomic and Machine Learning Analysis	2024/08/23	XLS
GSE275330	10	Doxorubicin resistance involves modulation of interferon signaling, transcriptional bursting, and gene co-expression patterns of U-ISGF3-related genes	2024/10/09	BW, MTX, TSV
GSE275387	99	Cellular Defense Mechanisms Show Stronger Response to Linear DNA Compared to Circular Plasmid [RNA-seq]	2025/05/21	TXT
GSE275391	16	Nonpathogenic E. coli displaying decoy-resistant IL18 mutein enhance the efficacy of cancer immunotherapies	2024/08/22	TXT
GSE275454	4	ID3 Enhances PD-L1 Expression by Restructuring MYC and  Promotes Colorectal Cancer Immune Evasion [RNA-seq]	2024/09/30	TXT
GSE275553	4	A novel Nilotinib derivative N-12 inhibits the proliferation and migration of colon cancer cells through the EMT signaling pathway	2024/09/20	CSV
GSE275628	34	TAS-102, Irinotecan, and Bevacizumab in Pre-treated Metastatic Colorectal Cancer (TABAsCO), A Phase II Clinical Trial. ClinicalTrials.gov NCT04109924	2024/08/26	RESULTS
GSE275702	20	Extrachromosomal DNA Associates with Nuclear Condensates and Reorganizes Chromatin Structures to Enhance Oncogenic Transcription [RNA-seq]	2025/09/18	TXT
GSE275705	36	Extrachromosomal DNA Associates with Nuclear Condensates and Reorganizes Chromatin Structures to Enhance Oncogenic Transcription [RNA-seq II]	2025/09/18	TXT
GSE276016	36	Genetic variants affecting RNA stability influence complex traits and disease risk	2025/05/21	TXT
GSE276272	8	effect of PPA2 knockdown on gene expression under normoxia or hypoxia of DLD1 colerectal cancer cells	2024/12/01	XLSX
GSE276336	6	ZEB1-mediated Epithelial to Mesenchymal Transition in Colorectal cancer HT-29 cell line	2025/12/01	TXT
GSE276573	6	Enrichment of ornithine decarboxylase degron transduced colorectal cancer cells for extended application of cancer stem cell models	2025/07/03	TXT
GSE276620	26	Oncogene induced senescence and senescence-associated secretory phenotype (SASP) determines the efficacy of palbociclib in PIK3CA mutated colorectal cancer	2025/04/10	TXT
GSE276623	12	Human RNaseH2 subunit upregulation counteracts oncogene- and chemotherapy-induced replication stress	2024/12/16	TXT
GSE276849	20	Prognostic and diagnostic value of metal metabolism in colorectal cancer	2024/09/15	CSV
GSE277370	6	SPT5 regulates RNA polymerase II stability via Cullin 3–ARMC5 recognition [RNA-Seq]	2025/01/24	TXT
GSE277467	85	First multiomics association study of trace element and mineral concentration and RNA sequencing profiles in human cancers	2024/09/21	CSV
GSE277585	18	The Ashkenazi-centric G334R variant of TP53 is severely impaired for transactivation but retains tumor suppressor function in a mouse model [RNA-seq]	2025/09/19	TXT
GSE277669	1	Single-cell transcriptome landscape in colorectal cancer	2024/12/13	MTX, TSV
GSE277845	6	RNA-seq analysis of differentially expressed genes between WT and siALDOA HT29 cells.	2024/09/23	TXT
GSE277905	7	Exploring Immune Microenvironment of Colorectal Cancer Patients after Renal Transplantation	2024/10/22	MTX, TSV
GSE278020	9	Characterization of off-target effects of a first-in-class EGFR-directed KRAS G12V selective inhibitor, EFTX-G12V, in SKCO1 cells.	2025/07/16	TXT
GSE278103	36	DNA methylation protects cancer cells against non-canonical senescence	2025/05/19	TSV
GSE278117	12	Effect of FTO deletion on gene expression of HT29 and HCT116 in colon cancer cell lines	2025/06/16	XLSX
GSE278226	6	PCYT2 inhibits epithelial-to-mesenchymal transition in colorectal cancer by elevating YAP1 phosphorylation	2025/01/01	TXT
GSE278405	16	Phenotypic plasticity and increased tissue infiltration of TREM1+ mono-macrophages following radiotherapy in rectal cancer. [RNA-Seq]	2024/11/20	TXT
GSE278406	6	Phenotypic plasticity and increased tissue infiltration of TREM1+ mono-macrophages following radiotherapy in rectal cancer. [scRNA-Seq]	2024/11/20	MTX, TSV
GSE278411	6	VGLL1 KO in colon cancer cells primary culture clone E3, clone 22	2025/12/10	TXT
GSE278412	6	Colon cancer low metastatic clone after escape of late apoptosis	2025/12/10	TXT
GSE278461	37	Separate transcription and splicing gene networks are linked and coordinated by the pRb-E2F pathway	2026/02/04	TXT
GSE278476	89	Pre-vaccination transcriptomic profiles of immune responders to the MUC1 peptide vaccine for colon cancer prevention	2024/12/04	CSV
GSE278979	40	Transcriptional programs of cell identity and p53-induced stress responses are associated with distinctive features of spatial genome organization [RNA-seq]	2025/07/10	BW, H5
GSE279062	7	Gene expression profiles of interactions between colorectal cancer-associated fibroblasts and myeloid cells in 2D co-cultures and in novel next generation triple cultures containing colorectal cancer 	2024/10/13	MTX, TSV
GSE279150	8	The phosphatase PP1 sustains global transcription by promoting RNA polymerase II pause release [RNA-seq]	2024/12/02	BW
GSE279151	12	The phosphatase PP1 sustains global transcription by promoting RNA polymerase II pause release [TT-seq]	2024/12/02	BW
GSE279376	12	Exploring the Factors regulating RNA Enrichment in EVs	2025/07/07	H5, TXT
GSE279572	9	Candida albicans drives colorectal cancer progression by inducing hypoxia signaling	2025/08/16	MATRIX
GSE279678	6	RBM15-mediated Metabolic Reprogramming Boosts Immune Response in Colorectal Cancer	2025/04/15	TXT
GSE279800	8	Caffeine modulates immunoproteasome activity and content in colorectal adenocarcinoma cells	2024/10/22	COUNTS
GSE279919	15	Bivalent promoters are predisposed to gain and retain DNA methylation, leading to paradoxical gene activation [RNA-seq]	2026/10/01	TXT
GSE279979	6	Patient-derived Organoids and Xenografts Uncover Therapeutic Vulnerabilities in Colorectal Signet Ring Cell Carcinomas	2025/01/22	TXT
GSE280188	4	Neratinib derivative 7A induces apoptosis in colon cancer cells via the p53 pathway	2024/11/02	XLS
GSE280266	48	Reprogramming of Cellular Plasticity via ETS and MYC Core-regulatory circuits During Response to MAPK Inhibition in BRAF-mutant colorectal cancer.	2026/04/24	TXT
GSE280311	12	Characterization of immune cell populations in the tumor microenvironment of colorectal cancer using high definition spatial profiling [Flex]	2025/03/18	CSV, H5, XLSX
GSE280367	8	Mesenchymal Colorectal Cancers Secrete Vesicles With Unique Cargo That Can Be Used For Liquid Biopsy Based Diagnostics [RNA-seq]	2025/10/15	TXT
GSE280384	17	Mesenchymal Colorectal Cancers Secrete Vesicles With Unique Cargo That Can Be Used For Liquid Biopsy Based Diagnostics [RNA-seq plasma]	2025/10/15	TXT
GSE280633	8	The function and mechanisms of hsa_circCDKN2B-AS_012 on tumor suppression of Colorectal cancer	2025/10/31	TXT
GSE280645	12	RNF26 promote the proliferation and metastasis of colorectal cancer cells via Wnt pathway	2025/04/30	TXT
GSE280756	10	Identification of RNAs regulated by ZMAT3 and p53	2025/06/30	TXT
GSE280932	12	Long non-coding RNA UCA1 modulates chromatin remodeling via SMARCA2-containing SWI/SNF complex in human colorectal cancer	2025/11/06	TAB
GSE281048	4	Systematic reconstruction of molecular pathway signatures using scalable single-cell perturbation screens	2024/11/04	RDS
GSE281408	16	TNF-α inhibits the chemotherapy resistance caused by upregulation of the PERK-ATF4 pathway in colorectal cancer cells	2024/11/10	TXT
GSE281613	12	Microbial metabolite ammonia disrupts CEACAM1-TGF-β signaling to promote colon cancer	2024/11/16	TXT
GSE281727	12	Gene expression analysis of Subperitoneal Fibroblast (SPF) by knockdown of Transgelin.	2026/04/13	TXT
GSE281816	6	A Novel Microprotein, MUCP1, Mediates Succinate Transport and Promotes Colorectal Cancer Progression by Modulating Glutamine Metabolism	2025/10/31	TXT
GSE281917	140	Gene expression data to identify molecular characteristics of mucinous colorectal cancer	2025/07/02	TXT
GSE281918	119	Gene expression data of non-mucinous colorectal cancers to support to identify molecular characteristics of mucinous colorectal cancer	2025/07/02	TXT
GSE282027	6	Multi-omics analyses integration reveals a novel TRF2-miR-181a-5p-S100A10 regulatory axis in colon cancer [RNA-seq]	2025/12/02	TXT
GSE282048	32	Enrichment of ornithine decarboxylase degron transduced colorectal cancer cells for extended application of cancer stem cell models [colorectal cancer]	2025/07/09	TXT
GSE282103	6	SOWAHA as a cancer suppressor gene Influence Metabolic Reprogramming	2026/07/31	XLSX
GSE282110	6	RBM47 functions as an anti-oncogene by regulating expression and alternative splicing of cell proliferation and apoptosis associated genes in colorectal cancer cells	2025/07/30	TXT
GSE282212	6	RNA-seq analysis of RNA polymerase I inhibitor in HCT116 cells	2025/05/13	XLSX
GSE282213	6	RNA-seq analysis of RRN3 knockdown in HCT116 cells	2025/05/13	XLSX
GSE282383	6	KLK1 prevents colorectal inflammation-cancer transformation via B1R-mediated ECM pathway	2025/12/04	TXT
GSE282463	12	Splicing Factor 3a Subunit 1 Promotes Colorectal Cancer Growth via Anti-programmed cell death of Syntaxin12.	2026/02/18	XLSX
GSE282542	8	CD8+MTs+ Effector T Cells from Enlarged Tumor-Draining Lymph Nodes Drive Enhanced  Tumor Immunogenicity and Improved Prognosis in Colorectal Cancer Patients	2024/11/26	MTX, TSV
GSE282580	60	Colon tissue gene expression associated with vedolizumab treatment effectiveness in ulcerative colitis.	2025/08/25	XLS
GSE282925	12	DNA hypomethylation promotes UHRF1- and SUV39H1/H2-dependent crosstalk between H3K18ub and H3K9me3 to reinforce heterochromatin states [RNA-Seq]	2024/12/03	TSV, TXT
GSE282967	4	Sequencing data of a novel piperine derivative HJ-4 against colorectal cancer	2024/11/28	CSV
GSE283029	8	Sequencing data of AQP2-specific inhibitor Steviol against colorectal cancer	2025/11/01	TXT
GSE283167	2	Attractor landscape analysis reveals a reversion switch in the transition of colorectal tumorigenesis	2025/02/12	H5
GSE283230	6	Nuclease CAD restrains cGAS-STING signaling to inhibit radiosensitivity of colorectal cancer	2025/08/27	TXT
GSE283451	17	Air-liquid_interface_Caco-2_culture_with_vasointestinal_peptide_ mimicks_ gut_ mucosal_ barrier_ function_ in_ permeability_ and_bacterial infection	2024/12/04	TXT
GSE283654	6	AKR1B10 dictates c-Myc stability to suppress colorectal cancer metastasis via PP2A nitration	2025/07/22	CSV
GSE283752	12	Differential unfolded protein response regulation in KRAS silencing sensitive versus innately resistant colorectal cancer cells [SW480 and SW837]	2024/12/12	CSV
GSE284007	24	The long noncoding RNA C1QTNF1-AS1 interacts with RSRC2 to ensure mitotic fidelity	2026/03/13	TXT
GSE284019	6	Differentially Expressed Genes Between High-Metastatic LOVO-HM and Wild-Type LOVO Colorectal Cancer Cell Lines	2025/09/24	TXT
GSE284535	4	Genome-wide homeostatic regulation of R-loops by the dual RNA-DNA topoisomerase, topoisomerase III-β (TOP3B) II	2025/09/04	CSV
GSE284613	6	Effects and Mechanisms of ACSL4 Induces Immunosuppression in Colorectal Cancer [T84 cells]	2024/12/31	TXT
GSE284656	18	Development and validation of a high-throughput screening pipeline of compound libraries to target EMT	2025/12/01	TXT
GSE284657	12	lncSLERT promotes liver metastasis in colorectal cancer by down-regulating HUNK expression via RBM15-mediated m6A modification	2025/01/01	TXT
GSE284670	9	An Anaerobic In Vitro Flow Model for Studying Interactions at the Gastrointestinal Host-Microbe Interface	2025/08/04	CSV
GSE284806	2	total RNA-seq from HCT116 (ENCSR034DEZ)	2025/01/14	BIGWIG, TSV, TXT
GSE284818	2	total RNA-seq from HCT116 (ENCSR094RQC)	2025/01/14	BIGWIG, TSV, TXT
GSE284821	2	total RNA-seq from HCT116 (ENCSR096UGR)	2025/01/14	BIGWIG, TSV, TXT
GSE284827	2	total RNA-seq from HCT116 (ENCSR113CCF)	2025/01/14	BIGWIG, TSV, TXT
GSE284831	2	total RNA-seq from HCT116 (ENCSR146GSS)	2025/01/14	BIGWIG, TSV, TXT
GSE284858	2	total RNA-seq from HCT116 (ENCSR714CHF)	2025/01/14	BIGWIG, TSV, TXT
GSE284870	2	total RNA-seq from HCT116 (ENCSR729VMM)	2025/01/14	BIGWIG, TSV, TXT
GSE284874	2	total RNA-seq from HCT116 (ENCSR257FJF)	2025/01/14	BIGWIG, TSV, TXT
GSE284880	2	total RNA-seq from HCT116 (ENCSR266SBI)	2025/01/14	BIGWIG, TSV, TXT
GSE284883	2	total RNA-seq from HCT116 (ENCSR267FRL)	2025/01/14	BIGWIG, TSV, TXT
GSE284885	2	total RNA-seq from HCT116 (ENCSR275SNI)	2025/01/14	BIGWIG, TSV, TXT
GSE284890	2	total RNA-seq from HCT116 (ENCSR502PAY)	2025/01/14	BIGWIG, TSV, TXT
GSE284895	2	total RNA-seq from HCT116 (ENCSR294AKN)	2025/01/14	BIGWIG, TSV, TXT
GSE284906	2	total RNA-seq from HCT116 (ENCSR800KLD)	2025/01/14	BIGWIG, TSV, TXT
GSE284964	2	total RNA-seq from HCT116 (ENCSR931ATS)	2025/01/14	BIGWIG, TSV, TXT
GSE284970	2	total RNA-seq from HCT116 (ENCSR945VLG)	2025/01/14	BIGWIG, TSV, TXT
GSE285319	6	The high expression of siglec10 in tumor macrophages may promote the progression of colorectal cancer	2026/07/03	XLSX
GSE285418	60	Digital transformation of herbal medicine: Conversion to biological entity data using Qi related decoction and constituent herbal medicine-induced transcriptome sequencing_third_HT29_batchA	2026/05/14	TXT
GSE285420	60	Digital transformation of herbal medicine: Conversion to biological entity data using Qi related decoction and constituent herbal medicine-induced transcriptome sequencing_third_HT29_batchB	2026/05/14	TXT
GSE285421	60	Digital transformation of herbal medicine: Conversion to biological entity data using Qi related decoction and constituent herbal medicine-induced transcriptome sequencing_third_HT29_batchC	2026/05/14	TXT
GSE285422	60	Digital transformation of herbal medicine: Conversion to biological entity data using Qi related decoction and constituent herbal medicine-induced transcriptome sequencing_third_HT29_batchD	2026/05/14	TXT
GSE285423	30	Digital transformation of herbal medicine: Conversion to biological entity data using Qi related decoction and constituent herbal medicine-induced transcriptome sequencing_third_HT29_batchE	2026/05/14	TXT
GSE285424	270	Digital transformation of herbal medicine: Conversion to biological entity data using Qi related decoction and constituent herbal medicine-induced transcriptome sequencing [HT29]	2026/05/12	
GSE285457	5	Long-term maintenanance of patient-specific characteristics in tumoroids from six cancer indications	2025/01/31	MTX, TSV
GSE285466	4	SLC6A8-mediated creatine uptake suppresses ERK2-FSP1 signaling and induces ferroptosis in colorectal cancer	2025/09/05	XLSX
GSE285472	5	Cancer-associated fibroblast-derived urea cycle metabolites promote colorectal cancer growth	2025/01/31	TXT
GSE285503	4	Fibroblast-Derived Thrombospondin 2 Shapes the Immune-Exclusionary Environment at Invasive Fronts in Colorectal Cancer [RNA-seq_Human_CRC]	2025/10/28	CSV
GSE285638	12	The DNA-PKcs/JNK/p53 pathway underlies changes in cell fate decision toward death during DNA replication catastrophe	2025/07/02	TSV
GSE285698	12	DNA topological regulation by topoisomerase IIβ-DNA-PK interaction is important for controlled hypoxia-inducible gene expression [RNA-Seq]	2025/01/26	TXT
GSE285726	18	Targeting cancer through simultaneous inhibition of key metabolic enzymes	2025/05/08	CSV
GSE285815	2	Effect of HERV-R env Knockout on Tumorigenic Characteristics of Colorectal Cancer Cells	2025/01/08	TXT
GSE285901	4	PSY Suppresses Colorectal Cancer Progression by Targeting Oncogenic Signaling and Metabolic Reprogramming	2026/01/05	CSV
GSE286216	6	c-MET inhibition is synthetic lethal with ARID1A loss via targeting GPX4 and promoting ferroptosis	2026/01/01	XLSX
GSE286521	24	scDUAL-seq Simultaneously Measures RNA Synthesis and Degradation Rates in Single Cells	2025/07/01	RDS, TXT
GSE287014	6	CNOT7 Promotes Radiation Resistance in Colorectal Cancer via XRCC6-Mediated NHEJ DNA Repair Pathway	2025/04/28	TXT
GSE287078	30	Time- and Dose-Dependent Effects of Irradiation on Endothelial and Tumor Endothelial Cells: Transcriptional, Molecular, and Functional Changes Driving Activation In Vitro and In Vivo	2025/06/01	TXT
GSE287188	2	Effects of active-state RAS inhibition on the colorectal cancer cell transcriptome	2025/12/12	CSV, H5, TAR, TSV
GSE287252	6	RNA-seq analysis of differentially expressed genes between WT and shTRIP6 RKO cells.	2025/11/04	TXT
GSE287468	68	The transcriptomic changes of patient's derived colorectal cancer organoids induced by drug treatment.	2026/09/30	TXT
GSE287597	55	THE INTEGRATIVE GENOMIC AND FUNCTIONAL IMMUNOLOGICAL ANALYSES OF COLORECTAL CANCER INITIATING CELLS TO MODULATE STEMNESS PROPERTIES AND THE SUSCEPTIBILIY TO IMMUNE RESPONSES [RNA-Seq]	2025/02/26	CSV, TXT
GSE287741	12	Transcriptomic changes in CRC1 and CRC2 patient-derived CRC 3D models after CRISPRi-based KAT2A knockdown	2025/03/28	TXT, XLSX
GSE287868	54	Transcriptomic footprinting following restoration of p53 sequence and function utilising Adenine Base Editing	2025/06/16	CSV
GSE287870	48	Targeted citrullination enables p53 binding to non-canonical sites [164]	2026/01/17	TXT
GSE287956	69	CAN-Scan: a multi-omic phenotype-driven precision oncology platform identifies prognostic biomarkers of therapy response for colorectal cancer	2025/04/04	TXT
GSE288026	10	A conserved short 3 ́UTR short motif regulates gene expression in vertebrates	2026/01/14	TXT
GSE288086	9	Development of RelB-Targeting Small Molecule Inhibitors of Non-canonical NF-kB Signaling with Antitumor Efficacy	2025/04/23	TXT
GSE288179	105	Differential response of patient-derived intestinal organoids to site-specific mucosal bacteria in pediatric inflammatory bowel disease	2025/10/01	TSV, TXT
GSE288275	24	Inhibition of the STAT3/Fanconi anemia axis is synthetic lethal with PARP inhibitor in breast cancer	2025/01/29	TXT
GSE288482	52	Integration activity of evolutionarily recent human retroelements Alu and LINE in tumors	2025/02/06	CSV
GSE288560	24	Combined therapy with DR5- targeting antibody-drug conjugate and CDK inhibitors as a novel strategy for advanced MSS and MSI-H colorectal cancer	2025/04/24	TXT
GSE288583	10	Identification of a novel intracellular function of the secreted ribonuclease RNASE1 in inhibiting gene expression	2025/05/07	TXT
GSE288724	20	Network analysis of normal colon organoids exposed to metformin reveals likely regulatory role for colorectal cancer genome-wide association study candidate genes	2026/04/10	CSV
GSE288874	26	THE INTEGRATIVE GENOMIC AND FUNCTIONAL IMMUNOLOGICAL ANALYSES OF COLORECTAL CANCER INITIATING CELLS TO MODULATE STEMNESS PROPERTIES AND THE SUSCEPTIBILIY TO IMMUNE RESPONSES [RNA-seq]	2026/02/05	TSV
GSE289008	6	Multi-omics analysis reveals Jianpi formula-derived bioactive peptide-YG-22 potentially inhibited colorectal cancer via regulating epigenetic reprogram and signal pathway regulation [RNA-Seq]	2025/03/26	XLSX
GSE289055	18	P2RY2 fuelled by eATP drives cancer immune evasion and therapy resistance	2026/07/07	TSV, TXT
GSE289213	9	The alterations of gene expression profiling induced by EXOSC10-AS1 knockdown in HCT116 cells.	2026/02/08	XLSX
GSE289214	32	IGF2BP3 regulates RNA metabolism during unfolded protein response	2026/07/23	CSV
GSE289217	9	The alterations of gene expression profiling induced by ORM1 knockdown in HCT116 cells.	2026/02/09	XLSX
GSE289252	46	Lamin B1 and LAP2β resist cytoskeletal force to maintain lamin A/C meshwork organization and preserve nuclear integrity	2025/02/17	TXT
GSE289314	14	Single-cell and spatial transcriptome analysis revealed the immunomodulatory role of T cells in the colon cancer tumor microenvironment	2025/08/13	MTX, TSV
GSE289424	18	IGF2BP3 regulates RNA metabolism during unfolded protein response [RNA-Seq]	2026/07/23	CSV
GSE289480	40	IGF2BP3 regulates RNA metabolism during unfolded protein response [RKO iCas9 cells]	2026/07/23	CSV
GSE289481	32	IGF2BP3 regulates RNA metabolism during unfolded protein response [IGF2BP3 cells]	2026/07/23	CSV
GSE289482	32	IGF2BP3 regulates RNA metabolism during unfolded protein response [HCT116]	2026/07/23	CSV
GSE289499	29	Uncovering Stage-Specific Biomarkers in Colorectal Cancer: RNA-Seq Analysis of Adenoma and Carcinoma Progression	2025/03/06	TXT
GSE289582	115	Baseline tumor features and peripheral blood immune dynamics that underlie efficacy in MSS metastatic colorectal cancer treated with regorafenib, ipilimumab, and nivolumab [Blood]	2026/02/01	TXT
GSE289583	14	Baseline tumor features and peripheral blood immune dynamics that underlie efficacy in MSS metastatic colorectal cancer treated with regorafenib, ipilimumab, and nivolumab	2026/02/01	TXT
GSE289646	1	Genomic Analysis of T cell Receptors Provides Novel Insights of Cancer Immunology in Lynch Syndrome Carriers	2026/03/02	MTX, TSV
GSE289746	12	Combined therapy with DR5- targeting antibody-drug conjugate and CDK inhibitors as a novel strategy for advanced MSS and MSI-H colorectal cancer	2025/04/24	TXT
GSE289758	6	IGF2BP3 enhances ferroptosis resistance in colon cancer by stabilizing SLC7A11 mRNA and is regulated by miR-98-5p	2025/02/21	TSV
GSE289766	27	Analysis of the mechanism of acquisition of chemotherapy resistance in colorectal cancer cell lines	2026/04/09	TXT
GSE289801	4	Effect of FBL depletion on cell morphology	2025/10/31	TABULAR
GSE289818	6	Lipid droplets impair anti-tumor immunity by disrupting IFNGR1 trafficking via TGN diacylglycerol depletion	2025/03/01	TXT
GSE289971	16	m6A Methylation Suppresses anti-tumour immune responses in Colorectal Cancers by Inhibiting Double-stranded RNA accumulation from Alu Repeats [RNA-Seq1]	2026/03/09	BW, TXT
GSE290045	6	Colorectal cancer-derived osteopontin rewires macrophages into a pro-metastatic M2 state via the PI3K/AKT/CSF1-CSF1R axis	2026/01/30	XLSX
GSE290123	8	Comprehensive Transcriptomic Analysis of DLD1 Colon Cancer Cells Overexpressing TRMT6 and TRMT61A Genes [RNA-seq]	2026/03/11	TXT
GSE290314	6	Extracorporeal shock waves effectively suppress colorectal cancer proliferation and growth	2025/02/25	XLSX
GSE290475	6	Next generation sequencing to identify KDM4A regulating signaling pathway in CRC	2025/03/01	XLSX
GSE290487	7	VEGFR2 blockade overcomes acquired KRAS G12D inhibitor resistance driven by PI3Kγ activation	2025/03/02	TXT
GSE290526	3	VEGFR2 blockade overcomes acquired KRAS G12D inhibitor resistance driven by PI3Kγ activation [scRNA-Seq]	2025/03/03	MTX, TSV
GSE290622	102	Opposing functions of distinct regulatory T cell subsets in colorectal cancer	2025/12/15	CSV, TXT
GSE290772	24	Cancer cells subvert ZNF93 to escape surveillance by L1 epigenetic sentinels and control APOBEC3B [RNA-seq_3]	2025/08/01	PILEUP
GSE291063	90	Gene expression profiling of human DLD-1 cells after instant depletion of TREX2 subunits	2026/05/04	TXT
GSE291093	9	Obese adipose tissue extracellular vesicles activate mitochondrial fatty acid -oxidation to drive colonic stemness	2025/12/10	XLSX
GSE291181	4	Transcriptome of 3D cultivated colon cancer cell lines (HCT116, SW620, DLD1) and HCEC-1CT	2025/12/09	TXT
GSE291188	24	Unravelling the antitumor mechanism of Ocoxin through cancer cell genomics	2025/04/09	TXT
GSE291324	8	Transcriptome analysis of HCT116 cells subjected to low glucose or depleted of MAPKAPK2 expression.	2026/02/06	TXT
GSE291524	18	ColoStem, a core transcriptional signature that identifies poor prognosis fetal-type colorectal tumors	2025/11/06	TXT
GSE291823	12	Proximity of pre-mRNA 3′ end processing and transcription termination is associated with enhanced gene expression [Colorectal 3'mRNA-seq]	2026/08/24	BW
GSE292020	15	Colorectal cancer organoids drive patient-specific inflammation, cytotoxicity and tissue-residency programs in NK cells	2025/12/17	TXT
GSE292184	17	FOXM1 drives metabolic adaptations in colorectal cancer brain metastases and represents a potential therapeutic target	2026/03/15	TSV
GSE292281	6	Effect of depletion of AURKB on gene expression in colorectal cancer	2025/08/20	XLSX
GSE292288	18	Separation-of-function mutants reveal the NF-κB-independent involvement of IκBα in the regulation of intestinal stemness [RNAseq Knock-ins IKBa]	2025/05/18	TXT
GSE292334	15	The tumor suppressor SMAD4 is a gatekeeper for genome stability	2026/07/14	TXT
GSE292354	2	Hepatitis B virus X protein promotes epithelial to mesenchymal transition in the intestine and enhances colorectal carcinogenesis in vivo	2026/09/10	MTX, TSV
GSE292379	9	RNAseq analysis of streptomycin on SW620 colon cancer cell line	2025/04/07	TXT
GSE292601	62	Epithelial interferon-stimulated gene programs modulate chemotherapy sensitivity in colorectal cancer via EPSTI1	2026/06/30	TXT
GSE292858	73	RNA-Seq analysis of  tumor and matched normal samples from colorectal cancer patients.	2026/03/25	TXT
GSE292970	54	Spatially organizing million callus cells identify the core-network enable tomato shoot regeneration [RNA-Seq]	2026/03/27	CSV
GSE293576	9	Partial truncation of the C-terminal domain of PTCH1 in cancer promotes tumorigenesis by non-canonical activation of GLI transcriptional activity.	2026/02/28	TXT
GSE293591	365	Integrative Assessment of RNA-seq and IHC: Linking Tumor Biomarkers and Microenvironment	2025/08/06	TSV
GSE293903	6	Synthesis of a Novel Mitochondrial Fluorescent Probe - Killing Cancer Cells in Vitro and in Vivo	2025/05/07	TXT
GSE294201	6	TGFB1/CXCL5 Axis Regulation by LCN2 Overexpression: A Promising Strategy to Inhibit Colorectal Cancer Metastasis and Enhance Prognosis	2025/04/14	TXT
GSE294276	6	Microbial Bile acid metabolite, 3-oxo-LCA, prohibits colorectal cancer progression	2025/08/14	TXT
GSE294300	36	Single-cell gene expression profiles of cells from primary colorectal cancer and adjacent normal tissue [scRNA-Seq]	2026/07/22	MTX, TSV
GSE294344	76	DEAH-BOX HELICASE 8 IS A REGULATOR OF HEAT SHOCK FACTOR 1	2026/02/17	TXT
GSE294639	12	PHGDH Drives 5-FU Chemoresistance in Colorectal Cancer through the Hedgehog signaling	2025/07/11	XLSX
GSE294754	4	MiNK-215: Allogeneic FAP-CAR-IL15 iNKT therapy remodels tumor stroma to enhance anti-tumor immunity	2025/04/16	TXT
GSE294823	8	A plastic EMP1⁺ to LGR5⁺ cell state conversion as a therapeutic bypass to KRAS-G12D inhibition in metastatic colorectal cancer [RNA-Seq human]	2025/09/29	TXT
GSE294934	15	Epigenomic analysis of organoids from colorectal cancer peritoneal and liver metastases uncovers a mechanism of resistance to doxorubicin	2026/06/16	TXT
GSE295155	3	Transcriptome profiling of HCT116 cells and differentiated HCT116 cells induced by forced expresssion of MYOD1 or PPARG using RNA-sequencing.	2026/06/01	TXT
GSE295349	183	KLF5 interacts with RUVBL1/2 to activate classical and basal lineage identities in PDAC [RNA-seq]	2025/10/08	TXT
GSE295435	4	Phosphorylation of SF3B1 by CDK11 1 orchestrates spliceosome activation via SNIP1 dependent RES complex recruitment	2026/02/24	BIGWIG, SF
GSE295441	29	Macrovascular infiltration and spikes in circulating tumor cells in cancer patients approaching end of life	2025/07/23	TXT
GSE295547	14	ARID1A recruits non-homologous end joining factors to DNA breaks induced by G4 ligands	2025/08/13	CSV
GSE295725	98	Multimodal delineation of a layer of effector function among exhausted CD8 T cells in tumors	2025/04/28	TSV
GSE29580	4	RNA-seq of two paired normal and cancer tissues in two stage III colorectal cancer patients	2011/05/28	BED
GSE295932	6	Single cell and spatial alternative splicing analysis with Nanopore long read sequencing	2025/05/23	CSV, MTX, TSV, TXT
GSE295985	2	Aberrant NOTUM+ Program Induced in LGR5+ Crypt Base Columnar Cells Maintains an Immunosuppressive Niche in Colorectal Cancer	2026/02/26	MTX, TSV
GSE296060	12	Myricone C, a novel neolignan from Myristica fragrans, induces ER stress-mediated apoptosis in gastric and colorectal cancer via ROCK inhibition	2025/05/05	CSV
GSE296173	8	Model systems and unique biological features of high and low-grade colorectal cancer (CRC) revealed by xenografting 84 human CRC cell lines	2025/06/01	TXT
GSE296191	14	Hypoxic regulation of chromatin and gene transcription [RNA-seq]	2026/03/24	TXT
GSE296212	80	LINE-1 locus transcription nucleates oncogenic chromatin architecture [RNA-Seq]	2025/12/17	TXT
GSE296228	12	The robust inflammatory responses caused by MjHKU4r-S mediated cell fusion	2025/05/07	XLSX
GSE296403	88	RNA-Seq of PBMC of FAP patient before and after a low-inflammatory diet	2025/09/18	TXT
GSE296448	12	Glycerol-3-Phosphate Dehydrogenase 1-Like serves as a tumor suppressor in colorectal cancer through ATF3-mediated ferroptosis	2026/05/06	TXT
GSE296656	4	RNA seq of human colon cancer cell line HT29 treated with nanocurcumin	2025/05/13	TXT
GSE296861	109	CD47 Expression in Solid Tumors Correlates with Phagocytic Tumor-Associated Macrophage Gene Signature	2025/09/04	TXT
GSE296923	6	The RNA-Binding Protein DDX39B Promotes Colorectal Adenocarcinoma Progression by Stabilizing DCLK1	2025/06/22	TXT
GSE296969	13	Gene expression at single cell level of stromal cells from the distal colon of normal sites of colorectal cancer and inflamed sites of ulcerative colitis.	2025/05/13	TAR
GSE297054	5	Colorectal cancer heterogeneity co-evolves with tumor architecture to determine disease outcome	2026/09/26	MTX, TSV, TXT
GSE297086	12	SLAM-seq reveals the promotive role of NDRG1 in Fusobacterium nucleatum-induced Tumorigenesis in Colorectal Cancer.	2025/05/17	TSV
GSE297148	16	A Compendium of Cancer Organoid Models for Diverse Cancer Type	2026/03/30	H5, H5AD
GSE297244	8	Comprehensive Transcriptome Profiling Unveils the Oncolytic Mechanisms of Newcastle Disease Virus on Colonic Carcinoma	2025/09/03	TXT
GSE297595	8	Sequential verification of transcription by Integrator and Restrictor [ZC3H4_INTS4_chrRNA-seq]	2025/10/17	BIGWIG
GSE297602	8	Sequential verification of transcription by Integrator and Restrictor [ZC3H4_EXOSC3_nucRNA-seq]	2025/10/17	BIGWIG
GSE297603	8	Sequential verification of transcription by Integrator and Restrictor [INTS4_U1AMO_chrRNA-seq]	2025/10/17	BW
GSE297604	4	Sequential verification of transcription by Integrator and Restrictor [U170K_POINT-seq]	2025/10/17	BW
GSE297614	10	SMYD2 methylates KDM5A restricting its demethylase activity on the genome (and driving proliferation	2026/05/27	TXT
GSE297882	26	Cell and nuclear size are associated with chromosomal instability and tumorigenicity in cancer cells that undergo whole genome doubling	2025/05/28	TXT
GSE297912	10	Development of an AI Model to Predict Tumor Immune Responsiveness in Colorectal Cancer Using Organoid–Immune Co-Culture platforms	2026/05/25	RESULTS
GSE298084	8	Tissue-specific immunosuppressive and proliferating macrophages fuel early metastatic progression of human colorectal cancer to liver	2025/08/11	H5
GSE298346	4	NSUN5 Mediates Resistance to Doxorubicin via Upregulation of DNA Damage Repair Proteins BRCA2 and BRIP1 in Colorectal Cancer	2025/06/12	TXT
GSE298365	5	The deubiquitinase USP17 regulates the expression of the oncogenic driver β-catenin in colorectal cancer	2025/06/24	TXT
GSE298489	12	Metabolic surgery reduces CRC disease progression mediated by circulating bile acid diversion	2026/06/01	TXT
GSE298560	6	SMARCA3 is a histone H3K23 ubiquitin ligase that regulates H3K9me3 in cancer [RNA-Seq]	2025/07/01	TXT
GSE298630	5	A deep learning framework for the reconstruction of gene expression profiles derived from formalin-fixed paraffin-embedded samples	2025/06/04	TXT
GSE298631	6	The mRNA profile of HT29 cells after treatment with YM155	2026/06/22	TSV
GSE298808	12	Synergistic effects of 5-Fluorouracil in combination with Salinomycin promoted ferroptosis via inhibiting SLC7A11/GPX4 in Colorectal Cancer	2025/06/10	TXT
GSE299058	9	Inhibition of PCSK9 Attenuates Liver Endothelial Cell Activation Induced by Colorectal Cancer Stem Cells during Liver Metastasis	2025/07/02	TAB
GSE299214	6	Orphan drug nitisinone combined with sorafenib synergistically boosts anti-PD-1 efficacy in MSS Colorectal Cancer [RNA-Seq]	2026/06/30	TXT
GSE299345	18	Exon Skipping of Ste20-Like Kinase Enhances Glycolysis and Tumor Progression by Activating Enolase 1 mediated Phosphoenolpyruvate Production	2025/06/17	CSV
GSE299400	6	Transcriptome alterations after CUL4A knockdown in HT-29 cells	2026/05/07	CSV
GSE299427	4	Single cell RNA-seq of oxaliplatin resistant HCT116 cells	2025/07/23	RDS
GSE299428	24	RNA-seq of oxaliplatin resistant HCT116 and SW480	2025/07/23	XLSX
GSE299474	6	FAM72A promotes UNG2 degradation and mutagenesis in human cancer cells	2025/07/09	CSV
GSE299648	5	4-Acetylantrocamol LT3 Suppresses Colorectal Cancer Growth and Metastasis via PI3K/AKT and MAPK Pathway Modulation	2025/12/03	XLSX
GSE299651	20	Pooled single-cell screening in colorectal cancer identifies transcriptional modules of clinical relevance unlocked by oncogenes	2026/01/12	CSV, H5, H5AD, RDS
GSE299737	11	Single-cell transcriptome analysis deciphers stem cell-like epithelial cells as metastatic phenotype and immune characteristics of tumor deposition positive in Colorectal Cancer	2025/09/17	TAR
GSE299799	12	A deep learning framework for the reconstruction of gene expression profiles derived from formalin-fixed paraffin-embedded samples	2025/07/31	TXT
GSE299943	9	BCL-xL as a therapeutic target in cetuximab-refractory colorectal cancer	2026/01/27	TXT
GSE300002	12	Tumor suppressor genes p53 and p21 influence metformin’s antitumor efficacy in KRAS-mutated HCT116 colorectal cancer cells	2025/09/30	CSV
GSE300390	8	AI-Identified CD133-Targeting Natural Compounds Demonstrate Different Anti-tumor Effects and Mechanisms in Pan-cancer	2025/07/23	TXT
GSE300621	15	Transcriptomic analyses of PDX tumors (QQX-09) to gain insight into the mechanisms underlying FOLFOXIRI-induced DTP state.	2026/06/27	TXT
GSE300623	17	Transcriptomic analyses of PDX tumors (QQX-17) to gain insight into the mechanisms underlying FOLFOXIRI-induced DTP state.	2026/06/27	TXT
GSE300639	2	Next Generation Sequencing Analysis of control and siHNRNPM treated RKO cells Transcriptomes	2025/10/20	TXT
GSE301000	12	RNA-seq analysis of RNA polymerase I inhibitor in HCT116 TP53 KO cells [HCT116_TP53KO_3days_RNA-seq]	2026/09/30	XLSX
GSE301220	6	RNA-seq analysis reveals dysregulated pathways in CAFs following NPs treatment.	2025/12/24	XLS
GSE301380	6	Effect of Fatty Acid Binding Protein 1 (FABP1) knockdown on gene expression profile in Caco-2 colorectal cancer cells	2025/08/06	CSV
GSE301521	72	FOCAS: Transcriptome-wide screening of individual m6A sites functionally dissects epitranscriptomic control of gene expression in cancer [FOCAS_4cellline_RNAseq]	2025/10/21	TXT
GSE301888	12	Effects of UBE2S on colorectal cancer cell line RKO	2025/12/02	TXT
GSE302045	19	Innate lymphoid cells in unaffected colon, colorectal cancer and peritoneal metastasis	2026/02/11	RDS
GSE302405	6	Targeted RNA N6-Methyladenosine Demethylation inhibits cell migration in colorectal cancer cells [RNA-seq]	2026/09/02	TXT
GSE302491	6	AURKA-Mediated 7-Dehydrocholesterol Biosynthesis Drives Ferroptosis Evasion and Chemoresistance	2026/03/11	TXT
GSE302900	18	DRUG-seq of High-Density Neutrophils (HDNs) from Colorectal Cancer Patients with or without GM-CSF Stimulation	2025/11/02	XLSX
GSE302902	51	DRUG-seq of high-density neutrophils (HDNs), mature low-density neutrophils (M-LDN), and immature low-density neutrophils (IM-LDN) in patients with colorectal cancer	2025/11/02	XLSX
GSE302903	12	Single-cell RNA sequencing of tumor tissues from 12 colorectal cancer (CRC) patients.	2025/11/02	TAR
GSE302917	28	TP53 Mutation is a Prognostic Biomarker for Patients with Advanced RAS Wild-Type Colorectal Adenocarcinoma Treated with Cetuximab and Pembrolizumab [dataset 1]	2025/12/03	CSV
GSE302921	50	Phase I/II trial of encorafenib, cetuximab, and nivolumab in microsatellite stable, BRAFV600E metastatic colorectal cancer [dataset 1]	2025/07/21	CSV
GSE302922	12	Phase I/II trial of encorafenib, cetuximab, and nivolumab in microsatellite stable, BRAFV600E metastatic colorectal cancer [dataset 2]	2025/07/21	CSV
GSE302923	62	Phase I/II trial of encorafenib, cetuximab, and nivolumab in microsatellite stable, BRAFV600E metastatic colorectal cancer	2025/07/21	
GSE303326	54	Variation at the R181 residue of p53 confer loss of p53 DNA binding cooperativity with the retention of mitochondrial-associated apoptosis	2025/08/27	TXT
GSE303377	384	Colorectal Cancer cohort from the Geneva Cancer Registry	2025/12/20	CSV
GSE303444	30	Transcriptional and immune repertoire profiling of mismatch repair-deficient colorectal cancer	2026/04/23	TXT
GSE303732	6	An appendiceal cancer organoid biobank identifies phenotypic evolution and druggable dependencies of peritoneal carcinomatosis	2026/04/29	CSV, H5AD, MTX, TSV
GSE303774	6	CHK2 deficiency affects the engagement of DSBs repair pathways following DNA damage	2026/09/08	CSV
GSE303954	6	Gene expression profile of CPT2-knockdown HCT116 colorectal cancer cells	2025/08/31	TXT
GSE304081	12	3D collagen high-throughput screen identifies drugs that induce epithelial polarity and enhance chemotherapy response in colorectal cancer	2025/08/01	TXT
GSE304110	11	Stress-Survival Pathway Profiling Reveals MCM10 as a Candidate Biomarker of Hispanic Colorectal Cancer Disparities	2025/08/06	TXT
GSE304295	24	Effect of adenoviral E1A on oxaliplatin response in oxaliplatin-sensitive and resistant human colorectal cancer HCT116 cells	2025/11/14	CSV, TXT
GSE304444	6	Genetic Control of tRNA-Derived Fragments Contributes to Cancer Risk	2025/08/05	TXT
GSE304522	24	The MUC1 extracellular domain and cytoplasmic tail play distinct roles during Salmonella invasion of enterocytes	2026/06/25	TXT
GSE304710	18	Pan-ERBB inhibitors synergize with KRAS inhibitors in rectal cancer	2026/08/06	TXT
GSE305020	12	Smoking promotes the progression of colorectal cancer via CKAP2L/STAT3/AREG/EGFR axis	2026/01/20	XLS
GSE305039	6	Smoking promotes the progression of colorectal cancer via CKAP2L/STAT3/AREG/EGFR axis	2026/01/20	TXT
GSE305053	8	mtROS-driven Sp1-dependent retrograde signaling promotes colorectal tumor progression via SIRT3-PAGM5 axis-governed mitochondrial homeostasis	2025/11/01	TXT
GSE305244	18	TNF-α Deficiency Underlies NK Cell Dysfunction in Colorectal Cancer	2026/03/04	CSV
GSE305337	73	Patient-Specific Pharmacogenomics demonstrates xCT as Predictive Therapeutic Target in Colon Cancer with Possible Implications in Tumor Connectivity	2025/09/21	XLSX
GSE305534	6	Single-Cell Transcriptomic Sequencing of Matched Ascites and Tumor Samples from Patients with Peritoneal Metastases	2026/09/30	H5
GSE305561	18	Targeting HSPB1 Reduces Tumor Growth and Abrogates Treg-Mediated Tumor Immunosuppression	2025/08/20	TXT
GSE305943	6	GBP2 Enhances Anti–PD-L1 Response in Colorectal Cancer by Non-Pyroptotic Inhibition of GSDMD-Mediated YAP Activation	2026/08/30	TXT
GSE306286	16	FOXO1 links KRAS G12D and G12V alleles to glutamine and nitrogen metabolism in colorectal cancer	2025/08/28	CSV, GCT
GSE306289	16	Human ZBP1 Is a Potent Inducer of RIPK1-Dependent Cell Death Through Mechanisms Divergent from Mouse ZBP1 [human]	2026/08/31	TXT
GSE307398	12	Phase II Study of Pembrolizumab Plus Capecitabine and Bevacizumab for Microsatellite Stable/Mismatch Repair-Proficient Metastatic Colorectal Cancer	2026/08/23	MTX, TSV
GSE307472	32	Effect of CDK11 inhibition via OTS964 treatment on gene expression to assess implication on cellular processes including intron retention.	2025/09/09	SF
GSE307698	5	RNA-seq of colorectal cancer patient-derived xenograft (PDX) tumors treated with FAP-CAR mRNA-LNP therapy	2025/12/10	TXT
GSE30786	4	Determination of transcript abundance before and after serum induction in human HCT-116 colon cancer cell line.	2011/07/19	TXT
GSE307937	6	PKM2 lactylation promotes colorectal cancer vasculogenic mimicry and resistance to bevacizumab treatment by facilitating FOSL1 super-enhancer formation [RNA-Seq]	2026/02/14	XLSX
GSE308020	66	Integrative multi-omics deciphers the potential mechanism and microbial biomarkers for lymph node metastasis in colorectal cancer	2025/12/04	TXT
GSE308083	6	OSBPL3 Drives Colorectal Cancer Progression via Hippo-YAP Signaling and Modulates MEK Inhibitor Sensitivity	2025/09/30	CSV
GSE308145	1	Systematic benchmarking of imaging spatial transcriptomics platforms in FFPE tissues - scRNA-seq Data	2025/10/03	CSV, MTX, TSV
GSE308265	6	Molecular Mechanisms of the MLL4 Complex in H3K4 Methylation and p53-Dependent Transcription Activation [RNA-seq]	2026/05/26	CSV
GSE308351	12	A Tale of Two Cell Lines: Characterization of differential efficacy of small molecule drugs cediranib and NU-7441 on primary vs. metastatic colorectal cancer	2025/09/17	CSV
GSE308354	10	Positive Selection Screen for Natural Product β-Catenin Inactivators	2026/09/01	XLSX
GSE308376	18	ACTB methylation regulates SMARCA4 genomic occupancy to promote translation and reduce adhesion in colorectal cancer cells	2026/01/29	RESULTS
GSE308448	21	Gene expression profiling of HBEpCs and Caco-2 cells during infection with WT SARS-CoV-2 or a recombinant SARS-CoV-2 deficient in PLpro deISGylation activity	2026/05/08	CSV, TXT
GSE308451	90	CDK4/6 and SHP2 mediate BRAF/MEK inhibitor resistance in Class 2 and 3 BRAF mutant cancers	2025/11/11	CSV
GSE308548	9	Monocytes acquire a tumor-associated IL1B program upon encountering patient-derived colon cancer organoids	2026/02/19	TXT
GSE308582	6	Monocytes acquire a tumor-associated IL1B program upon encountering patient-derived colon cancer organoids	2026/02/18	MTX, TSV
GSE308653	50	YAP-driven stemness and TEAD-induced neuroendocrine cells drive resistance to KRASG12C therapies in metastatic colorectal cancer	2025/09/24	CSV
GSE308712	12	Effects of overexpression of HKDC1 on gene expression in two colon cancer cells.	2026/04/22	CSV
GSE308782	36	Telomerase Dysfunction Strategy Overcomes Targeted Therapy Induced Drug Tolerant Persister in Pan-cancer via SUCLG2 downregulation	2026/05/21	XLSX
GSE308833	6	Effect of depletion of PRSS22 on gene expression of HCT116 colorectal cancer cells	2026/03/19	TXT
GSE308900	11	Mechanism Study of Ganoderma Triterpenoid Extracts Inhibiting Colon Cancer Stemness and Migration Capacity	2025/09/30	TXT
GSE309210	6	Goblet cell-expressed microprotein FXYD3 determines gut homeostasis by maintaining mucus barrier integrity	2025/09/25	CSV
GSE309233	12	PI3K and MAPK signaling nodes as divergent drivers of phenotypic plasticity in cancer-associated fibroblasts in colorectal cancer	2026/02/12	TSV
GSE309341	6	KRAS-ERK Signaling Drives Metastasis in Colorectal Cancer via Phosphorylation Dependent Activation of the ZBTB20-TGFBR2 Axis	2025/12/31	TXT
GSE309346	3	PI3K and MAPK signaling nodes as divergent drivers of phenotypic plasticity in cancer-associated fibroblasts in colorectal cancer [scRNA-Seq]	2026/02/12	MTX, TSV
GSE309364	60	RNA-Seq analysis of cancer models with altered SLX4/XPF reveals links to migration, DNA damage response, EMT, and drug sensitivity	2025/10/01	TXT
GSE309532	8	SPOCK1 activates Wnt/β-Catenin signaling to drive colorectal cancer stemness and progression	2025/10/10	CSV
GSE309797	4	High Expression of TMEM161A in Colorectal Cancer is Associated with Tumor Proliferation and Poor Prognosis	2026/05/27	TXT
GSE309895	6	Autophagy orchestrates anti-tumor immunity to enhance chemo-sensitivity by upregulation of TIMP-2 through FBXW2/CEBPB axis in Colorectal Cancer	2026/09/18	CSV
GSE309927	8	RNAseq analysis of transcriptome changes induced by ALDH1B1 inhibition in Panc 10.05 cells	2026/09/24	XLS
GSE309969	16	Proteasome activity maintains cell type-specific gene expression	2026/01/09	TXT
GSE310036	12	Transcriptomic profiling of HCT116 and HT29 colorectal cancer cells after piR-37524 inhibition	2026/01/30	TXT
GSE310085	9	Sulforaphane Inhibits Colorectal Cancer Progression via PI3K/AKT/mTOR and HIF-1α Suppression with Enhanced Efficacy under Hypoxia	2025/12/01	TXT
GSE310281	12	Translational control by RPL22L1-specific ribosomes enhances DNA repair and chemoresistance	2026/06/21	CSV, XLSX
GSE310282	11	RNAseq of colonic epithelial and lamina propria-derived Tregs	2025/11/19	TXT
GSE310401	9	Reactivation of the silenced BASP1 gene suppresses oncogenic WNT signaling in human colorectal cancer cells	2026/03/02	COUNTS, TXT
GSE310477	6	Inhibition of a corrupted embryonic developmental regulator reverses colon cancer to a normal-like state [TAF10_bulk_RNA]	2026/09/27	TSV
GSE310492	13	ADH1C downregulation is a key hypoxia response in colon epithelium	2025/12/22	CSV, TXT
GSE310664	22	Analysis of experimental colorectal liver metastases identifies distinct proliferation independent transcriptional programs in micro- versus macrometastases	2026/01/14	TXT
GSE310994	6	RNA-seq of SW620 colorectal cancer cells: control (sh-control) versus ANO1 (TMEM16A) knockdown (sh-ANO1)	2026/04/27	TXT
GSE311000	6	Intra-tumoral microbiota and host genotype cooperatively shape neutrophil antitumor activity in colorectal cancer	2026/03/11	MTX, TSV
GSE311016	10	Overcoming ADC resistance in advanced colorectal cancer by dual targeting of TROP2 and PERK to suppress Wnt/β-catenin signaling	2025/12/18	TXT
GSE311253	12	RNA-seq profiling of ADAM10 inhibition in DLD-1 and SW620 colorectal cancer cell lines	2026/01/19	TXT
GSE311262	18	Recapitulating Patient-to-Patient Colorectal Cancer Tumor Heterogeneity  Using Patient-Derived Xenograft Cells in an Engineered Tissue Model	2025/12/01	TXT
GSE311274	6	Dynamin 1 promotes colorectal cancer progression by activating the PI3K/Akt signaling pathway	2026/02/18	TXT
GSE311338	3	Peristaltic forces drive tumor cell invasion in colorectal cancer [scRNA-seq]	2026/06/30	MTX, TSV
GSE311632	10	Peristaltic forces drive tumor cell invasion in colorectal cancer [bulk RNA-seq]	2026/06/30	CSV
GSE311775	18	LL-37 inhibits EV71 infection by upregulating STAC	2026/05/14	TXT
GSE312082	36	Translatome and transcriptome sequencing data of 16-day kinetic response in colorectal cancer to 5-FU chemotherapy	2025/12/07	TSV
GSE312098	12	Overcoming ADC resistance in advanced colorectal cancer by dual targeting of TROP2 and PERK to suppress Wnt/β-catenin signaling [TROP2+GSK RNA-Seq]	2025/12/18	TXT
GSE312175	6	HyperTRIBE uncovers MEX3A RNA-binding activity in colorectal cancer (CRC) cells	2026/03/30	XLSX
GSE312194	27	MEK inhibition induces AXIN1 loss in colorectal cancer by mTOR associated suppression of protein synthesis [RNASeq_HCT116]	2026/06/03	CSV
GSE312195	27	MEK inhibition induces AXIN1 loss in colorectal cancer by mTOR associated suppression of protein synthesis [RNASeq_SW480]	2026/06/03	CSV
GSE312236	26	Comprehensive proteogenomic analysis identifies immune targets in microsatellite stable and unstable colorectal cancers	2026/05/26	TXT
GSE312260	2	Gene expression profile at single cell level of Irinotecan-sensitive and Irinotecan-resistant organoids for colorectal cancer	2026/07/07	MTX, TSV
GSE312287	6	KMT5A-Mediated Methylation of IRF3 Promotes Tumor Progression through Immune Suppression	2025/12/03	XLS
GSE312326	6	DKC1 promotes colorectal cancer progression and therapy resistance by dysregulating sphingolipid biosynthesis	2026/02/27	TXT
GSE312429	10	Bacteriophage-Mediated Restoration of Epithelial Integrity, DNA Damage Response, and Transcriptomic Homeostasis in Colon Organoids Exposed to ETBF and pks+ E. coli	2026/08/26	TXT
GSE312474	14	MODULATION OF VIRUS–TUMOR-STROMAL INTERACTIONS BY MINNELIDE ENHANCES SYSTEMIC DUAL TARGETED MEASLES VIROTHERAPY IN BRAF-MUTANT COLORECTAL CANCER	2026/07/31	TXT, XLSX
GSE312804	2	scRNAseq analysis of hepatocytes from liver cirrhosis patient	2026/03/02	MTX, TSV
GSE312823	6	Targeting the epigenome and the integrated stress response to normalize colorectal cancer subclonal plasticity and progression	2026/04/06	TXT
GSE312849	6	Effect of QPRT overexpression on gene expression in cancer pericyte cells	2025/12/31	TXT
GSE312983	189	A single-nucleus RNA-seq atlas of colorectal cancer across the age continuum reveals distinct features of early-onset colorectal cancer	2026/09/23	H5, H5AD
GSE313017	6	CHTOP Regulates ROS Homeostasis to Modulate Chemoresistance in Colorectal Cancer	2026/08/15	TXT
GSE313035	67	METIMMOX: Colorectal Cancer METastasis - Shaping Anti-tumor IMMunity by OXaliplatin	2026/07/01	TXT
GSE313350	24	Asparagine synthetase and G-protein coupled estrogen receptor are critical responders to nutrient supply in KRAS mutant colorectal cancer	2025/12/11	CSV
GSE313460	9	Effects of phytogalactolipids on drug-resistant colorectal cancer	2026/02/28	TXT
GSE313499	12	Identification of Novel Regulators of LINE-1 Expression via CRISPR/Cas9 Screening	2025/12/12	CSV
GSE314194	18	m6A Methylation Suppresses anti-tumour immune responses in Colorectal Cancers by Inhibiting Double-stranded RNA accumulation from Alu Repeats [RNAseq2]	2026/03/09	BW, TXT
GSE314343	24	Interference with PADI1 and PADI3 re-sensitizes KRAS-Mutant PDAC and CRC to KRAS ON/OFF Inhibitors by Promoting Non-lytic Apoptosis	2026/08/21	TXT
GSE314476	24	Sex-specific effects of exogenous asparagine on colorectal tumor growth, 17β-estradiol levels, and aromatase	2025/12/23	TXT
GSE314628	73	Temporal Transcriptomic Profiling Identifies Core Regulators in Cytokine-Induced Gut Barrier Disruption in Differentiated Caco-2 Cells	2026/06/18	TXT
GSE314702	12	Transcriptomic profiling of colorectal cancer cells treated with the dual-targeting TOP1/G4 inhibitor ZBH-01	2026/01/30	XLSX
GSE314768	6	Transcriptomic profiling of oxaliplatin-resistant colorectal cancer cells	2026/06/01	TXT
GSE314837	6	EHMT2-mediated chromatin reprogramming in 5-fluorouracil (5-FU) resistant colorectal cancer	2026/03/13	TXT
GSE315014	10	DOT1L-mediated CDK9 methylation is essential for DNA double-strand break repair [RNA-seq]	2025/12/30	TXT
GSE315227	12	RNA-seq data of PEPD over-expressed vs NC GBM cells	2026/03/15	TXT
GSE315534	15	Single-cell RNA sequencing of primary colorectal cancer, matched adjacent normal tissues, and paired liver metastases	2026/04/02	MTX, TSV
GSE315569	8	Aptamer-modified 5-fluorouracil encapsulated metal-organic framework nanodrugs for enhanced therapy of colorectal cancer via peroxidative induced cell death	2026/01/06	TXT
GSE315767	6	Transcriptome Sequencing Analysis of Human Colorectal Cancer Cell Lines After ECM1 Knockdown	2026/01/11	TXT
GSE315876	6	The GSEC-encoded polypeptide GESP drives colorectal cancer tumorigenesis via NPM1-c-Myc–mediated repression of NDRG1	2026/08/28	TXT
GSE316027	32	β-hydroxybutyrate-driven histone lysine β-hydroxybutyrylation promotes the immunostimulatory activity of monocyte-derived macrophages in rectal cancer	2026/06/03	
GSE316039	14	Downregulation of MGST3 promotes colorectal cancer progression	2026/01/14	TXT
GSE316301	24	Tumor matrix proteoglycan accumulation and processing alters T cell effector function and the response to immunotherapy in oligometastatic colorectal cancer	2026/02/06	H5
GSE316373	18	Suppression of the myofibroblastic cancer-associated fibroblast phenotype to enhance anti-PD-1 response	2026/09/15	CSV, RESULTS
GSE316624	12	Anti-SLC7A11 monoclonal antibody Inhibits Tumor Progression through a Janus-faced Effect on CD4+ and CD8+ T Cells in Colorectal Cancer [RNA-seq]	2026/04/01	TXT
GSE318268	73	CMS subtypes correlate with complete response in trial of neoadjuvant Galunisertib plus chemoradiation in rectal cancer	2026/02/04	CSV
GSE318640	6	Transcriptome analysis on RKO cells treated with EZA	2026/05/20	TXT
GSE319208	6	GDPD5-CD55-EGFR Competitive Binding Axis Regulates Radioresistance and Lipid Accumulation in Rectal Cancer	2026/05/27	TXT
GSE319664	29	RNA-seq analysis of tumors derived from a xenograft model treated with the KDM5B inhibitors JB-157 or JB-161.	2026/07/01	TXT
GSE319722	117	Spatial dynamics links PD-L1 and Tumor-Associated Macrophage–Enriched Niches to Immune and Mesenchymal States in microsatellite stable colorectal cancer	2026/05/11	XLSX
GSE319745	10	DNMT1 loss leads to hypermethylation of a subset of late replicating domains by DNMT3A (RNA-seq)	2026/03/26	TXT, XLSX
GSE319878	171	Interrogating the mechanistic link between neighborhood deprivation and colorectal cancer risk through gene expression analysis of normal colorectal biopsies	2026/04/10	CSV
GSE320038	14	High-resolution and noninvasive profiling of the tumor microenvironment with spatial ecotypes [RNA-seq]	2026/05/07	TSV
GSE320040	7	High-resolution and noninvasive profiling of the tumor microenvironment with spatial ecotypes [scRNA-seq]	2026/05/07	MTX, TSV
GSE320366	8	Short-Duration HIPEC-Mimetic Exposure to Mithramycin A Induces Structured Transcriptional Reprogramming in HT-29 Colorectal Cancer Cells	2026/05/15	TSV
GSE322519	3	Cancerformer: A CRISPR Screen-benchmarked Multimodal AI Platform for Predication of Cancer Dependencies in Patient-derived Organoids	2026/03/06	MTX, TSV
GSE322823	6	IFNγ-induced antigen loss in chimeric antigen receptor (CAR)-T cell therapy	2026/04/08	RESULTS
GSE324133	12	Phosphorylation-driven targeted protein degradation of oncogenic β-catenin	2026/09/11	TXT
GSE324253	6	RNA-seq in HCT116 cells treated with coptisine	2026/05/15	TXT
GSE324345	66	Analysis of ER stress-induced three-dimensional enhancer network in wild-type and transcription facotr-knockout HCT116 cells [RNA-Seq]	2026/07/01	BW, RESULTS
GSE325868	30	Integrated Transcriptomic Profiling Reveals Immune and Molecular Stage-Specific Signatures of Colorectal Cancer in Hispanics Living in Puerto Rico	2026/07/31	CSV
GSE326394	8	Genome-wide identification of vitamin D receptor–regulated enhancer RNAs reveals epigenetic regulation of CYP24A1 transcription	2026/04/04	BW, TXT
GSE326566	6	Effect of overexpression of DDX17(P82) on gene expression in LIM1215 cells	2026/09/10	TXT
GSE326923	6	Integrin beta 4 promotes colorectal cancer progression by upregulating Ezrin and activating the Wnt/β-catenin signaling pathway	2026/06/10	TXT
GSE327054	9	Resolving cell-cell interaction networks and their molecular logic in complex tissues	2026/04/15	H5AD, TXT
GSE327208	12	Control of Cellular Differentiation Trajectories for Cancer Reversion	2026/04/07	TSV
GSE327488	12	Mutual interaction between Schwann cells and CD4+T cells promotes the progression of perineural invasion in colorectal cancer [RNA-seq]	2026/04/14	TXT
GSE327671	4	PRMT5-mediated intron retention triggers innate and adaptive immunity against cancer	2026/07/27	TSV
GSE327697	12	Mast cells interact directly with colorectal cancer cells to promote epithelial-to-mesenchymal transition	2026/04/17	XLSX
GSE327705	2	Mast cells selectively deliver extracellular vesicle-encapsulated mRNA to colorectal cancer cells	2026/04/15	XLSX
GSE328387	6	LSD1 Attenuates Ferroptosis Sensitivity in Colorectal Cancer Cells via a Demethylase-Independent Manner: An Innovative Antitumor Strategy via Targeted Degradation of LSD1	2026/04/22	CSV
GSE329052	12	MEK inhibition induces persistent growth arrest through Wnt hyperactivation in KRAS wild-type colorectal cancer	2026/09/16	TSV
GSE329293	20	Macrophages transfer functional target-cell proteins to their surface during live cell uptake 	2026/06/10	CSV
GSE329984	108	Non-Temperature-Induced Antitumor Effects of Amplitude-Modulated Radiofrequency: Molecular and Functional Synergies with Radiotherapy	2026/06/03	CSV
GSE330032	6	Subtype-specific heterogeneity of anti-epidermal growth factor receptor antibody sensitivity in KRAS-mutant colorectal cancer revealed by patient-derived organoids	2026/05/14	TXT
GSE330465	104	Gene expression profiling of neoadjuvant ABFOLFOX treatment in patients with unresectable colorectal cancer with liver metastases	2026/05/21	TXT, XLSX
GSE330797	4	Single-cell transcriptomics analysis of colorectal cancer (CRC)	2026/06/15	MTX, TSV
GSE332607	6	SETD8-mediated mono-methylation of YAP at K76 promotes K48-linked polyubiquitination and degradation to suppress colorectal cancer​​	2026/07/29	TXT
GSE333210	3	ZEB1 K80R Suppresses the NF-κB/EMT Axis and Tumor Pro-inflammatory Gene Expression	2026/05/30	TXT
GSE333323	6	STRIP2 Stabilizes LCN2 to Suppress Ferroptosis and Drives Colorectal Cancer Malignancy	2026/05/28	CSV
GSE333496	11	Epigenetic landscape, key transcriptional regulators, and in vivo identification of human Tr1 cells [RNA-Seq]	2026/07/10	SF
GSE333618	8	Colorectal cancer heterogeneity co-evolves with tumor architecture to determine disease outcome [scRNA-seq]	2026/09/26	MTX, TSV, TXT
GSE333629	6	An Exploratory Integrative Analysis of Plasma Transcriptomic and Proteomic Predictors of Response to Total Neoadjuvant Therapy in Locally Advanced Rectal Cancer	2026/06/10	TXT
GSE333907	83	Transcriptional profiling of Dana-Farber Cancer Institute early-onset colorectal cancer cohort.	2026/09/23	TAB
GSE333925	38	Gene expression profile of 31 RAS/RAF-wild-type colorectal cancer (CRC) stem-cell (SC)  spheroids and 7 FGFR-inhibitor resistant CSC-SC spheroids	2026/06/09	XLSX
GSE333940	6	Transcriptome change led by GSK3B knockout (KO) in colon cancer RKO cells	2026/06/19	TXT
GSE333995	9	IGFBP5 Derived From Endothelial Cells Drive Vascular Invasion and Liver Metastasis of Colorectal Cancer by Activating the ITGB3/PI3K/AKT Axis	2026/07/15	XLS
GSE334973	6	Genome-wide characterization of extrachromosomal circular DNA and its functional role in colon cancer carcinogenesis and progression [RNA-seq]	2026/06/15	XLSX
GSE335198	19	RNA-seq and ONT full-length transcriptome profiling of HCT116 and WiDr cells treated with DMSO, GSK025, or GSK715	2026/06/12	TSV
GSE335441	18	HCFC2 knockdown in human colorectal cancer cell lines	2026/06/15	CSV
GSE335477	10	Westernized diet related arachidonic acid metabolism expands DNA error-prone growth factor-dependent colonic quiescent stem cells in adolescent mice	2026/09/23	TXT
GSE335811	12	Macrophage-Induced Senescent Cancer-Associated Fibroblasts Promote SASP-Mediated Chemoresistance in Colorectal Cancer	2026/07/01	MTX, TSV
GSE336319	12	ZFP36L2 orchestrates stress-adaptive plasticity in intestinal regeneration and colorectal cancer metastasis (bulk RNAseq)	2026/07/20	CSV
GSE336415	24	ZFP36L2 orchestrates stress-adaptive plasticity in intestinal regeneration and colorectal cancer metastasis (ActDseq)	2026/07/20	CSV
GSE336564	6	ZFP36L2 orchestrates stress-adaptive plasticity in intestinal regeneration and colorectal cancer metastasis (PDO scRNAseq)	2026/07/20	CSV, H5AD
GSE337374	6	The Oncogenic Role of Prostate Stem Cell Antigen (PSCA) in Colorectal Cancer: Implications for Targeted Therapy	2026/08/05	XLS
GSE337619	8	Differential Transcriptomic Responses to MRQ 74 and MRQ 76 Rice Extracts in HT-29 Cells; Implications for Apoptosis and Cell Cycle Regulation	2026/07/16	XLSX
GSE337675	28	Truncating ASXL1 variants rewire cellular metabolism via mitochondrial pyruvate carrier repression	2026/07/14	CSV
GSE33782	3	Transcriptome of normal,paracancerous and cancerous colon tissues based on RNA-seq method	2012/08/21	BAM, TXT
GSE337988	48	Joint analysis of multiply perturbed cells improves statistical power and cost efficiency in Perturb-seq screens	2026/07/10	CSV, H5, RDS
GSE338021	6	Effect of a novel genistein isoflavonoid alkaloids (GIA) on gene expression in HCT116 colorectal cancer cells under hypoxic conditions	2026/07/31	TXT
GSE338052	6	3-Hydroxyanthranilic acid suppresses colorectal cancer growth and enhances 5-fluorouracil sensitivity via the YY1-p53 and YY1-DKK4 axes [RNA-Seq 3HAA_HCT116]	2026/09/11	XLSX
GSE338053	8	3-Hydroxyanthranilic acid suppresses colorectal cancer growth and enhances 5-fluorouracil sensitivity via the YY1–p53 and YY1–DKK4 axes [RNA-Seq 3HAA_5FU_HCT116]	2026/09/11	XLS
GSE338197	33	Dissection of Poly(A)-binding protein (PABPC) cellular function using degron-mediated depletion with replacement	2026/07/14	TXT
GSE338309	2	Dissection of Poly(A)-binding protein (PABPC) cellular function using degron-mediated depletion with replacement [Nanopore]	2026/07/15	CSV, TXT
GSE338428	6	Proximity of pre-mRNA 3′ end processing and transcription termination is associated with enhanced gene expression [Pancreatic 3'mRNA-Seq]	2026/08/24	BW
GSE338463	3	Clinical and Single-Cell Sequencing Characteristics of Adult-Onset Intestinal Hypoganglionosis	2026/08/01	MTX, TSV
GSE338505	13	Intact Cell Dissociation of FFPE Colon Tissue Enhances Cell Recovery and Gene Detection in scRNA-seq	2026/08/17	H5
GSE341447	6	Effect of levofloxacin on apoptosis pathways in SW48 colorectal cancer cells	2026/08/01	TXT
GSE342379	9	Inhibition of a corrupted embryonic developmental regulator reverses colon cancer to a normal-like state [Normal organoid]	2026/09/27	TSV
GSE342462	12	Integrated transcriptomic and bioelectrical profiling of stem-like cellular states in a colorectal cancer using SdFFF and UHF-DEP	2026/08/08	TXT
GSE342684	19	RNF43 p.G659fs Leads to Natural Killer Cell Dysfunction in MSI-high Colorectal Cancer Through PI3K/AKT/mTOR Signaling and HLA-E Upregulation	2026/09/21	TXT
GSE343051	12	Mechanical stress remodeling drives epithelial-mesenchymal transition in the tumor microenvironment	2026/09/11	TXT
GSE343610	6	MACF1 Promotes Colorectal Cancer Progression via ATF4-Mediated ASNS Regulation	2026/08/17	XLS
GSE343714	24	Patient-derived Colorectal Cancer Organoids Enable Functional Prioritization of Molecular Tumor Board-Recommended Therapies	2026/09/01	CSV
GSE343784	12	Transcriptional Response of WT and MCL1-KO HCT116 Cells to the Chemotherapy Doxorubicin	2026/08/18	TSV
GSE343958	12	Bulk RNA-seq of HCT116 colorectal cancer 3D spheroids treated with 5-fluorouracil or olaparib	2026/08/18	CSV
GSE344100	6	Effects of 3D and 2D culture on gene expression of HCT116 cells	2026/08/18	TXT
GSE344104	12	Epithelial Tissue Architecture Acts as a Barrier to Carcinoma Initiation	2026/09/02	TXT
GSE345612	6	Transcriptomic Profiling of adherent (2D) and spheroid (3D) cultures of SW480 colorectal cancer cells	2026/09/24	XLSX
GSE346114	12	Clinical and functional profiling nominates melanoma as a priority indication for GPNMB CAR T cell therapy	2026/09/08	CSV
GSE346887	6	Transcriptome profiling of PAXX knockdown in HCT116 colorectal cancer cells	2026/09/15	TXT
GSE347194	8	Transcriptomic profiling of HT29 colorectal cancer cells treated with indole-3-pyruvic acid	2026/09/15	TXT
GSE347204	6	Modular engineered colorectal tumor microenvironments for immuno-oncology research and drug development	2026/10/01	H5
GSE347528	20	Transcriptomic comparison of colorectal cancer biopsies and human iPSC-derived intestinal organoids	2026/09/17	TSV
GSE348945	20	Bulk RNA-seq profiling of paired colorectal cancer and adjacent tissues	2026/10/06	TXT
GSE349327	4	Metastasis-Related Transcriptional Profile in Colorectal Cancer	2026/10/08	CSV
GSE38100	2	Examination of gene expression in wild type and USP49 knockdown cells [RNA-Seq]	2013/07/28	BEDGRAPH, GTF
GSE41586	9	Expression data for HT29 cells treated with 5-aza-deoxy-cytidine [RNA-Seq]	2013/09/17	TXT
GSE42735	18	Genome-wide transcriptome profiling of SK-Mel-28, UACC-62 and HCT-116 cells stably expressing scrambled shRNA and RAB7 shRNA	2014/04/20	TXT
GSE43093	3	Direct ChIP-bisulfite sequencing reveals a role of H3K27me3 mediating aberrant hypermethylation of promoter CpG islands in cancer cells (RNA-seq)	2014/07/01	BED, TXT
GSE45162	8	Mutational activation of a mechanosensitive megachannel drives metastatic cell survival.	2015/06/22	XLSX
GSE45332	17	Genome-wide total RNA and MBD-sequencing in HCT116 and DKO cells as a global re-expression model [RNA-Seq]	2013/10/01	TXT
GSE50760	54	Gene expression profiling study by RNA-seq in colorectal cancer	2014/08/31	TXT
GSE52429	2	Functional Annotation of Colon Cancer Risk SNPs	2014/10/01	TXT
GSE53172	2	TET1 is a tumour suppressor that inhibits colon cancer growth by derepressing inhibitors of the WNT pathway	2014/11/13	BEDGRAPH
GSE54074	6	An atlas of TNF-α-responsive promoters and enhancers in the intestinal epithelial cell model Caco-2	2014/07/01	BEDGRAPH
GSE56660	4	Establishment of Highly Tumorigenic Human Colorectal Cancer Cell Line (CR4) with Properties of Putative Cancer Stem Cells	2014/11/14	TXT
GSE56788	45	RNA-seq analysis of vorinostat-resistant HCT116 cells following gene knockdown of potential vorinostat-resistance candidate genes	2014/07/07	TSV
GSE57325	2	BCLAF1 and its pre-mRNA splicing regulator SRSF10 both regulate tumorigenic capacity of human colon cancer cells	2015/04/02	TXT
GSE57397	8	Transriptional profiling upon heat shock and recovery in cells deficient for FBXW7 and their wild type counterpart.	2015/02/20	TXT
GSE57871	42	RNA-seq analysis of vorinostat-resistant HCT116 cells following gene knockdown of GLI1 or PSMD13 with or without vorinostat treatment	2016/06/30	TSV
GSE57961	12	Bioreactor-engineered cancer tissues mimic phenotypes, gene expression profiles and drug resistance mechanisms detectable in xenografts and clinical specimens.	2016/01/25	WIG
GSE58107	8	Characterization of human CDK12 and CDK13 in the regulation of RNA processing	2014/12/01	BW
GSE58207	2	PROTEOFORMER: deep proteome coverage through ribosome profiling and MS integration	2014/12/01	BEDGRAPH
GSE58507	4	Genomewide analysis of the human p53 transcriptional network unveils a lncRNA tumor suppressor signature (RNA-seq)	2014/12/22	TXT
GSE58535	16	H3K9 methylation fine-tunes coordination of transcription by regulating the conformational plasticity of chromosomal folding [RNA-Seq]	2020/06/30	TXT
GSE59290	4	MiRNA23B REGULATES SELF-RENEWAL AND CHEMORESISTANCE PROPERTIES OF COLON CANCER STEM CELLS	2015/02/28	TXT
GSE60939	6	Potent antitumor activity of Cabozantinib, a c-MET and VEGFR2 Inhibitor, in a Colorectal Cancer Patient-derived Tumor Explant Model	2014/08/30	XLSX
GSE62518	6	IL-33 activates tumor stroma to promote intestinal polyposis	2015/04/29	GTF
GSE62889	21	Genome-wide expression profile of the Tet-On HCT116 inducible cell line that express either the human HNF4α2 or HNF4α8 under control of Doxycycline (DOX) [RNAseq]	2015/08/28	DIFF
GSE63776	6	Altering cancer transcriptomes using epigenomic inhibitors [RNA-Seq]	2015/01/07	TXT
GSE64018	24	RNA-seq of autistic and control cortex	2014/12/09	R, TXT
GSE65107	8	Diarrhea in lymphocytic colitis: ERK1/2-dependent ENaC dysregulation and claudin-4-, -5- and -8-related barrier defects	2016/01/19	TXT
GSE65253	108	Prospective derivation of a 'Living Organoid Biobank' of colorectal cancer patients	2015/05/07	CSV
GSE66207	33	mRNA and small RNA associated with Crohn's disease behavior [RNA-Seq]	2015/07/15	TXT
GSE67109	2	Genome-wide RNA-expression analysis after p53 activation in colorectal cancer cells.	2015/07/21	RPKM
GSE67931	9	Disruption of Na+/H+ exchanger regulatory factor 2 scaffold suppresses colon cancer proliferation	2016/05/05	TAR, TXT
GSE68086	285	RNA-seq of tumor-educated platelets enables blood-based pan-cancer, multiclass and molecular pathway cancer diagnostics	2015/10/30	TXT
GSE68297	16	PolyA RNAseq from HCT116 cells in normoxia and hypoxia	2016/06/02	TXT
GSE69036	8	A positive regulatory loop between a Wnt-regulated non-coding RNA and ASCL2 controls intestinal stem cell fate	2016/06/09	TXT
GSE69415	9	Fra-1 is a key driver of colon cancer metastasis and a Fra-1 classifier predicts disease-free survival	2016/05/26	TXT
GSE69687	8	Wnt addiction of genetically defined cancers reversed by PORCN inhibition	2015/08/12	TXT
GSE70833	4	HCT116 MYC 3' TBE1 (WT) and KO RNA-Seq	2016/05/24	XLSX
GSE71511	6	ARID1A loss impairs enhancer-mediated gene regulation and drives colon cancer in mice [HCT116_RNA-seq]	2016/11/21	WIG
GSE72577	15	Circular RNAs are down-regulated in KRAS mutant colon cancer cells and can be transferred to exosomes	2017/10/01	TXT
GSE72820	14	Gene expression analysis of human adenomas.	2016/09/08	XLSX
GSE72955	9	Retroviral Replicating Vectors Deliver Cytosine Deaminase Leading to Targeted 5-FU-Mediated Cytotoxicity in Multiple Human Cancer Types	2015/11/01	TXT
GSE73318	36	Gene expression analysis following JQ1 treatments in colon cancer lines	2016/01/26	TXT
GSE73588	2	HCT116 cells treated with the p97 inhibitior CB-5083	2015/11/09	TXT
GSE73966	30	RNA-seq of YB5 cells treated with epigenetic therapy	2016/12/31	XLSX
GSE74251	12	RNA-seq of YB5 and MCF7 treated with different doses of decitabine	2017/01/31	XLSX
GSE74369	53	Tumor-derived circulating endothelial cell clusters in colorectal cancer	2016/06/20	XLSX
GSE75440	17	Gene expression profiles in NORAD knockout and PUMILIO overexpressing cells	2015/12/03	TXT
GSE75962	4	RNA-seq Generated Transcriptional Profile of H2O2 Treated HCT116 vs. Untreated HCT116	2016/05/01	TXT
GSE76041	4	The ultra-sensitive Nodewalk technique identifies stochastic from virtual, population-based enhancer hubs regulating MYC in 3D: Implications for the fitness of cancer cells [RNA-seq]	2019/09/30	TXT
GSE76043	4	The ultra-sensitive Nodewalk technique identifies stochastic from virtual, population-based enhancer hubs regulating MYC in 3D: Implications for the fitness of cancer cells [GRO-seq]	2019/09/30	TXT
GSE76307	9	Differential RNA-seq analysis comparing APC-defective and APC-restored SW480 colorectal cancer cells	2016/02/01	TXT
GSE76457	1	hnRNP Q1 targeting RNA in colorectal cancer cell line SW480	2017/06/10	XLSX
GSE76987	86	Gene signature in sessile serrated polyps identifies colon cancer subtype	2016/04/08	XLSX
GSE77250	8	Total RNA sequencing of APC mutant and wt colonic organoids	2017/06/19	XLS
GSE77462	14	Searching for target genes of miR-508/509/506/514 in HCT116 cells	2019/02/02	FPKM_TRACKING
GSE78195	8	Next Generation Sequencing Facilitates Quantitative Analysis of colorectal cancer cells transfected with NC siRNA or RPL9 siRNA	2017/02/23	TXT
GSE78459	2	small RNA-seq from HT-29 (ENCSR807KQN)	2016/03/18	BIGWIG, TSV, TXT
GSE78506	6	24hr CA treatment vs. DMSO in HCT116 cells (from 'Identification of CDK8 and CDK19 substrates in human cells using cortistatin A and quantitative phosphoproteomics')	2016/02/26	DIFF
GSE78519	48	Capicua-dependent transcriptional changes in human cancer cell lines treated with trametinib	2017/05/31	DIFF
GSE78684	2	total RNA-seq from HT-29 (ENCSR971GPJ)	2016/03/18	BIGWIG, TSV, TXT
GSE79249	14	Identification of long noncoding RNAs regulated by p53	2017/04/01	FPKM_TRACKING
GSE79395	6	Knockdown of ADNP in HCT116 colon cancer cells	2016/11/23	TXT
GSE80033	12	Somatic PRDM2 c.4459delA mutations in colorectal cancers control histone methylation and tumor growth	2018/02/22	TXT
GSE80606	22	Gene expression profiling study by RNA-seq to identify gene signature resposed to chemo-radiotherapy in colorectal cancers.	2020/12/25	TXT
GSE80746	9	Gene regulation of candidate cancer gene DIP2C	2017/07/31	TXT
GSE81194	3	A Novel RNA Sequencing Data Analysis Method for Cell Line Authentication	2017/02/14	TXT
GSE81513	12	Splicing towards noncoding isoforms in colorectal carcinoma is associated with tumor hypoxia and the DNA damage response	2016/07/28	TXT
GSE81601	3	A long noncoding RNA regulates sister chromatid cohesion [RNA-seq]	2016/08/03	TXT
GSE81861	1220	Reference component analysis of single-cell transcriptomes elucidates cellular heterogeneity in human colorectal tumors	2017/03/20	CSV
GSE82338	2	RNA-seq of HCT116 and HCT116-DKO colon cancer cell lines	2019/06/07	TXT
GSE83687	134	A functional genomics predictive network model identifies regulators of inflammatory bowel disease: Mount Sinai Hospital (MSH) Population Specimen Collection and Profiling of Inflammatory Bowel Diseas	2017/07/07	TXT
GSE83939	4	mRNA-seq analysis of HCT116 cells following gene overexpression of IDO1 with or without Indole treatment	2016/07/01	TXT
GSE84267	4	Transcriptomics changes in liver metastatic biopsies of colorectal carcinoma between pre-treated and acquired resistance to Cetuximab [mRNA]	2019/06/20	TXT
GSE84902	2	The LIM protein AJUBA promotes colorectal cancer cell survival through suppression of JAK1/STAT1/IFIT2 network	2017/02/23	TXT
GSE85522	2	Next Generation Sequencing Analysis of control and hnRNPK-/- RKO cells Transcriptomes	2018/10/26	XLSX
GSE85685	4	RNA profiling of four DLD1 colorectal cancer cell derivatives that recapitulate EMT/MET transitions during metastasis.	2017/03/28	TXT
GSE85899	6	Mechanistic evaluation and transcriptional signature of a Glutathione S-transferase Omega 1 inhibitor	2016/10/07	TXT
GSE86165	12	GRO-seq from HCT116, MCF7 and SJSA cell lines treated with DMSO and Nutlin	2017/08/22	BW, TAB
GSE86179	12	Knockdowns of total NFYA and a NFYA long 3’ UTR isoform followed by RNA-seq to determine isoform-specific effects on gene expression	2022/12/28	CSV
GSE86219	12	RNAseq from polysomal RNA harvested from HCT116, MCF7 and SJSA cell lines treated with DMSO and Nutlin	2017/08/22	BIGWIG, TAB
GSE86221	16	Total RNA-seq from HCT116, MCF7 and SJSA cell lines treated with DMSO and Nutlin	2017/08/22	BIGWIG, TAB
GSE86562	54	Adaptation of a RAS pathway activation signature from FF to FFPE tissues in colorectal cancer (FFPE RNA-Seq I)	2016/09/20	XLSX
GSE86563	56	Adaptation of a RAS pathway activation signature from FF to FFPE tissues in colorectal cancer (FFPE RNA-Seq II)	2016/09/20	XLSX
GSE86564	54	Adaptation of a RAS pathway activation signature from FF to FFPE tissues in colorectal cancer (FFPE RNA-Seq III)	2016/09/20	XLSX
GSE87400	2	The methylome of Alu repeats in colon cancer (RNA-Seq)	2016/09/28	TXT
GSE88168	2	RAMPAGE from HT-29 (ENCSR295GUQ)	2016/11/08	BED, BIGBED, BIGWIG, GFF, TSV, TXT
GSE88710	10	Diarrhoeal mechanisms of the Campylobacter jejuni enteritis	2017/10/10	TXT
GSE88945	3	Colonic Organoids Derived from Human Pluripotent Stem Cells for Modeling Colorectal Cancer and Drug Discovery	2017/06/19	TXT
GSE89154	12	RNA-seq of YB5 cells treated with Proscillaridin A	2016/11/28	TXT
GSE89393	17	Differences in RNA expression between primary and metastatic colon tumor	2018/09/22	TXT
GSE89729	8	Quantitative Analysis of PPARD Transcriptomes  in Colon Cancer Cells by Next Generation Sequencing (NGS)	2016/12/01	TXT
GSE89940	12	An Argonaute phosphorylation cycle promotes microRNA-mediated silencing [polyA RNA-seq]	2017/01/17	TXT
GSE89942	12	An Argonaute phosphorylation cycle promotes microRNA-mediated silencing [whole transcriptome RNA-seq]	2017/01/17	TXT
GSE90599	4	 Che-1 sustains hypoxic response of colorectal cancer cells by affecting Hif-1α stabilization	2017/06/12	BIGWIG, TSV
GSE90830	44	Integrative proteogenomic characterization of colorectal cancer cell lines and primary tumors	2018/01/12	TXT
GSE90944	6	RNA-seq in HT-29 colorectal cancer cells after F. nucleatum treatment	2017/07/28	TXT
GSE91000	6	Cystathionine-β-Synthase Promotes Colon Carcinogenesis	2017/12/07	DIFF
GSE92432	10	An optimization system for isolating and sequencing of single human colon cancer cells	2019/12/01	CSV
GSE92914	12	RNA-Seq analysis of human colorectal cancer with liver metastasis	2018/12/25	TXT
GSE93620	4	Gene expression in HT-29-MTX intestinal epithelial cells treated with Ancylostoma ceylanicum hookworm larvae	2017/01/14	DIFF, TXT
GSE93722	4	Simultaneous enumeration of cancer and immune cell types from tumor gene expression data	2017/11/15	TXT
GSE93904	20	Gene expression profile of CRC-derived HILEC	2018/01/01	TXT
GSE95499	12	Stem cell functionality is microenvironmentally defined during tumor expansion and therapy response in colon cancer	2018/07/18	CSV
GSE95513	12	Identification of differential expressed genes of JQ1 or JQ1+Bortezomib in colorectal cancer cells	2017/10/01	XLSX
GSE95542	6	Isolation and Functional Interrogation of Adult Human Prostate Epithelial Stem Cells at Single Cell Resolution	2018/01/15	TXT
GSE95605	4	SLC25A25-AS1 knockdown data of two colorectal carcinoma cell lines (HT29 and SW480)	2017/03/03	FPKM_TRACKING
GSE95670	6	Multi-omics analysis of mutant and wild-type β-catenin networks	2018/07/17	XLSX
GSE96914	4	Autocrine BMP-4 signaling promotes survival of colorectal cancer cells.	2017/09/11	XLSX
GSE96917	24	Splicing Modulators Act at the Branch Point Adenosine Binding Pocket Defined by the PHF5A-SF3b Complex	2017/05/25	TXT
GSE98922	9	Treatment of SW480 colon cancer cell induced xenografts with AZD and DBZ	2018/04/18	TXT
GSE99015	198	Synergistic activity and heterogeneous acquired resistance of combined MDM2 and MEK inhibition in KRAS mutant cancers	2017/08/01	TXT
GSE99133	18	Specific labeling of stem cell activity in human colorectal organoids using an ASCL2-responsive minigene	2018/01/29	TXT
GSE99263	3	Gene expression data from the HCT-116 colon cancer cell line in the presence or absence of siRNA targeting APC	2018/05/24	TXT
GSE99794	8	Activation of the p53 transcriptional program sensitizes cancer cells to Cdk7 inhibitors	2017/10/10	TXT
GSE99821	48	Transcriptional profile of human iPSC and HIOs with APC mutations	2017/06/09	TXT
GSE99897	10	Comparison of rectal patient data separated by their event of developing distant metastasis [RNA-Seq]	2018/05/23	CSV
